2026-08-13 12:18:34,403 - INFO - [31m[1mWARNING: This is a development server. Do not use it in a production deployment. Use a production WSGI server instead.[0m
 * Running on all addresses (0.0.0.0)
 * Running on http://127.0.0.1:8064
 * Running on http://192.168.1.203:8064
2026-08-13 12:18:34,403 - INFO - [33mPress CTRL+C to quit[0m
2026-08-13 12:18:35,028 - INFO - MCX instrument cache refreshed: 16298 instruments
2026-08-13 12:18:35,183 - INFO - EMIT crude_orderflow_signal: NO TRADE | Entry Score 30
2026-08-13 12:18:35,811 - INFO - 127.0.0.1 - - [13/Aug/2026 12:18:35] "[36mGET / HTTP/1.1[0m" 304 -
2026-08-13 12:18:35,833 - INFO - 127.0.0.1 - - [13/Aug/2026 12:18:35] "GET /socket.io/?EIO=4&transport=polling&t=P_vuJps HTTP/1.1" 200 -
2026-08-13 12:18:36,030 - INFO - 127.0.0.1 - - [13/Aug/2026 12:18:36] "POST /socket.io/?EIO=4&transport=polling&t=P_vuJq4&sid=78fh4u0lpOjhY9q0AAAA HTTP/1.1" 200 -
2026-08-13 12:18:36,153 - INFO - 127.0.0.1 - - [13/Aug/2026 12:18:36] "GET /socket.io/?EIO=4&transport=polling&t=P_vuJq5&sid=78fh4u0lpOjhY9q0AAAA HTTP/1.1" 200 -
2026-08-13 12:18:36,159 - INFO - EMIT crude_orderflow_signal: NO TRADE | Entry Score 30
2026-08-13 12:18:36,217 - INFO - 127.0.0.1 - - [13/Aug/2026 12:18:36] "[33mGET /favicon.ico HTTP/1.1[0m" 404 -
2026-08-13 12:19:06,136 - INFO - EMIT crude_orderflow_signal: NO TRADE | Entry Score 30
2026-08-13 12:19:35,236 - INFO - EMIT crude_orderflow_signal: NO TRADE | Entry Score 30
2026-08-13 12:19:36,136 - INFO - EMIT crude_orderflow_signal: NO TRADE | Entry Score 30
2026-08-13 12:20:06,134 - INFO - EMIT crude_orderflow_signal: NO TRADE | Entry Score 30
2026-08-13 12:20:35,313 - INFO - EMIT crude_orderflow_signal: NO TRADE | Entry Score 30
2026-08-13 12:20:36,136 - INFO - EMIT crude_orderflow_signal: NO TRADE | Entry Score 30
2026-08-13 12:21:06,136 - INFO - EMIT crude_orderflow_signal: NO TRADE | Entry Score 30
2026-08-13 12:21:35,352 - INFO - EMIT crude_orderflow_signal: NO TRADE | Entry Score 30
2026-08-13 12:21:36,134 - INFO - EMIT crude_orderflow_signal: NO TRADE | Entry Score 30
2026-08-13 12:22:06,135 - INFO - EMIT crude_orderflow_signal: NO TRADE | Entry Score 30
2026-08-13 12:22:35,429 - INFO - EMIT crude_orderflow_signal: NO TRADE | Entry Score 20
2026-08-13 12:22:56,137 - INFO - EMIT crude_orderflow_signal: NO TRADE | Entry Score 20
2026-08-13 12:23:35,521 - INFO - EMIT crude_orderflow_signal: NO TRADE | Entry Score 20
2026-08-13 12:23:56,137 - INFO - EMIT crude_orderflow_signal: NO TRADE | Entry Score 20
2026-08-13 12:24:35,603 - INFO - EMIT crude_orderflow_signal: NO TRADE | Entry Score 20
2026-08-13 12:24:56,135 - INFO - EMIT crude_orderflow_signal: NO TRADE | Entry Score 20
2026-08-13 12:25:35,647 - INFO - EMIT crude_orderflow_signal: NO TRADE | Entry Score 20
2026-08-13 12:25:56,136 - INFO - EMIT crude_orderflow_signal: NO TRADE | Entry Score 20
2026-08-13 12:26:35,977 - INFO - EMIT crude_orderflow_signal: NO TRADE | Entry Score 20
2026-08-13 12:26:56,135 - INFO - EMIT crude_orderflow_signal: NO TRADE | Entry Score 20
2026-08-13 12:27:36,020 - INFO - EMIT crude_orderflow_signal: NO TRADE | Entry Score 20
2026-08-13 12:27:56,137 - INFO - EMIT crude_orderflow_signal: NO TRADE | Entry Score 20
2026-08-13 12:28:36,120 - INFO - EMIT crude_orderflow_signal: NO TRADE | Entry Score 20
2026-08-13 12:28:56,137 - INFO - EMIT crude_orderflow_signal: NO TRADE | Entry Score 20
2026-08-13 12:29:36,166 - INFO - EMIT crude_orderflow_signal: NO TRADE | Entry Score 20
2026-08-13 12:29:56,134 - INFO - EMIT crude_orderflow_signal: NO TRADE | Entry Score 20
2026-08-13 12:30:36,242 - INFO - EMIT crude_orderflow_signal: NO TRADE | Entry Score 30
2026-08-13 12:30:52,240 - INFO - EMIT crude_orderflow_signal: NO TRADE | Entry Score 30
2026-08-13 12:31:06,135 - INFO - EMIT crude_orderflow_signal: NO TRADE | Entry Score 30
2026-08-13 12:31:36,135 - INFO - EMIT crude_orderflow_signal: NO TRADE | Entry Score 30
2026-08-13 12:31:36,289 - INFO - EMIT crude_orderflow_signal: NO TRADE | Entry Score 30
2026-08-13 12:32:32,326 - INFO - EMIT crude_orderflow_signal: NO TRADE | Entry Score 30
2026-08-13 12:32:36,136 - INFO - EMIT crude_orderflow_signal: NO TRADE | Entry Score 30
2026-08-13 12:32:36,366 - INFO - EMIT crude_orderflow_signal: NO TRADE | Entry Score 30
2026-08-13 12:33:06,136 - INFO - EMIT crude_orderflow_signal: NO TRADE | Entry Score 30
2026-08-13 12:33:36,446 - INFO - EMIT crude_orderflow_signal: NO TRADE | Entry Score 30
2026-08-13 12:33:56,136 - INFO - EMIT crude_orderflow_signal: NO TRADE | Entry Score 30
2026-08-13 12:34:36,518 - INFO - EMIT crude_orderflow_signal: NO TRADE | Entry Score 30
2026-08-13 12:34:56,136 - INFO - EMIT crude_orderflow_signal: NO TRADE | Entry Score 30
2026-08-13 12:35:36,566 - INFO - EMIT crude_orderflow_signal: NO TRADE | Entry Score 30
2026-08-13 12:35:56,135 - INFO - EMIT crude_orderflow_signal: NO TRADE | Entry Score 30
2026-08-13 12:36:36,644 - INFO - EMIT crude_orderflow_signal: NO TRADE | Entry Score 30
2026-08-13 12:36:56,134 - INFO - EMIT crude_orderflow_signal: NO TRADE | Entry Score 30
2026-08-13 12:37:36,689 - INFO - EMIT crude_orderflow_signal: NO TRADE | Entry Score 30
2026-08-13 12:37:56,137 - INFO - EMIT crude_orderflow_signal: NO TRADE | Entry Score 30
2026-08-13 12:38:36,789 - INFO - EMIT crude_orderflow_signal: NO TRADE | Entry Score 30
2026-08-13 12:38:56,135 - INFO - EMIT crude_orderflow_signal: NO TRADE | Entry Score 30
2026-08-13 12:39:36,833 - INFO - EMIT crude_orderflow_signal: NO TRADE | Entry Score 30
2026-08-13 12:39:56,139 - INFO - EMIT crude_orderflow_signal: NO TRADE | Entry Score 30
2026-08-13 12:40:36,916 - INFO - EMIT crude_orderflow_signal: NO TRADE | Entry Score 30
2026-08-13 12:40:56,137 - INFO - EMIT crude_orderflow_signal: NO TRADE | Entry Score 30
2026-08-13 12:41:36,961 - INFO - EMIT crude_orderflow_signal: NO TRADE | Entry Score 30
2026-08-13 12:41:56,136 - INFO - EMIT crude_orderflow_signal: NO TRADE | Entry Score 30
2026-08-13 12:42:18,606 - INFO - EMIT crude_orderflow_signal: NO TRADE | Entry Score 30
2026-08-13 12:42:36,136 - INFO - EMIT crude_orderflow_signal: NO TRADE | Entry Score 30
2026-08-13 12:42:37,039 - INFO - EMIT crude_orderflow_signal: NO TRADE | Entry Score 30
2026-08-13 12:43:06,136 - INFO - EMIT crude_orderflow_signal: NO TRADE | Entry Score 30
2026-08-13 12:43:37,114 - INFO - EMIT crude_orderflow_signal: NO TRADE | Entry Score 30
2026-08-13 12:43:56,136 - INFO - EMIT crude_orderflow_signal: NO TRADE | Entry Score 30
2026-08-13 12:44:37,210 - INFO - EMIT crude_orderflow_signal: NO TRADE | Entry Score 30
2026-08-13 12:44:56,138 - INFO - EMIT crude_orderflow_signal: NO TRADE | Entry Score 30
2026-08-13 12:45:37,259 - INFO - EMIT crude_orderflow_signal: NO TRADE | Entry Score 30
2026-08-13 12:45:56,134 - INFO - EMIT crude_orderflow_signal: NO TRADE | Entry Score 30
2026-08-13 12:46:37,336 - INFO - EMIT crude_orderflow_signal: NO TRADE | Entry Score 30
2026-08-13 12:46:56,141 - INFO - EMIT crude_orderflow_signal: NO TRADE | Entry Score 30
2026-08-13 12:47:37,381 - INFO - EMIT crude_orderflow_signal: NO TRADE | Entry Score 30
2026-08-13 12:47:56,135 - INFO - EMIT crude_orderflow_signal: NO TRADE | Entry Score 30
2026-08-13 12:48:37,484 - INFO - EMIT crude_orderflow_signal: NO TRADE | Entry Score 30
2026-08-13 12:48:56,135 - INFO - EMIT crude_orderflow_signal: NO TRADE | Entry Score 30
2026-08-13 12:49:37,525 - INFO - EMIT crude_orderflow_signal: NO TRADE | Entry Score 30
2026-08-13 12:49:56,133 - INFO - EMIT crude_orderflow_signal: NO TRADE | Entry Score 30
2026-08-13 12:50:37,601 - INFO - EMIT crude_orderflow_signal: NO TRADE | Entry Score 30
2026-08-13 12:50:56,133 - INFO - EMIT crude_orderflow_signal: NO TRADE | Entry Score 30
2026-08-13 12:51:37,662 - INFO - EMIT crude_orderflow_signal: NO TRADE | Entry Score 30
2026-08-13 12:51:56,135 - INFO - EMIT crude_orderflow_signal: NO TRADE | Entry Score 30
2026-08-13 12:52:06,136 - INFO - EMIT crude_orderflow_signal: NO TRADE | Entry Score 30
2026-08-13 12:52:36,136 - INFO - EMIT crude_orderflow_signal: NO TRADE | Entry Score 30
2026-08-13 12:52:37,740 - INFO - EMIT crude_orderflow_signal: NO TRADE | Entry Score 20
2026-08-13 12:53:37,138 - INFO - EMIT crude_orderflow_signal: NO TRADE | Entry Score 20
2026-08-13 12:53:37,806 - INFO - EMIT crude_orderflow_signal: NO TRADE | Entry Score 20
2026-08-13 12:54:37,882 - INFO - EMIT crude_orderflow_signal: NO TRADE | Entry Score 40
2026-08-13 12:54:38,134 - INFO - EMIT crude_orderflow_signal: NO TRADE | Entry Score 40
2026-08-13 12:55:37,929 - INFO - EMIT crude_orderflow_signal: NO TRADE | Entry Score 40
2026-08-13 12:55:39,136 - INFO - EMIT crude_orderflow_signal: NO TRADE | Entry Score 40
2026-08-13 12:56:38,003 - INFO - EMIT crude_orderflow_signal: NO TRADE | Entry Score 40
2026-08-13 12:56:40,133 - INFO - EMIT crude_orderflow_signal: NO TRADE | Entry Score 40
2026-08-13 12:57:38,043 - INFO - EMIT crude_orderflow_signal: NO TRADE | Entry Score 40
2026-08-13 12:57:41,134 - INFO - EMIT crude_orderflow_signal: NO TRADE | Entry Score 40
2026-08-13 12:58:38,153 - INFO - EMIT crude_orderflow_signal: NO TRADE | Entry Score 30
2026-08-13 12:58:42,135 - INFO - EMIT crude_orderflow_signal: NO TRADE | Entry Score 30
2026-08-13 12:59:38,197 - INFO - EMIT crude_orderflow_signal: NO TRADE | Entry Score 30
2026-08-13 12:59:43,137 - INFO - EMIT crude_orderflow_signal: NO TRADE | Entry Score 30
2026-08-13 13:00:38,270 - INFO - EMIT crude_orderflow_signal: NO TRADE | Entry Score 20
2026-08-13 13:00:44,135 - INFO - EMIT crude_orderflow_signal: NO TRADE | Entry Score 20
2026-08-13 13:01:38,319 - INFO - EMIT crude_orderflow_signal: NO TRADE | Entry Score 20
2026-08-13 13:01:45,138 - INFO - EMIT crude_orderflow_signal: NO TRADE | Entry Score 20
2026-08-13 13:02:38,396 - INFO - EMIT crude_orderflow_signal: NO TRADE | Entry Score 20
2026-08-13 13:02:46,138 - INFO - EMIT crude_orderflow_signal: NO TRADE | Entry Score 20
2026-08-13 13:03:38,490 - INFO - EMIT crude_orderflow_signal: NO TRADE | Entry Score 20
2026-08-13 13:03:47,145 - INFO - EMIT crude_orderflow_signal: NO TRADE | Entry Score 20
2026-08-13 13:04:38,581 - INFO - EMIT crude_orderflow_signal: NO TRADE | Entry Score 35
2026-08-13 13:04:48,137 - INFO - EMIT crude_orderflow_signal: NO TRADE | Entry Score 35
2026-08-13 13:05:38,626 - INFO - EMIT crude_orderflow_signal: NO TRADE | Entry Score 35
2026-08-13 13:05:49,136 - INFO - EMIT crude_orderflow_signal: NO TRADE | Entry Score 35
2026-08-13 13:06:38,706 - INFO - EMIT crude_orderflow_signal: NO TRADE | Entry Score 20
2026-08-13 13:06:50,134 - INFO - EMIT crude_orderflow_signal: NO TRADE | Entry Score 20
2026-08-13 13:07:38,755 - INFO - EMIT crude_orderflow_signal: NO TRADE | Entry Score 20
2026-08-13 13:07:51,139 - INFO - EMIT crude_orderflow_signal: NO TRADE | Entry Score 20
2026-08-13 13:08:38,849 - INFO - EMIT crude_orderflow_signal: NO TRADE | Entry Score 20
2026-08-13 13:08:52,134 - INFO - EMIT crude_orderflow_signal: NO TRADE | Entry Score 20
2026-08-13 13:09:38,903 - INFO - EMIT crude_orderflow_signal: NO TRADE | Entry Score 20
2026-08-13 13:09:53,137 - INFO - EMIT crude_orderflow_signal: NO TRADE | Entry Score 20
2026-08-13 13:10:38,987 - INFO - EMIT crude_orderflow_signal: NO TRADE | Entry Score 20
2026-08-13 13:10:54,146 - INFO - EMIT crude_orderflow_signal: NO TRADE | Entry Score 20
2026-08-13 13:11:39,056 - INFO - EMIT crude_orderflow_signal: NO TRADE | Entry Score 20
2026-08-13 13:11:55,136 - INFO - EMIT crude_orderflow_signal: NO TRADE | Entry Score 20
2026-08-13 13:12:39,131 - INFO - EMIT crude_orderflow_signal: NO TRADE | Entry Score 20
2026-08-13 13:12:56,135 - INFO - EMIT crude_orderflow_signal: NO TRADE | Entry Score 20
2026-08-13 13:13:39,206 - INFO - EMIT crude_orderflow_signal: NO TRADE | Entry Score 20
2026-08-13 13:13:56,137 - INFO - EMIT crude_orderflow_signal: NO TRADE | Entry Score 20
2026-08-13 13:14:39,280 - INFO - EMIT crude_orderflow_signal: NO TRADE | Entry Score 20
2026-08-13 13:14:56,135 - INFO - EMIT crude_orderflow_signal: NO TRADE | Entry Score 20
2026-08-13 13:15:12,497 - INFO - EMIT crude_orderflow_signal: NO TRADE | Entry Score 20
2026-08-13 13:15:36,135 - INFO - EMIT crude_orderflow_signal: NO TRADE | Entry Score 20
2026-08-13 13:15:39,322 - INFO - EMIT crude_orderflow_signal: NO TRADE | Entry Score 20
2026-08-13 13:16:06,138 - INFO - EMIT crude_orderflow_signal: NO TRADE | Entry Score 20
2026-08-13 13:16:39,421 - INFO - EMIT crude_orderflow_signal: NO TRADE | Entry Score 20
2026-08-13 13:16:56,136 - INFO - EMIT crude_orderflow_signal: NO TRADE | Entry Score 20
2026-08-13 13:17:39,472 - INFO - EMIT crude_orderflow_signal: NO TRADE | Entry Score 20
2026-08-13 13:17:56,135 - INFO - EMIT crude_orderflow_signal: NO TRADE | Entry Score 20
2026-08-13 13:18:39,569 - INFO - EMIT crude_orderflow_signal: NO TRADE | Entry Score 20
2026-08-13 13:18:56,134 - INFO - EMIT crude_orderflow_signal: NO TRADE | Entry Score 20
2026-08-13 13:19:39,614 - INFO - EMIT crude_orderflow_signal: NO TRADE | Entry Score 20
2026-08-13 13:19:56,136 - INFO - EMIT crude_orderflow_signal: NO TRADE | Entry Score 20
2026-08-13 13:20:39,708 - INFO - EMIT crude_orderflow_signal: NO TRADE | Entry Score 35
2026-08-13 13:20:56,137 - INFO - EMIT crude_orderflow_signal: NO TRADE | Entry Score 35
2026-08-13 13:21:36,887 - INFO - EMIT crude_orderflow_signal: NO TRADE | Entry Score 35
2026-08-13 13:21:39,753 - INFO - EMIT crude_orderflow_signal: NO TRADE | Entry Score 35
2026-08-13 13:22:06,135 - INFO - EMIT crude_orderflow_signal: NO TRADE | Entry Score 35
2026-08-13 13:22:36,135 - INFO - EMIT crude_orderflow_signal: NO TRADE | Entry Score 35
2026-08-13 13:22:39,831 - INFO - EMIT crude_orderflow_signal: NO TRADE | Entry Score 35
2026-08-13 13:23:37,137 - INFO - EMIT crude_orderflow_signal: NO TRADE | Entry Score 35
2026-08-13 13:23:39,927 - INFO - EMIT crude_orderflow_signal: NO TRADE | Entry Score 35
2026-08-13 13:24:38,137 - INFO - EMIT crude_orderflow_signal: NO TRADE | Entry Score 35
2026-08-13 13:24:40,017 - INFO - EMIT crude_orderflow_signal: NO TRADE | Entry Score 35
2026-08-13 13:25:39,135 - INFO - EMIT crude_orderflow_signal: NO TRADE | Entry Score 35
2026-08-13 13:25:40,059 - INFO - EMIT crude_orderflow_signal: NO TRADE | Entry Score 35
2026-08-13 13:26:40,143 - INFO - EMIT crude_orderflow_signal: NO TRADE | Entry Score 20
2026-08-13 13:26:40,144 - INFO - EMIT crude_orderflow_signal: NO TRADE | Entry Score 20
2026-08-13 13:27:40,186 - INFO - EMIT crude_orderflow_signal: NO TRADE | Entry Score 20
2026-08-13 13:27:41,137 - INFO - EMIT crude_orderflow_signal: NO TRADE | Entry Score 20
2026-08-13 13:28:40,306 - INFO - EMIT crude_orderflow_signal: NO TRADE | Entry Score 35
2026-08-13 13:28:42,133 - INFO - EMIT crude_orderflow_signal: NO TRADE | Entry Score 35
2026-08-13 13:29:40,363 - INFO - EMIT crude_orderflow_signal: NO TRADE | Entry Score 35
2026-08-13 13:29:43,136 - INFO - EMIT crude_orderflow_signal: NO TRADE | Entry Score 35
2026-08-13 13:30:40,480 - INFO - EMIT crude_orderflow_signal: NO TRADE | Entry Score 25
2026-08-13 13:30:44,135 - INFO - EMIT crude_orderflow_signal: NO TRADE | Entry Score 25
2026-08-13 13:31:40,522 - INFO - EMIT crude_orderflow_signal: NO TRADE | Entry Score 25
2026-08-13 13:31:45,138 - INFO - EMIT crude_orderflow_signal: NO TRADE | Entry Score 25
2026-08-13 13:32:40,604 - INFO - EMIT crude_orderflow_signal: NO TRADE | Entry Score 25
2026-08-13 13:32:46,139 - INFO - EMIT crude_orderflow_signal: NO TRADE | Entry Score 25
2026-08-13 13:33:40,684 - INFO - EMIT crude_orderflow_signal: NO TRADE | Entry Score 25
2026-08-13 13:33:47,142 - INFO - EMIT crude_orderflow_signal: NO TRADE | Entry Score 25
2026-08-13 13:34:40,755 - INFO - EMIT crude_orderflow_signal: NO TRADE | Entry Score 25
2026-08-13 13:34:48,141 - INFO - EMIT crude_orderflow_signal: NO TRADE | Entry Score 25
2026-08-13 13:35:40,791 - INFO - EMIT crude_orderflow_signal: NO TRADE | Entry Score 25
2026-08-13 13:35:49,148 - INFO - EMIT crude_orderflow_signal: NO TRADE | Entry Score 25
2026-08-13 13:36:40,868 - INFO - EMIT crude_orderflow_signal: NO TRADE | Entry Score 25
2026-08-13 13:36:50,141 - INFO - EMIT crude_orderflow_signal: NO TRADE | Entry Score 25
2026-08-13 13:37:40,915 - INFO - EMIT crude_orderflow_signal: NO TRADE | Entry Score 25
2026-08-13 13:37:51,136 - INFO - EMIT crude_orderflow_signal: NO TRADE | Entry Score 25
2026-08-13 13:38:41,056 - INFO - EMIT crude_orderflow_signal: NO TRADE | Entry Score 25
2026-08-13 13:38:52,134 - INFO - EMIT crude_orderflow_signal: NO TRADE | Entry Score 25
2026-08-13 13:39:41,095 - INFO - EMIT crude_orderflow_signal: NO TRADE | Entry Score 25
2026-08-13 13:39:53,135 - INFO - EMIT crude_orderflow_signal: NO TRADE | Entry Score 25
2026-08-13 13:40:41,178 - INFO - EMIT crude_orderflow_signal: NO TRADE | Entry Score 25
2026-08-13 13:40:54,144 - INFO - EMIT crude_orderflow_signal: NO TRADE | Entry Score 25
2026-08-13 13:41:41,226 - INFO - EMIT crude_orderflow_signal: NO TRADE | Entry Score 25
2026-08-13 13:41:55,151 - INFO - EMIT crude_orderflow_signal: NO TRADE | Entry Score 25
2026-08-13 13:42:41,306 - INFO - EMIT crude_orderflow_signal: NO TRADE | Entry Score 45
2026-08-13 13:42:56,146 - INFO - EMIT crude_orderflow_signal: NO TRADE | Entry Score 45
2026-08-13 13:43:41,368 - INFO - EMIT crude_orderflow_signal: NO TRADE | Entry Score 45
2026-08-13 13:43:56,139 - INFO - EMIT crude_orderflow_signal: NO TRADE | Entry Score 45
2026-08-13 13:44:41,453 - INFO - EMIT crude_orderflow_signal: NO TRADE | Entry Score 25
2026-08-13 13:44:56,135 - INFO - EMIT crude_orderflow_signal: NO TRADE | Entry Score 25
2026-08-13 13:45:41,504 - INFO - EMIT crude_orderflow_signal: NO TRADE | Entry Score 25
2026-08-13 13:45:56,135 - INFO - EMIT crude_orderflow_signal: NO TRADE | Entry Score 25
2026-08-13 13:46:41,582 - INFO - EMIT crude_orderflow_signal: NO TRADE | Entry Score 20
2026-08-13 13:46:56,136 - INFO - EMIT crude_orderflow_signal: NO TRADE | Entry Score 20
2026-08-13 13:47:41,642 - INFO - EMIT crude_orderflow_signal: NO TRADE | Entry Score 20
2026-08-13 13:47:56,138 - INFO - EMIT crude_orderflow_signal: NO TRADE | Entry Score 20
2026-08-13 13:48:41,750 - INFO - EMIT crude_orderflow_signal: NO TRADE | Entry Score 20
2026-08-13 13:48:56,137 - INFO - EMIT crude_orderflow_signal: NO TRADE | Entry Score 20
2026-08-13 13:49:33,597 - INFO - EMIT crude_orderflow_signal: NO TRADE | Entry Score 20
2026-08-13 13:49:36,137 - INFO - EMIT crude_orderflow_signal: NO TRADE | Entry Score 20
2026-08-13 13:49:41,791 - INFO - EMIT crude_orderflow_signal: NO TRADE | Entry Score 20
2026-08-13 13:50:06,133 - INFO - EMIT crude_orderflow_signal: NO TRADE | Entry Score 20
2026-08-13 13:50:41,859 - INFO - EMIT crude_orderflow_signal: NO TRADE | Entry Score 20
2026-08-13 13:50:56,135 - INFO - EMIT crude_orderflow_signal: NO TRADE | Entry Score 20
2026-08-13 13:51:41,904 - INFO - EMIT crude_orderflow_signal: NO TRADE | Entry Score 20
2026-08-13 13:51:56,136 - INFO - EMIT crude_orderflow_signal: NO TRADE | Entry Score 20
2026-08-13 13:52:41,982 - INFO - EMIT crude_orderflow_signal: NO TRADE | Entry Score 20
2026-08-13 13:52:56,136 - INFO - EMIT crude_orderflow_signal: NO TRADE | Entry Score 20
2026-08-13 13:53:42,064 - INFO - EMIT crude_orderflow_signal: NO TRADE | Entry Score 20
2026-08-13 13:53:56,139 - INFO - EMIT crude_orderflow_signal: NO TRADE | Entry Score 20
2026-08-13 13:54:42,135 - INFO - EMIT crude_orderflow_signal: NO TRADE | Entry Score 20
2026-08-13 13:54:56,143 - INFO - EMIT crude_orderflow_signal: NO TRADE | Entry Score 20
2026-08-13 13:55:42,176 - INFO - EMIT crude_orderflow_signal: NO TRADE | Entry Score 20
2026-08-13 13:55:56,151 - INFO - EMIT crude_orderflow_signal: NO TRADE | Entry Score 20
2026-08-13 13:56:42,354 - INFO - EMIT crude_orderflow_signal: NO TRADE | Entry Score 20
2026-08-13 13:56:56,151 - INFO - EMIT crude_orderflow_signal: NO TRADE | Entry Score 20
2026-08-13 13:57:42,451 - INFO - EMIT crude_orderflow_signal: NO TRADE | Entry Score 20
2026-08-13 13:57:56,139 - INFO - EMIT crude_orderflow_signal: NO TRADE | Entry Score 20
2026-08-13 13:58:42,637 - INFO - EMIT crude_orderflow_signal: NO TRADE | Entry Score 20
2026-08-13 13:58:56,137 - INFO - EMIT crude_orderflow_signal: NO TRADE | Entry Score 20
2026-08-13 13:59:42,682 - INFO - EMIT crude_orderflow_signal: NO TRADE | Entry Score 20
2026-08-13 13:59:56,137 - INFO - EMIT crude_orderflow_signal: NO TRADE | Entry Score 20
2026-08-13 14:00:42,765 - INFO - EMIT crude_orderflow_signal: NO TRADE | Entry Score 25
2026-08-13 14:00:56,136 - INFO - EMIT crude_orderflow_signal: NO TRADE | Entry Score 25
2026-08-13 14:01:42,830 - INFO - EMIT crude_orderflow_signal: NO TRADE | Entry Score 25
2026-08-13 14:01:56,141 - INFO - EMIT crude_orderflow_signal: NO TRADE | Entry Score 25
2026-08-13 14:02:42,899 - INFO - EMIT crude_orderflow_signal: NO TRADE | Entry Score 25
2026-08-13 14:02:56,136 - INFO - EMIT crude_orderflow_signal: NO TRADE | Entry Score 25
2026-08-13 14:03:42,962 - INFO - EMIT crude_orderflow_signal: NO TRADE | Entry Score 25
2026-08-13 14:03:56,137 - INFO - EMIT crude_orderflow_signal: NO TRADE | Entry Score 25
2026-08-13 14:04:43,056 - INFO - EMIT crude_orderflow_signal: NO TRADE | Entry Score 35
2026-08-13 14:04:56,149 - INFO - EMIT crude_orderflow_signal: NO TRADE | Entry Score 35
2026-08-13 14:05:43,090 - INFO - EMIT crude_orderflow_signal: NO TRADE | Entry Score 35
2026-08-13 14:05:56,135 - INFO - EMIT crude_orderflow_signal: NO TRADE | Entry Score 35
2026-08-13 14:06:43,166 - INFO - EMIT crude_orderflow_signal: NO TRADE | Entry Score 25
2026-08-13 14:06:56,148 - INFO - EMIT crude_orderflow_signal: NO TRADE | Entry Score 25
2026-08-13 14:07:43,219 - INFO - EMIT crude_orderflow_signal: NO TRADE | Entry Score 25
2026-08-13 14:07:56,138 - INFO - EMIT crude_orderflow_signal: NO TRADE | Entry Score 25
2026-08-13 14:08:43,307 - INFO - EMIT crude_orderflow_signal: NO TRADE | Entry Score 35
2026-08-13 14:08:56,146 - INFO - EMIT crude_orderflow_signal: NO TRADE | Entry Score 35
2026-08-13 14:09:43,338 - INFO - EMIT crude_orderflow_signal: NO TRADE | Entry Score 35
2026-08-13 14:09:56,146 - INFO - EMIT crude_orderflow_signal: NO TRADE | Entry Score 35
2026-08-13 14:10:43,415 - INFO - EMIT crude_orderflow_signal: NO TRADE | Entry Score 25
2026-08-13 14:10:56,138 - INFO - EMIT crude_orderflow_signal: NO TRADE | Entry Score 25
2026-08-13 14:11:43,466 - INFO - EMIT crude_orderflow_signal: NO TRADE | Entry Score 25
2026-08-13 14:11:56,135 - INFO - EMIT crude_orderflow_signal: NO TRADE | Entry Score 25
2026-08-13 14:12:43,541 - INFO - EMIT crude_orderflow_signal: NO TRADE | Entry Score 25
2026-08-13 14:12:56,151 - INFO - EMIT crude_orderflow_signal: NO TRADE | Entry Score 25
2026-08-13 14:13:43,610 - INFO - EMIT crude_orderflow_signal: NO TRADE | Entry Score 25
2026-08-13 14:13:56,136 - INFO - EMIT crude_orderflow_signal: NO TRADE | Entry Score 25
2026-08-13 14:14:43,682 - INFO - EMIT crude_orderflow_signal: NO TRADE | Entry Score 35
2026-08-13 14:14:56,141 - INFO - EMIT crude_orderflow_signal: NO TRADE | Entry Score 35
2026-08-13 14:15:43,728 - INFO - EMIT crude_orderflow_signal: NO TRADE | Entry Score 35
2026-08-13 14:15:56,141 - INFO - EMIT crude_orderflow_signal: NO TRADE | Entry Score 35
2026-08-13 14:16:43,806 - INFO - EMIT crude_orderflow_signal: NO TRADE | Entry Score 25
2026-08-13 14:16:56,144 - INFO - EMIT crude_orderflow_signal: NO TRADE | Entry Score 25
2026-08-13 14:17:43,840 - INFO - EMIT crude_orderflow_signal: NO TRADE | Entry Score 25
2026-08-13 14:17:56,144 - INFO - EMIT crude_orderflow_signal: NO TRADE | Entry Score 25
2026-08-13 14:18:43,953 - INFO - EMIT crude_orderflow_signal: NO TRADE | Entry Score 25
2026-08-13 14:18:56,135 - INFO - EMIT crude_orderflow_signal: NO TRADE | Entry Score 25
2026-08-13 14:19:43,994 - INFO - EMIT crude_orderflow_signal: NO TRADE | Entry Score 25
2026-08-13 14:19:56,137 - INFO - EMIT crude_orderflow_signal: NO TRADE | Entry Score 25
2026-08-13 14:20:44,072 - INFO - EMIT crude_orderflow_signal: NO TRADE | Entry Score 25
2026-08-13 14:20:56,135 - INFO - EMIT crude_orderflow_signal: NO TRADE | Entry Score 25
2026-08-13 14:21:44,120 - INFO - EMIT crude_orderflow_signal: NO TRADE | Entry Score 25
2026-08-13 14:21:56,135 - INFO - EMIT crude_orderflow_signal: NO TRADE | Entry Score 25
2026-08-13 14:22:44,275 - INFO - EMIT crude_orderflow_signal: NO TRADE | Entry Score 25
2026-08-13 14:22:56,143 - INFO - EMIT crude_orderflow_signal: NO TRADE | Entry Score 25
2026-08-13 14:23:44,338 - INFO - EMIT crude_orderflow_signal: NO TRADE | Entry Score 25
2026-08-13 14:23:56,139 - INFO - EMIT crude_orderflow_signal: NO TRADE | Entry Score 25
2026-08-13 14:24:44,413 - INFO - EMIT crude_orderflow_signal: NO TRADE | Entry Score 25
2026-08-13 14:24:56,142 - INFO - EMIT crude_orderflow_signal: NO TRADE | Entry Score 25
2026-08-13 14:25:44,443 - INFO - EMIT crude_orderflow_signal: NO TRADE | Entry Score 25
2026-08-13 14:25:56,148 - INFO - EMIT crude_orderflow_signal: NO TRADE | Entry Score 25
2026-08-13 14:26:44,534 - INFO - EMIT crude_orderflow_signal: NO TRADE | Entry Score 25
2026-08-13 14:26:56,137 - INFO - EMIT crude_orderflow_signal: NO TRADE | Entry Score 25
2026-08-13 14:27:44,588 - INFO - EMIT crude_orderflow_signal: NO TRADE | Entry Score 25
2026-08-13 14:27:56,135 - INFO - EMIT crude_orderflow_signal: NO TRADE | Entry Score 25
2026-08-13 14:28:44,698 - INFO - EMIT crude_orderflow_signal: NO TRADE | Entry Score 25
2026-08-13 14:28:56,151 - INFO - EMIT crude_orderflow_signal: NO TRADE | Entry Score 25
2026-08-13 14:29:44,743 - INFO - EMIT crude_orderflow_signal: NO TRADE | Entry Score 25
2026-08-13 14:29:56,150 - INFO - EMIT crude_orderflow_signal: NO TRADE | Entry Score 25
2026-08-13 14:30:18,107 - INFO - EMIT crude_orderflow_signal: NO TRADE | Entry Score 25
2026-08-13 14:30:36,136 - INFO - EMIT crude_orderflow_signal: NO TRADE | Entry Score 25
2026-08-13 14:30:44,808 - INFO - EMIT crude_orderflow_signal: NO TRADE | Entry Score 20
2026-08-13 14:31:06,150 - INFO - EMIT crude_orderflow_signal: NO TRADE | Entry Score 20
2026-08-13 14:31:44,855 - INFO - EMIT crude_orderflow_signal: NO TRADE | Entry Score 20
2026-08-13 14:31:56,150 - INFO - EMIT crude_orderflow_signal: NO TRADE | Entry Score 20
2026-08-13 14:32:44,929 - INFO - EMIT crude_orderflow_signal: NO TRADE | Entry Score 25
2026-08-13 14:32:56,136 - INFO - EMIT crude_orderflow_signal: NO TRADE | Entry Score 25
2026-08-13 14:33:44,992 - INFO - EMIT crude_orderflow_signal: NO TRADE | Entry Score 25
2026-08-13 14:33:56,151 - INFO - EMIT crude_orderflow_signal: NO TRADE | Entry Score 25
2026-08-13 14:34:45,087 - INFO - EMIT crude_orderflow_signal: NO TRADE | Entry Score 25
2026-08-13 14:34:56,137 - INFO - EMIT crude_orderflow_signal: NO TRADE | Entry Score 25
2026-08-13 14:35:45,120 - INFO - EMIT crude_orderflow_signal: NO TRADE | Entry Score 25
2026-08-13 14:35:56,136 - INFO - EMIT crude_orderflow_signal: NO TRADE | Entry Score 25
2026-08-13 14:36:45,206 - INFO - EMIT crude_orderflow_signal: NO TRADE | Entry Score 25
2026-08-13 14:36:56,140 - INFO - EMIT crude_orderflow_signal: NO TRADE | Entry Score 25
2026-08-13 14:37:45,254 - INFO - EMIT crude_orderflow_signal: NO TRADE | Entry Score 25
2026-08-13 14:37:56,136 - INFO - EMIT crude_orderflow_signal: NO TRADE | Entry Score 25
2026-08-13 14:38:45,354 - INFO - EMIT crude_orderflow_signal: NO TRADE | Entry Score 25
2026-08-13 14:38:56,142 - INFO - EMIT crude_orderflow_signal: NO TRADE | Entry Score 25
2026-08-13 14:39:45,401 - INFO - EMIT crude_orderflow_signal: NO TRADE | Entry Score 25
2026-08-13 14:39:56,135 - INFO - EMIT crude_orderflow_signal: NO TRADE | Entry Score 25
2026-08-13 14:40:45,494 - INFO - EMIT crude_orderflow_signal: NO TRADE | Entry Score 35
2026-08-13 14:40:56,138 - INFO - EMIT crude_orderflow_signal: NO TRADE | Entry Score 35
2026-08-13 14:41:45,552 - INFO - EMIT crude_orderflow_signal: NO TRADE | Entry Score 35
2026-08-13 14:41:56,151 - INFO - EMIT crude_orderflow_signal: NO TRADE | Entry Score 35
2026-08-13 14:42:45,619 - INFO - EMIT crude_orderflow_signal: NO TRADE | Entry Score 20
2026-08-13 14:42:56,143 - INFO - EMIT crude_orderflow_signal: NO TRADE | Entry Score 20
2026-08-13 14:43:45,681 - INFO - EMIT crude_orderflow_signal: NO TRADE | Entry Score 20
2026-08-13 14:43:56,151 - INFO - EMIT crude_orderflow_signal: NO TRADE | Entry Score 20
2026-08-13 14:44:45,776 - INFO - EMIT crude_orderflow_signal: NO TRADE | Entry Score 35
2026-08-13 14:44:56,148 - INFO - EMIT crude_orderflow_signal: NO TRADE | Entry Score 35
2026-08-13 14:45:45,835 - INFO - EMIT crude_orderflow_signal: NO TRADE | Entry Score 35
2026-08-13 14:45:56,140 - INFO - EMIT crude_orderflow_signal: NO TRADE | Entry Score 35
2026-08-13 14:46:45,942 - INFO - EMIT crude_orderflow_signal: NO TRADE | Entry Score 30
2026-08-13 14:46:56,137 - INFO - EMIT crude_orderflow_signal: NO TRADE | Entry Score 30
2026-08-13 14:47:45,995 - INFO - EMIT crude_orderflow_signal: NO TRADE | Entry Score 30
2026-08-13 14:47:56,133 - INFO - EMIT crude_orderflow_signal: NO TRADE | Entry Score 30
2026-08-13 14:48:46,130 - INFO - EMIT crude_orderflow_signal: NO TRADE | Entry Score 45
2026-08-13 14:48:56,143 - INFO - EMIT crude_orderflow_signal: NO TRADE | Entry Score 45
2026-08-13 14:49:46,182 - INFO - EMIT crude_orderflow_signal: NO TRADE | Entry Score 45
2026-08-13 14:49:56,147 - INFO - EMIT crude_orderflow_signal: NO TRADE | Entry Score 45
2026-08-13 14:50:46,271 - INFO - EMIT crude_orderflow_signal: NO TRADE | Entry Score 30
2026-08-13 14:50:56,151 - INFO - EMIT crude_orderflow_signal: NO TRADE | Entry Score 30
2026-08-13 14:51:46,330 - INFO - EMIT crude_orderflow_signal: NO TRADE | Entry Score 30
2026-08-13 14:51:56,134 - INFO - EMIT crude_orderflow_signal: NO TRADE | Entry Score 30
2026-08-13 14:52:46,417 - INFO - EMIT crude_orderflow_signal: NO TRADE | Entry Score 30
2026-08-13 14:52:56,150 - INFO - EMIT crude_orderflow_signal: NO TRADE | Entry Score 30
2026-08-13 14:53:46,494 - INFO - EMIT crude_orderflow_signal: NO TRADE | Entry Score 30
2026-08-13 14:53:56,153 - INFO - EMIT crude_orderflow_signal: NO TRADE | Entry Score 30
2026-08-13 14:54:46,713 - INFO - EMIT crude_orderflow_signal: NO TRADE | Entry Score 30
2026-08-13 14:54:56,140 - INFO - EMIT crude_orderflow_signal: NO TRADE | Entry Score 30
2026-08-13 14:55:46,776 - INFO - EMIT crude_orderflow_signal: NO TRADE | Entry Score 30
2026-08-13 14:55:56,146 - INFO - EMIT crude_orderflow_signal: NO TRADE | Entry Score 30
2026-08-13 14:56:46,888 - INFO - EMIT crude_orderflow_signal: NO TRADE | Entry Score 30
2026-08-13 14:56:56,139 - INFO - EMIT crude_orderflow_signal: NO TRADE | Entry Score 30
2026-08-13 14:57:37,841 - INFO - EMIT crude_orderflow_signal: NO TRADE | Entry Score 30
2026-08-13 14:57:46,942 - INFO - EMIT crude_orderflow_signal: NO TRADE | Entry Score 30
2026-08-13 14:58:06,140 - INFO - EMIT crude_orderflow_signal: NO TRADE | Entry Score 30
2026-08-13 14:58:36,145 - INFO - EMIT crude_orderflow_signal: NO TRADE | Entry Score 30
2026-08-13 14:58:47,339 - INFO - EMIT crude_orderflow_signal: NO TRADE | Entry Score 30
2026-08-13 14:59:37,139 - INFO - EMIT crude_orderflow_signal: NO TRADE | Entry Score 30
2026-08-13 14:59:47,429 - INFO - EMIT crude_orderflow_signal: NO TRADE | Entry Score 30
2026-08-13 15:00:38,138 - INFO - EMIT crude_orderflow_signal: NO TRADE | Entry Score 30
2026-08-13 15:00:47,517 - INFO - EMIT crude_orderflow_signal: NO TRADE | Entry Score 30
2026-08-13 15:01:39,143 - INFO - EMIT crude_orderflow_signal: NO TRADE | Entry Score 30
2026-08-13 15:01:47,549 - INFO - EMIT crude_orderflow_signal: NO TRADE | Entry Score 30
2026-08-13 15:02:40,144 - INFO - EMIT crude_orderflow_signal: NO TRADE | Entry Score 30
2026-08-13 15:02:47,628 - INFO - EMIT crude_orderflow_signal: NO TRADE | Entry Score 30
2026-08-13 15:03:41,143 - INFO - EMIT crude_orderflow_signal: NO TRADE | Entry Score 30
2026-08-13 15:03:47,705 - INFO - EMIT crude_orderflow_signal: NO TRADE | Entry Score 30
2026-08-13 15:04:42,134 - INFO - EMIT crude_orderflow_signal: NO TRADE | Entry Score 30
2026-08-13 15:04:47,798 - INFO - EMIT crude_orderflow_signal: NO TRADE | Entry Score 30
2026-08-13 15:05:43,134 - INFO - EMIT crude_orderflow_signal: NO TRADE | Entry Score 30
2026-08-13 15:05:47,846 - INFO - EMIT crude_orderflow_signal: NO TRADE | Entry Score 30
2026-08-13 15:06:44,136 - INFO - EMIT crude_orderflow_signal: NO TRADE | Entry Score 30
2026-08-13 15:06:47,923 - INFO - EMIT crude_orderflow_signal: NO TRADE | Entry Score 30
2026-08-13 15:07:45,135 - INFO - EMIT crude_orderflow_signal: NO TRADE | Entry Score 30
2026-08-13 15:07:47,970 - INFO - EMIT crude_orderflow_signal: NO TRADE | Entry Score 30
2026-08-13 15:08:46,143 - INFO - EMIT crude_orderflow_signal: NO TRADE | Entry Score 30
2026-08-13 15:08:48,073 - INFO - EMIT crude_orderflow_signal: NO TRADE | Entry Score 30
2026-08-13 15:09:47,137 - INFO - EMIT crude_orderflow_signal: NO TRADE | Entry Score 30
2026-08-13 15:09:48,140 - INFO - EMIT crude_orderflow_signal: NO TRADE | Entry Score 30
2026-08-13 15:10:48,136 - INFO - EMIT crude_orderflow_signal: NO TRADE | Entry Score 30
2026-08-13 15:10:48,212 - INFO - EMIT crude_orderflow_signal: NO TRADE | Entry Score 30
2026-08-13 15:11:48,255 - INFO - EMIT crude_orderflow_signal: NO TRADE | Entry Score 30
2026-08-13 15:11:49,146 - INFO - EMIT crude_orderflow_signal: NO TRADE | Entry Score 30
2026-08-13 15:12:48,332 - INFO - EMIT crude_orderflow_signal: NO TRADE | Entry Score 25
2026-08-13 15:12:50,148 - INFO - EMIT crude_orderflow_signal: NO TRADE | Entry Score 25
2026-08-13 15:13:48,392 - INFO - EMIT crude_orderflow_signal: NO TRADE | Entry Score 25
2026-08-13 15:13:51,141 - INFO - EMIT crude_orderflow_signal: NO TRADE | Entry Score 25
2026-08-13 15:14:48,462 - INFO - EMIT crude_orderflow_signal: NO TRADE | Entry Score 25
2026-08-13 15:14:52,150 - INFO - EMIT crude_orderflow_signal: NO TRADE | Entry Score 25
2026-08-13 15:15:48,522 - INFO - EMIT crude_orderflow_signal: NO TRADE | Entry Score 25
2026-08-13 15:15:53,135 - INFO - EMIT crude_orderflow_signal: NO TRADE | Entry Score 25
2026-08-13 15:16:48,607 - INFO - EMIT crude_orderflow_signal: NO TRADE | Entry Score 30
2026-08-13 15:16:54,136 - INFO - EMIT crude_orderflow_signal: NO TRADE | Entry Score 30
2026-08-13 15:17:34,141 - INFO - EMIT crude_orderflow_signal: NO TRADE | Entry Score 30
2026-08-13 15:17:36,133 - INFO - EMIT crude_orderflow_signal: NO TRADE | Entry Score 30
2026-08-13 15:17:48,648 - INFO - EMIT crude_orderflow_signal: NO TRADE | Entry Score 30
2026-08-13 15:18:06,135 - INFO - EMIT crude_orderflow_signal: NO TRADE | Entry Score 30
2026-08-13 15:18:48,764 - INFO - EMIT crude_orderflow_signal: NO TRADE | Entry Score 30
2026-08-13 15:18:56,136 - INFO - EMIT crude_orderflow_signal: NO TRADE | Entry Score 30
2026-08-13 15:19:48,814 - INFO - EMIT crude_orderflow_signal: NO TRADE | Entry Score 30
2026-08-13 15:19:56,135 - INFO - EMIT crude_orderflow_signal: NO TRADE | Entry Score 30
2026-08-13 15:20:48,908 - INFO - EMIT crude_orderflow_signal: NO TRADE | Entry Score 30
2026-08-13 15:20:56,135 - INFO - EMIT crude_orderflow_signal: NO TRADE | Entry Score 30
2026-08-13 15:21:48,950 - INFO - EMIT crude_orderflow_signal: NO TRADE | Entry Score 30
2026-08-13 15:21:56,134 - INFO - EMIT crude_orderflow_signal: NO TRADE | Entry Score 30
2026-08-13 15:22:39,718 - INFO - EMIT crude_orderflow_signal: NO TRADE | Entry Score 30
2026-08-13 15:22:49,035 - INFO - EMIT crude_orderflow_signal: NO TRADE | Entry Score 30
2026-08-13 15:23:06,137 - INFO - EMIT crude_orderflow_signal: NO TRADE | Entry Score 30
2026-08-13 15:23:36,137 - INFO - EMIT crude_orderflow_signal: NO TRADE | Entry Score 30
2026-08-13 15:23:49,098 - INFO - EMIT crude_orderflow_signal: NO TRADE | Entry Score 30
2026-08-13 15:24:06,136 - INFO - EMIT crude_orderflow_signal: NO TRADE | Entry Score 30
2026-08-13 15:24:36,135 - INFO - EMIT crude_orderflow_signal: NO TRADE | Entry Score 30
2026-08-13 15:24:49,171 - INFO - EMIT crude_orderflow_signal: NO TRADE | Entry Score 30
2026-08-13 15:25:37,147 - INFO - EMIT crude_orderflow_signal: NO TRADE | Entry Score 30
2026-08-13 15:25:49,217 - INFO - EMIT crude_orderflow_signal: NO TRADE | Entry Score 30
2026-08-13 15:26:38,153 - INFO - EMIT crude_orderflow_signal: NO TRADE | Entry Score 30
2026-08-13 15:26:49,290 - INFO - EMIT crude_orderflow_signal: NO TRADE | Entry Score 30
2026-08-13 15:27:39,136 - INFO - EMIT crude_orderflow_signal: NO TRADE | Entry Score 30
2026-08-13 15:27:49,337 - INFO - EMIT crude_orderflow_signal: NO TRADE | Entry Score 30
2026-08-13 15:28:40,134 - INFO - EMIT crude_orderflow_signal: NO TRADE | Entry Score 30
2026-08-13 15:28:49,493 - INFO - EMIT crude_orderflow_signal: NO TRADE | Entry Score 30
2026-08-13 15:29:41,135 - INFO - EMIT crude_orderflow_signal: NO TRADE | Entry Score 30
2026-08-13 15:29:49,537 - INFO - EMIT crude_orderflow_signal: NO TRADE | Entry Score 30
2026-08-13 15:30:42,137 - INFO - EMIT crude_orderflow_signal: NO TRADE | Entry Score 30
2026-08-13 15:30:49,621 - INFO - EMIT crude_orderflow_signal: NO TRADE | Entry Score 25
2026-08-13 15:31:43,135 - INFO - EMIT crude_orderflow_signal: NO TRADE | Entry Score 25
2026-08-13 15:31:50,587 - INFO - EMIT crude_orderflow_signal: NO TRADE | Entry Score 25
2026-08-13 15:32:44,136 - INFO - EMIT crude_orderflow_signal: NO TRADE | Entry Score 25
2026-08-13 15:32:50,670 - INFO - EMIT crude_orderflow_signal: NO TRADE | Entry Score 25
2026-08-13 15:33:45,135 - INFO - EMIT crude_orderflow_signal: NO TRADE | Entry Score 25
2026-08-13 15:33:50,768 - INFO - EMIT crude_orderflow_signal: NO TRADE | Entry Score 25
2026-08-13 15:34:46,135 - INFO - EMIT crude_orderflow_signal: NO TRADE | Entry Score 25
2026-08-13 15:34:50,846 - INFO - EMIT crude_orderflow_signal: NO TRADE | Entry Score 25
2026-08-13 15:35:47,133 - INFO - EMIT crude_orderflow_signal: NO TRADE | Entry Score 25
2026-08-13 15:35:50,893 - INFO - EMIT crude_orderflow_signal: NO TRADE | Entry Score 25
2026-08-13 15:36:48,137 - INFO - EMIT crude_orderflow_signal: NO TRADE | Entry Score 25
2026-08-13 15:36:50,975 - INFO - EMIT crude_orderflow_signal: NO TRADE | Entry Score 25
2026-08-13 15:37:49,136 - INFO - EMIT crude_orderflow_signal: NO TRADE | Entry Score 25
2026-08-13 15:37:51,017 - INFO - EMIT crude_orderflow_signal: NO TRADE | Entry Score 25
2026-08-13 15:38:50,210 - INFO - EMIT crude_orderflow_signal: NO TRADE | Entry Score 25
2026-08-13 15:38:51,196 - INFO - EMIT crude_orderflow_signal: NO TRADE | Entry Score 30
2026-08-13 15:39:51,136 - INFO - EMIT crude_orderflow_signal: NO TRADE | Entry Score 30
2026-08-13 15:39:51,239 - INFO - EMIT crude_orderflow_signal: NO TRADE | Entry Score 30
2026-08-13 15:40:52,641 - INFO - EMIT crude_orderflow_signal: NO TRADE | Entry Score 30
2026-08-13 15:40:52,643 - INFO - EMIT crude_orderflow_signal: NO TRADE | Entry Score 30
2026-08-13 15:41:52,685 - INFO - EMIT crude_orderflow_signal: NO TRADE | Entry Score 30
2026-08-13 15:41:53,135 - INFO - EMIT crude_orderflow_signal: NO TRADE | Entry Score 30
2026-08-13 15:42:52,767 - INFO - EMIT crude_orderflow_signal: NO TRADE | Entry Score 50
2026-08-13 15:42:54,134 - INFO - EMIT crude_orderflow_signal: NO TRADE | Entry Score 50
2026-08-13 15:43:52,831 - INFO - EMIT crude_orderflow_signal: NO TRADE | Entry Score 50
2026-08-13 15:43:55,133 - INFO - EMIT crude_orderflow_signal: NO TRADE | Entry Score 50
2026-08-13 15:44:52,906 - INFO - EMIT crude_orderflow_signal: NO TRADE | Entry Score 50
2026-08-13 15:44:56,284 - INFO - EMIT crude_orderflow_signal: NO TRADE | Entry Score 50
2026-08-13 15:45:29,849 - INFO - 127.0.0.1 - - [13/Aug/2026 15:45:29] "GET /socket.io/?EIO=4&transport=websocket&sid=78fh4u0lpOjhY9q0AAAA HTTP/1.1" 200 -
2026-08-13 15:45:52,951 - INFO - EMIT crude_orderflow_signal: NO TRADE | Entry Score 50
2026-08-13 15:46:53,054 - INFO - EMIT crude_orderflow_signal: NO TRADE | Entry Score 25
2026-08-13 15:47:53,102 - INFO - EMIT crude_orderflow_signal: NO TRADE | Entry Score 25
2026-08-13 15:48:53,198 - INFO - EMIT crude_orderflow_signal: NO TRADE | Entry Score 25
2026-08-13 15:49:53,662 - INFO - EMIT crude_orderflow_signal: NO TRADE | Entry Score 25
2026-08-13 15:50:53,754 - INFO - EMIT crude_orderflow_signal: NO TRADE | Entry Score 25
2026-08-13 15:51:53,798 - INFO - EMIT crude_orderflow_signal: NO TRADE | Entry Score 25
2026-08-13 15:52:53,873 - INFO - EMIT crude_orderflow_signal: NO TRADE | Entry Score 25
2026-08-13 15:53:53,938 - INFO - EMIT crude_orderflow_signal: NO TRADE | Entry Score 25
2026-08-13 15:54:54,019 - INFO - EMIT crude_orderflow_signal: NO TRADE | Entry Score 25
2026-08-13 15:55:54,063 - INFO - EMIT crude_orderflow_signal: NO TRADE | Entry Score 25
2026-08-13 15:56:54,149 - INFO - EMIT crude_orderflow_signal: NO TRADE | Entry Score 45
2026-08-13 15:57:54,202 - INFO - EMIT crude_orderflow_signal: NO TRADE | Entry Score 45
2026-08-13 15:58:54,304 - INFO - EMIT crude_orderflow_signal: NO TRADE | Entry Score 45
2026-08-13 15:59:54,350 - INFO - EMIT crude_orderflow_signal: NO TRADE | Entry Score 45
2026-08-13 16:00:54,435 - INFO - EMIT crude_orderflow_signal: NO TRADE | Entry Score 25
2026-08-13 16:01:13,657 - INFO - 127.0.0.1 - - [13/Aug/2026 16:01:13] "GET /socket.io/?EIO=4&transport=polling&t=P_whGyE HTTP/1.1" 200 -
2026-08-13 16:01:13,692 - INFO - 127.0.0.1 - - [13/Aug/2026 16:01:13] "[33mGET /favicon.ico HTTP/1.1[0m" 404 -
2026-08-13 16:01:13,907 - INFO - 127.0.0.1 - - [13/Aug/2026 16:01:13] "POST /socket.io/?EIO=4&transport=polling&t=P_whG_y&sid=3PeKUDeT1s0EGVw_AAAC HTTP/1.1" 200 -
2026-08-13 16:01:13,967 - INFO - 127.0.0.1 - - [13/Aug/2026 16:01:13] "GET /socket.io/?EIO=4&transport=polling&t=P_whG__&sid=3PeKUDeT1s0EGVw_AAAC HTTP/1.1" 200 -
2026-08-13 16:01:14,031 - INFO - 127.0.0.1 - - [13/Aug/2026 16:01:14] "GET /socket.io/?EIO=4&transport=polling&t=P_whH4o&sid=3PeKUDeT1s0EGVw_AAAC HTTP/1.1" 200 -
2026-08-13 16:01:14,281 - INFO - 127.0.0.1 - - [13/Aug/2026 16:01:14] "POST /socket.io/?EIO=4&transport=polling&t=P_whH4q&sid=3PeKUDeT1s0EGVw_AAAC HTTP/1.1" 200 -
2026-08-13 16:01:14,281 - INFO - EMIT crude_orderflow_signal: NO TRADE | Entry Score 25
2026-08-13 16:01:44,136 - INFO - EMIT crude_orderflow_signal: NO TRADE | Entry Score 25
2026-08-13 16:01:54,482 - INFO - EMIT crude_orderflow_signal: NO TRADE | Entry Score 25
2026-08-13 16:02:14,137 - INFO - EMIT crude_orderflow_signal: NO TRADE | Entry Score 25
2026-08-13 16:02:44,137 - INFO - EMIT crude_orderflow_signal: NO TRADE | Entry Score 25
2026-08-13 16:02:54,561 - INFO - EMIT crude_orderflow_signal: NO TRADE | Entry Score 25
2026-08-13 16:03:14,136 - INFO - EMIT crude_orderflow_signal: NO TRADE | Entry Score 25
2026-08-13 16:03:44,136 - INFO - EMIT crude_orderflow_signal: NO TRADE | Entry Score 25
2026-08-13 16:03:54,633 - INFO - EMIT crude_orderflow_signal: NO TRADE | Entry Score 25
2026-08-13 16:04:14,134 - INFO - EMIT crude_orderflow_signal: NO TRADE | Entry Score 25
2026-08-13 16:04:44,135 - INFO - EMIT crude_orderflow_signal: NO TRADE | Entry Score 25
2026-08-13 16:04:54,722 - INFO - EMIT crude_orderflow_signal: NO TRADE | Entry Score 25
2026-08-13 16:05:45,134 - INFO - EMIT crude_orderflow_signal: NO TRADE | Entry Score 25
2026-08-13 16:05:54,777 - INFO - EMIT crude_orderflow_signal: NO TRADE | Entry Score 25
2026-08-13 16:06:46,134 - INFO - EMIT crude_orderflow_signal: NO TRADE | Entry Score 25
2026-08-13 16:06:54,856 - INFO - EMIT crude_orderflow_signal: NO TRADE | Entry Score 25
2026-08-13 16:07:47,137 - INFO - EMIT crude_orderflow_signal: NO TRADE | Entry Score 25
2026-08-13 16:07:54,917 - INFO - EMIT crude_orderflow_signal: NO TRADE | Entry Score 25
2026-08-13 16:08:48,136 - INFO - EMIT crude_orderflow_signal: NO TRADE | Entry Score 25
2026-08-13 16:08:55,036 - INFO - EMIT crude_orderflow_signal: NO TRADE | Entry Score 25
2026-08-13 16:09:49,134 - INFO - EMIT crude_orderflow_signal: NO TRADE | Entry Score 25
2026-08-13 16:09:55,078 - INFO - EMIT crude_orderflow_signal: NO TRADE | Entry Score 25
2026-08-13 16:10:50,136 - INFO - EMIT crude_orderflow_signal: NO TRADE | Entry Score 25
2026-08-13 16:10:55,152 - INFO - EMIT crude_orderflow_signal: NO TRADE | Entry Score 25
2026-08-13 16:11:51,150 - INFO - EMIT crude_orderflow_signal: NO TRADE | Entry Score 25
2026-08-13 16:11:55,201 - INFO - EMIT crude_orderflow_signal: NO TRADE | Entry Score 25
2026-08-13 16:12:52,136 - INFO - EMIT crude_orderflow_signal: NO TRADE | Entry Score 25
2026-08-13 16:12:55,278 - INFO - EMIT crude_orderflow_signal: NO TRADE | Entry Score 25
2026-08-13 16:13:53,135 - INFO - EMIT crude_orderflow_signal: NO TRADE | Entry Score 25
2026-08-13 16:13:55,341 - INFO - EMIT crude_orderflow_signal: NO TRADE | Entry Score 25
2026-08-13 16:14:54,134 - INFO - EMIT crude_orderflow_signal: NO TRADE | Entry Score 25
2026-08-13 16:14:55,413 - INFO - EMIT crude_orderflow_signal: NO TRADE | Entry Score 25
2026-08-13 16:15:55,136 - INFO - EMIT crude_orderflow_signal: NO TRADE | Entry Score 25
2026-08-13 16:15:55,461 - INFO - EMIT crude_orderflow_signal: NO TRADE | Entry Score 25
2026-08-13 16:16:55,543 - INFO - EMIT crude_orderflow_signal: NO TRADE | Entry Score 25
2026-08-13 16:16:56,135 - INFO - EMIT crude_orderflow_signal: NO TRADE | Entry Score 25
2026-08-13 16:17:55,586 - INFO - EMIT crude_orderflow_signal: NO TRADE | Entry Score 25
2026-08-13 16:17:56,137 - INFO - EMIT crude_orderflow_signal: NO TRADE | Entry Score 25
2026-08-13 16:18:55,686 - INFO - EMIT crude_orderflow_signal: NO TRADE | Entry Score 25
2026-08-13 16:18:56,135 - INFO - EMIT crude_orderflow_signal: NO TRADE | Entry Score 25
2026-08-13 16:19:55,734 - INFO - EMIT crude_orderflow_signal: NO TRADE | Entry Score 25
2026-08-13 16:19:56,133 - INFO - EMIT crude_orderflow_signal: NO TRADE | Entry Score 25
2026-08-13 16:20:55,805 - INFO - EMIT crude_orderflow_signal: NO TRADE | Entry Score 25
2026-08-13 16:20:56,135 - INFO - EMIT crude_orderflow_signal: NO TRADE | Entry Score 25
2026-08-13 16:21:55,848 - INFO - EMIT crude_orderflow_signal: NO TRADE | Entry Score 25
2026-08-13 16:21:56,134 - INFO - EMIT crude_orderflow_signal: NO TRADE | Entry Score 25
2026-08-13 16:22:55,921 - INFO - EMIT crude_orderflow_signal: NO TRADE | Entry Score 25
2026-08-13 16:22:56,133 - INFO - EMIT crude_orderflow_signal: NO TRADE | Entry Score 25
2026-08-13 16:23:55,987 - INFO - EMIT crude_orderflow_signal: NO TRADE | Entry Score 25
2026-08-13 16:23:56,136 - INFO - EMIT crude_orderflow_signal: NO TRADE | Entry Score 25
2026-08-13 16:24:56,062 - INFO - EMIT crude_orderflow_signal: NO TRADE | Entry Score 25
2026-08-13 16:24:56,134 - INFO - EMIT crude_orderflow_signal: NO TRADE | Entry Score 25
2026-08-13 16:25:56,113 - INFO - EMIT crude_orderflow_signal: NO TRADE | Entry Score 25
2026-08-13 16:25:56,134 - INFO - EMIT crude_orderflow_signal: NO TRADE | Entry Score 25
2026-08-13 16:26:56,189 - INFO - EMIT crude_orderflow_signal: NO TRADE | Entry Score 25
2026-08-13 16:26:56,190 - INFO - EMIT crude_orderflow_signal: NO TRADE | Entry Score 25
2026-08-13 16:27:56,136 - INFO - EMIT crude_orderflow_signal: NO TRADE | Entry Score 25
2026-08-13 16:27:56,232 - INFO - EMIT crude_orderflow_signal: NO TRADE | Entry Score 25
2026-08-13 16:28:24,061 - INFO - EMIT crude_orderflow_signal: NO TRADE | Entry Score 25
2026-08-13 16:28:44,133 - INFO - EMIT crude_orderflow_signal: NO TRADE | Entry Score 25
2026-08-13 16:28:56,332 - INFO - EMIT crude_orderflow_signal: NO TRADE | Entry Score 25
2026-08-13 16:29:14,135 - INFO - EMIT crude_orderflow_signal: NO TRADE | Entry Score 25
2026-08-13 16:29:56,136 - INFO - EMIT crude_orderflow_signal: NO TRADE | Entry Score 25
2026-08-13 16:29:56,418 - INFO - EMIT crude_orderflow_signal: NO TRADE | Entry Score 25
2026-08-13 16:30:56,135 - INFO - EMIT crude_orderflow_signal: NO TRADE | Entry Score 25
2026-08-13 16:30:56,520 - INFO - EMIT crude_orderflow_signal: NO TRADE | Entry Score 35
2026-08-13 16:31:56,134 - INFO - EMIT crude_orderflow_signal: NO TRADE | Entry Score 35
2026-08-13 16:31:56,562 - INFO - EMIT crude_orderflow_signal: NO TRADE | Entry Score 35
2026-08-13 16:32:56,134 - INFO - EMIT crude_orderflow_signal: NO TRADE | Entry Score 35
2026-08-13 16:32:56,638 - INFO - EMIT crude_orderflow_signal: NO TRADE | Entry Score 35
2026-08-13 16:33:56,136 - INFO - EMIT crude_orderflow_signal: NO TRADE | Entry Score 35
2026-08-13 16:33:56,701 - INFO - EMIT crude_orderflow_signal: NO TRADE | Entry Score 35
2026-08-13 16:34:56,135 - INFO - EMIT crude_orderflow_signal: NO TRADE | Entry Score 35
2026-08-13 16:34:56,775 - INFO - EMIT crude_orderflow_signal: NO TRADE | Entry Score 35
2026-08-13 16:35:56,138 - INFO - EMIT crude_orderflow_signal: NO TRADE | Entry Score 35
2026-08-13 16:35:56,828 - INFO - EMIT crude_orderflow_signal: NO TRADE | Entry Score 35
2026-08-13 16:36:56,137 - INFO - EMIT crude_orderflow_signal: NO TRADE | Entry Score 35
2026-08-13 16:36:56,919 - INFO - EMIT crude_orderflow_signal: NO TRADE | Entry Score 35
2026-08-13 16:37:56,135 - INFO - EMIT crude_orderflow_signal: NO TRADE | Entry Score 35
2026-08-13 16:37:56,961 - INFO - EMIT crude_orderflow_signal: NO TRADE | Entry Score 35
2026-08-13 16:38:56,134 - INFO - EMIT crude_orderflow_signal: NO TRADE | Entry Score 35
2026-08-13 16:38:57,066 - INFO - EMIT crude_orderflow_signal: NO TRADE | Entry Score 35
2026-08-13 16:39:56,136 - INFO - EMIT crude_orderflow_signal: NO TRADE | Entry Score 35
2026-08-13 16:39:57,106 - INFO - EMIT crude_orderflow_signal: NO TRADE | Entry Score 35
2026-08-13 16:40:56,135 - INFO - EMIT crude_orderflow_signal: NO TRADE | Entry Score 35
2026-08-13 16:40:57,181 - INFO - EMIT crude_orderflow_signal: NO TRADE | Entry Score 35
2026-08-13 16:41:56,134 - INFO - EMIT crude_orderflow_signal: NO TRADE | Entry Score 35
2026-08-13 16:41:57,225 - INFO - EMIT crude_orderflow_signal: NO TRADE | Entry Score 35
2026-08-13 16:42:56,133 - INFO - EMIT crude_orderflow_signal: NO TRADE | Entry Score 35
2026-08-13 16:42:57,303 - INFO - EMIT crude_orderflow_signal: NO TRADE | Entry Score 35
2026-08-13 16:43:56,135 - INFO - EMIT crude_orderflow_signal: NO TRADE | Entry Score 35
2026-08-13 16:43:57,366 - INFO - EMIT crude_orderflow_signal: NO TRADE | Entry Score 35
2026-08-13 16:44:56,134 - INFO - EMIT crude_orderflow_signal: NO TRADE | Entry Score 35
2026-08-13 16:44:57,439 - INFO - EMIT crude_orderflow_signal: NO TRADE | Entry Score 50
2026-08-13 16:45:56,134 - INFO - EMIT crude_orderflow_signal: NO TRADE | Entry Score 50
2026-08-13 16:45:57,480 - INFO - EMIT crude_orderflow_signal: NO TRADE | Entry Score 50
2026-08-13 16:46:56,134 - INFO - EMIT crude_orderflow_signal: NO TRADE | Entry Score 50
2026-08-13 16:46:57,564 - INFO - EMIT crude_orderflow_signal: NO TRADE | Entry Score 40
2026-08-13 16:47:56,134 - INFO - EMIT crude_orderflow_signal: NO TRADE | Entry Score 40
2026-08-13 16:47:57,610 - INFO - EMIT crude_orderflow_signal: NO TRADE | Entry Score 40
2026-08-13 16:48:56,135 - INFO - EMIT crude_orderflow_signal: NO TRADE | Entry Score 40
2026-08-13 16:48:57,718 - INFO - EMIT crude_orderflow_signal: NO TRADE | Entry Score 40
2026-08-13 16:49:56,134 - INFO - EMIT crude_orderflow_signal: NO TRADE | Entry Score 40
2026-08-13 16:49:57,757 - INFO - EMIT crude_orderflow_signal: NO TRADE | Entry Score 40
2026-08-13 16:50:56,147 - INFO - EMIT crude_orderflow_signal: NO TRADE | Entry Score 40
2026-08-13 16:50:57,835 - INFO - EMIT crude_orderflow_signal: NO TRADE | Entry Score 40
2026-08-13 16:51:56,138 - INFO - EMIT crude_orderflow_signal: NO TRADE | Entry Score 40
2026-08-13 16:51:57,883 - INFO - EMIT crude_orderflow_signal: NO TRADE | Entry Score 40
2026-08-13 16:52:56,134 - INFO - EMIT crude_orderflow_signal: NO TRADE | Entry Score 40
2026-08-13 16:52:57,960 - INFO - EMIT crude_orderflow_signal: NO TRADE | Entry Score 40
2026-08-13 16:53:56,134 - INFO - EMIT crude_orderflow_signal: NO TRADE | Entry Score 40
2026-08-13 16:53:58,034 - INFO - EMIT crude_orderflow_signal: NO TRADE | Entry Score 40
2026-08-13 16:54:56,136 - INFO - EMIT crude_orderflow_signal: NO TRADE | Entry Score 40
2026-08-13 16:54:58,104 - INFO - EMIT crude_orderflow_signal: NO TRADE | Entry Score 40
2026-08-13 16:55:56,135 - INFO - EMIT crude_orderflow_signal: NO TRADE | Entry Score 40
2026-08-13 16:55:58,153 - INFO - EMIT crude_orderflow_signal: NO TRADE | Entry Score 40
2026-08-13 16:56:56,136 - INFO - EMIT crude_orderflow_signal: NO TRADE | Entry Score 40
2026-08-13 16:56:58,231 - INFO - EMIT crude_orderflow_signal: NO TRADE | Entry Score 40
2026-08-13 16:57:46,797 - INFO - EMIT crude_orderflow_signal: NO TRADE | Entry Score 40
2026-08-13 16:57:58,284 - INFO - EMIT crude_orderflow_signal: NO TRADE | Entry Score 40
2026-08-13 16:58:14,135 - INFO - EMIT crude_orderflow_signal: NO TRADE | Entry Score 40
2026-08-13 16:58:44,135 - INFO - EMIT crude_orderflow_signal: NO TRADE | Entry Score 40
2026-08-13 16:58:58,390 - INFO - EMIT crude_orderflow_signal: NO TRADE | Entry Score 40
2026-08-13 16:59:45,135 - INFO - EMIT crude_orderflow_signal: NO TRADE | Entry Score 40
2026-08-13 16:59:58,431 - INFO - EMIT crude_orderflow_signal: NO TRADE | Entry Score 40
2026-08-13 17:00:30,984 - INFO - EMIT crude_orderflow_signal: NO TRADE | Entry Score 40
2026-08-13 17:00:44,136 - INFO - EMIT crude_orderflow_signal: NO TRADE | Entry Score 40
2026-08-13 17:00:58,508 - INFO - EMIT crude_orderflow_signal: NO TRADE | Entry Score 35
2026-08-13 17:01:14,149 - INFO - EMIT crude_orderflow_signal: NO TRADE | Entry Score 35
2026-08-13 17:01:56,135 - INFO - EMIT crude_orderflow_signal: NO TRADE | Entry Score 35
2026-08-13 17:01:58,536 - INFO - EMIT crude_orderflow_signal: NO TRADE | Entry Score 35
2026-08-13 17:02:56,147 - INFO - EMIT crude_orderflow_signal: NO TRADE | Entry Score 35
2026-08-13 17:02:58,611 - INFO - EMIT crude_orderflow_signal: NO TRADE | Entry Score 40
2026-08-13 17:03:56,147 - INFO - EMIT crude_orderflow_signal: NO TRADE | Entry Score 40
2026-08-13 17:03:58,702 - INFO - EMIT crude_orderflow_signal: NO TRADE | Entry Score 40
2026-08-13 17:04:56,134 - INFO - EMIT crude_orderflow_signal: NO TRADE | Entry Score 40
2026-08-13 17:04:58,764 - INFO - EMIT crude_orderflow_signal: NO TRADE | Entry Score 40
2026-08-13 17:05:13,469 - INFO - EMIT crude_orderflow_signal: NO TRADE | Entry Score 40
2026-08-13 17:05:44,143 - INFO - EMIT crude_orderflow_signal: NO TRADE | Entry Score 40
2026-08-13 17:05:58,810 - INFO - EMIT crude_orderflow_signal: NO TRADE | Entry Score 40
2026-08-13 17:06:14,136 - INFO - EMIT crude_orderflow_signal: NO TRADE | Entry Score 40
2026-08-13 17:06:44,136 - INFO - EMIT crude_orderflow_signal: NO TRADE | Entry Score 40
2026-08-13 17:06:58,895 - INFO - EMIT crude_orderflow_signal: NO TRADE | Entry Score 40
2026-08-13 17:07:45,136 - INFO - EMIT crude_orderflow_signal: NO TRADE | Entry Score 40
2026-08-13 17:07:58,942 - INFO - EMIT crude_orderflow_signal: NO TRADE | Entry Score 40
2026-08-13 17:08:46,136 - INFO - EMIT crude_orderflow_signal: NO TRADE | Entry Score 40
2026-08-13 17:08:59,048 - INFO - EMIT crude_orderflow_signal: NO TRADE | Entry Score 40
2026-08-13 17:09:47,135 - INFO - EMIT crude_orderflow_signal: NO TRADE | Entry Score 40
2026-08-13 17:09:59,098 - INFO - EMIT crude_orderflow_signal: NO TRADE | Entry Score 40
2026-08-13 17:10:48,136 - INFO - EMIT crude_orderflow_signal: NO TRADE | Entry Score 40
2026-08-13 17:10:59,175 - INFO - EMIT crude_orderflow_signal: NO TRADE | Entry Score 40
2026-08-13 17:11:49,142 - INFO - EMIT crude_orderflow_signal: NO TRADE | Entry Score 40
2026-08-13 17:11:59,217 - INFO - EMIT crude_orderflow_signal: NO TRADE | Entry Score 40
2026-08-13 17:12:50,135 - INFO - EMIT crude_orderflow_signal: NO TRADE | Entry Score 40
2026-08-13 17:12:59,313 - INFO - EMIT crude_orderflow_signal: NO TRADE | Entry Score 40
2026-08-13 17:13:51,138 - INFO - EMIT crude_orderflow_signal: NO TRADE | Entry Score 40
2026-08-13 17:13:59,383 - INFO - EMIT crude_orderflow_signal: NO TRADE | Entry Score 40
2026-08-13 17:14:52,136 - INFO - EMIT crude_orderflow_signal: NO TRADE | Entry Score 40
2026-08-13 17:14:59,467 - INFO - EMIT crude_orderflow_signal: NO TRADE | Entry Score 40
2026-08-13 17:15:53,136 - INFO - EMIT crude_orderflow_signal: NO TRADE | Entry Score 40
2026-08-13 17:15:59,509 - INFO - EMIT crude_orderflow_signal: NO TRADE | Entry Score 40
2026-08-13 17:16:54,136 - INFO - EMIT crude_orderflow_signal: NO TRADE | Entry Score 40
2026-08-13 17:16:59,585 - INFO - EMIT crude_orderflow_signal: NO TRADE | Entry Score 35
2026-08-13 17:17:55,136 - INFO - EMIT crude_orderflow_signal: NO TRADE | Entry Score 35
2026-08-13 17:17:59,629 - INFO - EMIT crude_orderflow_signal: NO TRADE | Entry Score 35
2026-08-13 17:18:56,135 - INFO - EMIT crude_orderflow_signal: NO TRADE | Entry Score 35
2026-08-13 17:18:59,735 - INFO - EMIT crude_orderflow_signal: NO TRADE | Entry Score 35
2026-08-13 17:19:56,136 - INFO - EMIT crude_orderflow_signal: NO TRADE | Entry Score 35
2026-08-13 17:19:59,782 - INFO - EMIT crude_orderflow_signal: NO TRADE | Entry Score 35
2026-08-13 17:20:56,138 - INFO - EMIT crude_orderflow_signal: NO TRADE | Entry Score 35
2026-08-13 17:20:59,856 - INFO - EMIT crude_orderflow_signal: NO TRADE | Entry Score 35
2026-08-13 17:21:56,136 - INFO - EMIT crude_orderflow_signal: NO TRADE | Entry Score 35
2026-08-13 17:21:59,901 - INFO - EMIT crude_orderflow_signal: NO TRADE | Entry Score 35
2026-08-13 17:22:56,137 - INFO - EMIT crude_orderflow_signal: NO TRADE | Entry Score 35
2026-08-13 17:22:59,982 - INFO - EMIT crude_orderflow_signal: NO TRADE | Entry Score 35
2026-08-13 17:23:56,136 - INFO - EMIT crude_orderflow_signal: NO TRADE | Entry Score 35
2026-08-13 17:24:00,050 - INFO - EMIT crude_orderflow_signal: NO TRADE | Entry Score 35
2026-08-13 17:24:56,151 - INFO - EMIT crude_orderflow_signal: NO TRADE | Entry Score 35
2026-08-13 17:25:00,124 - INFO - EMIT crude_orderflow_signal: NO TRADE | Entry Score 40
2026-08-13 17:25:56,136 - INFO - EMIT crude_orderflow_signal: NO TRADE | Entry Score 40
2026-08-13 17:26:00,170 - INFO - EMIT crude_orderflow_signal: NO TRADE | Entry Score 40
2026-08-13 17:26:56,135 - INFO - EMIT crude_orderflow_signal: NO TRADE | Entry Score 40
2026-08-13 17:27:00,248 - INFO - EMIT crude_orderflow_signal: NO TRADE | Entry Score 40
2026-08-13 17:27:56,134 - INFO - EMIT crude_orderflow_signal: NO TRADE | Entry Score 40
2026-08-13 17:28:00,290 - INFO - EMIT crude_orderflow_signal: NO TRADE | Entry Score 40
2026-08-13 17:28:56,137 - INFO - EMIT crude_orderflow_signal: NO TRADE | Entry Score 40
2026-08-13 17:29:00,395 - INFO - EMIT crude_orderflow_signal: NO TRADE | Entry Score 40
2026-08-13 17:29:56,136 - INFO - EMIT crude_orderflow_signal: NO TRADE | Entry Score 40
2026-08-13 17:30:00,443 - INFO - EMIT crude_orderflow_signal: NO TRADE | Entry Score 40
2026-08-13 17:30:56,134 - INFO - EMIT crude_orderflow_signal: NO TRADE | Entry Score 40
2026-08-13 17:31:00,526 - INFO - EMIT crude_orderflow_signal: NO TRADE | Entry Score 35
2026-08-13 17:31:56,139 - INFO - EMIT crude_orderflow_signal: NO TRADE | Entry Score 35
2026-08-13 17:32:00,592 - INFO - EMIT crude_orderflow_signal: NO TRADE | Entry Score 35
2026-08-13 17:32:40,045 - INFO - EMIT crude_orderflow_signal: NO TRADE | Entry Score 35
2026-08-13 17:32:44,136 - INFO - EMIT crude_orderflow_signal: NO TRADE | Entry Score 35
2026-08-13 17:33:00,672 - INFO - EMIT crude_orderflow_signal: NO TRADE | Entry Score 35
2026-08-13 17:33:14,136 - INFO - EMIT crude_orderflow_signal: NO TRADE | Entry Score 35
2026-08-13 17:33:56,134 - INFO - EMIT crude_orderflow_signal: NO TRADE | Entry Score 35
2026-08-13 17:34:00,755 - INFO - EMIT crude_orderflow_signal: NO TRADE | Entry Score 35
2026-08-13 17:34:56,136 - INFO - EMIT crude_orderflow_signal: NO TRADE | Entry Score 35
2026-08-13 17:35:00,836 - INFO - EMIT crude_orderflow_signal: NO TRADE | Entry Score 35
2026-08-13 17:35:56,136 - INFO - EMIT crude_orderflow_signal: NO TRADE | Entry Score 35
2026-08-13 17:36:00,882 - INFO - EMIT crude_orderflow_signal: NO TRADE | Entry Score 35
2026-08-13 17:36:56,140 - INFO - EMIT crude_orderflow_signal: NO TRADE | Entry Score 35
2026-08-13 17:37:00,965 - INFO - EMIT crude_orderflow_signal: NO TRADE | Entry Score 50
2026-08-13 17:37:56,135 - INFO - EMIT crude_orderflow_signal: NO TRADE | Entry Score 50
2026-08-13 17:38:01,014 - INFO - EMIT crude_orderflow_signal: NO TRADE | Entry Score 50
2026-08-13 17:38:56,136 - INFO - EMIT crude_orderflow_signal: NO TRADE | Entry Score 50
2026-08-13 17:39:01,118 - INFO - EMIT crude_orderflow_signal: NO TRADE | Entry Score 40
2026-08-13 17:39:56,139 - INFO - EMIT crude_orderflow_signal: NO TRADE | Entry Score 40
2026-08-13 17:40:01,161 - INFO - EMIT crude_orderflow_signal: NO TRADE | Entry Score 40
2026-08-13 17:40:56,136 - INFO - EMIT crude_orderflow_signal: NO TRADE | Entry Score 40
2026-08-13 17:41:01,322 - INFO - \U0001f501 [SIM] CRUDE ENTRY: CRUDEOIL26AUG7750PE @ 163.9 | Base: 60 | Total: 60 | ID: 5ef8b1fe-aa3c-465c-90e5-ca1ac12716d5
2026-08-13 17:41:01,327 - INFO - EMIT crude_orderflow_signal: PUT BUY ([SIM]) | None
2026-08-13 17:41:02,467 - INFO - EMIT crude_orderflow_signal: PUT BUY ([SIM]) | None
2026-08-13 17:41:03,552 - INFO - EMIT crude_orderflow_signal: PUT BUY ([SIM]) | None
2026-08-13 17:41:04,644 - INFO - EMIT crude_orderflow_signal: PUT BUY ([SIM]) | None
2026-08-13 17:41:05,732 - INFO - EMIT crude_orderflow_signal: PUT BUY ([SIM]) | None
2026-08-13 17:41:06,824 - INFO - EMIT crude_orderflow_signal: PUT BUY ([SIM]) | None
2026-08-13 17:41:07,914 - INFO - EMIT crude_orderflow_signal: PUT BUY ([SIM]) | None
2026-08-13 17:41:09,002 - INFO - EMIT crude_orderflow_signal: PUT BUY ([SIM]) | None
2026-08-13 17:41:10,090 - INFO - EMIT crude_orderflow_signal: PUT BUY ([SIM]) | None
2026-08-13 17:41:11,172 - INFO - EMIT crude_orderflow_signal: PUT BUY ([SIM]) | None
2026-08-13 17:41:12,256 - INFO - EMIT crude_orderflow_signal: PUT BUY ([SIM]) | None
2026-08-13 17:41:13,345 - INFO - EMIT crude_orderflow_signal: PUT BUY ([SIM]) | None
2026-08-13 17:41:14,433 - INFO - EMIT crude_orderflow_signal: PUT BUY ([SIM]) | None
2026-08-13 17:41:15,521 - INFO - EMIT crude_orderflow_signal: PUT BUY ([SIM]) | None
2026-08-13 17:41:16,616 - INFO - EMIT crude_orderflow_signal: PUT BUY ([SIM]) | None
2026-08-13 17:41:17,715 - INFO - EMIT crude_orderflow_signal: PUT BUY ([SIM]) | None
2026-08-13 17:41:18,799 - INFO - EMIT crude_orderflow_signal: PUT BUY ([SIM]) | None
2026-08-13 17:41:19,885 - INFO - EMIT crude_orderflow_signal: PUT BUY ([SIM]) | None
2026-08-13 17:41:20,973 - INFO - EMIT crude_orderflow_signal: PUT BUY ([SIM]) | None
2026-08-13 17:41:22,085 - INFO - EMIT crude_orderflow_signal: PUT BUY ([SIM]) | None
2026-08-13 17:41:23,180 - INFO - EMIT crude_orderflow_signal: PUT BUY ([SIM]) | None
2026-08-13 17:41:24,295 - INFO - EMIT crude_orderflow_signal: PUT BUY ([SIM]) | None
2026-08-13 17:41:25,377 - INFO - EMIT crude_orderflow_signal: PUT BUY ([SIM]) | None
2026-08-13 17:41:26,460 - INFO - EMIT crude_orderflow_signal: PUT BUY ([SIM]) | None
2026-08-13 17:41:27,545 - INFO - EMIT crude_orderflow_signal: PUT BUY ([SIM]) | None
2026-08-13 17:41:28,635 - INFO - EMIT crude_orderflow_signal: PUT BUY ([SIM]) | None
2026-08-13 17:41:29,722 - INFO - EMIT crude_orderflow_signal: PUT BUY ([SIM]) | None
2026-08-13 17:41:30,810 - INFO - EMIT crude_orderflow_signal: PUT BUY ([SIM]) | None
2026-08-13 17:41:31,932 - INFO - EMIT crude_orderflow_signal: PUT BUY ([SIM]) | None
2026-08-13 17:41:33,034 - INFO - EMIT crude_orderflow_signal: PUT BUY ([SIM]) | None
2026-08-13 17:41:34,123 - INFO - EMIT crude_orderflow_signal: PUT BUY ([SIM]) | None
2026-08-13 17:41:35,215 - INFO - EMIT crude_orderflow_signal: PUT BUY ([SIM]) | None
2026-08-13 17:41:36,318 - INFO - EMIT crude_orderflow_signal: PUT BUY ([SIM]) | None
2026-08-13 17:41:37,694 - INFO - EMIT crude_orderflow_signal: PUT BUY ([SIM]) | None
2026-08-13 17:41:38,798 - INFO - EMIT crude_orderflow_signal: PUT BUY ([SIM]) | None
2026-08-13 17:41:39,887 - INFO - EMIT crude_orderflow_signal: PUT BUY ([SIM]) | None
2026-08-13 17:41:40,972 - INFO - EMIT crude_orderflow_signal: PUT BUY ([SIM]) | None
2026-08-13 17:41:42,058 - INFO - EMIT crude_orderflow_signal: PUT BUY ([SIM]) | None
2026-08-13 17:41:43,144 - INFO - EMIT crude_orderflow_signal: PUT BUY ([SIM]) | None
2026-08-13 17:41:44,237 - INFO - EMIT crude_orderflow_signal: PUT BUY ([SIM]) | None
2026-08-13 17:41:45,326 - INFO - EMIT crude_orderflow_signal: PUT BUY ([SIM]) | None
2026-08-13 17:41:46,687 - INFO - EMIT crude_orderflow_signal: PUT BUY ([SIM]) | None
2026-08-13 17:41:47,801 - INFO - EMIT crude_orderflow_signal: PUT BUY ([SIM]) | None
2026-08-13 17:41:48,907 - INFO - EMIT crude_orderflow_signal: PUT BUY ([SIM]) | None
2026-08-13 17:41:49,989 - INFO - EMIT crude_orderflow_signal: PUT BUY ([SIM]) | None
2026-08-13 17:41:51,067 - INFO - EMIT crude_orderflow_signal: PUT BUY ([SIM]) | None
2026-08-13 17:41:52,157 - INFO - EMIT crude_orderflow_signal: PUT BUY ([SIM]) | None
2026-08-13 17:41:53,248 - INFO - EMIT crude_orderflow_signal: PUT BUY ([SIM]) | None
2026-08-13 17:41:54,338 - INFO - EMIT crude_orderflow_signal: PUT BUY ([SIM]) | None
2026-08-13 17:41:55,432 - INFO - EMIT crude_orderflow_signal: PUT BUY ([SIM]) | None
2026-08-13 17:41:56,135 - INFO - EMIT crude_orderflow_signal: NO TRADE | Entry Score 40
2026-08-13 17:41:56,558 - INFO - EMIT crude_orderflow_signal: PUT BUY ([SIM]) | None
2026-08-13 17:41:57,645 - INFO - EMIT crude_orderflow_signal: PUT BUY ([SIM]) | None
2026-08-13 17:41:58,728 - INFO - EMIT crude_orderflow_signal: PUT BUY ([SIM]) | None
2026-08-13 17:41:59,824 - INFO - EMIT crude_orderflow_signal: PUT BUY ([SIM]) | None
2026-08-13 17:42:00,906 - INFO - EMIT crude_orderflow_signal: PUT BUY ([SIM]) | None
2026-08-13 17:42:01,997 - INFO - EMIT crude_orderflow_signal: PUT BUY ([SIM]) | None
2026-08-13 17:42:03,123 - INFO - EMIT crude_orderflow_signal: PUT BUY ([SIM]) | None
2026-08-13 17:42:04,214 - INFO - EMIT crude_orderflow_signal: PUT BUY ([SIM]) | None
2026-08-13 17:42:05,304 - INFO - EMIT crude_orderflow_signal: PUT BUY ([SIM]) | None
2026-08-13 17:42:06,395 - INFO - EMIT crude_orderflow_signal: PUT BUY ([SIM]) | None
2026-08-13 17:42:07,481 - INFO - EMIT crude_orderflow_signal: PUT BUY ([SIM]) | None
2026-08-13 17:42:08,568 - INFO - EMIT crude_orderflow_signal: PUT BUY ([SIM]) | None
2026-08-13 17:42:09,656 - INFO - EMIT crude_orderflow_signal: PUT BUY ([SIM]) | None
2026-08-13 17:42:10,740 - INFO - EMIT crude_orderflow_signal: PUT BUY ([SIM]) | None
2026-08-13 17:42:11,878 - INFO - EMIT crude_orderflow_signal: PUT BUY ([SIM]) | None
2026-08-13 17:42:12,998 - INFO - EMIT crude_orderflow_signal: PUT BUY ([SIM]) | None
2026-08-13 17:42:14,135 - INFO - EMIT crude_orderflow_signal: PUT BUY ([SIM]) | None
2026-08-13 17:42:15,235 - INFO - EMIT crude_orderflow_signal: PUT BUY ([SIM]) | None
2026-08-13 17:42:16,317 - INFO - EMIT crude_orderflow_signal: PUT BUY ([SIM]) | None
2026-08-13 17:42:17,486 - INFO - EMIT crude_orderflow_signal: PUT BUY ([SIM]) | None
2026-08-13 17:42:18,612 - INFO - EMIT crude_orderflow_signal: PUT BUY ([SIM]) | None
2026-08-13 17:42:19,690 - INFO - EMIT crude_orderflow_signal: PUT BUY ([SIM]) | None
2026-08-13 17:42:20,771 - INFO - EMIT crude_orderflow_signal: PUT BUY ([SIM]) | None
2026-08-13 17:42:21,852 - INFO - EMIT crude_orderflow_signal: PUT BUY ([SIM]) | None
2026-08-13 17:42:22,938 - INFO - EMIT crude_orderflow_signal: PUT BUY ([SIM]) | None
2026-08-13 17:42:24,021 - INFO - EMIT crude_orderflow_signal: PUT BUY ([SIM]) | None
2026-08-13 17:42:25,224 - INFO - EMIT crude_orderflow_signal: PUT BUY ([SIM]) | None
2026-08-13 17:42:26,307 - INFO - EMIT crude_orderflow_signal: PUT BUY ([SIM]) | None
2026-08-13 17:42:27,404 - INFO - EMIT crude_orderflow_signal: PUT BUY ([SIM]) | None
2026-08-13 17:42:28,487 - INFO - EMIT crude_orderflow_signal: PUT BUY ([SIM]) | None
2026-08-13 17:42:29,580 - INFO - EMIT crude_orderflow_signal: PUT BUY ([SIM]) | None
2026-08-13 17:42:30,664 - INFO - EMIT crude_orderflow_signal: PUT BUY ([SIM]) | None
2026-08-13 17:42:31,793 - INFO - EMIT crude_orderflow_signal: PUT BUY ([SIM]) | None
2026-08-13 17:42:32,893 - INFO - EMIT crude_orderflow_signal: PUT BUY ([SIM]) | None
2026-08-13 17:42:33,973 - INFO - EMIT crude_orderflow_signal: PUT BUY ([SIM]) | None
2026-08-13 17:42:35,064 - INFO - EMIT crude_orderflow_signal: PUT BUY ([SIM]) | None
2026-08-13 17:42:36,147 - INFO - EMIT crude_orderflow_signal: PUT BUY ([SIM]) | None
2026-08-13 17:42:37,230 - INFO - EMIT crude_orderflow_signal: PUT BUY ([SIM]) | None
2026-08-13 17:42:38,322 - INFO - EMIT crude_orderflow_signal: PUT BUY ([SIM]) | None
2026-08-13 17:42:39,406 - INFO - EMIT crude_orderflow_signal: PUT BUY ([SIM]) | None
2026-08-13 17:42:40,492 - INFO - EMIT crude_orderflow_signal: PUT BUY ([SIM]) | None
2026-08-13 17:42:41,614 - INFO - EMIT crude_orderflow_signal: PUT BUY ([SIM]) | None
2026-08-13 17:42:42,697 - INFO - EMIT crude_orderflow_signal: PUT BUY ([SIM]) | None
2026-08-13 17:42:43,781 - INFO - EMIT crude_orderflow_signal: PUT BUY ([SIM]) | None
2026-08-13 17:42:44,868 - INFO - EMIT crude_orderflow_signal: PUT BUY ([SIM]) | None
2026-08-13 17:42:45,961 - INFO - EMIT crude_orderflow_signal: PUT BUY ([SIM]) | None
2026-08-13 17:42:47,051 - INFO - EMIT crude_orderflow_signal: PUT BUY ([SIM]) | None
2026-08-13 17:42:48,135 - INFO - EMIT crude_orderflow_signal: PUT BUY ([SIM]) | None
2026-08-13 17:42:49,218 - INFO - EMIT crude_orderflow_signal: PUT BUY ([SIM]) | None
2026-08-13 17:42:50,307 - INFO - EMIT crude_orderflow_signal: PUT BUY ([SIM]) | None
2026-08-13 17:42:51,394 - INFO - EMIT crude_orderflow_signal: PUT BUY ([SIM]) | None
2026-08-13 17:42:52,485 - INFO - EMIT crude_orderflow_signal: PUT BUY ([SIM]) | None
2026-08-13 17:42:53,575 - INFO - EMIT crude_orderflow_signal: PUT BUY ([SIM]) | None
2026-08-13 17:42:54,656 - INFO - EMIT crude_orderflow_signal: PUT BUY ([SIM]) | None
2026-08-13 17:42:55,742 - INFO - EMIT crude_orderflow_signal: PUT BUY ([SIM]) | None
2026-08-13 17:42:56,136 - INFO - EMIT crude_orderflow_signal: NO TRADE | Entry Score 40
2026-08-13 17:42:56,830 - INFO - EMIT crude_orderflow_signal: PUT BUY ([SIM]) | None
2026-08-13 17:42:57,919 - INFO - EMIT crude_orderflow_signal: PUT BUY ([SIM]) | None
2026-08-13 17:42:59,005 - INFO - EMIT crude_orderflow_signal: PUT BUY ([SIM]) | None
2026-08-13 17:43:00,089 - INFO - EMIT crude_orderflow_signal: PUT BUY ([SIM]) | None
2026-08-13 17:43:01,172 - INFO - EMIT crude_orderflow_signal: PUT BUY ([SIM]) | None
2026-08-13 17:43:02,455 - INFO - EMIT crude_orderflow_signal: PUT BUY ([SIM]) | None
2026-08-13 17:43:03,539 - INFO - EMIT crude_orderflow_signal: PUT BUY ([SIM]) | None
2026-08-13 17:43:04,630 - INFO - EMIT crude_orderflow_signal: PUT BUY ([SIM]) | None
2026-08-13 17:43:05,713 - INFO - EMIT crude_orderflow_signal: PUT BUY ([SIM]) | None
2026-08-13 17:43:06,797 - INFO - EMIT crude_orderflow_signal: PUT BUY ([SIM]) | None
2026-08-13 17:43:07,882 - INFO - EMIT crude_orderflow_signal: PUT BUY ([SIM]) | None
2026-08-13 17:43:08,967 - INFO - EMIT crude_orderflow_signal: PUT BUY ([SIM]) | None
2026-08-13 17:43:10,056 - INFO - EMIT crude_orderflow_signal: PUT BUY ([SIM]) | None
2026-08-13 17:43:11,142 - INFO - EMIT crude_orderflow_signal: PUT BUY ([SIM]) | None
2026-08-13 17:43:12,225 - INFO - EMIT crude_orderflow_signal: PUT BUY ([SIM]) | None
2026-08-13 17:43:13,310 - INFO - EMIT crude_orderflow_signal: PUT BUY ([SIM]) | None
2026-08-13 17:43:14,392 - INFO - EMIT crude_orderflow_signal: PUT BUY ([SIM]) | None
2026-08-13 17:43:15,479 - INFO - EMIT crude_orderflow_signal: PUT BUY ([SIM]) | None
2026-08-13 17:43:16,574 - INFO - EMIT crude_orderflow_signal: PUT BUY ([SIM]) | None
2026-08-13 17:43:17,724 - INFO - EMIT crude_orderflow_signal: PUT BUY ([SIM]) | None
2026-08-13 17:43:18,805 - INFO - EMIT crude_orderflow_signal: PUT BUY ([SIM]) | None
2026-08-13 17:43:19,900 - INFO - EMIT crude_orderflow_signal: PUT BUY ([SIM]) | None
2026-08-13 17:43:20,987 - INFO - EMIT crude_orderflow_signal: PUT BUY ([SIM]) | None
2026-08-13 17:43:22,069 - INFO - EMIT crude_orderflow_signal: PUT BUY ([SIM]) | None
2026-08-13 17:43:23,167 - INFO - EMIT crude_orderflow_signal: PUT BUY ([SIM]) | None
2026-08-13 17:43:24,252 - INFO - EMIT crude_orderflow_signal: PUT BUY ([SIM]) | None
2026-08-13 17:43:25,349 - INFO - EMIT crude_orderflow_signal: PUT BUY ([SIM]) | None
2026-08-13 17:43:26,436 - INFO - EMIT crude_orderflow_signal: PUT BUY ([SIM]) | None
2026-08-13 17:43:27,529 - INFO - EMIT crude_orderflow_signal: PUT BUY ([SIM]) | None
2026-08-13 17:43:28,614 - INFO - EMIT crude_orderflow_signal: PUT BUY ([SIM]) | None
2026-08-13 17:43:29,697 - INFO - EMIT crude_orderflow_signal: PUT BUY ([SIM]) | None
2026-08-13 17:43:30,785 - INFO - EMIT crude_orderflow_signal: PUT BUY ([SIM]) | None
2026-08-13 17:43:31,903 - INFO - EMIT crude_orderflow_signal: PUT BUY ([SIM]) | None
2026-08-13 17:43:32,996 - INFO - EMIT crude_orderflow_signal: PUT BUY ([SIM]) | None
2026-08-13 17:43:34,078 - INFO - EMIT crude_orderflow_signal: PUT BUY ([SIM]) | None
2026-08-13 17:43:35,160 - INFO - EMIT crude_orderflow_signal: PUT BUY ([SIM]) | None
2026-08-13 17:43:36,265 - INFO - EMIT crude_orderflow_signal: PUT BUY ([SIM]) | None
2026-08-13 17:43:37,347 - INFO - EMIT crude_orderflow_signal: PUT BUY ([SIM]) | None
2026-08-13 17:43:38,440 - INFO - EMIT crude_orderflow_signal: PUT BUY ([SIM]) | None
2026-08-13 17:43:39,529 - INFO - EMIT crude_orderflow_signal: PUT BUY ([SIM]) | None
2026-08-13 17:43:40,615 - INFO - EMIT crude_orderflow_signal: PUT BUY ([SIM]) | None
2026-08-13 17:43:41,701 - INFO - EMIT crude_orderflow_signal: PUT BUY ([SIM]) | None
2026-08-13 17:43:42,798 - INFO - EMIT crude_orderflow_signal: PUT BUY ([SIM]) | None
2026-08-13 17:43:43,890 - INFO - EMIT crude_orderflow_signal: PUT BUY ([SIM]) | None
2026-08-13 17:43:45,139 - INFO - EMIT crude_orderflow_signal: PUT BUY ([SIM]) | None
2026-08-13 17:43:46,230 - INFO - EMIT crude_orderflow_signal: PUT BUY ([SIM]) | None
2026-08-13 17:43:47,691 - INFO - EMIT crude_orderflow_signal: PUT BUY ([SIM]) | None
2026-08-13 17:43:48,782 - INFO - EMIT crude_orderflow_signal: PUT BUY ([SIM]) | None
2026-08-13 17:43:49,878 - INFO - EMIT crude_orderflow_signal: PUT BUY ([SIM]) | None
2026-08-13 17:43:51,007 - INFO - EMIT crude_orderflow_signal: PUT BUY ([SIM]) | None
2026-08-13 17:43:52,108 - INFO - EMIT crude_orderflow_signal: PUT BUY ([SIM]) | None
2026-08-13 17:43:53,202 - INFO - EMIT crude_orderflow_signal: PUT BUY ([SIM]) | None
2026-08-13 17:43:54,307 - INFO - EMIT crude_orderflow_signal: PUT BUY ([SIM]) | None
2026-08-13 17:43:55,405 - INFO - EMIT crude_orderflow_signal: PUT BUY ([SIM]) | None
2026-08-13 17:43:56,136 - INFO - EMIT crude_orderflow_signal: NO TRADE | Entry Score 40
2026-08-13 17:43:56,499 - INFO - EMIT crude_orderflow_signal: PUT BUY ([SIM]) | None
2026-08-13 17:43:57,594 - INFO - EMIT crude_orderflow_signal: PUT BUY ([SIM]) | None
2026-08-13 17:43:58,690 - INFO - EMIT crude_orderflow_signal: PUT BUY ([SIM]) | None
2026-08-13 17:43:59,784 - INFO - EMIT crude_orderflow_signal: PUT BUY ([SIM]) | None
2026-08-13 17:44:00,879 - INFO - EMIT crude_orderflow_signal: PUT BUY ([SIM]) | None
2026-08-13 17:44:02,082 - INFO - EMIT crude_orderflow_signal: PUT BUY ([SIM]) | None
2026-08-13 17:44:03,179 - INFO - EMIT crude_orderflow_signal: PUT BUY ([SIM]) | None
2026-08-13 17:44:04,306 - INFO - EMIT crude_orderflow_signal: PUT BUY ([SIM]) | None
2026-08-13 17:44:05,396 - INFO - EMIT crude_orderflow_signal: PUT BUY ([SIM]) | None
2026-08-13 17:44:06,495 - INFO - EMIT crude_orderflow_signal: PUT BUY ([SIM]) | None
2026-08-13 17:44:07,592 - INFO - EMIT crude_orderflow_signal: PUT BUY ([SIM]) | None
2026-08-13 17:44:08,807 - INFO - EMIT crude_orderflow_signal: PUT BUY ([SIM]) | None
2026-08-13 17:44:09,938 - INFO - EMIT crude_orderflow_signal: PUT BUY ([SIM]) | None
2026-08-13 17:44:11,032 - INFO - EMIT crude_orderflow_signal: PUT BUY ([SIM]) | None
2026-08-13 17:44:12,126 - INFO - EMIT crude_orderflow_signal: PUT BUY ([SIM]) | None
2026-08-13 17:44:13,221 - INFO - EMIT crude_orderflow_signal: PUT BUY ([SIM]) | None
2026-08-13 17:44:14,320 - INFO - EMIT crude_orderflow_signal: PUT BUY ([SIM]) | None
2026-08-13 17:44:15,432 - INFO - EMIT crude_orderflow_signal: PUT BUY ([SIM]) | None
2026-08-13 17:44:16,531 - INFO - EMIT crude_orderflow_signal: PUT BUY ([SIM]) | None
2026-08-13 17:44:17,653 - INFO - EMIT crude_orderflow_signal: PUT BUY ([SIM]) | None
2026-08-13 17:44:18,760 - INFO - EMIT crude_orderflow_signal: PUT BUY ([SIM]) | None
2026-08-13 17:44:19,856 - INFO - EMIT crude_orderflow_signal: PUT BUY ([SIM]) | None
2026-08-13 17:44:20,955 - INFO - EMIT crude_orderflow_signal: PUT BUY ([SIM]) | None
2026-08-13 17:44:22,052 - INFO - EMIT crude_orderflow_signal: PUT BUY ([SIM]) | None
2026-08-13 17:44:23,144 - INFO - EMIT crude_orderflow_signal: PUT BUY ([SIM]) | None
2026-08-13 17:44:24,240 - INFO - EMIT crude_orderflow_signal: PUT BUY ([SIM]) | None
2026-08-13 17:44:25,340 - INFO - EMIT crude_orderflow_signal: PUT BUY ([SIM]) | None
2026-08-13 17:44:26,430 - INFO - EMIT crude_orderflow_signal: PUT BUY ([SIM]) | None
2026-08-13 17:44:27,522 - INFO - EMIT crude_orderflow_signal: PUT BUY ([SIM]) | None
2026-08-13 17:44:28,620 - INFO - EMIT crude_orderflow_signal: PUT BUY ([SIM]) | None
2026-08-13 17:44:29,716 - INFO - EMIT crude_orderflow_signal: PUT BUY ([SIM]) | None
2026-08-13 17:44:30,816 - INFO - EMIT crude_orderflow_signal: PUT BUY ([SIM]) | None
2026-08-13 17:44:31,922 - INFO - EMIT crude_orderflow_signal: PUT BUY ([SIM]) | None
2026-08-13 17:44:33,019 - INFO - EMIT crude_orderflow_signal: PUT BUY ([SIM]) | None
2026-08-13 17:44:34,115 - INFO - EMIT crude_orderflow_signal: PUT BUY ([SIM]) | None
2026-08-13 17:44:35,213 - INFO - EMIT crude_orderflow_signal: PUT BUY ([SIM]) | None
2026-08-13 17:44:36,312 - INFO - EMIT crude_orderflow_signal: PUT BUY ([SIM]) | None
2026-08-13 17:44:37,410 - INFO - EMIT crude_orderflow_signal: PUT BUY ([SIM]) | None
2026-08-13 17:44:38,507 - INFO - EMIT crude_orderflow_signal: PUT BUY ([SIM]) | None
2026-08-13 17:44:39,600 - INFO - EMIT crude_orderflow_signal: PUT BUY ([SIM]) | None
2026-08-13 17:44:40,708 - INFO - EMIT crude_orderflow_signal: PUT BUY ([SIM]) | None
2026-08-13 17:44:41,871 - INFO - EMIT crude_orderflow_signal: PUT BUY ([SIM]) | None
2026-08-13 17:44:42,970 - INFO - EMIT crude_orderflow_signal: PUT BUY ([SIM]) | None
2026-08-13 17:44:44,061 - INFO - EMIT crude_orderflow_signal: PUT BUY ([SIM]) | None
2026-08-13 17:44:45,160 - INFO - EMIT crude_orderflow_signal: PUT BUY ([SIM]) | None
2026-08-13 17:44:46,275 - INFO - EMIT crude_orderflow_signal: PUT BUY ([SIM]) | None
2026-08-13 17:44:47,490 - INFO - EMIT crude_orderflow_signal: PUT BUY ([SIM]) | None
2026-08-13 17:44:48,590 - INFO - EMIT crude_orderflow_signal: PUT BUY ([SIM]) | None
2026-08-13 17:44:49,685 - INFO - EMIT crude_orderflow_signal: PUT BUY ([SIM]) | None
2026-08-13 17:44:50,784 - INFO - EMIT crude_orderflow_signal: PUT BUY ([SIM]) | None
2026-08-13 17:44:51,887 - INFO - EMIT crude_orderflow_signal: PUT BUY ([SIM]) | None
2026-08-13 17:44:52,978 - INFO - EMIT crude_orderflow_signal: PUT BUY ([SIM]) | None
2026-08-13 17:44:54,079 - INFO - EMIT crude_orderflow_signal: PUT BUY ([SIM]) | None
2026-08-13 17:44:55,167 - INFO - EMIT crude_orderflow_signal: PUT BUY ([SIM]) | None
2026-08-13 17:44:56,136 - INFO - EMIT crude_orderflow_signal: NO TRADE | Entry Score 40
2026-08-13 17:44:56,265 - INFO - EMIT crude_orderflow_signal: PUT BUY ([SIM]) | None
2026-08-13 17:44:57,372 - INFO - EMIT crude_orderflow_signal: PUT BUY ([SIM]) | None
2026-08-13 17:44:58,465 - INFO - EMIT crude_orderflow_signal: PUT BUY ([SIM]) | None
2026-08-13 17:44:59,573 - INFO - EMIT crude_orderflow_signal: PUT BUY ([SIM]) | None
2026-08-13 17:45:00,669 - INFO - EMIT crude_orderflow_signal: PUT BUY ([SIM]) | None
2026-08-13 17:45:01,763 - INFO - EMIT crude_orderflow_signal: PUT BUY ([SIM]) | None
2026-08-13 17:45:02,891 - INFO - EMIT crude_orderflow_signal: PUT BUY ([SIM]) | None
2026-08-13 17:45:03,993 - INFO - EMIT crude_orderflow_signal: PUT BUY ([SIM]) | None
2026-08-13 17:45:05,089 - INFO - EMIT crude_orderflow_signal: PUT BUY ([SIM]) | None
2026-08-13 17:45:06,180 - INFO - EMIT crude_orderflow_signal: PUT BUY ([SIM]) | None
2026-08-13 17:45:07,279 - INFO - EMIT crude_orderflow_signal: PUT BUY ([SIM]) | None
2026-08-13 17:45:08,377 - INFO - EMIT crude_orderflow_signal: PUT BUY ([SIM]) | None
2026-08-13 17:45:09,470 - INFO - EMIT crude_orderflow_signal: PUT BUY ([SIM]) | None
2026-08-13 17:45:10,563 - INFO - EMIT crude_orderflow_signal: PUT BUY ([SIM]) | None
2026-08-13 17:45:11,655 - INFO - EMIT crude_orderflow_signal: PUT BUY ([SIM]) | None
2026-08-13 17:45:12,752 - INFO - EMIT crude_orderflow_signal: PUT BUY ([SIM]) | None
2026-08-13 17:45:13,852 - INFO - EMIT crude_orderflow_signal: PUT BUY ([SIM]) | None
2026-08-13 17:45:14,944 - INFO - EMIT crude_orderflow_signal: PUT BUY ([SIM]) | None
2026-08-13 17:45:16,051 - INFO - EMIT crude_orderflow_signal: PUT BUY ([SIM]) | None
2026-08-13 17:45:17,141 - INFO - EMIT crude_orderflow_signal: PUT BUY ([SIM]) | None
2026-08-13 17:45:18,234 - INFO - EMIT crude_orderflow_signal: PUT BUY ([SIM]) | None
2026-08-13 17:45:19,336 - INFO - EMIT crude_orderflow_signal: PUT BUY ([SIM]) | None
2026-08-13 17:45:20,427 - INFO - EMIT crude_orderflow_signal: PUT BUY ([SIM]) | None
2026-08-13 17:45:21,524 - INFO - EMIT crude_orderflow_signal: PUT BUY ([SIM]) | None
2026-08-13 17:45:22,623 - INFO - EMIT crude_orderflow_signal: PUT BUY ([SIM]) | None
2026-08-13 17:45:23,721 - INFO - EMIT crude_orderflow_signal: PUT BUY ([SIM]) | None
2026-08-13 17:45:24,820 - INFO - EMIT crude_orderflow_signal: PUT BUY ([SIM]) | None
2026-08-13 17:45:25,914 - INFO - EMIT crude_orderflow_signal: PUT BUY ([SIM]) | None
2026-08-13 17:45:27,011 - INFO - EMIT crude_orderflow_signal: PUT BUY ([SIM]) | None
2026-08-13 17:45:28,112 - INFO - EMIT crude_orderflow_signal: PUT BUY ([SIM]) | None
2026-08-13 17:45:29,200 - INFO - EMIT crude_orderflow_signal: PUT BUY ([SIM]) | None
2026-08-13 17:45:30,298 - INFO - EMIT crude_orderflow_signal: PUT BUY ([SIM]) | None
2026-08-13 17:45:31,392 - INFO - EMIT crude_orderflow_signal: PUT BUY ([SIM]) | None
2026-08-13 17:45:32,611 - INFO - EMIT crude_orderflow_signal: NO TRADE | Entry Score 40
2026-08-13 17:45:32,612 - INFO - EMIT crude_orderflow_signal: PUT BUY ([SIM]) | None
2026-08-13 17:45:33,710 - INFO - EMIT crude_orderflow_signal: NO TRADE | Entry Score 40
2026-08-13 17:45:33,710 - INFO - EMIT crude_orderflow_signal: PUT BUY ([SIM]) | None
2026-08-13 17:45:34,796 - INFO - EMIT crude_orderflow_signal: NO TRADE | Entry Score 40
2026-08-13 17:45:34,797 - INFO - EMIT crude_orderflow_signal: PUT BUY ([SIM]) | None
2026-08-13 17:45:35,893 - INFO - EMIT crude_orderflow_signal: NO TRADE | Entry Score 40
2026-08-13 17:45:35,893 - INFO - EMIT crude_orderflow_signal: PUT BUY ([SIM]) | None
2026-08-13 17:45:36,984 - INFO - EMIT crude_orderflow_signal: NO TRADE | Entry Score 40
2026-08-13 17:45:36,985 - INFO - EMIT crude_orderflow_signal: PUT BUY ([SIM]) | None
2026-08-13 17:45:38,073 - INFO - EMIT crude_orderflow_signal: NO TRADE | Entry Score 40
2026-08-13 17:45:38,074 - INFO - EMIT crude_orderflow_signal: PUT BUY ([SIM]) | None
2026-08-13 17:45:39,161 - INFO - EMIT crude_orderflow_signal: NO TRADE | Entry Score 40
2026-08-13 17:45:39,162 - INFO - EMIT crude_orderflow_signal: PUT BUY ([SIM]) | None
2026-08-13 17:45:40,256 - INFO - EMIT crude_orderflow_signal: NO TRADE | Entry Score 40
2026-08-13 17:45:40,257 - INFO - EMIT crude_orderflow_signal: PUT BUY ([SIM]) | None
2026-08-13 17:45:41,348 - INFO - EMIT crude_orderflow_signal: NO TRADE | Entry Score 40
2026-08-13 17:45:41,349 - INFO - EMIT crude_orderflow_signal: PUT BUY ([SIM]) | None
2026-08-13 17:45:42,445 - INFO - EMIT crude_orderflow_signal: NO TRADE | Entry Score 40
2026-08-13 17:45:42,446 - INFO - EMIT crude_orderflow_signal: PUT BUY ([SIM]) | None
2026-08-13 17:45:43,538 - INFO - EMIT crude_orderflow_signal: NO TRADE | Entry Score 40
2026-08-13 17:45:43,539 - INFO - EMIT crude_orderflow_signal: PUT BUY ([SIM]) | None
2026-08-13 17:45:44,633 - INFO - EMIT crude_orderflow_signal: NO TRADE | Entry Score 40
2026-08-13 17:45:44,634 - INFO - EMIT crude_orderflow_signal: PUT BUY ([SIM]) | None
2026-08-13 17:45:45,762 - INFO - EMIT crude_orderflow_signal: NO TRADE | Entry Score 40
2026-08-13 17:45:45,762 - INFO - EMIT crude_orderflow_signal: PUT BUY ([SIM]) | None
2026-08-13 17:45:46,851 - INFO - EMIT crude_orderflow_signal: NO TRADE | Entry Score 40
2026-08-13 17:45:46,851 - INFO - EMIT crude_orderflow_signal: PUT BUY ([SIM]) | None
2026-08-13 17:45:47,941 - INFO - EMIT crude_orderflow_signal: NO TRADE | Entry Score 40
2026-08-13 17:45:47,941 - INFO - EMIT crude_orderflow_signal: PUT BUY ([SIM]) | None
2026-08-13 17:45:49,029 - INFO - EMIT crude_orderflow_signal: NO TRADE | Entry Score 40
2026-08-13 17:45:49,029 - INFO - EMIT crude_orderflow_signal: PUT BUY ([SIM]) | None
2026-08-13 17:45:50,118 - INFO - EMIT crude_orderflow_signal: NO TRADE | Entry Score 40
2026-08-13 17:45:50,119 - INFO - EMIT crude_orderflow_signal: PUT BUY ([SIM]) | None
2026-08-13 17:45:51,216 - INFO - EMIT crude_orderflow_signal: NO TRADE | Entry Score 40
2026-08-13 17:45:51,216 - INFO - EMIT crude_orderflow_signal: PUT BUY ([SIM]) | None
2026-08-13 17:45:52,307 - INFO - EMIT crude_orderflow_signal: NO TRADE | Entry Score 40
2026-08-13 17:45:52,308 - INFO - EMIT crude_orderflow_signal: PUT BUY ([SIM]) | None
2026-08-13 17:45:53,397 - INFO - EMIT crude_orderflow_signal: NO TRADE | Entry Score 40
2026-08-13 17:45:53,397 - INFO - EMIT crude_orderflow_signal: PUT BUY ([SIM]) | None
2026-08-13 17:45:54,492 - INFO - EMIT crude_orderflow_signal: NO TRADE | Entry Score 40
2026-08-13 17:45:54,492 - INFO - EMIT crude_orderflow_signal: PUT BUY ([SIM]) | None
2026-08-13 17:45:55,580 - INFO - EMIT crude_orderflow_signal: NO TRADE | Entry Score 40
2026-08-13 17:45:55,581 - INFO - EMIT crude_orderflow_signal: PUT BUY ([SIM]) | None
2026-08-13 17:45:56,135 - INFO - EMIT crude_orderflow_signal: NO TRADE | Entry Score 40
2026-08-13 17:45:56,672 - INFO - EMIT crude_orderflow_signal: NO TRADE | Entry Score 40
2026-08-13 17:45:56,673 - INFO - EMIT crude_orderflow_signal: PUT BUY ([SIM]) | None
2026-08-13 17:45:57,770 - INFO - EMIT crude_orderflow_signal: NO TRADE | Entry Score 40
2026-08-13 17:45:57,771 - INFO - EMIT crude_orderflow_signal: PUT BUY ([SIM]) | None
2026-08-13 17:45:58,865 - INFO - EMIT crude_orderflow_signal: NO TRADE | Entry Score 40
2026-08-13 17:45:58,866 - INFO - EMIT crude_orderflow_signal: PUT BUY ([SIM]) | None
2026-08-13 17:45:59,949 - INFO - EMIT crude_orderflow_signal: NO TRADE | Entry Score 40
2026-08-13 17:45:59,950 - INFO - EMIT crude_orderflow_signal: PUT BUY ([SIM]) | None
2026-08-13 17:46:01,039 - INFO - EMIT crude_orderflow_signal: NO TRADE | Entry Score 40
2026-08-13 17:46:01,040 - INFO - EMIT crude_orderflow_signal: PUT BUY ([SIM]) | None
2026-08-13 17:46:02,133 - INFO - EMIT crude_orderflow_signal: NO TRADE | Entry Score 40
2026-08-13 17:46:02,133 - INFO - EMIT crude_orderflow_signal: PUT BUY ([SIM]) | None
2026-08-13 17:46:03,230 - INFO - EMIT crude_orderflow_signal: NO TRADE | Entry Score 40
2026-08-13 17:46:03,231 - INFO - EMIT crude_orderflow_signal: PUT BUY ([SIM]) | None
2026-08-13 17:46:04,354 - INFO - EMIT crude_orderflow_signal: NO TRADE | Entry Score 40
2026-08-13 17:46:04,354 - INFO - EMIT crude_orderflow_signal: PUT BUY ([SIM]) | None
2026-08-13 17:46:05,451 - INFO - EMIT crude_orderflow_signal: NO TRADE | Entry Score 40
2026-08-13 17:46:05,451 - INFO - EMIT crude_orderflow_signal: PUT BUY ([SIM]) | None
2026-08-13 17:46:06,628 - INFO - EMIT crude_orderflow_signal: NO TRADE | Entry Score 40
2026-08-13 17:46:06,628 - INFO - EMIT crude_orderflow_signal: PUT BUY ([SIM]) | None
2026-08-13 17:46:07,726 - INFO - EMIT crude_orderflow_signal: NO TRADE | Entry Score 40
2026-08-13 17:46:07,726 - INFO - EMIT crude_orderflow_signal: PUT BUY ([SIM]) | None
2026-08-13 17:46:08,818 - INFO - EMIT crude_orderflow_signal: NO TRADE | Entry Score 40
2026-08-13 17:46:08,818 - INFO - EMIT crude_orderflow_signal: PUT BUY ([SIM]) | None
2026-08-13 17:46:09,922 - INFO - EMIT crude_orderflow_signal: NO TRADE | Entry Score 40
2026-08-13 17:46:09,923 - INFO - EMIT crude_orderflow_signal: PUT BUY ([SIM]) | None
2026-08-13 17:46:11,012 - INFO - EMIT crude_orderflow_signal: NO TRADE | Entry Score 40
2026-08-13 17:46:11,012 - INFO - EMIT crude_orderflow_signal: PUT BUY ([SIM]) | None
2026-08-13 17:46:12,107 - INFO - EMIT crude_orderflow_signal: NO TRADE | Entry Score 40
2026-08-13 17:46:12,107 - INFO - EMIT crude_orderflow_signal: PUT BUY ([SIM]) | None
2026-08-13 17:46:13,193 - INFO - EMIT crude_orderflow_signal: NO TRADE | Entry Score 40
2026-08-13 17:46:13,193 - INFO - EMIT crude_orderflow_signal: PUT BUY ([SIM]) | None
2026-08-13 17:46:14,288 - INFO - EMIT crude_orderflow_signal: NO TRADE | Entry Score 40
2026-08-13 17:46:14,288 - INFO - EMIT crude_orderflow_signal: PUT BUY ([SIM]) | None
2026-08-13 17:46:15,375 - INFO - EMIT crude_orderflow_signal: NO TRADE | Entry Score 40
2026-08-13 17:46:15,376 - INFO - EMIT crude_orderflow_signal: PUT BUY ([SIM]) | None
2026-08-13 17:46:16,492 - INFO - EMIT crude_orderflow_signal: NO TRADE | Entry Score 40
2026-08-13 17:46:16,493 - INFO - EMIT crude_orderflow_signal: PUT BUY ([SIM]) | None
2026-08-13 17:46:17,592 - INFO - EMIT crude_orderflow_signal: NO TRADE | Entry Score 40
2026-08-13 17:46:17,592 - INFO - EMIT crude_orderflow_signal: PUT BUY ([SIM]) | None
2026-08-13 17:46:18,680 - INFO - EMIT crude_orderflow_signal: NO TRADE | Entry Score 40
2026-08-13 17:46:18,681 - INFO - EMIT crude_orderflow_signal: PUT BUY ([SIM]) | None
2026-08-13 17:46:19,767 - INFO - EMIT crude_orderflow_signal: NO TRADE | Entry Score 40
2026-08-13 17:46:19,768 - INFO - EMIT crude_orderflow_signal: PUT BUY ([SIM]) | None
2026-08-13 17:46:20,869 - INFO - EMIT crude_orderflow_signal: NO TRADE | Entry Score 40
2026-08-13 17:46:20,869 - INFO - EMIT crude_orderflow_signal: PUT BUY ([SIM]) | None
2026-08-13 17:46:21,980 - INFO - EMIT crude_orderflow_signal: NO TRADE | Entry Score 40
2026-08-13 17:46:21,980 - INFO - EMIT crude_orderflow_signal: PUT BUY ([SIM]) | None
2026-08-13 17:46:23,075 - INFO - EMIT crude_orderflow_signal: NO TRADE | Entry Score 40
2026-08-13 17:46:23,076 - INFO - EMIT crude_orderflow_signal: PUT BUY ([SIM]) | None
2026-08-13 17:46:24,223 - INFO - EMIT crude_orderflow_signal: NO TRADE | Entry Score 40
2026-08-13 17:46:24,225 - INFO - EMIT crude_orderflow_signal: PUT BUY ([SIM]) | None
2026-08-13 17:46:25,330 - INFO - EMIT crude_orderflow_signal: NO TRADE | Entry Score 40
2026-08-13 17:46:25,331 - INFO - EMIT crude_orderflow_signal: PUT BUY ([SIM]) | None
2026-08-13 17:46:26,431 - INFO - EMIT crude_orderflow_signal: NO TRADE | Entry Score 40
2026-08-13 17:46:26,432 - INFO - EMIT crude_orderflow_signal: PUT BUY ([SIM]) | None
2026-08-13 17:46:27,526 - INFO - EMIT crude_orderflow_signal: NO TRADE | Entry Score 40
2026-08-13 17:46:27,527 - INFO - EMIT crude_orderflow_signal: PUT BUY ([SIM]) | None
2026-08-13 17:46:28,620 - INFO - EMIT crude_orderflow_signal: NO TRADE | Entry Score 40
2026-08-13 17:46:28,622 - INFO - EMIT crude_orderflow_signal: PUT BUY ([SIM]) | None
2026-08-13 17:46:29,709 - INFO - EMIT crude_orderflow_signal: NO TRADE | Entry Score 40
2026-08-13 17:46:29,709 - INFO - EMIT crude_orderflow_signal: PUT BUY ([SIM]) | None
2026-08-13 17:46:30,804 - INFO - EMIT crude_orderflow_signal: NO TRADE | Entry Score 40
2026-08-13 17:46:30,805 - INFO - EMIT crude_orderflow_signal: PUT BUY ([SIM]) | None
2026-08-13 17:46:31,901 - INFO - EMIT crude_orderflow_signal: NO TRADE | Entry Score 40
2026-08-13 17:46:31,902 - INFO - EMIT crude_orderflow_signal: PUT BUY ([SIM]) | None
2026-08-13 17:46:32,995 - INFO - EMIT crude_orderflow_signal: NO TRADE | Entry Score 40
2026-08-13 17:46:32,997 - INFO - EMIT crude_orderflow_signal: PUT BUY ([SIM]) | None
2026-08-13 17:46:34,100 - INFO - EMIT crude_orderflow_signal: NO TRADE | Entry Score 40
2026-08-13 17:46:34,101 - INFO - EMIT crude_orderflow_signal: PUT BUY ([SIM]) | None
2026-08-13 17:46:35,194 - INFO - EMIT crude_orderflow_signal: NO TRADE | Entry Score 40
2026-08-13 17:46:35,197 - INFO - EMIT crude_orderflow_signal: PUT BUY ([SIM]) | None
2026-08-13 17:46:36,336 - INFO - EMIT crude_orderflow_signal: NO TRADE | Entry Score 40
2026-08-13 17:46:36,336 - INFO - EMIT crude_orderflow_signal: PUT BUY ([SIM]) | None
2026-08-13 17:46:37,429 - INFO - EMIT crude_orderflow_signal: NO TRADE | Entry Score 40
2026-08-13 17:46:37,429 - INFO - EMIT crude_orderflow_signal: PUT BUY ([SIM]) | None
2026-08-13 17:46:38,520 - INFO - EMIT crude_orderflow_signal: NO TRADE | Entry Score 40
2026-08-13 17:46:38,521 - INFO - EMIT crude_orderflow_signal: PUT BUY ([SIM]) | None
2026-08-13 17:46:39,627 - INFO - EMIT crude_orderflow_signal: NO TRADE | Entry Score 40
2026-08-13 17:46:39,628 - INFO - EMIT crude_orderflow_signal: PUT BUY ([SIM]) | None
2026-08-13 17:46:40,750 - INFO - EMIT crude_orderflow_signal: NO TRADE | Entry Score 40
2026-08-13 17:46:40,751 - INFO - EMIT crude_orderflow_signal: PUT BUY ([SIM]) | None
2026-08-13 17:46:41,866 - INFO - EMIT crude_orderflow_signal: NO TRADE | Entry Score 40
2026-08-13 17:46:41,867 - INFO - EMIT crude_orderflow_signal: PUT BUY ([SIM]) | None
2026-08-13 17:46:42,992 - INFO - EMIT crude_orderflow_signal: NO TRADE | Entry Score 40
2026-08-13 17:46:42,993 - INFO - EMIT crude_orderflow_signal: PUT BUY ([SIM]) | None
2026-08-13 17:46:44,091 - INFO - EMIT crude_orderflow_signal: NO TRADE | Entry Score 40
2026-08-13 17:46:44,092 - INFO - EMIT crude_orderflow_signal: PUT BUY ([SIM]) | None
2026-08-13 17:46:45,189 - INFO - EMIT crude_orderflow_signal: NO TRADE | Entry Score 40
2026-08-13 17:46:45,190 - INFO - EMIT crude_orderflow_signal: PUT BUY ([SIM]) | None
2026-08-13 17:46:46,280 - INFO - EMIT crude_orderflow_signal: NO TRADE | Entry Score 40
2026-08-13 17:46:46,280 - INFO - EMIT crude_orderflow_signal: PUT BUY ([SIM]) | None
2026-08-13 17:46:47,392 - INFO - EMIT crude_orderflow_signal: NO TRADE | Entry Score 40
2026-08-13 17:46:47,392 - INFO - EMIT crude_orderflow_signal: PUT BUY ([SIM]) | None
2026-08-13 17:46:48,490 - INFO - EMIT crude_orderflow_signal: NO TRADE | Entry Score 40
2026-08-13 17:46:48,490 - INFO - EMIT crude_orderflow_signal: PUT BUY ([SIM]) | None
2026-08-13 17:46:49,587 - INFO - EMIT crude_orderflow_signal: NO TRADE | Entry Score 40
2026-08-13 17:46:49,587 - INFO - EMIT crude_orderflow_signal: PUT BUY ([SIM]) | None
2026-08-13 17:46:50,696 - INFO - EMIT crude_orderflow_signal: NO TRADE | Entry Score 40
2026-08-13 17:46:50,699 - INFO - EMIT crude_orderflow_signal: PUT BUY ([SIM]) | None
2026-08-13 17:46:51,802 - INFO - EMIT crude_orderflow_signal: NO TRADE | Entry Score 40
2026-08-13 17:46:51,803 - INFO - EMIT crude_orderflow_signal: PUT BUY ([SIM]) | None
2026-08-13 17:46:52,899 - INFO - EMIT crude_orderflow_signal: NO TRADE | Entry Score 40
2026-08-13 17:46:52,899 - INFO - EMIT crude_orderflow_signal: PUT BUY ([SIM]) | None
2026-08-13 17:46:53,988 - INFO - EMIT crude_orderflow_signal: NO TRADE | Entry Score 40
2026-08-13 17:46:53,989 - INFO - EMIT crude_orderflow_signal: PUT BUY ([SIM]) | None
2026-08-13 17:46:55,082 - INFO - EMIT crude_orderflow_signal: NO TRADE | Entry Score 40
2026-08-13 17:46:55,082 - INFO - EMIT crude_orderflow_signal: PUT BUY ([SIM]) | None
2026-08-13 17:46:56,183 - INFO - EMIT crude_orderflow_signal: NO TRADE | Entry Score 40
2026-08-13 17:46:56,183 - INFO - EMIT crude_orderflow_signal: PUT BUY ([SIM]) | None
2026-08-13 17:46:56,185 - INFO - EMIT crude_orderflow_signal: NO TRADE | Entry Score 40
2026-08-13 17:46:57,294 - INFO - EMIT crude_orderflow_signal: NO TRADE | Entry Score 40
2026-08-13 17:46:57,295 - INFO - EMIT crude_orderflow_signal: PUT BUY ([SIM]) | None
2026-08-13 17:46:58,382 - INFO - EMIT crude_orderflow_signal: NO TRADE | Entry Score 40
2026-08-13 17:46:58,382 - INFO - EMIT crude_orderflow_signal: PUT BUY ([SIM]) | None
2026-08-13 17:46:59,476 - INFO - EMIT crude_orderflow_signal: NO TRADE | Entry Score 40
2026-08-13 17:46:59,477 - INFO - EMIT crude_orderflow_signal: PUT BUY ([SIM]) | None
2026-08-13 17:47:00,578 - INFO - EMIT crude_orderflow_signal: NO TRADE | Entry Score 40
2026-08-13 17:47:00,580 - INFO - EMIT crude_orderflow_signal: PUT BUY ([SIM]) | None
2026-08-13 17:47:01,676 - INFO - EMIT crude_orderflow_signal: NO TRADE | Entry Score 40
2026-08-13 17:47:01,676 - INFO - EMIT crude_orderflow_signal: PUT BUY ([SIM]) | None
2026-08-13 17:47:02,818 - INFO - EMIT crude_orderflow_signal: NO TRADE | Entry Score 40
2026-08-13 17:47:02,820 - INFO - EMIT crude_orderflow_signal: PUT BUY ([SIM]) | None
2026-08-13 17:47:03,912 - INFO - EMIT crude_orderflow_signal: NO TRADE | Entry Score 40
2026-08-13 17:47:03,913 - INFO - EMIT crude_orderflow_signal: PUT BUY ([SIM]) | None
2026-08-13 17:47:05,006 - INFO - EMIT crude_orderflow_signal: NO TRADE | Entry Score 40
2026-08-13 17:47:05,007 - INFO - EMIT crude_orderflow_signal: PUT BUY ([SIM]) | None
2026-08-13 17:47:06,100 - INFO - EMIT crude_orderflow_signal: NO TRADE | Entry Score 40
2026-08-13 17:47:06,101 - INFO - EMIT crude_orderflow_signal: PUT BUY ([SIM]) | None
2026-08-13 17:47:07,203 - INFO - EMIT crude_orderflow_signal: NO TRADE | Entry Score 40
2026-08-13 17:47:07,203 - INFO - EMIT crude_orderflow_signal: PUT BUY ([SIM]) | None
2026-08-13 17:47:08,295 - INFO - EMIT crude_orderflow_signal: NO TRADE | Entry Score 40
2026-08-13 17:47:08,295 - INFO - EMIT crude_orderflow_signal: PUT BUY ([SIM]) | None
2026-08-13 17:47:09,387 - INFO - EMIT crude_orderflow_signal: NO TRADE | Entry Score 40
2026-08-13 17:47:09,387 - INFO - EMIT crude_orderflow_signal: PUT BUY ([SIM]) | None
2026-08-13 17:47:10,503 - INFO - EMIT crude_orderflow_signal: NO TRADE | Entry Score 40
2026-08-13 17:47:10,503 - INFO - EMIT crude_orderflow_signal: PUT BUY ([SIM]) | None
2026-08-13 17:47:11,598 - INFO - EMIT crude_orderflow_signal: NO TRADE | Entry Score 40
2026-08-13 17:47:11,598 - INFO - EMIT crude_orderflow_signal: PUT BUY ([SIM]) | None
2026-08-13 17:47:12,691 - INFO - EMIT crude_orderflow_signal: NO TRADE | Entry Score 40
2026-08-13 17:47:12,692 - INFO - EMIT crude_orderflow_signal: PUT BUY ([SIM]) | None
2026-08-13 17:47:13,779 - INFO - EMIT crude_orderflow_signal: NO TRADE | Entry Score 40
2026-08-13 17:47:13,780 - INFO - EMIT crude_orderflow_signal: PUT BUY ([SIM]) | None
2026-08-13 17:47:14,866 - INFO - EMIT crude_orderflow_signal: NO TRADE | Entry Score 40
2026-08-13 17:47:14,866 - INFO - EMIT crude_orderflow_signal: PUT BUY ([SIM]) | None
2026-08-13 17:47:15,952 - INFO - EMIT crude_orderflow_signal: NO TRADE | Entry Score 40
2026-08-13 17:47:15,952 - INFO - EMIT crude_orderflow_signal: PUT BUY ([SIM]) | None
2026-08-13 17:47:17,059 - INFO - EMIT crude_orderflow_signal: NO TRADE | Entry Score 40
2026-08-13 17:47:17,059 - INFO - EMIT crude_orderflow_signal: PUT BUY ([SIM]) | None
2026-08-13 17:47:18,150 - INFO - EMIT crude_orderflow_signal: NO TRADE | Entry Score 40
2026-08-13 17:47:18,152 - INFO - EMIT crude_orderflow_signal: PUT BUY ([SIM]) | None
2026-08-13 17:47:19,262 - INFO - EMIT crude_orderflow_signal: NO TRADE | Entry Score 40
2026-08-13 17:47:19,262 - INFO - EMIT crude_orderflow_signal: PUT BUY ([SIM]) | None
2026-08-13 17:47:20,352 - INFO - EMIT crude_orderflow_signal: NO TRADE | Entry Score 40
2026-08-13 17:47:20,355 - INFO - EMIT crude_orderflow_signal: PUT BUY ([SIM]) | None
2026-08-13 17:47:21,450 - INFO - EMIT crude_orderflow_signal: NO TRADE | Entry Score 40
2026-08-13 17:47:21,450 - INFO - EMIT crude_orderflow_signal: PUT BUY ([SIM]) | None
2026-08-13 17:47:22,544 - INFO - EMIT crude_orderflow_signal: NO TRADE | Entry Score 40
2026-08-13 17:47:22,544 - INFO - EMIT crude_orderflow_signal: PUT BUY ([SIM]) | None
2026-08-13 17:47:23,639 - INFO - EMIT crude_orderflow_signal: NO TRADE | Entry Score 40
2026-08-13 17:47:23,639 - INFO - EMIT crude_orderflow_signal: PUT BUY ([SIM]) | None
2026-08-13 17:47:24,762 - INFO - EMIT crude_orderflow_signal: NO TRADE | Entry Score 40
2026-08-13 17:47:24,763 - INFO - EMIT crude_orderflow_signal: PUT BUY ([SIM]) | None
2026-08-13 17:47:25,859 - INFO - EMIT crude_orderflow_signal: NO TRADE | Entry Score 40
2026-08-13 17:47:25,859 - INFO - EMIT crude_orderflow_signal: PUT BUY ([SIM]) | None
2026-08-13 17:47:26,952 - INFO - EMIT crude_orderflow_signal: NO TRADE | Entry Score 40
2026-08-13 17:47:26,952 - INFO - EMIT crude_orderflow_signal: PUT BUY ([SIM]) | None
2026-08-13 17:47:28,042 - INFO - EMIT crude_orderflow_signal: NO TRADE | Entry Score 40
2026-08-13 17:47:28,043 - INFO - EMIT crude_orderflow_signal: PUT BUY ([SIM]) | None
2026-08-13 17:47:29,139 - INFO - EMIT crude_orderflow_signal: NO TRADE | Entry Score 40
2026-08-13 17:47:29,139 - INFO - EMIT crude_orderflow_signal: PUT BUY ([SIM]) | None
2026-08-13 17:47:30,231 - INFO - EMIT crude_orderflow_signal: NO TRADE | Entry Score 40
2026-08-13 17:47:30,232 - INFO - EMIT crude_orderflow_signal: PUT BUY ([SIM]) | None
2026-08-13 17:47:31,328 - INFO - EMIT crude_orderflow_signal: NO TRADE | Entry Score 40
2026-08-13 17:47:31,329 - INFO - EMIT crude_orderflow_signal: PUT BUY ([SIM]) | None
2026-08-13 17:47:32,415 - INFO - EMIT crude_orderflow_signal: NO TRADE | Entry Score 40
2026-08-13 17:47:32,416 - INFO - EMIT crude_orderflow_signal: PUT BUY ([SIM]) | None
2026-08-13 17:47:33,513 - INFO - EMIT crude_orderflow_signal: NO TRADE | Entry Score 40
2026-08-13 17:47:33,514 - INFO - EMIT crude_orderflow_signal: PUT BUY ([SIM]) | None
2026-08-13 17:47:34,612 - INFO - EMIT crude_orderflow_signal: NO TRADE | Entry Score 40
2026-08-13 17:47:34,612 - INFO - EMIT crude_orderflow_signal: PUT BUY ([SIM]) | None
2026-08-13 17:47:35,701 - INFO - EMIT crude_orderflow_signal: NO TRADE | Entry Score 40
2026-08-13 17:47:35,703 - INFO - EMIT crude_orderflow_signal: PUT BUY ([SIM]) | None
2026-08-13 17:47:36,835 - INFO - EMIT crude_orderflow_signal: NO TRADE | Entry Score 40
2026-08-13 17:47:36,836 - INFO - EMIT crude_orderflow_signal: PUT BUY ([SIM]) | None
2026-08-13 17:47:37,926 - INFO - EMIT crude_orderflow_signal: NO TRADE | Entry Score 40
2026-08-13 17:47:37,926 - INFO - EMIT crude_orderflow_signal: PUT BUY ([SIM]) | None
2026-08-13 17:47:39,023 - INFO - EMIT crude_orderflow_signal: NO TRADE | Entry Score 40
2026-08-13 17:47:39,024 - INFO - EMIT crude_orderflow_signal: PUT BUY ([SIM]) | None
2026-08-13 17:47:40,120 - INFO - EMIT crude_orderflow_signal: NO TRADE | Entry Score 40
2026-08-13 17:47:40,121 - INFO - EMIT crude_orderflow_signal: PUT BUY ([SIM]) | None
2026-08-13 17:47:41,209 - INFO - EMIT crude_orderflow_signal: NO TRADE | Entry Score 40
2026-08-13 17:47:41,209 - INFO - EMIT crude_orderflow_signal: PUT BUY ([SIM]) | None
2026-08-13 17:47:42,303 - INFO - EMIT crude_orderflow_signal: NO TRADE | Entry Score 40
2026-08-13 17:47:42,304 - INFO - EMIT crude_orderflow_signal: PUT BUY ([SIM]) | None
2026-08-13 17:47:43,390 - INFO - EMIT crude_orderflow_signal: NO TRADE | Entry Score 40
2026-08-13 17:47:43,391 - INFO - EMIT crude_orderflow_signal: PUT BUY ([SIM]) | None
2026-08-13 17:47:44,483 - INFO - EMIT crude_orderflow_signal: NO TRADE | Entry Score 40
2026-08-13 17:47:44,488 - INFO - EMIT crude_orderflow_signal: PUT BUY ([SIM]) | None
2026-08-13 17:47:45,579 - INFO - EMIT crude_orderflow_signal: NO TRADE | Entry Score 40
2026-08-13 17:47:45,581 - INFO - EMIT crude_orderflow_signal: PUT BUY ([SIM]) | None
2026-08-13 17:47:46,670 - INFO - EMIT crude_orderflow_signal: NO TRADE | Entry Score 40
2026-08-13 17:47:46,670 - INFO - EMIT crude_orderflow_signal: PUT BUY ([SIM]) | None
2026-08-13 17:47:47,757 - INFO - EMIT crude_orderflow_signal: NO TRADE | Entry Score 40
2026-08-13 17:47:47,759 - INFO - EMIT crude_orderflow_signal: PUT BUY ([SIM]) | None
2026-08-13 17:47:48,863 - INFO - EMIT crude_orderflow_signal: NO TRADE | Entry Score 40
2026-08-13 17:47:48,863 - INFO - EMIT crude_orderflow_signal: PUT BUY ([SIM]) | None
2026-08-13 17:47:49,959 - INFO - EMIT crude_orderflow_signal: NO TRADE | Entry Score 40
2026-08-13 17:47:49,961 - INFO - EMIT crude_orderflow_signal: PUT BUY ([SIM]) | None
2026-08-13 17:47:51,050 - INFO - EMIT crude_orderflow_signal: NO TRADE | Entry Score 40
2026-08-13 17:47:51,050 - INFO - EMIT crude_orderflow_signal: PUT BUY ([SIM]) | None
2026-08-13 17:47:52,141 - INFO - EMIT crude_orderflow_signal: NO TRADE | Entry Score 40
2026-08-13 17:47:52,142 - INFO - EMIT crude_orderflow_signal: PUT BUY ([SIM]) | None
2026-08-13 17:47:53,230 - INFO - EMIT crude_orderflow_signal: NO TRADE | Entry Score 40
2026-08-13 17:47:53,230 - INFO - EMIT crude_orderflow_signal: PUT BUY ([SIM]) | None
2026-08-13 17:47:54,329 - INFO - EMIT crude_orderflow_signal: NO TRADE | Entry Score 40
2026-08-13 17:47:54,330 - INFO - EMIT crude_orderflow_signal: PUT BUY ([SIM]) | None
2026-08-13 17:47:55,425 - INFO - EMIT crude_orderflow_signal: NO TRADE | Entry Score 40
2026-08-13 17:47:55,426 - INFO - EMIT crude_orderflow_signal: PUT BUY ([SIM]) | None
2026-08-13 17:47:56,137 - INFO - EMIT crude_orderflow_signal: NO TRADE | Entry Score 40
2026-08-13 17:47:56,523 - INFO - EMIT crude_orderflow_signal: NO TRADE | Entry Score 40
2026-08-13 17:47:56,523 - INFO - EMIT crude_orderflow_signal: PUT BUY ([SIM]) | None
2026-08-13 17:47:57,627 - INFO - EMIT crude_orderflow_signal: NO TRADE | Entry Score 40
2026-08-13 17:47:57,628 - INFO - EMIT crude_orderflow_signal: PUT BUY ([SIM]) | None
2026-08-13 17:47:58,725 - INFO - EMIT crude_orderflow_signal: NO TRADE | Entry Score 40
2026-08-13 17:47:58,725 - INFO - EMIT crude_orderflow_signal: PUT BUY ([SIM]) | None
2026-08-13 17:47:59,822 - INFO - EMIT crude_orderflow_signal: NO TRADE | Entry Score 40
2026-08-13 17:47:59,822 - INFO - EMIT crude_orderflow_signal: PUT BUY ([SIM]) | None
2026-08-13 17:48:00,926 - INFO - EMIT crude_orderflow_signal: NO TRADE | Entry Score 40
2026-08-13 17:48:00,926 - INFO - EMIT crude_orderflow_signal: PUT BUY ([SIM]) | None
2026-08-13 17:48:02,019 - INFO - EMIT crude_orderflow_signal: NO TRADE | Entry Score 40
2026-08-13 17:48:02,019 - INFO - EMIT crude_orderflow_signal: PUT BUY ([SIM]) | None
2026-08-13 17:48:03,106 - INFO - EMIT crude_orderflow_signal: NO TRADE | Entry Score 40
2026-08-13 17:48:03,106 - INFO - EMIT crude_orderflow_signal: PUT BUY ([SIM]) | None
2026-08-13 17:48:04,199 - INFO - EMIT crude_orderflow_signal: NO TRADE | Entry Score 40
2026-08-13 17:48:04,200 - INFO - EMIT crude_orderflow_signal: PUT BUY ([SIM]) | None
2026-08-13 17:48:05,298 - INFO - EMIT crude_orderflow_signal: NO TRADE | Entry Score 40
2026-08-13 17:48:05,299 - INFO - EMIT crude_orderflow_signal: PUT BUY ([SIM]) | None
2026-08-13 17:48:06,391 - INFO - EMIT crude_orderflow_signal: NO TRADE | Entry Score 40
2026-08-13 17:48:06,392 - INFO - EMIT crude_orderflow_signal: PUT BUY ([SIM]) | None
2026-08-13 17:48:07,501 - INFO - EMIT crude_orderflow_signal: NO TRADE | Entry Score 40
2026-08-13 17:48:07,502 - INFO - EMIT crude_orderflow_signal: PUT BUY ([SIM]) | None
2026-08-13 17:48:08,616 - INFO - EMIT crude_orderflow_signal: NO TRADE | Entry Score 40
2026-08-13 17:48:08,617 - INFO - EMIT crude_orderflow_signal: PUT BUY ([SIM]) | None
2026-08-13 17:48:09,721 - INFO - EMIT crude_orderflow_signal: NO TRADE | Entry Score 40
2026-08-13 17:48:09,722 - INFO - EMIT crude_orderflow_signal: PUT BUY ([SIM]) | None
2026-08-13 17:48:10,815 - INFO - EMIT crude_orderflow_signal: NO TRADE | Entry Score 40
2026-08-13 17:48:10,817 - INFO - EMIT crude_orderflow_signal: PUT BUY ([SIM]) | None
2026-08-13 17:48:11,910 - INFO - EMIT crude_orderflow_signal: NO TRADE | Entry Score 40
2026-08-13 17:48:11,911 - INFO - EMIT crude_orderflow_signal: PUT BUY ([SIM]) | None
2026-08-13 17:48:13,043 - INFO - EMIT crude_orderflow_signal: NO TRADE | Entry Score 40
2026-08-13 17:48:13,043 - INFO - EMIT crude_orderflow_signal: PUT BUY ([SIM]) | None
2026-08-13 17:48:14,401 - INFO - EMIT crude_orderflow_signal: NO TRADE | Entry Score 40
2026-08-13 17:48:14,404 - INFO - EMIT crude_orderflow_signal: PUT BUY ([SIM]) | None
2026-08-13 17:48:15,491 - INFO - EMIT crude_orderflow_signal: NO TRADE | Entry Score 40
2026-08-13 17:48:15,491 - INFO - EMIT crude_orderflow_signal: PUT BUY ([SIM]) | None
2026-08-13 17:48:16,580 - INFO - EMIT crude_orderflow_signal: NO TRADE | Entry Score 40
2026-08-13 17:48:16,581 - INFO - EMIT crude_orderflow_signal: PUT BUY ([SIM]) | None
2026-08-13 17:48:17,675 - INFO - EMIT crude_orderflow_signal: NO TRADE | Entry Score 40
2026-08-13 17:48:17,676 - INFO - EMIT crude_orderflow_signal: PUT BUY ([SIM]) | None
2026-08-13 17:48:18,783 - INFO - EMIT crude_orderflow_signal: NO TRADE | Entry Score 40
2026-08-13 17:48:18,784 - INFO - EMIT crude_orderflow_signal: PUT BUY ([SIM]) | None
2026-08-13 17:48:19,886 - INFO - EMIT crude_orderflow_signal: NO TRADE | Entry Score 40
2026-08-13 17:48:19,887 - INFO - EMIT crude_orderflow_signal: PUT BUY ([SIM]) | None
2026-08-13 17:48:20,982 - INFO - EMIT crude_orderflow_signal: NO TRADE | Entry Score 40
2026-08-13 17:48:20,983 - INFO - EMIT crude_orderflow_signal: PUT BUY ([SIM]) | None
2026-08-13 17:48:22,084 - INFO - EMIT crude_orderflow_signal: NO TRADE | Entry Score 40
2026-08-13 17:48:22,085 - INFO - EMIT crude_orderflow_signal: PUT BUY ([SIM]) | None
2026-08-13 17:48:23,185 - INFO - EMIT crude_orderflow_signal: NO TRADE | Entry Score 40
2026-08-13 17:48:23,186 - INFO - EMIT crude_orderflow_signal: PUT BUY ([SIM]) | None
2026-08-13 17:48:24,286 - INFO - EMIT crude_orderflow_signal: NO TRADE | Entry Score 40
2026-08-13 17:48:24,287 - INFO - EMIT crude_orderflow_signal: PUT BUY ([SIM]) | None
2026-08-13 17:48:25,378 - INFO - EMIT crude_orderflow_signal: NO TRADE | Entry Score 40
2026-08-13 17:48:25,379 - INFO - EMIT crude_orderflow_signal: PUT BUY ([SIM]) | None
2026-08-13 17:48:26,699 - INFO - EMIT crude_orderflow_signal: NO TRADE | Entry Score 40
2026-08-13 17:48:26,701 - INFO - EMIT crude_orderflow_signal: PUT BUY ([SIM]) | None
2026-08-13 17:48:27,793 - INFO - EMIT crude_orderflow_signal: NO TRADE | Entry Score 40
2026-08-13 17:48:27,794 - INFO - EMIT crude_orderflow_signal: PUT BUY ([SIM]) | None
2026-08-13 17:48:28,883 - INFO - EMIT crude_orderflow_signal: NO TRADE | Entry Score 40
2026-08-13 17:48:28,883 - INFO - EMIT crude_orderflow_signal: PUT BUY ([SIM]) | None
2026-08-13 17:48:29,971 - INFO - EMIT crude_orderflow_signal: NO TRADE | Entry Score 40
2026-08-13 17:48:29,972 - INFO - EMIT crude_orderflow_signal: PUT BUY ([SIM]) | None
2026-08-13 17:48:31,064 - INFO - EMIT crude_orderflow_signal: NO TRADE | Entry Score 40
2026-08-13 17:48:31,065 - INFO - EMIT crude_orderflow_signal: PUT BUY ([SIM]) | None
2026-08-13 17:48:32,164 - INFO - EMIT crude_orderflow_signal: NO TRADE | Entry Score 40
2026-08-13 17:48:32,165 - INFO - EMIT crude_orderflow_signal: PUT BUY ([SIM]) | None
2026-08-13 17:48:33,312 - INFO - EMIT crude_orderflow_signal: NO TRADE | Entry Score 40
2026-08-13 17:48:33,313 - INFO - EMIT crude_orderflow_signal: PUT BUY ([SIM]) | None
2026-08-13 17:48:34,426 - INFO - EMIT crude_orderflow_signal: NO TRADE | Entry Score 40
2026-08-13 17:48:34,426 - INFO - EMIT crude_orderflow_signal: PUT BUY ([SIM]) | None
2026-08-13 17:48:35,525 - INFO - EMIT crude_orderflow_signal: NO TRADE | Entry Score 40
2026-08-13 17:48:35,525 - INFO - EMIT crude_orderflow_signal: PUT BUY ([SIM]) | None
2026-08-13 17:48:36,611 - INFO - EMIT crude_orderflow_signal: NO TRADE | Entry Score 40
2026-08-13 17:48:36,611 - INFO - EMIT crude_orderflow_signal: PUT BUY ([SIM]) | None
2026-08-13 17:48:37,704 - INFO - EMIT crude_orderflow_signal: NO TRADE | Entry Score 40
2026-08-13 17:48:37,704 - INFO - EMIT crude_orderflow_signal: PUT BUY ([SIM]) | None
2026-08-13 17:48:38,801 - INFO - EMIT crude_orderflow_signal: NO TRADE | Entry Score 40
2026-08-13 17:48:38,801 - INFO - EMIT crude_orderflow_signal: PUT BUY ([SIM]) | None
2026-08-13 17:48:39,889 - INFO - EMIT crude_orderflow_signal: NO TRADE | Entry Score 40
2026-08-13 17:48:39,889 - INFO - EMIT crude_orderflow_signal: PUT BUY ([SIM]) | None
2026-08-13 17:48:40,982 - INFO - EMIT crude_orderflow_signal: NO TRADE | Entry Score 40
2026-08-13 17:48:40,982 - INFO - EMIT crude_orderflow_signal: PUT BUY ([SIM]) | None
2026-08-13 17:48:42,079 - INFO - EMIT crude_orderflow_signal: NO TRADE | Entry Score 40
2026-08-13 17:48:42,079 - INFO - EMIT crude_orderflow_signal: PUT BUY ([SIM]) | None
2026-08-13 17:48:43,176 - INFO - EMIT crude_orderflow_signal: NO TRADE | Entry Score 40
2026-08-13 17:48:43,178 - INFO - EMIT crude_orderflow_signal: PUT BUY ([SIM]) | None
2026-08-13 17:48:44,270 - INFO - EMIT crude_orderflow_signal: NO TRADE | Entry Score 40
2026-08-13 17:48:44,270 - INFO - EMIT crude_orderflow_signal: PUT BUY ([SIM]) | None
2026-08-13 17:48:45,364 - INFO - EMIT crude_orderflow_signal: NO TRADE | Entry Score 40
2026-08-13 17:48:45,365 - INFO - EMIT crude_orderflow_signal: PUT BUY ([SIM]) | None
2026-08-13 17:48:46,454 - INFO - EMIT crude_orderflow_signal: NO TRADE | Entry Score 40
2026-08-13 17:48:46,455 - INFO - EMIT crude_orderflow_signal: PUT BUY ([SIM]) | None
2026-08-13 17:48:47,550 - INFO - EMIT crude_orderflow_signal: NO TRADE | Entry Score 40
2026-08-13 17:48:47,551 - INFO - EMIT crude_orderflow_signal: PUT BUY ([SIM]) | None
2026-08-13 17:48:48,647 - INFO - EMIT crude_orderflow_signal: NO TRADE | Entry Score 40
2026-08-13 17:48:48,648 - INFO - EMIT crude_orderflow_signal: PUT BUY ([SIM]) | None
2026-08-13 17:48:49,740 - INFO - EMIT crude_orderflow_signal: NO TRADE | Entry Score 40
2026-08-13 17:48:49,741 - INFO - EMIT crude_orderflow_signal: PUT BUY ([SIM]) | None
2026-08-13 17:48:50,831 - INFO - EMIT crude_orderflow_signal: NO TRADE | Entry Score 40
2026-08-13 17:48:50,832 - INFO - EMIT crude_orderflow_signal: PUT BUY ([SIM]) | None
2026-08-13 17:48:51,931 - INFO - EMIT crude_orderflow_signal: NO TRADE | Entry Score 40
2026-08-13 17:48:51,933 - INFO - EMIT crude_orderflow_signal: PUT BUY ([SIM]) | None
2026-08-13 17:48:53,021 - INFO - EMIT crude_orderflow_signal: NO TRADE | Entry Score 40
2026-08-13 17:48:53,023 - INFO - EMIT crude_orderflow_signal: PUT BUY ([SIM]) | None
2026-08-13 17:48:54,110 - INFO - EMIT crude_orderflow_signal: NO TRADE | Entry Score 40
2026-08-13 17:48:54,110 - INFO - EMIT crude_orderflow_signal: PUT BUY ([SIM]) | None
2026-08-13 17:48:55,203 - INFO - EMIT crude_orderflow_signal: NO TRADE | Entry Score 40
2026-08-13 17:48:55,203 - INFO - EMIT crude_orderflow_signal: PUT BUY ([SIM]) | None
2026-08-13 17:48:56,136 - INFO - EMIT crude_orderflow_signal: NO TRADE | Entry Score 40
2026-08-13 17:48:56,297 - INFO - EMIT crude_orderflow_signal: NO TRADE | Entry Score 40
2026-08-13 17:48:56,298 - INFO - EMIT crude_orderflow_signal: PUT BUY ([SIM]) | None
2026-08-13 17:48:57,386 - INFO - EMIT crude_orderflow_signal: NO TRADE | Entry Score 40
2026-08-13 17:48:57,387 - INFO - EMIT crude_orderflow_signal: PUT BUY ([SIM]) | None
2026-08-13 17:48:58,476 - INFO - EMIT crude_orderflow_signal: NO TRADE | Entry Score 40
2026-08-13 17:48:58,477 - INFO - EMIT crude_orderflow_signal: PUT BUY ([SIM]) | None
2026-08-13 17:48:59,585 - INFO - EMIT crude_orderflow_signal: NO TRADE | Entry Score 40
2026-08-13 17:48:59,585 - INFO - EMIT crude_orderflow_signal: PUT BUY ([SIM]) | None
2026-08-13 17:49:00,681 - INFO - EMIT crude_orderflow_signal: NO TRADE | Entry Score 40
2026-08-13 17:49:00,682 - INFO - EMIT crude_orderflow_signal: PUT BUY ([SIM]) | None
2026-08-13 17:49:01,769 - INFO - EMIT crude_orderflow_signal: NO TRADE | Entry Score 40
2026-08-13 17:49:01,769 - INFO - EMIT crude_orderflow_signal: PUT BUY ([SIM]) | None
2026-08-13 17:49:02,894 - INFO - EMIT crude_orderflow_signal: NO TRADE | Entry Score 40
2026-08-13 17:49:02,895 - INFO - EMIT crude_orderflow_signal: PUT BUY ([SIM]) | None
2026-08-13 17:49:03,984 - INFO - EMIT crude_orderflow_signal: NO TRADE | Entry Score 40
2026-08-13 17:49:03,985 - INFO - EMIT crude_orderflow_signal: PUT BUY ([SIM]) | None
2026-08-13 17:49:05,079 - INFO - EMIT crude_orderflow_signal: NO TRADE | Entry Score 40
2026-08-13 17:49:05,080 - INFO - EMIT crude_orderflow_signal: PUT BUY ([SIM]) | None
2026-08-13 17:49:06,173 - INFO - EMIT crude_orderflow_signal: NO TRADE | Entry Score 40
2026-08-13 17:49:06,174 - INFO - EMIT crude_orderflow_signal: PUT BUY ([SIM]) | None
2026-08-13 17:49:07,272 - INFO - EMIT crude_orderflow_signal: NO TRADE | Entry Score 40
2026-08-13 17:49:07,273 - INFO - EMIT crude_orderflow_signal: PUT BUY ([SIM]) | None
2026-08-13 17:49:08,378 - INFO - EMIT crude_orderflow_signal: NO TRADE | Entry Score 40
2026-08-13 17:49:08,379 - INFO - EMIT crude_orderflow_signal: PUT BUY ([SIM]) | None
2026-08-13 17:49:09,471 - INFO - EMIT crude_orderflow_signal: NO TRADE | Entry Score 40
2026-08-13 17:49:09,472 - INFO - EMIT crude_orderflow_signal: PUT BUY ([SIM]) | None
2026-08-13 17:49:10,565 - INFO - EMIT crude_orderflow_signal: NO TRADE | Entry Score 40
2026-08-13 17:49:10,566 - INFO - EMIT crude_orderflow_signal: PUT BUY ([SIM]) | None
2026-08-13 17:49:11,668 - INFO - EMIT crude_orderflow_signal: NO TRADE | Entry Score 40
2026-08-13 17:49:11,668 - INFO - EMIT crude_orderflow_signal: PUT BUY ([SIM]) | None
2026-08-13 17:49:12,757 - INFO - EMIT crude_orderflow_signal: NO TRADE | Entry Score 40
2026-08-13 17:49:12,757 - INFO - EMIT crude_orderflow_signal: PUT BUY ([SIM]) | None
2026-08-13 17:49:13,854 - INFO - EMIT crude_orderflow_signal: NO TRADE | Entry Score 40
2026-08-13 17:49:13,855 - INFO - EMIT crude_orderflow_signal: PUT BUY ([SIM]) | None
2026-08-13 17:49:14,948 - INFO - EMIT crude_orderflow_signal: NO TRADE | Entry Score 40
2026-08-13 17:49:14,949 - INFO - EMIT crude_orderflow_signal: PUT BUY ([SIM]) | None
2026-08-13 17:49:16,052 - INFO - EMIT crude_orderflow_signal: NO TRADE | Entry Score 40
2026-08-13 17:49:16,052 - INFO - EMIT crude_orderflow_signal: PUT BUY ([SIM]) | None
2026-08-13 17:49:17,149 - INFO - EMIT crude_orderflow_signal: NO TRADE | Entry Score 40
2026-08-13 17:49:17,149 - INFO - EMIT crude_orderflow_signal: PUT BUY ([SIM]) | None
2026-08-13 17:49:18,239 - INFO - EMIT crude_orderflow_signal: NO TRADE | Entry Score 40
2026-08-13 17:49:18,240 - INFO - EMIT crude_orderflow_signal: PUT BUY ([SIM]) | None
2026-08-13 17:49:19,338 - INFO - EMIT crude_orderflow_signal: NO TRADE | Entry Score 40
2026-08-13 17:49:19,339 - INFO - EMIT crude_orderflow_signal: PUT BUY ([SIM]) | None
2026-08-13 17:49:20,436 - INFO - EMIT crude_orderflow_signal: NO TRADE | Entry Score 40
2026-08-13 17:49:20,436 - INFO - EMIT crude_orderflow_signal: PUT BUY ([SIM]) | None
2026-08-13 17:49:21,528 - INFO - EMIT crude_orderflow_signal: NO TRADE | Entry Score 40
2026-08-13 17:49:21,529 - INFO - EMIT crude_orderflow_signal: PUT BUY ([SIM]) | None
2026-08-13 17:49:22,633 - INFO - EMIT crude_orderflow_signal: NO TRADE | Entry Score 40
2026-08-13 17:49:22,633 - INFO - EMIT crude_orderflow_signal: PUT BUY ([SIM]) | None
2026-08-13 17:49:23,726 - INFO - EMIT crude_orderflow_signal: NO TRADE | Entry Score 40
2026-08-13 17:49:23,726 - INFO - EMIT crude_orderflow_signal: PUT BUY ([SIM]) | None
2026-08-13 17:49:24,811 - INFO - EMIT crude_orderflow_signal: NO TRADE | Entry Score 40
2026-08-13 17:49:24,812 - INFO - EMIT crude_orderflow_signal: PUT BUY ([SIM]) | None
2026-08-13 17:49:25,898 - INFO - EMIT crude_orderflow_signal: NO TRADE | Entry Score 40
2026-08-13 17:49:25,898 - INFO - EMIT crude_orderflow_signal: PUT BUY ([SIM]) | None
2026-08-13 17:49:26,994 - INFO - EMIT crude_orderflow_signal: NO TRADE | Entry Score 40
2026-08-13 17:49:26,995 - INFO - EMIT crude_orderflow_signal: PUT BUY ([SIM]) | None
2026-08-13 17:49:28,081 - INFO - EMIT crude_orderflow_signal: NO TRADE | Entry Score 40
2026-08-13 17:49:28,081 - INFO - EMIT crude_orderflow_signal: PUT BUY ([SIM]) | None
2026-08-13 17:49:29,174 - INFO - EMIT crude_orderflow_signal: NO TRADE | Entry Score 40
2026-08-13 17:49:29,175 - INFO - EMIT crude_orderflow_signal: PUT BUY ([SIM]) | None
2026-08-13 17:49:30,261 - INFO - EMIT crude_orderflow_signal: NO TRADE | Entry Score 40
2026-08-13 17:49:30,262 - INFO - EMIT crude_orderflow_signal: PUT BUY ([SIM]) | None
2026-08-13 17:49:31,353 - INFO - EMIT crude_orderflow_signal: NO TRADE | Entry Score 40
2026-08-13 17:49:31,354 - INFO - EMIT crude_orderflow_signal: PUT BUY ([SIM]) | None
2026-08-13 17:49:32,454 - INFO - EMIT crude_orderflow_signal: NO TRADE | Entry Score 40
2026-08-13 17:49:32,455 - INFO - EMIT crude_orderflow_signal: PUT BUY ([SIM]) | None
2026-08-13 17:49:33,555 - INFO - EMIT crude_orderflow_signal: NO TRADE | Entry Score 40
2026-08-13 17:49:33,555 - INFO - EMIT crude_orderflow_signal: PUT BUY ([SIM]) | None
2026-08-13 17:49:34,647 - INFO - EMIT crude_orderflow_signal: NO TRADE | Entry Score 40
2026-08-13 17:49:34,648 - INFO - EMIT crude_orderflow_signal: PUT BUY ([SIM]) | None
2026-08-13 17:49:35,738 - INFO - EMIT crude_orderflow_signal: NO TRADE | Entry Score 40
2026-08-13 17:49:35,739 - INFO - EMIT crude_orderflow_signal: PUT BUY ([SIM]) | None
2026-08-13 17:49:36,831 - INFO - EMIT crude_orderflow_signal: NO TRADE | Entry Score 40
2026-08-13 17:49:36,831 - INFO - EMIT crude_orderflow_signal: PUT BUY ([SIM]) | None
2026-08-13 17:49:37,919 - INFO - EMIT crude_orderflow_signal: NO TRADE | Entry Score 40
2026-08-13 17:49:37,920 - INFO - EMIT crude_orderflow_signal: PUT BUY ([SIM]) | None
2026-08-13 17:49:39,019 - INFO - EMIT crude_orderflow_signal: NO TRADE | Entry Score 40
2026-08-13 17:49:39,020 - INFO - EMIT crude_orderflow_signal: PUT BUY ([SIM]) | None
2026-08-13 17:49:40,111 - INFO - EMIT crude_orderflow_signal: NO TRADE | Entry Score 40
2026-08-13 17:49:40,112 - INFO - EMIT crude_orderflow_signal: PUT BUY ([SIM]) | None
2026-08-13 17:49:41,198 - INFO - EMIT crude_orderflow_signal: NO TRADE | Entry Score 40
2026-08-13 17:49:41,198 - INFO - EMIT crude_orderflow_signal: PUT BUY ([SIM]) | None
2026-08-13 17:49:42,291 - INFO - EMIT crude_orderflow_signal: NO TRADE | Entry Score 40
2026-08-13 17:49:42,291 - INFO - EMIT crude_orderflow_signal: PUT BUY ([SIM]) | None
2026-08-13 17:49:43,381 - INFO - EMIT crude_orderflow_signal: NO TRADE | Entry Score 40
2026-08-13 17:49:43,382 - INFO - EMIT crude_orderflow_signal: PUT BUY ([SIM]) | None
2026-08-13 17:49:44,472 - INFO - EMIT crude_orderflow_signal: NO TRADE | Entry Score 40
2026-08-13 17:49:44,473 - INFO - EMIT crude_orderflow_signal: PUT BUY ([SIM]) | None
2026-08-13 17:49:45,570 - INFO - EMIT crude_orderflow_signal: NO TRADE | Entry Score 40
2026-08-13 17:49:45,571 - INFO - EMIT crude_orderflow_signal: PUT BUY ([SIM]) | None
2026-08-13 17:49:46,657 - INFO - EMIT crude_orderflow_signal: NO TRADE | Entry Score 40
2026-08-13 17:49:46,657 - INFO - EMIT crude_orderflow_signal: PUT BUY ([SIM]) | None
2026-08-13 17:49:47,764 - INFO - EMIT crude_orderflow_signal: NO TRADE | Entry Score 40
2026-08-13 17:49:47,765 - INFO - EMIT crude_orderflow_signal: PUT BUY ([SIM]) | None
2026-08-13 17:49:48,863 - INFO - EMIT crude_orderflow_signal: NO TRADE | Entry Score 40
2026-08-13 17:49:48,863 - INFO - EMIT crude_orderflow_signal: PUT BUY ([SIM]) | None
2026-08-13 17:49:49,985 - INFO - EMIT crude_orderflow_signal: NO TRADE | Entry Score 40
2026-08-13 17:49:49,987 - INFO - EMIT crude_orderflow_signal: PUT BUY ([SIM]) | None
2026-08-13 17:49:51,093 - INFO - EMIT crude_orderflow_signal: NO TRADE | Entry Score 40
2026-08-13 17:49:51,094 - INFO - EMIT crude_orderflow_signal: PUT BUY ([SIM]) | None
2026-08-13 17:49:52,187 - INFO - EMIT crude_orderflow_signal: NO TRADE | Entry Score 40
2026-08-13 17:49:52,188 - INFO - EMIT crude_orderflow_signal: PUT BUY ([SIM]) | None
2026-08-13 17:49:53,279 - INFO - EMIT crude_orderflow_signal: NO TRADE | Entry Score 40
2026-08-13 17:49:53,279 - INFO - EMIT crude_orderflow_signal: PUT BUY ([SIM]) | None
2026-08-13 17:49:54,373 - INFO - EMIT crude_orderflow_signal: NO TRADE | Entry Score 40
2026-08-13 17:49:54,374 - INFO - EMIT crude_orderflow_signal: PUT BUY ([SIM]) | None
2026-08-13 17:49:55,462 - INFO - EMIT crude_orderflow_signal: NO TRADE | Entry Score 40
2026-08-13 17:49:55,463 - INFO - EMIT crude_orderflow_signal: PUT BUY ([SIM]) | None
2026-08-13 17:49:56,135 - INFO - EMIT crude_orderflow_signal: NO TRADE | Entry Score 40
2026-08-13 17:49:56,553 - INFO - EMIT crude_orderflow_signal: NO TRADE | Entry Score 40
2026-08-13 17:49:56,554 - INFO - EMIT crude_orderflow_signal: PUT BUY ([SIM]) | None
2026-08-13 17:49:57,644 - INFO - EMIT crude_orderflow_signal: NO TRADE | Entry Score 40
2026-08-13 17:49:57,644 - INFO - EMIT crude_orderflow_signal: PUT BUY ([SIM]) | None
2026-08-13 17:49:58,735 - INFO - EMIT crude_orderflow_signal: NO TRADE | Entry Score 40
2026-08-13 17:49:58,736 - INFO - EMIT crude_orderflow_signal: PUT BUY ([SIM]) | None
2026-08-13 17:49:59,834 - INFO - EMIT crude_orderflow_signal: NO TRADE | Entry Score 40
2026-08-13 17:49:59,835 - INFO - EMIT crude_orderflow_signal: PUT BUY ([SIM]) | None
2026-08-13 17:50:00,933 - INFO - EMIT crude_orderflow_signal: NO TRADE | Entry Score 40
2026-08-13 17:50:00,933 - INFO - EMIT crude_orderflow_signal: PUT BUY ([SIM]) | None
2026-08-13 17:50:02,030 - INFO - EMIT crude_orderflow_signal: NO TRADE | Entry Score 40
2026-08-13 17:50:02,030 - INFO - EMIT crude_orderflow_signal: PUT BUY ([SIM]) | None
2026-08-13 17:50:03,126 - INFO - EMIT crude_orderflow_signal: NO TRADE | Entry Score 40
2026-08-13 17:50:03,127 - INFO - EMIT crude_orderflow_signal: PUT BUY ([SIM]) | None
2026-08-13 17:50:04,321 - INFO - EMIT crude_orderflow_signal: PUT BUY ([SIM]) | None
2026-08-13 17:50:05,418 - INFO - EMIT crude_orderflow_signal: PUT BUY ([SIM]) | None
2026-08-13 17:50:06,507 - INFO - EMIT crude_orderflow_signal: PUT BUY ([SIM]) | None
2026-08-13 17:50:07,604 - INFO - EMIT crude_orderflow_signal: PUT BUY ([SIM]) | None
2026-08-13 17:50:08,689 - INFO - EMIT crude_orderflow_signal: PUT BUY ([SIM]) | None
2026-08-13 17:50:09,781 - INFO - EMIT crude_orderflow_signal: PUT BUY ([SIM]) | None
2026-08-13 17:50:10,871 - INFO - EMIT crude_orderflow_signal: PUT BUY ([SIM]) | None
2026-08-13 17:50:11,966 - INFO - EMIT crude_orderflow_signal: PUT BUY ([SIM]) | None
2026-08-13 17:50:13,066 - INFO - EMIT crude_orderflow_signal: PUT BUY ([SIM]) | None
2026-08-13 17:50:14,155 - INFO - EMIT crude_orderflow_signal: PUT BUY ([SIM]) | None
2026-08-13 17:50:15,251 - INFO - EMIT crude_orderflow_signal: PUT BUY ([SIM]) | None
2026-08-13 17:50:16,348 - INFO - EMIT crude_orderflow_signal: PUT BUY ([SIM]) | None
2026-08-13 17:50:17,643 - INFO - EMIT crude_orderflow_signal: PUT BUY ([SIM]) | None
2026-08-13 17:50:18,746 - INFO - EMIT crude_orderflow_signal: PUT BUY ([SIM]) | None
2026-08-13 17:50:19,846 - INFO - EMIT crude_orderflow_signal: PUT BUY ([SIM]) | None
2026-08-13 17:50:20,941 - INFO - EMIT crude_orderflow_signal: PUT BUY ([SIM]) | None
2026-08-13 17:50:22,041 - INFO - EMIT crude_orderflow_signal: PUT BUY ([SIM]) | None
2026-08-13 17:50:23,145 - INFO - EMIT crude_orderflow_signal: PUT BUY ([SIM]) | None
2026-08-13 17:50:24,295 - INFO - EMIT crude_orderflow_signal: PUT BUY ([SIM]) | None
2026-08-13 17:50:25,389 - INFO - EMIT crude_orderflow_signal: PUT BUY ([SIM]) | None
2026-08-13 17:50:26,485 - INFO - EMIT crude_orderflow_signal: PUT BUY ([SIM]) | None
2026-08-13 17:50:27,581 - INFO - EMIT crude_orderflow_signal: PUT BUY ([SIM]) | None
2026-08-13 17:50:28,670 - INFO - EMIT crude_orderflow_signal: PUT BUY ([SIM]) | None
2026-08-13 17:50:29,775 - INFO - EMIT crude_orderflow_signal: PUT BUY ([SIM]) | None
2026-08-13 17:50:31,097 - INFO - EMIT crude_orderflow_signal: PUT BUY ([SIM]) | None
2026-08-13 17:50:32,183 - INFO - EMIT crude_orderflow_signal: PUT BUY ([SIM]) | None
2026-08-13 17:50:33,283 - INFO - EMIT crude_orderflow_signal: PUT BUY ([SIM]) | None
2026-08-13 17:50:34,378 - INFO - EMIT crude_orderflow_signal: PUT BUY ([SIM]) | None
2026-08-13 17:50:35,474 - INFO - EMIT crude_orderflow_signal: PUT BUY ([SIM]) | None
2026-08-13 17:50:36,574 - INFO - EMIT crude_orderflow_signal: PUT BUY ([SIM]) | None
2026-08-13 17:50:37,668 - INFO - EMIT crude_orderflow_signal: PUT BUY ([SIM]) | None
2026-08-13 17:50:38,758 - INFO - EMIT crude_orderflow_signal: PUT BUY ([SIM]) | None
2026-08-13 17:50:39,847 - INFO - EMIT crude_orderflow_signal: PUT BUY ([SIM]) | None
2026-08-13 17:50:40,938 - INFO - EMIT crude_orderflow_signal: PUT BUY ([SIM]) | None
2026-08-13 17:50:42,035 - INFO - EMIT crude_orderflow_signal: PUT BUY ([SIM]) | None
2026-08-13 17:50:43,136 - INFO - EMIT crude_orderflow_signal: PUT BUY ([SIM]) | None
2026-08-13 17:50:44,237 - INFO - EMIT crude_orderflow_signal: PUT BUY ([SIM]) | None
2026-08-13 17:50:45,325 - INFO - EMIT crude_orderflow_signal: PUT BUY ([SIM]) | None
2026-08-13 17:50:46,415 - INFO - EMIT crude_orderflow_signal: PUT BUY ([SIM]) | None
2026-08-13 17:50:47,723 - INFO - EMIT crude_orderflow_signal: PUT BUY ([SIM]) | None
2026-08-13 17:50:48,888 - INFO - EMIT crude_orderflow_signal: PUT BUY ([SIM]) | None
2026-08-13 17:50:49,998 - INFO - EMIT crude_orderflow_signal: PUT BUY ([SIM]) | None
2026-08-13 17:50:51,174 - INFO - EMIT crude_orderflow_signal: PUT BUY ([SIM]) | None
2026-08-13 17:50:52,277 - INFO - EMIT crude_orderflow_signal: PUT BUY ([SIM]) | None
2026-08-13 17:50:53,365 - INFO - EMIT crude_orderflow_signal: PUT BUY ([SIM]) | None
2026-08-13 17:50:54,460 - INFO - EMIT crude_orderflow_signal: PUT BUY ([SIM]) | None
2026-08-13 17:50:55,554 - INFO - EMIT crude_orderflow_signal: PUT BUY ([SIM]) | None
2026-08-13 17:50:56,135 - INFO - EMIT crude_orderflow_signal: NO TRADE | Entry Score 40
2026-08-13 17:50:56,648 - INFO - EMIT crude_orderflow_signal: PUT BUY ([SIM]) | None
2026-08-13 17:50:57,747 - INFO - EMIT crude_orderflow_signal: PUT BUY ([SIM]) | None
2026-08-13 17:50:58,838 - INFO - EMIT crude_orderflow_signal: PUT BUY ([SIM]) | None
2026-08-13 17:50:59,927 - INFO - EMIT crude_orderflow_signal: PUT BUY ([SIM]) | None
2026-08-13 17:51:01,034 - INFO - EMIT crude_orderflow_signal: PUT BUY ([SIM]) | None
2026-08-13 17:51:02,143 - INFO - EMIT crude_orderflow_signal: PUT BUY ([SIM]) | None
2026-08-13 17:51:03,248 - INFO - EMIT crude_orderflow_signal: PUT BUY ([SIM]) | None
2026-08-13 17:51:04,344 - INFO - EMIT crude_orderflow_signal: PUT BUY ([SIM]) | None
2026-08-13 17:51:05,434 - INFO - EMIT crude_orderflow_signal: PUT BUY ([SIM]) | None
2026-08-13 17:51:06,527 - INFO - EMIT crude_orderflow_signal: PUT BUY ([SIM]) | None
2026-08-13 17:51:07,629 - INFO - EMIT crude_orderflow_signal: PUT BUY ([SIM]) | None
2026-08-13 17:51:08,952 - INFO - EMIT crude_orderflow_signal: PUT BUY ([SIM]) | None
2026-08-13 17:51:10,046 - INFO - EMIT crude_orderflow_signal: PUT BUY ([SIM]) | None
2026-08-13 17:51:11,142 - INFO - EMIT crude_orderflow_signal: PUT BUY ([SIM]) | None
2026-08-13 17:51:12,236 - INFO - EMIT crude_orderflow_signal: PUT BUY ([SIM]) | None
2026-08-13 17:51:13,365 - INFO - EMIT crude_orderflow_signal: PUT BUY ([SIM]) | None
2026-08-13 17:51:14,462 - INFO - EMIT crude_orderflow_signal: PUT BUY ([SIM]) | None
2026-08-13 17:51:15,550 - INFO - EMIT crude_orderflow_signal: PUT BUY ([SIM]) | None
2026-08-13 17:51:16,644 - INFO - EMIT crude_orderflow_signal: PUT BUY ([SIM]) | None
2026-08-13 17:51:17,778 - INFO - EMIT crude_orderflow_signal: PUT BUY ([SIM]) | None
2026-08-13 17:51:18,875 - INFO - EMIT crude_orderflow_signal: PUT BUY ([SIM]) | None
2026-08-13 17:51:19,987 - INFO - EMIT crude_orderflow_signal: PUT BUY ([SIM]) | None
2026-08-13 17:51:21,075 - INFO - EMIT crude_orderflow_signal: PUT BUY ([SIM]) | None
2026-08-13 17:51:22,173 - INFO - EMIT crude_orderflow_signal: PUT BUY ([SIM]) | None
2026-08-13 17:51:23,269 - INFO - EMIT crude_orderflow_signal: PUT BUY ([SIM]) | None
2026-08-13 17:51:24,380 - INFO - EMIT crude_orderflow_signal: PUT BUY ([SIM]) | None
2026-08-13 17:51:25,480 - INFO - EMIT crude_orderflow_signal: PUT BUY ([SIM]) | None
2026-08-13 17:51:26,569 - INFO - EMIT crude_orderflow_signal: PUT BUY ([SIM]) | None
2026-08-13 17:51:27,664 - INFO - EMIT crude_orderflow_signal: PUT BUY ([SIM]) | None
2026-08-13 17:51:28,750 - INFO - EMIT crude_orderflow_signal: PUT BUY ([SIM]) | None
2026-08-13 17:51:29,840 - INFO - EMIT crude_orderflow_signal: PUT BUY ([SIM]) | None
2026-08-13 17:51:30,926 - INFO - EMIT crude_orderflow_signal: PUT BUY ([SIM]) | None
2026-08-13 17:51:32,018 - INFO - EMIT crude_orderflow_signal: PUT BUY ([SIM]) | None
2026-08-13 17:51:33,123 - INFO - EMIT crude_orderflow_signal: PUT BUY ([SIM]) | None
2026-08-13 17:51:34,212 - INFO - EMIT crude_orderflow_signal: PUT BUY ([SIM]) | None
2026-08-13 17:51:35,345 - INFO - EMIT crude_orderflow_signal: NO TRADE | Entry Score 40
2026-08-13 17:51:35,347 - INFO - EMIT crude_orderflow_signal: PUT BUY ([SIM]) | None
2026-08-13 17:51:36,435 - INFO - EMIT crude_orderflow_signal: NO TRADE | Entry Score 40
2026-08-13 17:51:36,437 - INFO - EMIT crude_orderflow_signal: PUT BUY ([SIM]) | None
2026-08-13 17:51:37,520 - INFO - EMIT crude_orderflow_signal: NO TRADE | Entry Score 40
2026-08-13 17:51:37,521 - INFO - EMIT crude_orderflow_signal: PUT BUY ([SIM]) | None
2026-08-13 17:51:38,614 - INFO - EMIT crude_orderflow_signal: NO TRADE | Entry Score 40
2026-08-13 17:51:38,614 - INFO - EMIT crude_orderflow_signal: PUT BUY ([SIM]) | None
2026-08-13 17:51:39,696 - INFO - EMIT crude_orderflow_signal: NO TRADE | Entry Score 40
2026-08-13 17:51:39,696 - INFO - EMIT crude_orderflow_signal: PUT BUY ([SIM]) | None
2026-08-13 17:51:40,789 - INFO - EMIT crude_orderflow_signal: NO TRADE | Entry Score 40
2026-08-13 17:51:40,789 - INFO - EMIT crude_orderflow_signal: PUT BUY ([SIM]) | None
2026-08-13 17:51:41,880 - INFO - EMIT crude_orderflow_signal: NO TRADE | Entry Score 40
2026-08-13 17:51:41,880 - INFO - EMIT crude_orderflow_signal: PUT BUY ([SIM]) | None
2026-08-13 17:51:42,967 - INFO - EMIT crude_orderflow_signal: NO TRADE | Entry Score 40
2026-08-13 17:51:42,968 - INFO - EMIT crude_orderflow_signal: PUT BUY ([SIM]) | None
2026-08-13 17:51:44,050 - INFO - EMIT crude_orderflow_signal: NO TRADE | Entry Score 40
2026-08-13 17:51:44,051 - INFO - EMIT crude_orderflow_signal: PUT BUY ([SIM]) | None
2026-08-13 17:51:45,139 - INFO - EMIT crude_orderflow_signal: NO TRADE | Entry Score 40
2026-08-13 17:51:45,140 - INFO - EMIT crude_orderflow_signal: PUT BUY ([SIM]) | None
2026-08-13 17:51:46,222 - INFO - EMIT crude_orderflow_signal: NO TRADE | Entry Score 40
2026-08-13 17:51:46,223 - INFO - EMIT crude_orderflow_signal: PUT BUY ([SIM]) | None
2026-08-13 17:51:47,324 - INFO - EMIT crude_orderflow_signal: NO TRADE | Entry Score 40
2026-08-13 17:51:47,325 - INFO - EMIT crude_orderflow_signal: PUT BUY ([SIM]) | None
2026-08-13 17:51:48,414 - INFO - EMIT crude_orderflow_signal: NO TRADE | Entry Score 40
2026-08-13 17:51:48,414 - INFO - EMIT crude_orderflow_signal: PUT BUY ([SIM]) | None
2026-08-13 17:51:49,504 - INFO - EMIT crude_orderflow_signal: NO TRADE | Entry Score 40
2026-08-13 17:51:49,505 - INFO - EMIT crude_orderflow_signal: PUT BUY ([SIM]) | None
2026-08-13 17:51:50,583 - INFO - EMIT crude_orderflow_signal: NO TRADE | Entry Score 40
2026-08-13 17:51:50,583 - INFO - EMIT crude_orderflow_signal: PUT BUY ([SIM]) | None
2026-08-13 17:51:51,672 - INFO - EMIT crude_orderflow_signal: NO TRADE | Entry Score 40
2026-08-13 17:51:51,673 - INFO - EMIT crude_orderflow_signal: PUT BUY ([SIM]) | None
2026-08-13 17:51:52,758 - INFO - EMIT crude_orderflow_signal: NO TRADE | Entry Score 40
2026-08-13 17:51:52,759 - INFO - EMIT crude_orderflow_signal: PUT BUY ([SIM]) | None
2026-08-13 17:51:53,851 - INFO - EMIT crude_orderflow_signal: NO TRADE | Entry Score 40
2026-08-13 17:51:53,852 - INFO - EMIT crude_orderflow_signal: PUT BUY ([SIM]) | None
2026-08-13 17:51:54,939 - INFO - EMIT crude_orderflow_signal: NO TRADE | Entry Score 40
2026-08-13 17:51:54,940 - INFO - EMIT crude_orderflow_signal: PUT BUY ([SIM]) | None
2026-08-13 17:51:56,025 - INFO - EMIT crude_orderflow_signal: NO TRADE | Entry Score 40
2026-08-13 17:51:56,026 - INFO - EMIT crude_orderflow_signal: PUT BUY ([SIM]) | None
2026-08-13 17:51:56,143 - INFO - EMIT crude_orderflow_signal: NO TRADE | Entry Score 40
2026-08-13 17:51:57,170 - INFO - EMIT crude_orderflow_signal: NO TRADE | Entry Score 40
2026-08-13 17:51:57,171 - INFO - EMIT crude_orderflow_signal: PUT BUY ([SIM]) | None
2026-08-13 17:51:58,328 - INFO - EMIT crude_orderflow_signal: NO TRADE | Entry Score 40
2026-08-13 17:51:58,328 - INFO - EMIT crude_orderflow_signal: PUT BUY ([SIM]) | None
2026-08-13 17:51:59,428 - INFO - EMIT crude_orderflow_signal: NO TRADE | Entry Score 40
2026-08-13 17:51:59,431 - INFO - EMIT crude_orderflow_signal: PUT BUY ([SIM]) | None
2026-08-13 17:52:00,518 - INFO - EMIT crude_orderflow_signal: NO TRADE | Entry Score 40
2026-08-13 17:52:00,519 - INFO - EMIT crude_orderflow_signal: PUT BUY ([SIM]) | None
2026-08-13 17:52:01,608 - INFO - EMIT crude_orderflow_signal: NO TRADE | Entry Score 40
2026-08-13 17:52:01,611 - INFO - EMIT crude_orderflow_signal: PUT BUY ([SIM]) | None
2026-08-13 17:52:02,695 - INFO - EMIT crude_orderflow_signal: NO TRADE | Entry Score 40
2026-08-13 17:52:02,695 - INFO - EMIT crude_orderflow_signal: PUT BUY ([SIM]) | None
2026-08-13 17:52:03,782 - INFO - EMIT crude_orderflow_signal: NO TRADE | Entry Score 40
2026-08-13 17:52:03,782 - INFO - EMIT crude_orderflow_signal: PUT BUY ([SIM]) | None
2026-08-13 17:52:04,873 - INFO - EMIT crude_orderflow_signal: NO TRADE | Entry Score 40
2026-08-13 17:52:04,875 - INFO - EMIT crude_orderflow_signal: PUT BUY ([SIM]) | None
2026-08-13 17:52:05,959 - INFO - EMIT crude_orderflow_signal: NO TRADE | Entry Score 40
2026-08-13 17:52:05,960 - INFO - EMIT crude_orderflow_signal: PUT BUY ([SIM]) | None
2026-08-13 17:52:07,053 - INFO - EMIT crude_orderflow_signal: NO TRADE | Entry Score 40
2026-08-13 17:52:07,053 - INFO - EMIT crude_orderflow_signal: PUT BUY ([SIM]) | None
2026-08-13 17:52:08,151 - INFO - EMIT crude_orderflow_signal: NO TRADE | Entry Score 40
2026-08-13 17:52:08,151 - INFO - EMIT crude_orderflow_signal: PUT BUY ([SIM]) | None
2026-08-13 17:52:09,233 - INFO - EMIT crude_orderflow_signal: NO TRADE | Entry Score 40
2026-08-13 17:52:09,236 - INFO - EMIT crude_orderflow_signal: PUT BUY ([SIM]) | None
2026-08-13 17:52:10,328 - INFO - EMIT crude_orderflow_signal: NO TRADE | Entry Score 40
2026-08-13 17:52:10,328 - INFO - EMIT crude_orderflow_signal: PUT BUY ([SIM]) | None
2026-08-13 17:52:11,423 - INFO - EMIT crude_orderflow_signal: NO TRADE | Entry Score 40
2026-08-13 17:52:11,423 - INFO - EMIT crude_orderflow_signal: PUT BUY ([SIM]) | None
2026-08-13 17:52:12,518 - INFO - EMIT crude_orderflow_signal: NO TRADE | Entry Score 40
2026-08-13 17:52:12,519 - INFO - EMIT crude_orderflow_signal: PUT BUY ([SIM]) | None
2026-08-13 17:52:13,606 - INFO - EMIT crude_orderflow_signal: NO TRADE | Entry Score 40
2026-08-13 17:52:13,607 - INFO - EMIT crude_orderflow_signal: PUT BUY ([SIM]) | None
2026-08-13 17:52:14,690 - INFO - EMIT crude_orderflow_signal: NO TRADE | Entry Score 40
2026-08-13 17:52:14,691 - INFO - EMIT crude_orderflow_signal: PUT BUY ([SIM]) | None
2026-08-13 17:52:15,773 - INFO - EMIT crude_orderflow_signal: NO TRADE | Entry Score 40
2026-08-13 17:52:15,774 - INFO - EMIT crude_orderflow_signal: PUT BUY ([SIM]) | None
2026-08-13 17:52:16,867 - INFO - EMIT crude_orderflow_signal: NO TRADE | Entry Score 40
2026-08-13 17:52:16,868 - INFO - EMIT crude_orderflow_signal: PUT BUY ([SIM]) | None
2026-08-13 17:52:17,953 - INFO - EMIT crude_orderflow_signal: NO TRADE | Entry Score 40
2026-08-13 17:52:17,953 - INFO - EMIT crude_orderflow_signal: PUT BUY ([SIM]) | None
2026-08-13 17:52:19,049 - INFO - EMIT crude_orderflow_signal: NO TRADE | Entry Score 40
2026-08-13 17:52:19,050 - INFO - EMIT crude_orderflow_signal: PUT BUY ([SIM]) | None
2026-08-13 17:52:20,148 - INFO - EMIT crude_orderflow_signal: NO TRADE | Entry Score 40
2026-08-13 17:52:20,149 - INFO - EMIT crude_orderflow_signal: PUT BUY ([SIM]) | None
2026-08-13 17:52:21,245 - INFO - EMIT crude_orderflow_signal: NO TRADE | Entry Score 40
2026-08-13 17:52:21,246 - INFO - EMIT crude_orderflow_signal: PUT BUY ([SIM]) | None
2026-08-13 17:52:22,344 - INFO - EMIT crude_orderflow_signal: NO TRADE | Entry Score 40
2026-08-13 17:52:22,344 - INFO - EMIT crude_orderflow_signal: PUT BUY ([SIM]) | None
2026-08-13 17:52:23,443 - INFO - EMIT crude_orderflow_signal: NO TRADE | Entry Score 40
2026-08-13 17:52:23,444 - INFO - EMIT crude_orderflow_signal: PUT BUY ([SIM]) | None
2026-08-13 17:52:24,536 - INFO - EMIT crude_orderflow_signal: NO TRADE | Entry Score 40
2026-08-13 17:52:24,538 - INFO - EMIT crude_orderflow_signal: PUT BUY ([SIM]) | None
2026-08-13 17:52:25,627 - INFO - EMIT crude_orderflow_signal: NO TRADE | Entry Score 40
2026-08-13 17:52:25,629 - INFO - EMIT crude_orderflow_signal: PUT BUY ([SIM]) | None
2026-08-13 17:52:26,731 - INFO - EMIT crude_orderflow_signal: NO TRADE | Entry Score 40
2026-08-13 17:52:26,731 - INFO - EMIT crude_orderflow_signal: PUT BUY ([SIM]) | None
2026-08-13 17:52:27,834 - INFO - EMIT crude_orderflow_signal: NO TRADE | Entry Score 40
2026-08-13 17:52:27,835 - INFO - EMIT crude_orderflow_signal: PUT BUY ([SIM]) | None
2026-08-13 17:52:29,171 - INFO - EMIT crude_orderflow_signal: NO TRADE | Entry Score 40
2026-08-13 17:52:29,173 - INFO - EMIT crude_orderflow_signal: PUT BUY ([SIM]) | None
2026-08-13 17:52:30,298 - INFO - EMIT crude_orderflow_signal: NO TRADE | Entry Score 40
2026-08-13 17:52:30,299 - INFO - EMIT crude_orderflow_signal: PUT BUY ([SIM]) | None
2026-08-13 17:52:31,391 - INFO - EMIT crude_orderflow_signal: NO TRADE | Entry Score 40
2026-08-13 17:52:31,391 - INFO - EMIT crude_orderflow_signal: PUT BUY ([SIM]) | None
2026-08-13 17:52:32,503 - INFO - EMIT crude_orderflow_signal: NO TRADE | Entry Score 40
2026-08-13 17:52:32,504 - INFO - EMIT crude_orderflow_signal: PUT BUY ([SIM]) | None
2026-08-13 17:52:33,617 - INFO - EMIT crude_orderflow_signal: NO TRADE | Entry Score 40
2026-08-13 17:52:33,618 - INFO - EMIT crude_orderflow_signal: PUT BUY ([SIM]) | None
2026-08-13 17:52:34,703 - INFO - EMIT crude_orderflow_signal: NO TRADE | Entry Score 40
2026-08-13 17:52:34,704 - INFO - EMIT crude_orderflow_signal: PUT BUY ([SIM]) | None
2026-08-13 17:52:35,800 - INFO - EMIT crude_orderflow_signal: NO TRADE | Entry Score 40
2026-08-13 17:52:35,801 - INFO - EMIT crude_orderflow_signal: PUT BUY ([SIM]) | None
2026-08-13 17:52:36,893 - INFO - EMIT crude_orderflow_signal: NO TRADE | Entry Score 40
2026-08-13 17:52:36,894 - INFO - EMIT crude_orderflow_signal: PUT BUY ([SIM]) | None
2026-08-13 17:52:38,016 - INFO - EMIT crude_orderflow_signal: NO TRADE | Entry Score 40
2026-08-13 17:52:38,017 - INFO - EMIT crude_orderflow_signal: PUT BUY ([SIM]) | None
2026-08-13 17:52:39,110 - INFO - EMIT crude_orderflow_signal: NO TRADE | Entry Score 40
2026-08-13 17:52:39,113 - INFO - EMIT crude_orderflow_signal: PUT BUY ([SIM]) | None
2026-08-13 17:52:40,199 - INFO - EMIT crude_orderflow_signal: NO TRADE | Entry Score 40
2026-08-13 17:52:40,199 - INFO - EMIT crude_orderflow_signal: PUT BUY ([SIM]) | None
2026-08-13 17:52:41,288 - INFO - EMIT crude_orderflow_signal: NO TRADE | Entry Score 40
2026-08-13 17:52:41,289 - INFO - EMIT crude_orderflow_signal: PUT BUY ([SIM]) | None
2026-08-13 17:52:42,379 - INFO - EMIT crude_orderflow_signal: NO TRADE | Entry Score 40
2026-08-13 17:52:42,379 - INFO - EMIT crude_orderflow_signal: PUT BUY ([SIM]) | None
2026-08-13 17:52:43,475 - INFO - EMIT crude_orderflow_signal: NO TRADE | Entry Score 40
2026-08-13 17:52:43,475 - INFO - EMIT crude_orderflow_signal: PUT BUY ([SIM]) | None
2026-08-13 17:52:44,575 - INFO - EMIT crude_orderflow_signal: NO TRADE | Entry Score 40
2026-08-13 17:52:44,575 - INFO - EMIT crude_orderflow_signal: PUT BUY ([SIM]) | None
2026-08-13 17:52:45,662 - INFO - EMIT crude_orderflow_signal: NO TRADE | Entry Score 40
2026-08-13 17:52:45,662 - INFO - EMIT crude_orderflow_signal: PUT BUY ([SIM]) | None
2026-08-13 17:52:46,756 - INFO - EMIT crude_orderflow_signal: NO TRADE | Entry Score 40
2026-08-13 17:52:46,757 - INFO - EMIT crude_orderflow_signal: PUT BUY ([SIM]) | None
2026-08-13 17:52:47,849 - INFO - EMIT crude_orderflow_signal: NO TRADE | Entry Score 40
2026-08-13 17:52:47,850 - INFO - EMIT crude_orderflow_signal: PUT BUY ([SIM]) | None
2026-08-13 17:52:48,934 - INFO - EMIT crude_orderflow_signal: NO TRADE | Entry Score 40
2026-08-13 17:52:48,935 - INFO - EMIT crude_orderflow_signal: PUT BUY ([SIM]) | None
2026-08-13 17:52:50,024 - INFO - EMIT crude_orderflow_signal: NO TRADE | Entry Score 40
2026-08-13 17:52:50,024 - INFO - EMIT crude_orderflow_signal: PUT BUY ([SIM]) | None
2026-08-13 17:52:51,115 - INFO - EMIT crude_orderflow_signal: NO TRADE | Entry Score 40
2026-08-13 17:52:51,115 - INFO - EMIT crude_orderflow_signal: PUT BUY ([SIM]) | None
2026-08-13 17:52:52,201 - INFO - EMIT crude_orderflow_signal: NO TRADE | Entry Score 40
2026-08-13 17:52:52,203 - INFO - EMIT crude_orderflow_signal: PUT BUY ([SIM]) | None
2026-08-13 17:52:53,297 - INFO - EMIT crude_orderflow_signal: NO TRADE | Entry Score 40
2026-08-13 17:52:53,298 - INFO - EMIT crude_orderflow_signal: PUT BUY ([SIM]) | None
2026-08-13 17:52:54,394 - INFO - EMIT crude_orderflow_signal: NO TRADE | Entry Score 40
2026-08-13 17:52:54,395 - INFO - EMIT crude_orderflow_signal: PUT BUY ([SIM]) | None
2026-08-13 17:52:55,479 - INFO - EMIT crude_orderflow_signal: NO TRADE | Entry Score 40
2026-08-13 17:52:55,479 - INFO - EMIT crude_orderflow_signal: PUT BUY ([SIM]) | None
2026-08-13 17:52:56,137 - INFO - EMIT crude_orderflow_signal: NO TRADE | Entry Score 40
2026-08-13 17:52:56,569 - INFO - EMIT crude_orderflow_signal: NO TRADE | Entry Score 40
2026-08-13 17:52:56,570 - INFO - EMIT crude_orderflow_signal: PUT BUY ([SIM]) | None
2026-08-13 17:52:57,657 - INFO - EMIT crude_orderflow_signal: NO TRADE | Entry Score 40
2026-08-13 17:52:57,658 - INFO - EMIT crude_orderflow_signal: PUT BUY ([SIM]) | None
2026-08-13 17:52:58,751 - INFO - EMIT crude_orderflow_signal: NO TRADE | Entry Score 40
2026-08-13 17:52:58,752 - INFO - EMIT crude_orderflow_signal: PUT BUY ([SIM]) | None
2026-08-13 17:52:59,839 - INFO - EMIT crude_orderflow_signal: NO TRADE | Entry Score 40
2026-08-13 17:52:59,840 - INFO - EMIT crude_orderflow_signal: PUT BUY ([SIM]) | None
2026-08-13 17:53:00,941 - INFO - EMIT crude_orderflow_signal: NO TRADE | Entry Score 40
2026-08-13 17:53:00,941 - INFO - EMIT crude_orderflow_signal: PUT BUY ([SIM]) | None
2026-08-13 17:53:02,031 - INFO - EMIT crude_orderflow_signal: NO TRADE | Entry Score 40
2026-08-13 17:53:02,032 - INFO - EMIT crude_orderflow_signal: PUT BUY ([SIM]) | None
2026-08-13 17:53:03,121 - INFO - EMIT crude_orderflow_signal: NO TRADE | Entry Score 40
2026-08-13 17:53:03,121 - INFO - EMIT crude_orderflow_signal: PUT BUY ([SIM]) | None
2026-08-13 17:53:04,208 - INFO - EMIT crude_orderflow_signal: NO TRADE | Entry Score 40
2026-08-13 17:53:04,210 - INFO - EMIT crude_orderflow_signal: PUT BUY ([SIM]) | None
2026-08-13 17:53:05,301 - INFO - EMIT crude_orderflow_signal: NO TRADE | Entry Score 40
2026-08-13 17:53:05,302 - INFO - EMIT crude_orderflow_signal: PUT BUY ([SIM]) | None
2026-08-13 17:53:06,431 - INFO - EMIT crude_orderflow_signal: NO TRADE | Entry Score 40
2026-08-13 17:53:06,433 - INFO - EMIT crude_orderflow_signal: PUT BUY ([SIM]) | None
2026-08-13 17:53:07,524 - INFO - EMIT crude_orderflow_signal: NO TRADE | Entry Score 40
2026-08-13 17:53:07,525 - INFO - EMIT crude_orderflow_signal: PUT BUY ([SIM]) | None
2026-08-13 17:53:08,616 - INFO - EMIT crude_orderflow_signal: NO TRADE | Entry Score 40
2026-08-13 17:53:08,616 - INFO - EMIT crude_orderflow_signal: PUT BUY ([SIM]) | None
2026-08-13 17:53:09,714 - INFO - EMIT crude_orderflow_signal: NO TRADE | Entry Score 40
2026-08-13 17:53:09,714 - INFO - EMIT crude_orderflow_signal: PUT BUY ([SIM]) | None
2026-08-13 17:53:10,816 - INFO - EMIT crude_orderflow_signal: NO TRADE | Entry Score 40
2026-08-13 17:53:10,817 - INFO - EMIT crude_orderflow_signal: PUT BUY ([SIM]) | None
2026-08-13 17:53:11,935 - INFO - EMIT crude_orderflow_signal: NO TRADE | Entry Score 40
2026-08-13 17:53:11,935 - INFO - EMIT crude_orderflow_signal: PUT BUY ([SIM]) | None
2026-08-13 17:53:13,030 - INFO - EMIT crude_orderflow_signal: NO TRADE | Entry Score 40
2026-08-13 17:53:13,030 - INFO - EMIT crude_orderflow_signal: PUT BUY ([SIM]) | None
2026-08-13 17:53:14,119 - INFO - EMIT crude_orderflow_signal: NO TRADE | Entry Score 40
2026-08-13 17:53:14,119 - INFO - EMIT crude_orderflow_signal: PUT BUY ([SIM]) | None
2026-08-13 17:53:15,208 - INFO - EMIT crude_orderflow_signal: NO TRADE | Entry Score 40
2026-08-13 17:53:15,208 - INFO - EMIT crude_orderflow_signal: PUT BUY ([SIM]) | None
2026-08-13 17:53:16,342 - INFO - EMIT crude_orderflow_signal: NO TRADE | Entry Score 40
2026-08-13 17:53:16,342 - INFO - EMIT crude_orderflow_signal: PUT BUY ([SIM]) | None
2026-08-13 17:53:17,441 - INFO - EMIT crude_orderflow_signal: NO TRADE | Entry Score 40
2026-08-13 17:53:17,441 - INFO - EMIT crude_orderflow_signal: PUT BUY ([SIM]) | None
2026-08-13 17:53:18,533 - INFO - EMIT crude_orderflow_signal: NO TRADE | Entry Score 40
2026-08-13 17:53:18,536 - INFO - EMIT crude_orderflow_signal: PUT BUY ([SIM]) | None
2026-08-13 17:53:19,623 - INFO - EMIT crude_orderflow_signal: NO TRADE | Entry Score 40
2026-08-13 17:53:19,625 - INFO - EMIT crude_orderflow_signal: PUT BUY ([SIM]) | None
2026-08-13 17:53:20,708 - INFO - EMIT crude_orderflow_signal: NO TRADE | Entry Score 40
2026-08-13 17:53:20,708 - INFO - EMIT crude_orderflow_signal: PUT BUY ([SIM]) | None
2026-08-13 17:53:21,809 - INFO - EMIT crude_orderflow_signal: NO TRADE | Entry Score 40
2026-08-13 17:53:21,810 - INFO - EMIT crude_orderflow_signal: PUT BUY ([SIM]) | None
2026-08-13 17:53:22,900 - INFO - EMIT crude_orderflow_signal: NO TRADE | Entry Score 40
2026-08-13 17:53:22,901 - INFO - EMIT crude_orderflow_signal: PUT BUY ([SIM]) | None
2026-08-13 17:53:23,987 - INFO - EMIT crude_orderflow_signal: NO TRADE | Entry Score 40
2026-08-13 17:53:23,988 - INFO - EMIT crude_orderflow_signal: PUT BUY ([SIM]) | None
2026-08-13 17:53:25,082 - INFO - EMIT crude_orderflow_signal: NO TRADE | Entry Score 40
2026-08-13 17:53:25,082 - INFO - EMIT crude_orderflow_signal: PUT BUY ([SIM]) | None
2026-08-13 17:53:26,171 - INFO - EMIT crude_orderflow_signal: NO TRADE | Entry Score 40
2026-08-13 17:53:26,172 - INFO - EMIT crude_orderflow_signal: PUT BUY ([SIM]) | None
2026-08-13 17:53:27,258 - INFO - EMIT crude_orderflow_signal: NO TRADE | Entry Score 40
2026-08-13 17:53:27,258 - INFO - EMIT crude_orderflow_signal: PUT BUY ([SIM]) | None
2026-08-13 17:53:28,346 - INFO - EMIT crude_orderflow_signal: NO TRADE | Entry Score 40
2026-08-13 17:53:28,347 - INFO - EMIT crude_orderflow_signal: PUT BUY ([SIM]) | None
2026-08-13 17:53:29,433 - INFO - EMIT crude_orderflow_signal: NO TRADE | Entry Score 40
2026-08-13 17:53:29,433 - INFO - EMIT crude_orderflow_signal: PUT BUY ([SIM]) | None
2026-08-13 17:53:30,528 - INFO - EMIT crude_orderflow_signal: NO TRADE | Entry Score 40
2026-08-13 17:53:30,528 - INFO - EMIT crude_orderflow_signal: PUT BUY ([SIM]) | None
2026-08-13 17:53:31,620 - INFO - EMIT crude_orderflow_signal: NO TRADE | Entry Score 40
2026-08-13 17:53:31,621 - INFO - EMIT crude_orderflow_signal: PUT BUY ([SIM]) | None
2026-08-13 17:53:32,725 - INFO - EMIT crude_orderflow_signal: NO TRADE | Entry Score 40
2026-08-13 17:53:32,726 - INFO - EMIT crude_orderflow_signal: PUT BUY ([SIM]) | None
2026-08-13 17:53:33,814 - INFO - EMIT crude_orderflow_signal: NO TRADE | Entry Score 40
2026-08-13 17:53:33,815 - INFO - EMIT crude_orderflow_signal: PUT BUY ([SIM]) | None
2026-08-13 17:53:34,908 - INFO - EMIT crude_orderflow_signal: NO TRADE | Entry Score 40
2026-08-13 17:53:34,910 - INFO - EMIT crude_orderflow_signal: PUT BUY ([SIM]) | None
2026-08-13 17:53:36,013 - INFO - EMIT crude_orderflow_signal: NO TRADE | Entry Score 40
2026-08-13 17:53:36,013 - INFO - EMIT crude_orderflow_signal: PUT BUY ([SIM]) | None
2026-08-13 17:53:37,104 - INFO - EMIT crude_orderflow_signal: NO TRADE | Entry Score 40
2026-08-13 17:53:37,104 - INFO - EMIT crude_orderflow_signal: PUT BUY ([SIM]) | None
2026-08-13 17:53:38,194 - INFO - EMIT crude_orderflow_signal: NO TRADE | Entry Score 40
2026-08-13 17:53:38,194 - INFO - EMIT crude_orderflow_signal: PUT BUY ([SIM]) | None
2026-08-13 17:53:39,280 - INFO - EMIT crude_orderflow_signal: NO TRADE | Entry Score 40
2026-08-13 17:53:39,280 - INFO - EMIT crude_orderflow_signal: PUT BUY ([SIM]) | None
2026-08-13 17:53:40,373 - INFO - EMIT crude_orderflow_signal: NO TRADE | Entry Score 40
2026-08-13 17:53:40,373 - INFO - EMIT crude_orderflow_signal: PUT BUY ([SIM]) | None
2026-08-13 17:53:41,456 - INFO - EMIT crude_orderflow_signal: NO TRADE | Entry Score 40
2026-08-13 17:53:41,456 - INFO - EMIT crude_orderflow_signal: PUT BUY ([SIM]) | None
2026-08-13 17:53:42,540 - INFO - EMIT crude_orderflow_signal: NO TRADE | Entry Score 40
2026-08-13 17:53:42,541 - INFO - EMIT crude_orderflow_signal: PUT BUY ([SIM]) | None
2026-08-13 17:53:43,637 - INFO - EMIT crude_orderflow_signal: NO TRADE | Entry Score 40
2026-08-13 17:53:43,638 - INFO - EMIT crude_orderflow_signal: PUT BUY ([SIM]) | None
2026-08-13 17:53:44,739 - INFO - EMIT crude_orderflow_signal: NO TRADE | Entry Score 40
2026-08-13 17:53:44,741 - INFO - EMIT crude_orderflow_signal: PUT BUY ([SIM]) | None
2026-08-13 17:53:45,833 - INFO - EMIT crude_orderflow_signal: NO TRADE | Entry Score 40
2026-08-13 17:53:45,834 - INFO - EMIT crude_orderflow_signal: PUT BUY ([SIM]) | None
2026-08-13 17:53:46,921 - INFO - EMIT crude_orderflow_signal: NO TRADE | Entry Score 40
2026-08-13 17:53:46,921 - INFO - EMIT crude_orderflow_signal: PUT BUY ([SIM]) | None
2026-08-13 17:53:48,017 - INFO - EMIT crude_orderflow_signal: NO TRADE | Entry Score 40
2026-08-13 17:53:48,018 - INFO - EMIT crude_orderflow_signal: PUT BUY ([SIM]) | None
2026-08-13 17:53:49,108 - INFO - EMIT crude_orderflow_signal: NO TRADE | Entry Score 40
2026-08-13 17:53:49,108 - INFO - EMIT crude_orderflow_signal: PUT BUY ([SIM]) | None
2026-08-13 17:53:50,194 - INFO - EMIT crude_orderflow_signal: NO TRADE | Entry Score 40
2026-08-13 17:53:50,195 - INFO - EMIT crude_orderflow_signal: PUT BUY ([SIM]) | None
2026-08-13 17:53:51,290 - INFO - EMIT crude_orderflow_signal: NO TRADE | Entry Score 40
2026-08-13 17:53:51,290 - INFO - EMIT crude_orderflow_signal: PUT BUY ([SIM]) | None
2026-08-13 17:53:52,391 - INFO - EMIT crude_orderflow_signal: NO TRADE | Entry Score 40
2026-08-13 17:53:52,392 - INFO - EMIT crude_orderflow_signal: PUT BUY ([SIM]) | None
2026-08-13 17:53:53,476 - INFO - EMIT crude_orderflow_signal: NO TRADE | Entry Score 40
2026-08-13 17:53:53,477 - INFO - EMIT crude_orderflow_signal: PUT BUY ([SIM]) | None
2026-08-13 17:53:54,561 - INFO - EMIT crude_orderflow_signal: NO TRADE | Entry Score 40
2026-08-13 17:53:54,561 - INFO - EMIT crude_orderflow_signal: PUT BUY ([SIM]) | None
2026-08-13 17:53:55,648 - INFO - EMIT crude_orderflow_signal: NO TRADE | Entry Score 40
2026-08-13 17:53:55,649 - INFO - EMIT crude_orderflow_signal: PUT BUY ([SIM]) | None
2026-08-13 17:53:56,136 - INFO - EMIT crude_orderflow_signal: NO TRADE | Entry Score 40
2026-08-13 17:53:56,731 - INFO - EMIT crude_orderflow_signal: NO TRADE | Entry Score 40
2026-08-13 17:53:56,734 - INFO - EMIT crude_orderflow_signal: PUT BUY ([SIM]) | None
2026-08-13 17:53:57,822 - INFO - EMIT crude_orderflow_signal: NO TRADE | Entry Score 40
2026-08-13 17:53:57,822 - INFO - EMIT crude_orderflow_signal: PUT BUY ([SIM]) | None
2026-08-13 17:53:58,917 - INFO - EMIT crude_orderflow_signal: NO TRADE | Entry Score 40
2026-08-13 17:53:58,917 - INFO - EMIT crude_orderflow_signal: PUT BUY ([SIM]) | None
2026-08-13 17:54:00,003 - INFO - EMIT crude_orderflow_signal: NO TRADE | Entry Score 40
2026-08-13 17:54:00,004 - INFO - EMIT crude_orderflow_signal: PUT BUY ([SIM]) | None
2026-08-13 17:54:01,087 - INFO - EMIT crude_orderflow_signal: NO TRADE | Entry Score 40
2026-08-13 17:54:01,088 - INFO - EMIT crude_orderflow_signal: PUT BUY ([SIM]) | None
2026-08-13 17:54:02,180 - INFO - EMIT crude_orderflow_signal: NO TRADE | Entry Score 40
2026-08-13 17:54:02,180 - INFO - EMIT crude_orderflow_signal: PUT BUY ([SIM]) | None
2026-08-13 17:54:03,298 - INFO - EMIT crude_orderflow_signal: NO TRADE | Entry Score 40
2026-08-13 17:54:03,298 - INFO - EMIT crude_orderflow_signal: PUT BUY ([SIM]) | None
2026-08-13 17:54:04,382 - INFO - EMIT crude_orderflow_signal: NO TRADE | Entry Score 40
2026-08-13 17:54:04,383 - INFO - EMIT crude_orderflow_signal: PUT BUY ([SIM]) | None
2026-08-13 17:54:05,466 - INFO - EMIT crude_orderflow_signal: NO TRADE | Entry Score 40
2026-08-13 17:54:05,468 - INFO - EMIT crude_orderflow_signal: PUT BUY ([SIM]) | None
2026-08-13 17:54:06,560 - INFO - EMIT crude_orderflow_signal: NO TRADE | Entry Score 40
2026-08-13 17:54:06,560 - INFO - EMIT crude_orderflow_signal: PUT BUY ([SIM]) | None
2026-08-13 17:54:07,879 - INFO - EMIT crude_orderflow_signal: NO TRADE | Entry Score 40
2026-08-13 17:54:07,879 - INFO - EMIT crude_orderflow_signal: PUT BUY ([SIM]) | None
2026-08-13 17:54:08,960 - INFO - EMIT crude_orderflow_signal: NO TRADE | Entry Score 40
2026-08-13 17:54:08,960 - INFO - EMIT crude_orderflow_signal: PUT BUY ([SIM]) | None
2026-08-13 17:54:10,051 - INFO - EMIT crude_orderflow_signal: NO TRADE | Entry Score 40
2026-08-13 17:54:10,051 - INFO - EMIT crude_orderflow_signal: PUT BUY ([SIM]) | None
2026-08-13 17:54:11,249 - INFO - EMIT crude_orderflow_signal: NO TRADE | Entry Score 40
2026-08-13 17:54:11,250 - INFO - EMIT crude_orderflow_signal: PUT BUY ([SIM]) | None
2026-08-13 17:54:12,376 - INFO - EMIT crude_orderflow_signal: NO TRADE | Entry Score 40
2026-08-13 17:54:12,377 - INFO - EMIT crude_orderflow_signal: PUT BUY ([SIM]) | None
2026-08-13 17:54:13,469 - INFO - EMIT crude_orderflow_signal: NO TRADE | Entry Score 40
2026-08-13 17:54:13,470 - INFO - EMIT crude_orderflow_signal: PUT BUY ([SIM]) | None
2026-08-13 17:54:14,567 - INFO - EMIT crude_orderflow_signal: NO TRADE | Entry Score 40
2026-08-13 17:54:14,567 - INFO - EMIT crude_orderflow_signal: PUT BUY ([SIM]) | None
2026-08-13 17:54:15,652 - INFO - EMIT crude_orderflow_signal: NO TRADE | Entry Score 40
2026-08-13 17:54:15,653 - INFO - EMIT crude_orderflow_signal: PUT BUY ([SIM]) | None
2026-08-13 17:54:16,754 - INFO - EMIT crude_orderflow_signal: NO TRADE | Entry Score 40
2026-08-13 17:54:16,755 - INFO - EMIT crude_orderflow_signal: PUT BUY ([SIM]) | None
2026-08-13 17:54:17,848 - INFO - EMIT crude_orderflow_signal: NO TRADE | Entry Score 40
2026-08-13 17:54:17,848 - INFO - EMIT crude_orderflow_signal: PUT BUY ([SIM]) | None
2026-08-13 17:54:18,931 - INFO - EMIT crude_orderflow_signal: NO TRADE | Entry Score 40
2026-08-13 17:54:18,931 - INFO - EMIT crude_orderflow_signal: PUT BUY ([SIM]) | None
2026-08-13 17:54:20,014 - INFO - EMIT crude_orderflow_signal: NO TRADE | Entry Score 40
2026-08-13 17:54:20,015 - INFO - EMIT crude_orderflow_signal: PUT BUY ([SIM]) | None
2026-08-13 17:54:21,099 - INFO - EMIT crude_orderflow_signal: NO TRADE | Entry Score 40
2026-08-13 17:54:21,100 - INFO - EMIT crude_orderflow_signal: PUT BUY ([SIM]) | None
2026-08-13 17:54:22,196 - INFO - EMIT crude_orderflow_signal: NO TRADE | Entry Score 40
2026-08-13 17:54:22,197 - INFO - EMIT crude_orderflow_signal: PUT BUY ([SIM]) | None
2026-08-13 17:54:23,287 - INFO - EMIT crude_orderflow_signal: NO TRADE | Entry Score 40
2026-08-13 17:54:23,288 - INFO - EMIT crude_orderflow_signal: PUT BUY ([SIM]) | None
2026-08-13 17:54:24,387 - INFO - EMIT crude_orderflow_signal: NO TRADE | Entry Score 40
2026-08-13 17:54:24,388 - INFO - EMIT crude_orderflow_signal: PUT BUY ([SIM]) | None
2026-08-13 17:54:25,495 - INFO - EMIT crude_orderflow_signal: NO TRADE | Entry Score 40
2026-08-13 17:54:25,496 - INFO - EMIT crude_orderflow_signal: PUT BUY ([SIM]) | None
2026-08-13 17:54:26,584 - INFO - EMIT crude_orderflow_signal: NO TRADE | Entry Score 40
2026-08-13 17:54:26,584 - INFO - EMIT crude_orderflow_signal: PUT BUY ([SIM]) | None
2026-08-13 17:54:27,672 - INFO - EMIT crude_orderflow_signal: NO TRADE | Entry Score 40
2026-08-13 17:54:27,672 - INFO - EMIT crude_orderflow_signal: PUT BUY ([SIM]) | None
2026-08-13 17:54:28,759 - INFO - EMIT crude_orderflow_signal: NO TRADE | Entry Score 40
2026-08-13 17:54:28,760 - INFO - EMIT crude_orderflow_signal: PUT BUY ([SIM]) | None
2026-08-13 17:54:29,844 - INFO - EMIT crude_orderflow_signal: NO TRADE | Entry Score 40
2026-08-13 17:54:29,845 - INFO - EMIT crude_orderflow_signal: PUT BUY ([SIM]) | None
2026-08-13 17:54:30,937 - INFO - EMIT crude_orderflow_signal: NO TRADE | Entry Score 40
2026-08-13 17:54:30,938 - INFO - EMIT crude_orderflow_signal: PUT BUY ([SIM]) | None
2026-08-13 17:54:32,028 - INFO - EMIT crude_orderflow_signal: NO TRADE | Entry Score 40
2026-08-13 17:54:32,029 - INFO - EMIT crude_orderflow_signal: PUT BUY ([SIM]) | None
2026-08-13 17:54:33,115 - INFO - EMIT crude_orderflow_signal: NO TRADE | Entry Score 40
2026-08-13 17:54:33,116 - INFO - EMIT crude_orderflow_signal: PUT BUY ([SIM]) | None
2026-08-13 17:54:34,217 - INFO - EMIT crude_orderflow_signal: NO TRADE | Entry Score 40
2026-08-13 17:54:34,219 - INFO - EMIT crude_orderflow_signal: PUT BUY ([SIM]) | None
2026-08-13 17:54:35,314 - INFO - EMIT crude_orderflow_signal: NO TRADE | Entry Score 40
2026-08-13 17:54:35,315 - INFO - EMIT crude_orderflow_signal: PUT BUY ([SIM]) | None
2026-08-13 17:54:36,454 - INFO - EMIT crude_orderflow_signal: NO TRADE | Entry Score 40
2026-08-13 17:54:36,455 - INFO - EMIT crude_orderflow_signal: PUT BUY ([SIM]) | None
2026-08-13 17:54:37,542 - INFO - EMIT crude_orderflow_signal: NO TRADE | Entry Score 40
2026-08-13 17:54:37,542 - INFO - EMIT crude_orderflow_signal: PUT BUY ([SIM]) | None
2026-08-13 17:54:38,652 - INFO - EMIT crude_orderflow_signal: NO TRADE | Entry Score 40
2026-08-13 17:54:38,652 - INFO - EMIT crude_orderflow_signal: PUT BUY ([SIM]) | None
2026-08-13 17:54:39,740 - INFO - EMIT crude_orderflow_signal: NO TRADE | Entry Score 40
2026-08-13 17:54:39,740 - INFO - EMIT crude_orderflow_signal: PUT BUY ([SIM]) | None
2026-08-13 17:54:40,833 - INFO - EMIT crude_orderflow_signal: NO TRADE | Entry Score 40
2026-08-13 17:54:40,833 - INFO - EMIT crude_orderflow_signal: PUT BUY ([SIM]) | None
2026-08-13 17:54:41,921 - INFO - EMIT crude_orderflow_signal: NO TRADE | Entry Score 40
2026-08-13 17:54:41,921 - INFO - EMIT crude_orderflow_signal: PUT BUY ([SIM]) | None
2026-08-13 17:54:43,027 - INFO - EMIT crude_orderflow_signal: NO TRADE | Entry Score 40
2026-08-13 17:54:43,027 - INFO - EMIT crude_orderflow_signal: PUT BUY ([SIM]) | None
2026-08-13 17:54:44,118 - INFO - EMIT crude_orderflow_signal: NO TRADE | Entry Score 40
2026-08-13 17:54:44,119 - INFO - EMIT crude_orderflow_signal: PUT BUY ([SIM]) | None
2026-08-13 17:54:45,207 - INFO - EMIT crude_orderflow_signal: NO TRADE | Entry Score 40
2026-08-13 17:54:45,208 - INFO - EMIT crude_orderflow_signal: PUT BUY ([SIM]) | None
2026-08-13 17:54:46,305 - INFO - EMIT crude_orderflow_signal: NO TRADE | Entry Score 40
2026-08-13 17:54:46,306 - INFO - EMIT crude_orderflow_signal: PUT BUY ([SIM]) | None
2026-08-13 17:54:47,410 - INFO - EMIT crude_orderflow_signal: NO TRADE | Entry Score 40
2026-08-13 17:54:47,410 - INFO - EMIT crude_orderflow_signal: PUT BUY ([SIM]) | None
2026-08-13 17:54:48,496 - INFO - EMIT crude_orderflow_signal: NO TRADE | Entry Score 40
2026-08-13 17:54:48,497 - INFO - EMIT crude_orderflow_signal: PUT BUY ([SIM]) | None
2026-08-13 17:54:49,581 - INFO - EMIT crude_orderflow_signal: NO TRADE | Entry Score 40
2026-08-13 17:54:49,582 - INFO - EMIT crude_orderflow_signal: PUT BUY ([SIM]) | None
2026-08-13 17:54:50,675 - INFO - EMIT crude_orderflow_signal: NO TRADE | Entry Score 40
2026-08-13 17:54:50,676 - INFO - EMIT crude_orderflow_signal: PUT BUY ([SIM]) | None
2026-08-13 17:54:51,783 - INFO - EMIT crude_orderflow_signal: NO TRADE | Entry Score 40
2026-08-13 17:54:51,784 - INFO - EMIT crude_orderflow_signal: PUT BUY ([SIM]) | None
2026-08-13 17:54:52,883 - INFO - EMIT crude_orderflow_signal: NO TRADE | Entry Score 40
2026-08-13 17:54:52,883 - INFO - EMIT crude_orderflow_signal: PUT BUY ([SIM]) | None
2026-08-13 17:54:53,984 - INFO - EMIT crude_orderflow_signal: NO TRADE | Entry Score 40
2026-08-13 17:54:53,985 - INFO - EMIT crude_orderflow_signal: PUT BUY ([SIM]) | None
2026-08-13 17:54:55,092 - INFO - EMIT crude_orderflow_signal: NO TRADE | Entry Score 40
2026-08-13 17:54:55,093 - INFO - EMIT crude_orderflow_signal: PUT BUY ([SIM]) | None
2026-08-13 17:54:56,190 - INFO - EMIT crude_orderflow_signal: NO TRADE | Entry Score 40
2026-08-13 17:54:56,191 - INFO - EMIT crude_orderflow_signal: PUT BUY ([SIM]) | None
2026-08-13 17:54:56,192 - INFO - EMIT crude_orderflow_signal: NO TRADE | Entry Score 40
2026-08-13 17:54:57,293 - INFO - EMIT crude_orderflow_signal: NO TRADE | Entry Score 40
2026-08-13 17:54:57,294 - INFO - EMIT crude_orderflow_signal: PUT BUY ([SIM]) | None
2026-08-13 17:54:58,387 - INFO - EMIT crude_orderflow_signal: NO TRADE | Entry Score 40
2026-08-13 17:54:58,388 - INFO - EMIT crude_orderflow_signal: PUT BUY ([SIM]) | None
2026-08-13 17:54:59,480 - INFO - EMIT crude_orderflow_signal: NO TRADE | Entry Score 40
2026-08-13 17:54:59,481 - INFO - EMIT crude_orderflow_signal: PUT BUY ([SIM]) | None
2026-08-13 17:55:00,566 - INFO - EMIT crude_orderflow_signal: NO TRADE | Entry Score 40
2026-08-13 17:55:00,567 - INFO - EMIT crude_orderflow_signal: PUT BUY ([SIM]) | None
2026-08-13 17:55:01,672 - INFO - EMIT crude_orderflow_signal: NO TRADE | Entry Score 40
2026-08-13 17:55:01,674 - INFO - EMIT crude_orderflow_signal: PUT BUY ([SIM]) | None
2026-08-13 17:55:02,768 - INFO - EMIT crude_orderflow_signal: NO TRADE | Entry Score 40
2026-08-13 17:55:02,768 - INFO - EMIT crude_orderflow_signal: PUT BUY ([SIM]) | None
2026-08-13 17:55:03,858 - INFO - EMIT crude_orderflow_signal: NO TRADE | Entry Score 40
2026-08-13 17:55:03,859 - INFO - EMIT crude_orderflow_signal: PUT BUY ([SIM]) | None
2026-08-13 17:55:04,946 - INFO - EMIT crude_orderflow_signal: NO TRADE | Entry Score 40
2026-08-13 17:55:04,947 - INFO - EMIT crude_orderflow_signal: PUT BUY ([SIM]) | None
2026-08-13 17:55:06,033 - INFO - EMIT crude_orderflow_signal: NO TRADE | Entry Score 40
2026-08-13 17:55:06,037 - INFO - EMIT crude_orderflow_signal: PUT BUY ([SIM]) | None
2026-08-13 17:55:07,124 - INFO - EMIT crude_orderflow_signal: NO TRADE | Entry Score 40
2026-08-13 17:55:07,125 - INFO - EMIT crude_orderflow_signal: PUT BUY ([SIM]) | None
2026-08-13 17:55:08,218 - INFO - EMIT crude_orderflow_signal: NO TRADE | Entry Score 40
2026-08-13 17:55:08,219 - INFO - EMIT crude_orderflow_signal: PUT BUY ([SIM]) | None
2026-08-13 17:55:09,301 - INFO - EMIT crude_orderflow_signal: NO TRADE | Entry Score 40
2026-08-13 17:55:09,302 - INFO - EMIT crude_orderflow_signal: PUT BUY ([SIM]) | None
2026-08-13 17:55:10,382 - INFO - EMIT crude_orderflow_signal: NO TRADE | Entry Score 40
2026-08-13 17:55:10,384 - INFO - EMIT crude_orderflow_signal: PUT BUY ([SIM]) | None
2026-08-13 17:55:11,474 - INFO - EMIT crude_orderflow_signal: NO TRADE | Entry Score 40
2026-08-13 17:55:11,474 - INFO - EMIT crude_orderflow_signal: PUT BUY ([SIM]) | None
2026-08-13 17:55:12,566 - INFO - EMIT crude_orderflow_signal: NO TRADE | Entry Score 40
2026-08-13 17:55:12,566 - INFO - EMIT crude_orderflow_signal: PUT BUY ([SIM]) | None
2026-08-13 17:55:13,656 - INFO - EMIT crude_orderflow_signal: NO TRADE | Entry Score 40
2026-08-13 17:55:13,657 - INFO - EMIT crude_orderflow_signal: PUT BUY ([SIM]) | None
2026-08-13 17:55:14,747 - INFO - EMIT crude_orderflow_signal: NO TRADE | Entry Score 40
2026-08-13 17:55:14,748 - INFO - EMIT crude_orderflow_signal: PUT BUY ([SIM]) | None
2026-08-13 17:55:15,838 - INFO - EMIT crude_orderflow_signal: NO TRADE | Entry Score 40
2026-08-13 17:55:15,839 - INFO - EMIT crude_orderflow_signal: PUT BUY ([SIM]) | None
2026-08-13 17:55:16,928 - INFO - EMIT crude_orderflow_signal: NO TRADE | Entry Score 40
2026-08-13 17:55:16,928 - INFO - EMIT crude_orderflow_signal: PUT BUY ([SIM]) | None
2026-08-13 17:55:18,014 - INFO - EMIT crude_orderflow_signal: NO TRADE | Entry Score 40
2026-08-13 17:55:18,015 - INFO - EMIT crude_orderflow_signal: PUT BUY ([SIM]) | None
2026-08-13 17:55:19,107 - INFO - EMIT crude_orderflow_signal: NO TRADE | Entry Score 40
2026-08-13 17:55:19,108 - INFO - EMIT crude_orderflow_signal: PUT BUY ([SIM]) | None
2026-08-13 17:55:20,200 - INFO - EMIT crude_orderflow_signal: NO TRADE | Entry Score 40
2026-08-13 17:55:20,200 - INFO - EMIT crude_orderflow_signal: PUT BUY ([SIM]) | None
2026-08-13 17:55:21,452 - INFO - EMIT crude_orderflow_signal: NO TRADE | Entry Score 40
2026-08-13 17:55:21,455 - INFO - EMIT crude_orderflow_signal: PUT BUY ([SIM]) | None
2026-08-13 17:55:22,599 - INFO - EMIT crude_orderflow_signal: NO TRADE | Entry Score 40
2026-08-13 17:55:22,599 - INFO - EMIT crude_orderflow_signal: PUT BUY ([SIM]) | None
2026-08-13 17:55:23,755 - INFO - EMIT crude_orderflow_signal: NO TRADE | Entry Score 40
2026-08-13 17:55:23,759 - INFO - EMIT crude_orderflow_signal: PUT BUY ([SIM]) | None
2026-08-13 17:55:24,860 - INFO - EMIT crude_orderflow_signal: NO TRADE | Entry Score 40
2026-08-13 17:55:24,860 - INFO - EMIT crude_orderflow_signal: PUT BUY ([SIM]) | None
2026-08-13 17:55:25,957 - INFO - EMIT crude_orderflow_signal: NO TRADE | Entry Score 40
2026-08-13 17:55:25,958 - INFO - EMIT crude_orderflow_signal: PUT BUY ([SIM]) | None
2026-08-13 17:55:27,050 - INFO - EMIT crude_orderflow_signal: NO TRADE | Entry Score 40
2026-08-13 17:55:27,051 - INFO - EMIT crude_orderflow_signal: PUT BUY ([SIM]) | None
2026-08-13 17:55:28,132 - INFO - EMIT crude_orderflow_signal: NO TRADE | Entry Score 40
2026-08-13 17:55:28,133 - INFO - EMIT crude_orderflow_signal: PUT BUY ([SIM]) | None
2026-08-13 17:55:29,244 - INFO - EMIT crude_orderflow_signal: NO TRADE | Entry Score 40
2026-08-13 17:55:29,245 - INFO - EMIT crude_orderflow_signal: PUT BUY ([SIM]) | None
2026-08-13 17:55:30,340 - INFO - EMIT crude_orderflow_signal: NO TRADE | Entry Score 40
2026-08-13 17:55:30,340 - INFO - EMIT crude_orderflow_signal: PUT BUY ([SIM]) | None
2026-08-13 17:55:31,429 - INFO - EMIT crude_orderflow_signal: NO TRADE | Entry Score 40
2026-08-13 17:55:31,430 - INFO - EMIT crude_orderflow_signal: PUT BUY ([SIM]) | None
2026-08-13 17:55:32,518 - INFO - EMIT crude_orderflow_signal: NO TRADE | Entry Score 40
2026-08-13 17:55:32,519 - INFO - EMIT crude_orderflow_signal: PUT BUY ([SIM]) | None
2026-08-13 17:55:33,612 - INFO - EMIT crude_orderflow_signal: NO TRADE | Entry Score 40
2026-08-13 17:55:33,612 - INFO - EMIT crude_orderflow_signal: PUT BUY ([SIM]) | None
2026-08-13 17:55:34,699 - INFO - EMIT crude_orderflow_signal: NO TRADE | Entry Score 40
2026-08-13 17:55:34,699 - INFO - EMIT crude_orderflow_signal: PUT BUY ([SIM]) | None
2026-08-13 17:55:35,791 - INFO - EMIT crude_orderflow_signal: NO TRADE | Entry Score 40
2026-08-13 17:55:35,792 - INFO - EMIT crude_orderflow_signal: PUT BUY ([SIM]) | None
2026-08-13 17:55:36,899 - INFO - EMIT crude_orderflow_signal: NO TRADE | Entry Score 40
2026-08-13 17:55:36,899 - INFO - EMIT crude_orderflow_signal: PUT BUY ([SIM]) | None
2026-08-13 17:55:38,002 - INFO - EMIT crude_orderflow_signal: NO TRADE | Entry Score 40
2026-08-13 17:55:38,003 - INFO - EMIT crude_orderflow_signal: PUT BUY ([SIM]) | None
2026-08-13 17:55:39,094 - INFO - EMIT crude_orderflow_signal: NO TRADE | Entry Score 40
2026-08-13 17:55:39,095 - INFO - EMIT crude_orderflow_signal: PUT BUY ([SIM]) | None
2026-08-13 17:55:40,192 - INFO - EMIT crude_orderflow_signal: NO TRADE | Entry Score 40
2026-08-13 17:55:40,192 - INFO - EMIT crude_orderflow_signal: PUT BUY ([SIM]) | None
2026-08-13 17:55:41,281 - INFO - EMIT crude_orderflow_signal: NO TRADE | Entry Score 40
2026-08-13 17:55:41,282 - INFO - EMIT crude_orderflow_signal: PUT BUY ([SIM]) | None
2026-08-13 17:55:42,370 - INFO - EMIT crude_orderflow_signal: NO TRADE | Entry Score 40
2026-08-13 17:55:42,371 - INFO - EMIT crude_orderflow_signal: PUT BUY ([SIM]) | None
2026-08-13 17:55:43,471 - INFO - EMIT crude_orderflow_signal: NO TRADE | Entry Score 40
2026-08-13 17:55:43,472 - INFO - EMIT crude_orderflow_signal: PUT BUY ([SIM]) | None
2026-08-13 17:55:44,570 - INFO - EMIT crude_orderflow_signal: NO TRADE | Entry Score 40
2026-08-13 17:55:44,571 - INFO - EMIT crude_orderflow_signal: PUT BUY ([SIM]) | None
2026-08-13 17:55:45,658 - INFO - EMIT crude_orderflow_signal: NO TRADE | Entry Score 40
2026-08-13 17:55:45,660 - INFO - EMIT crude_orderflow_signal: PUT BUY ([SIM]) | None
2026-08-13 17:55:46,744 - INFO - EMIT crude_orderflow_signal: NO TRADE | Entry Score 40
2026-08-13 17:55:46,745 - INFO - EMIT crude_orderflow_signal: PUT BUY ([SIM]) | None
2026-08-13 17:55:47,848 - INFO - EMIT crude_orderflow_signal: NO TRADE | Entry Score 40
2026-08-13 17:55:47,848 - INFO - EMIT crude_orderflow_signal: PUT BUY ([SIM]) | None
2026-08-13 17:55:48,950 - INFO - EMIT crude_orderflow_signal: NO TRADE | Entry Score 40
2026-08-13 17:55:48,950 - INFO - EMIT crude_orderflow_signal: PUT BUY ([SIM]) | None
2026-08-13 17:55:50,038 - INFO - EMIT crude_orderflow_signal: NO TRADE | Entry Score 40
2026-08-13 17:55:50,039 - INFO - EMIT crude_orderflow_signal: PUT BUY ([SIM]) | None
2026-08-13 17:55:51,134 - INFO - EMIT crude_orderflow_signal: NO TRADE | Entry Score 40
2026-08-13 17:55:51,134 - INFO - EMIT crude_orderflow_signal: PUT BUY ([SIM]) | None
2026-08-13 17:55:52,226 - INFO - EMIT crude_orderflow_signal: NO TRADE | Entry Score 40
2026-08-13 17:55:52,227 - INFO - EMIT crude_orderflow_signal: PUT BUY ([SIM]) | None
2026-08-13 17:55:53,324 - INFO - EMIT crude_orderflow_signal: NO TRADE | Entry Score 40
2026-08-13 17:55:53,325 - INFO - EMIT crude_orderflow_signal: PUT BUY ([SIM]) | None
2026-08-13 17:55:54,419 - INFO - EMIT crude_orderflow_signal: NO TRADE | Entry Score 40
2026-08-13 17:55:54,419 - INFO - EMIT crude_orderflow_signal: PUT BUY ([SIM]) | None
2026-08-13 17:55:55,556 - INFO - EMIT crude_orderflow_signal: NO TRADE | Entry Score 40
2026-08-13 17:55:55,557 - INFO - EMIT crude_orderflow_signal: PUT BUY ([SIM]) | None
2026-08-13 17:55:56,150 - INFO - EMIT crude_orderflow_signal: NO TRADE | Entry Score 40
2026-08-13 17:55:56,654 - INFO - EMIT crude_orderflow_signal: NO TRADE | Entry Score 40
2026-08-13 17:55:56,654 - INFO - EMIT crude_orderflow_signal: PUT BUY ([SIM]) | None
2026-08-13 17:55:57,737 - INFO - EMIT crude_orderflow_signal: NO TRADE | Entry Score 40
2026-08-13 17:55:57,738 - INFO - EMIT crude_orderflow_signal: PUT BUY ([SIM]) | None
2026-08-13 17:55:58,824 - INFO - EMIT crude_orderflow_signal: NO TRADE | Entry Score 40
2026-08-13 17:55:58,825 - INFO - EMIT crude_orderflow_signal: PUT BUY ([SIM]) | None
2026-08-13 17:55:59,907 - INFO - EMIT crude_orderflow_signal: NO TRADE | Entry Score 40
2026-08-13 17:55:59,908 - INFO - EMIT crude_orderflow_signal: PUT BUY ([SIM]) | None
2026-08-13 17:56:01,239 - INFO - EMIT crude_orderflow_signal: NO TRADE | Entry Score 40
2026-08-13 17:56:01,239 - INFO - EMIT crude_orderflow_signal: PUT BUY ([SIM]) | None
2026-08-13 17:56:02,329 - INFO - EMIT crude_orderflow_signal: NO TRADE | Entry Score 40
2026-08-13 17:56:02,329 - INFO - EMIT crude_orderflow_signal: PUT BUY ([SIM]) | None
2026-08-13 17:56:03,439 - INFO - EMIT crude_orderflow_signal: NO TRADE | Entry Score 40
2026-08-13 17:56:03,440 - INFO - EMIT crude_orderflow_signal: PUT BUY ([SIM]) | None
2026-08-13 17:56:04,543 - INFO - EMIT crude_orderflow_signal: NO TRADE | Entry Score 40
2026-08-13 17:56:04,544 - INFO - EMIT crude_orderflow_signal: PUT BUY ([SIM]) | None
2026-08-13 17:56:05,656 - INFO - EMIT crude_orderflow_signal: NO TRADE | Entry Score 40
2026-08-13 17:56:05,657 - INFO - EMIT crude_orderflow_signal: PUT BUY ([SIM]) | None
2026-08-13 17:56:06,923 - INFO - EMIT crude_orderflow_signal: NO TRADE | Entry Score 40
2026-08-13 17:56:06,923 - INFO - EMIT crude_orderflow_signal: PUT BUY ([SIM]) | None
2026-08-13 17:56:08,091 - INFO - EMIT crude_orderflow_signal: NO TRADE | Entry Score 40
2026-08-13 17:56:08,095 - INFO - EMIT crude_orderflow_signal: PUT BUY ([SIM]) | None
2026-08-13 17:56:09,184 - INFO - EMIT crude_orderflow_signal: NO TRADE | Entry Score 40
2026-08-13 17:56:09,184 - INFO - EMIT crude_orderflow_signal: PUT BUY ([SIM]) | None
2026-08-13 17:56:10,283 - INFO - EMIT crude_orderflow_signal: NO TRADE | Entry Score 40
2026-08-13 17:56:10,283 - INFO - EMIT crude_orderflow_signal: PUT BUY ([SIM]) | None
2026-08-13 17:56:11,383 - INFO - EMIT crude_orderflow_signal: NO TRADE | Entry Score 40
2026-08-13 17:56:11,385 - INFO - EMIT crude_orderflow_signal: PUT BUY ([SIM]) | None
2026-08-13 17:56:12,483 - INFO - EMIT crude_orderflow_signal: NO TRADE | Entry Score 40
2026-08-13 17:56:12,483 - INFO - EMIT crude_orderflow_signal: PUT BUY ([SIM]) | None
2026-08-13 17:56:13,576 - INFO - EMIT crude_orderflow_signal: NO TRADE | Entry Score 40
2026-08-13 17:56:13,577 - INFO - EMIT crude_orderflow_signal: PUT BUY ([SIM]) | None
2026-08-13 17:56:14,661 - INFO - EMIT crude_orderflow_signal: NO TRADE | Entry Score 40
2026-08-13 17:56:14,662 - INFO - EMIT crude_orderflow_signal: PUT BUY ([SIM]) | None
2026-08-13 17:56:15,756 - INFO - EMIT crude_orderflow_signal: NO TRADE | Entry Score 40
2026-08-13 17:56:15,757 - INFO - EMIT crude_orderflow_signal: PUT BUY ([SIM]) | None
2026-08-13 17:56:16,860 - INFO - EMIT crude_orderflow_signal: NO TRADE | Entry Score 40
2026-08-13 17:56:16,862 - INFO - EMIT crude_orderflow_signal: PUT BUY ([SIM]) | None
2026-08-13 17:56:17,956 - INFO - EMIT crude_orderflow_signal: NO TRADE | Entry Score 40
2026-08-13 17:56:17,956 - INFO - EMIT crude_orderflow_signal: PUT BUY ([SIM]) | None
2026-08-13 17:56:19,040 - INFO - EMIT crude_orderflow_signal: NO TRADE | Entry Score 40
2026-08-13 17:56:19,040 - INFO - EMIT crude_orderflow_signal: PUT BUY ([SIM]) | None
2026-08-13 17:56:20,133 - INFO - EMIT crude_orderflow_signal: NO TRADE | Entry Score 40
2026-08-13 17:56:20,133 - INFO - EMIT crude_orderflow_signal: PUT BUY ([SIM]) | None
2026-08-13 17:56:21,236 - INFO - EMIT crude_orderflow_signal: NO TRADE | Entry Score 40
2026-08-13 17:56:21,236 - INFO - EMIT crude_orderflow_signal: PUT BUY ([SIM]) | None
2026-08-13 17:56:22,325 - INFO - EMIT crude_orderflow_signal: NO TRADE | Entry Score 40
2026-08-13 17:56:22,325 - INFO - EMIT crude_orderflow_signal: PUT BUY ([SIM]) | None
2026-08-13 17:56:23,418 - INFO - EMIT crude_orderflow_signal: NO TRADE | Entry Score 40
2026-08-13 17:56:23,418 - INFO - EMIT crude_orderflow_signal: PUT BUY ([SIM]) | None
2026-08-13 17:56:24,518 - INFO - EMIT crude_orderflow_signal: NO TRADE | Entry Score 40
2026-08-13 17:56:24,519 - INFO - EMIT crude_orderflow_signal: PUT BUY ([SIM]) | None
2026-08-13 17:56:25,606 - INFO - EMIT crude_orderflow_signal: NO TRADE | Entry Score 40
2026-08-13 17:56:25,606 - INFO - EMIT crude_orderflow_signal: PUT BUY ([SIM]) | None
2026-08-13 17:56:26,715 - INFO - EMIT crude_orderflow_signal: NO TRADE | Entry Score 40
2026-08-13 17:56:26,715 - INFO - EMIT crude_orderflow_signal: PUT BUY ([SIM]) | None
2026-08-13 17:56:27,826 - INFO - EMIT crude_orderflow_signal: NO TRADE | Entry Score 40
2026-08-13 17:56:27,826 - INFO - EMIT crude_orderflow_signal: PUT BUY ([SIM]) | None
2026-08-13 17:56:28,938 - INFO - EMIT crude_orderflow_signal: NO TRADE | Entry Score 40
2026-08-13 17:56:28,938 - INFO - EMIT crude_orderflow_signal: PUT BUY ([SIM]) | None
2026-08-13 17:56:30,037 - INFO - EMIT crude_orderflow_signal: NO TRADE | Entry Score 40
2026-08-13 17:56:30,041 - INFO - EMIT crude_orderflow_signal: PUT BUY ([SIM]) | None
2026-08-13 17:56:31,133 - INFO - EMIT crude_orderflow_signal: NO TRADE | Entry Score 40
2026-08-13 17:56:31,134 - INFO - EMIT crude_orderflow_signal: PUT BUY ([SIM]) | None
2026-08-13 17:56:32,224 - INFO - EMIT crude_orderflow_signal: NO TRADE | Entry Score 40
2026-08-13 17:56:32,224 - INFO - EMIT crude_orderflow_signal: PUT BUY ([SIM]) | None
2026-08-13 17:56:33,316 - INFO - EMIT crude_orderflow_signal: NO TRADE | Entry Score 40
2026-08-13 17:56:33,317 - INFO - EMIT crude_orderflow_signal: PUT BUY ([SIM]) | None
2026-08-13 17:56:34,423 - INFO - EMIT crude_orderflow_signal: NO TRADE | Entry Score 40
2026-08-13 17:56:34,424 - INFO - EMIT crude_orderflow_signal: PUT BUY ([SIM]) | None
2026-08-13 17:56:35,514 - INFO - EMIT crude_orderflow_signal: NO TRADE | Entry Score 40
2026-08-13 17:56:35,515 - INFO - EMIT crude_orderflow_signal: PUT BUY ([SIM]) | None
2026-08-13 17:56:36,606 - INFO - EMIT crude_orderflow_signal: NO TRADE | Entry Score 40
2026-08-13 17:56:36,607 - INFO - EMIT crude_orderflow_signal: PUT BUY ([SIM]) | None
2026-08-13 17:56:37,699 - INFO - EMIT crude_orderflow_signal: NO TRADE | Entry Score 40
2026-08-13 17:56:37,701 - INFO - EMIT crude_orderflow_signal: PUT BUY ([SIM]) | None
2026-08-13 17:56:38,786 - INFO - EMIT crude_orderflow_signal: NO TRADE | Entry Score 40
2026-08-13 17:56:38,786 - INFO - EMIT crude_orderflow_signal: PUT BUY ([SIM]) | None
2026-08-13 17:56:39,875 - INFO - EMIT crude_orderflow_signal: NO TRADE | Entry Score 40
2026-08-13 17:56:39,876 - INFO - EMIT crude_orderflow_signal: PUT BUY ([SIM]) | None
2026-08-13 17:56:41,001 - INFO - EMIT crude_orderflow_signal: NO TRADE | Entry Score 40
2026-08-13 17:56:41,003 - INFO - EMIT crude_orderflow_signal: PUT BUY ([SIM]) | None
2026-08-13 17:56:42,092 - INFO - EMIT crude_orderflow_signal: NO TRADE | Entry Score 40
2026-08-13 17:56:42,093 - INFO - EMIT crude_orderflow_signal: PUT BUY ([SIM]) | None
2026-08-13 17:56:43,224 - INFO - EMIT crude_orderflow_signal: NO TRADE | Entry Score 40
2026-08-13 17:56:43,225 - INFO - EMIT crude_orderflow_signal: PUT BUY ([SIM]) | None
2026-08-13 17:56:44,321 - INFO - EMIT crude_orderflow_signal: NO TRADE | Entry Score 40
2026-08-13 17:56:44,322 - INFO - EMIT crude_orderflow_signal: PUT BUY ([SIM]) | None
2026-08-13 17:56:45,447 - INFO - EMIT crude_orderflow_signal: NO TRADE | Entry Score 40
2026-08-13 17:56:45,447 - INFO - EMIT crude_orderflow_signal: PUT BUY ([SIM]) | None
2026-08-13 17:56:46,567 - INFO - EMIT crude_orderflow_signal: NO TRADE | Entry Score 40
2026-08-13 17:56:46,567 - INFO - EMIT crude_orderflow_signal: PUT BUY ([SIM]) | None
2026-08-13 17:56:47,654 - INFO - EMIT crude_orderflow_signal: NO TRADE | Entry Score 40
2026-08-13 17:56:47,655 - INFO - EMIT crude_orderflow_signal: PUT BUY ([SIM]) | None
2026-08-13 17:56:48,746 - INFO - EMIT crude_orderflow_signal: NO TRADE | Entry Score 40
2026-08-13 17:56:48,747 - INFO - EMIT crude_orderflow_signal: PUT BUY ([SIM]) | None
2026-08-13 17:56:49,840 - INFO - EMIT crude_orderflow_signal: NO TRADE | Entry Score 40
2026-08-13 17:56:49,841 - INFO - EMIT crude_orderflow_signal: PUT BUY ([SIM]) | None
2026-08-13 17:56:50,928 - INFO - EMIT crude_orderflow_signal: NO TRADE | Entry Score 40
2026-08-13 17:56:50,929 - INFO - EMIT crude_orderflow_signal: PUT BUY ([SIM]) | None
2026-08-13 17:56:52,030 - INFO - EMIT crude_orderflow_signal: NO TRADE | Entry Score 40
2026-08-13 17:56:52,031 - INFO - EMIT crude_orderflow_signal: PUT BUY ([SIM]) | None
2026-08-13 17:56:53,121 - INFO - EMIT crude_orderflow_signal: NO TRADE | Entry Score 40
2026-08-13 17:56:53,121 - INFO - EMIT crude_orderflow_signal: PUT BUY ([SIM]) | None
2026-08-13 17:56:54,208 - INFO - EMIT crude_orderflow_signal: NO TRADE | Entry Score 40
2026-08-13 17:56:54,208 - INFO - EMIT crude_orderflow_signal: PUT BUY ([SIM]) | None
2026-08-13 17:56:55,301 - INFO - EMIT crude_orderflow_signal: NO TRADE | Entry Score 40
2026-08-13 17:56:55,302 - INFO - EMIT crude_orderflow_signal: PUT BUY ([SIM]) | None
2026-08-13 17:56:56,134 - INFO - EMIT crude_orderflow_signal: NO TRADE | Entry Score 40
2026-08-13 17:56:56,401 - INFO - EMIT crude_orderflow_signal: NO TRADE | Entry Score 40
2026-08-13 17:56:56,401 - INFO - EMIT crude_orderflow_signal: PUT BUY ([SIM]) | None
2026-08-13 17:56:57,541 - INFO - EMIT crude_orderflow_signal: NO TRADE | Entry Score 40
2026-08-13 17:56:57,571 - INFO - EMIT crude_orderflow_signal: PUT BUY ([SIM]) | None
2026-08-13 17:56:58,664 - INFO - EMIT crude_orderflow_signal: NO TRADE | Entry Score 40
2026-08-13 17:56:58,664 - INFO - EMIT crude_orderflow_signal: PUT BUY ([SIM]) | None
2026-08-13 17:56:59,753 - INFO - EMIT crude_orderflow_signal: NO TRADE | Entry Score 40
2026-08-13 17:56:59,754 - INFO - EMIT crude_orderflow_signal: PUT BUY ([SIM]) | None
2026-08-13 17:57:00,841 - INFO - EMIT crude_orderflow_signal: NO TRADE | Entry Score 40
2026-08-13 17:57:00,841 - INFO - EMIT crude_orderflow_signal: PUT BUY ([SIM]) | None
2026-08-13 17:57:01,932 - INFO - EMIT crude_orderflow_signal: NO TRADE | Entry Score 40
2026-08-13 17:57:01,933 - INFO - EMIT crude_orderflow_signal: PUT BUY ([SIM]) | None
2026-08-13 17:57:03,028 - INFO - EMIT crude_orderflow_signal: NO TRADE | Entry Score 40
2026-08-13 17:57:03,028 - INFO - EMIT crude_orderflow_signal: PUT BUY ([SIM]) | None
2026-08-13 17:57:04,114 - INFO - EMIT crude_orderflow_signal: NO TRADE | Entry Score 40
2026-08-13 17:57:04,115 - INFO - EMIT crude_orderflow_signal: PUT BUY ([SIM]) | None
2026-08-13 17:57:05,209 - INFO - EMIT crude_orderflow_signal: NO TRADE | Entry Score 40
2026-08-13 17:57:05,210 - INFO - EMIT crude_orderflow_signal: PUT BUY ([SIM]) | None
2026-08-13 17:57:06,311 - INFO - EMIT crude_orderflow_signal: NO TRADE | Entry Score 40
2026-08-13 17:57:06,311 - INFO - EMIT crude_orderflow_signal: PUT BUY ([SIM]) | None
2026-08-13 17:57:07,448 - INFO - EMIT crude_orderflow_signal: NO TRADE | Entry Score 40
2026-08-13 17:57:07,448 - INFO - EMIT crude_orderflow_signal: PUT BUY ([SIM]) | None
2026-08-13 17:57:08,547 - INFO - EMIT crude_orderflow_signal: NO TRADE | Entry Score 40
2026-08-13 17:57:08,547 - INFO - EMIT crude_orderflow_signal: PUT BUY ([SIM]) | None
2026-08-13 17:57:09,641 - INFO - EMIT crude_orderflow_signal: NO TRADE | Entry Score 40
2026-08-13 17:57:09,643 - INFO - EMIT crude_orderflow_signal: PUT BUY ([SIM]) | None
2026-08-13 17:57:10,741 - INFO - EMIT crude_orderflow_signal: NO TRADE | Entry Score 40
2026-08-13 17:57:10,742 - INFO - EMIT crude_orderflow_signal: PUT BUY ([SIM]) | None
2026-08-13 17:57:11,857 - INFO - EMIT crude_orderflow_signal: NO TRADE | Entry Score 40
2026-08-13 17:57:11,858 - INFO - EMIT crude_orderflow_signal: PUT BUY ([SIM]) | None
2026-08-13 17:57:12,946 - INFO - EMIT crude_orderflow_signal: NO TRADE | Entry Score 40
2026-08-13 17:57:12,947 - INFO - EMIT crude_orderflow_signal: PUT BUY ([SIM]) | None
2026-08-13 17:57:14,032 - INFO - EMIT crude_orderflow_signal: NO TRADE | Entry Score 40
2026-08-13 17:57:14,033 - INFO - EMIT crude_orderflow_signal: PUT BUY ([SIM]) | None
2026-08-13 17:57:15,118 - INFO - EMIT crude_orderflow_signal: NO TRADE | Entry Score 40
2026-08-13 17:57:15,118 - INFO - EMIT crude_orderflow_signal: PUT BUY ([SIM]) | None
2026-08-13 17:57:16,211 - INFO - EMIT crude_orderflow_signal: NO TRADE | Entry Score 40
2026-08-13 17:57:16,213 - INFO - EMIT crude_orderflow_signal: PUT BUY ([SIM]) | None
2026-08-13 17:57:17,297 - INFO - EMIT crude_orderflow_signal: NO TRADE | Entry Score 40
2026-08-13 17:57:17,297 - INFO - EMIT crude_orderflow_signal: PUT BUY ([SIM]) | None
2026-08-13 17:57:18,383 - INFO - EMIT crude_orderflow_signal: NO TRADE | Entry Score 40
2026-08-13 17:57:18,383 - INFO - EMIT crude_orderflow_signal: PUT BUY ([SIM]) | None
2026-08-13 17:57:19,499 - INFO - EMIT crude_orderflow_signal: NO TRADE | Entry Score 40
2026-08-13 17:57:19,499 - INFO - EMIT crude_orderflow_signal: PUT BUY ([SIM]) | None
2026-08-13 17:57:20,623 - INFO - EMIT crude_orderflow_signal: NO TRADE | Entry Score 40
2026-08-13 17:57:20,623 - INFO - EMIT crude_orderflow_signal: PUT BUY ([SIM]) | None
2026-08-13 17:57:21,717 - INFO - EMIT crude_orderflow_signal: NO TRADE | Entry Score 40
2026-08-13 17:57:21,718 - INFO - EMIT crude_orderflow_signal: PUT BUY ([SIM]) | None
2026-08-13 17:57:22,814 - INFO - EMIT crude_orderflow_signal: NO TRADE | Entry Score 40
2026-08-13 17:57:22,815 - INFO - EMIT crude_orderflow_signal: PUT BUY ([SIM]) | None
2026-08-13 17:57:23,916 - INFO - EMIT crude_orderflow_signal: NO TRADE | Entry Score 40
2026-08-13 17:57:23,916 - INFO - EMIT crude_orderflow_signal: PUT BUY ([SIM]) | None
2026-08-13 17:57:25,011 - INFO - EMIT crude_orderflow_signal: NO TRADE | Entry Score 40
2026-08-13 17:57:25,012 - INFO - EMIT crude_orderflow_signal: PUT BUY ([SIM]) | None
2026-08-13 17:57:26,105 - INFO - EMIT crude_orderflow_signal: NO TRADE | Entry Score 40
2026-08-13 17:57:26,105 - INFO - EMIT crude_orderflow_signal: PUT BUY ([SIM]) | None
2026-08-13 17:57:27,277 - INFO - EMIT crude_orderflow_signal: NO TRADE | Entry Score 40
2026-08-13 17:57:27,278 - INFO - EMIT crude_orderflow_signal: PUT BUY ([SIM]) | None
2026-08-13 17:57:28,382 - INFO - EMIT crude_orderflow_signal: NO TRADE | Entry Score 40
2026-08-13 17:57:28,386 - INFO - EMIT crude_orderflow_signal: PUT BUY ([SIM]) | None
2026-08-13 17:57:29,481 - INFO - EMIT crude_orderflow_signal: NO TRADE | Entry Score 40
2026-08-13 17:57:29,482 - INFO - EMIT crude_orderflow_signal: PUT BUY ([SIM]) | None
2026-08-13 17:57:30,586 - INFO - EMIT crude_orderflow_signal: NO TRADE | Entry Score 40
2026-08-13 17:57:30,587 - INFO - EMIT crude_orderflow_signal: PUT BUY ([SIM]) | None
2026-08-13 17:57:31,677 - INFO - EMIT crude_orderflow_signal: NO TRADE | Entry Score 40
2026-08-13 17:57:31,677 - INFO - EMIT crude_orderflow_signal: PUT BUY ([SIM]) | None
2026-08-13 17:57:32,770 - INFO - EMIT crude_orderflow_signal: NO TRADE | Entry Score 40
2026-08-13 17:57:32,770 - INFO - EMIT crude_orderflow_signal: PUT BUY ([SIM]) | None
2026-08-13 17:57:33,853 - INFO - EMIT crude_orderflow_signal: NO TRADE | Entry Score 40
2026-08-13 17:57:33,853 - INFO - EMIT crude_orderflow_signal: PUT BUY ([SIM]) | None
2026-08-13 17:57:34,938 - INFO - EMIT crude_orderflow_signal: NO TRADE | Entry Score 40
2026-08-13 17:57:34,938 - INFO - EMIT crude_orderflow_signal: PUT BUY ([SIM]) | None
2026-08-13 17:57:36,023 - INFO - EMIT crude_orderflow_signal: NO TRADE | Entry Score 40
2026-08-13 17:57:36,024 - INFO - EMIT crude_orderflow_signal: PUT BUY ([SIM]) | None
2026-08-13 17:57:37,149 - INFO - EMIT crude_orderflow_signal: NO TRADE | Entry Score 40
2026-08-13 17:57:37,150 - INFO - EMIT crude_orderflow_signal: PUT BUY ([SIM]) | None
2026-08-13 17:57:38,231 - INFO - EMIT crude_orderflow_signal: NO TRADE | Entry Score 40
2026-08-13 17:57:38,232 - INFO - EMIT crude_orderflow_signal: PUT BUY ([SIM]) | None
2026-08-13 17:57:39,326 - INFO - EMIT crude_orderflow_signal: NO TRADE | Entry Score 40
2026-08-13 17:57:39,327 - INFO - EMIT crude_orderflow_signal: PUT BUY ([SIM]) | None
2026-08-13 17:57:40,412 - INFO - EMIT crude_orderflow_signal: NO TRADE | Entry Score 40
2026-08-13 17:57:40,413 - INFO - EMIT crude_orderflow_signal: PUT BUY ([SIM]) | None
2026-08-13 17:57:41,506 - INFO - EMIT crude_orderflow_signal: NO TRADE | Entry Score 40
2026-08-13 17:57:41,508 - INFO - EMIT crude_orderflow_signal: PUT BUY ([SIM]) | None
2026-08-13 17:57:42,595 - INFO - EMIT crude_orderflow_signal: NO TRADE | Entry Score 40
2026-08-13 17:57:42,596 - INFO - EMIT crude_orderflow_signal: PUT BUY ([SIM]) | None
2026-08-13 17:57:43,687 - INFO - EMIT crude_orderflow_signal: NO TRADE | Entry Score 40
2026-08-13 17:57:43,688 - INFO - EMIT crude_orderflow_signal: PUT BUY ([SIM]) | None
2026-08-13 17:57:44,788 - INFO - EMIT crude_orderflow_signal: NO TRADE | Entry Score 40
2026-08-13 17:57:44,790 - INFO - EMIT crude_orderflow_signal: PUT BUY ([SIM]) | None
2026-08-13 17:57:45,881 - INFO - EMIT crude_orderflow_signal: NO TRADE | Entry Score 40
2026-08-13 17:57:45,881 - INFO - EMIT crude_orderflow_signal: PUT BUY ([SIM]) | None
2026-08-13 17:57:46,974 - INFO - EMIT crude_orderflow_signal: NO TRADE | Entry Score 40
2026-08-13 17:57:46,975 - INFO - EMIT crude_orderflow_signal: PUT BUY ([SIM]) | None
2026-08-13 17:57:48,070 - INFO - EMIT crude_orderflow_signal: NO TRADE | Entry Score 40
2026-08-13 17:57:48,071 - INFO - EMIT crude_orderflow_signal: PUT BUY ([SIM]) | None
2026-08-13 17:57:49,191 - INFO - EMIT crude_orderflow_signal: NO TRADE | Entry Score 40
2026-08-13 17:57:49,191 - INFO - EMIT crude_orderflow_signal: PUT BUY ([SIM]) | None
2026-08-13 17:57:50,282 - INFO - EMIT crude_orderflow_signal: NO TRADE | Entry Score 40
2026-08-13 17:57:50,283 - INFO - EMIT crude_orderflow_signal: PUT BUY ([SIM]) | None
2026-08-13 17:57:51,374 - INFO - EMIT crude_orderflow_signal: NO TRADE | Entry Score 40
2026-08-13 17:57:51,375 - INFO - EMIT crude_orderflow_signal: PUT BUY ([SIM]) | None
2026-08-13 17:57:52,481 - INFO - EMIT crude_orderflow_signal: NO TRADE | Entry Score 40
2026-08-13 17:57:52,482 - INFO - EMIT crude_orderflow_signal: PUT BUY ([SIM]) | None
2026-08-13 17:57:53,571 - INFO - EMIT crude_orderflow_signal: NO TRADE | Entry Score 40
2026-08-13 17:57:53,571 - INFO - EMIT crude_orderflow_signal: PUT BUY ([SIM]) | None
2026-08-13 17:57:54,664 - INFO - EMIT crude_orderflow_signal: NO TRADE | Entry Score 40
2026-08-13 17:57:54,665 - INFO - EMIT crude_orderflow_signal: PUT BUY ([SIM]) | None
2026-08-13 17:57:55,754 - INFO - EMIT crude_orderflow_signal: NO TRADE | Entry Score 40
2026-08-13 17:57:55,755 - INFO - EMIT crude_orderflow_signal: PUT BUY ([SIM]) | None
2026-08-13 17:57:56,136 - INFO - EMIT crude_orderflow_signal: NO TRADE | Entry Score 40
2026-08-13 17:57:56,848 - INFO - EMIT crude_orderflow_signal: NO TRADE | Entry Score 40
2026-08-13 17:57:56,849 - INFO - EMIT crude_orderflow_signal: PUT BUY ([SIM]) | None
2026-08-13 17:57:57,976 - INFO - EMIT crude_orderflow_signal: NO TRADE | Entry Score 40
2026-08-13 17:57:57,977 - INFO - EMIT crude_orderflow_signal: PUT BUY ([SIM]) | None
2026-08-13 17:57:59,063 - INFO - EMIT crude_orderflow_signal: NO TRADE | Entry Score 40
2026-08-13 17:57:59,063 - INFO - EMIT crude_orderflow_signal: PUT BUY ([SIM]) | None
2026-08-13 17:58:00,151 - INFO - EMIT crude_orderflow_signal: NO TRADE | Entry Score 40
2026-08-13 17:58:00,152 - INFO - EMIT crude_orderflow_signal: PUT BUY ([SIM]) | None
2026-08-13 17:58:01,248 - INFO - EMIT crude_orderflow_signal: NO TRADE | Entry Score 40
2026-08-13 17:58:01,248 - INFO - EMIT crude_orderflow_signal: PUT BUY ([SIM]) | None
2026-08-13 17:58:02,341 - INFO - EMIT crude_orderflow_signal: NO TRADE | Entry Score 40
2026-08-13 17:58:02,341 - INFO - EMIT crude_orderflow_signal: PUT BUY ([SIM]) | None
2026-08-13 17:58:03,433 - INFO - EMIT crude_orderflow_signal: NO TRADE | Entry Score 40
2026-08-13 17:58:03,433 - INFO - EMIT crude_orderflow_signal: PUT BUY ([SIM]) | None
2026-08-13 17:58:04,524 - INFO - EMIT crude_orderflow_signal: NO TRADE | Entry Score 40
2026-08-13 17:58:04,525 - INFO - EMIT crude_orderflow_signal: PUT BUY ([SIM]) | None
2026-08-13 17:58:05,613 - INFO - EMIT crude_orderflow_signal: NO TRADE | Entry Score 40
2026-08-13 17:58:05,614 - INFO - EMIT crude_orderflow_signal: PUT BUY ([SIM]) | None
2026-08-13 17:58:06,703 - INFO - EMIT crude_orderflow_signal: NO TRADE | Entry Score 40
2026-08-13 17:58:06,703 - INFO - EMIT crude_orderflow_signal: PUT BUY ([SIM]) | None
2026-08-13 17:58:07,796 - INFO - EMIT crude_orderflow_signal: NO TRADE | Entry Score 40
2026-08-13 17:58:07,803 - INFO - EMIT crude_orderflow_signal: PUT BUY ([SIM]) | None
2026-08-13 17:58:08,901 - INFO - EMIT crude_orderflow_signal: NO TRADE | Entry Score 40
2026-08-13 17:58:08,901 - INFO - EMIT crude_orderflow_signal: PUT BUY ([SIM]) | None
2026-08-13 17:58:09,985 - INFO - EMIT crude_orderflow_signal: NO TRADE | Entry Score 40
2026-08-13 17:58:09,985 - INFO - EMIT crude_orderflow_signal: PUT BUY ([SIM]) | None
2026-08-13 17:58:11,075 - INFO - EMIT crude_orderflow_signal: NO TRADE | Entry Score 40
2026-08-13 17:58:11,076 - INFO - EMIT crude_orderflow_signal: PUT BUY ([SIM]) | None
2026-08-13 17:58:12,161 - INFO - EMIT crude_orderflow_signal: NO TRADE | Entry Score 40
2026-08-13 17:58:12,162 - INFO - EMIT crude_orderflow_signal: PUT BUY ([SIM]) | None
2026-08-13 17:58:13,254 - INFO - EMIT crude_orderflow_signal: NO TRADE | Entry Score 40
2026-08-13 17:58:13,255 - INFO - EMIT crude_orderflow_signal: PUT BUY ([SIM]) | None
2026-08-13 17:58:14,348 - INFO - EMIT crude_orderflow_signal: NO TRADE | Entry Score 40
2026-08-13 17:58:14,349 - INFO - EMIT crude_orderflow_signal: PUT BUY ([SIM]) | None
2026-08-13 17:58:15,432 - INFO - EMIT crude_orderflow_signal: NO TRADE | Entry Score 40
2026-08-13 17:58:15,432 - INFO - EMIT crude_orderflow_signal: PUT BUY ([SIM]) | None
2026-08-13 17:58:16,530 - INFO - EMIT crude_orderflow_signal: NO TRADE | Entry Score 40
2026-08-13 17:58:16,531 - INFO - EMIT crude_orderflow_signal: PUT BUY ([SIM]) | None
2026-08-13 17:58:17,625 - INFO - EMIT crude_orderflow_signal: NO TRADE | Entry Score 40
2026-08-13 17:58:17,627 - INFO - EMIT crude_orderflow_signal: PUT BUY ([SIM]) | None
2026-08-13 17:58:18,714 - INFO - EMIT crude_orderflow_signal: NO TRADE | Entry Score 40
2026-08-13 17:58:18,714 - INFO - EMIT crude_orderflow_signal: PUT BUY ([SIM]) | None
2026-08-13 17:58:19,809 - INFO - EMIT crude_orderflow_signal: NO TRADE | Entry Score 40
2026-08-13 17:58:19,810 - INFO - EMIT crude_orderflow_signal: PUT BUY ([SIM]) | None
2026-08-13 17:58:20,940 - INFO - EMIT crude_orderflow_signal: NO TRADE | Entry Score 40
2026-08-13 17:58:20,940 - INFO - EMIT crude_orderflow_signal: PUT BUY ([SIM]) | None
2026-08-13 17:58:22,059 - INFO - EMIT crude_orderflow_signal: NO TRADE | Entry Score 40
2026-08-13 17:58:22,059 - INFO - EMIT crude_orderflow_signal: PUT BUY ([SIM]) | None
2026-08-13 17:58:23,156 - INFO - EMIT crude_orderflow_signal: NO TRADE | Entry Score 40
2026-08-13 17:58:23,156 - INFO - EMIT crude_orderflow_signal: PUT BUY ([SIM]) | None
2026-08-13 17:58:24,260 - INFO - EMIT crude_orderflow_signal: NO TRADE | Entry Score 40
2026-08-13 17:58:24,260 - INFO - EMIT crude_orderflow_signal: PUT BUY ([SIM]) | None
2026-08-13 17:58:25,471 - INFO - EMIT crude_orderflow_signal: NO TRADE | Entry Score 40
2026-08-13 17:58:25,472 - INFO - EMIT crude_orderflow_signal: PUT BUY ([SIM]) | None
2026-08-13 17:58:26,577 - INFO - EMIT crude_orderflow_signal: NO TRADE | Entry Score 40
2026-08-13 17:58:26,577 - INFO - EMIT crude_orderflow_signal: PUT BUY ([SIM]) | None
2026-08-13 17:58:27,695 - INFO - EMIT crude_orderflow_signal: NO TRADE | Entry Score 40
2026-08-13 17:58:27,698 - INFO - EMIT crude_orderflow_signal: PUT BUY ([SIM]) | None
2026-08-13 17:58:28,804 - INFO - EMIT crude_orderflow_signal: NO TRADE | Entry Score 40
2026-08-13 17:58:28,805 - INFO - EMIT crude_orderflow_signal: PUT BUY ([SIM]) | None
2026-08-13 17:58:29,906 - INFO - EMIT crude_orderflow_signal: NO TRADE | Entry Score 40
2026-08-13 17:58:29,906 - INFO - EMIT crude_orderflow_signal: PUT BUY ([SIM]) | None
2026-08-13 17:58:31,028 - INFO - EMIT crude_orderflow_signal: NO TRADE | Entry Score 40
2026-08-13 17:58:31,029 - INFO - EMIT crude_orderflow_signal: PUT BUY ([SIM]) | None
2026-08-13 17:58:32,115 - INFO - EMIT crude_orderflow_signal: NO TRADE | Entry Score 40
2026-08-13 17:58:32,116 - INFO - EMIT crude_orderflow_signal: PUT BUY ([SIM]) | None
2026-08-13 17:58:33,216 - INFO - EMIT crude_orderflow_signal: NO TRADE | Entry Score 40
2026-08-13 17:58:33,217 - INFO - EMIT crude_orderflow_signal: PUT BUY ([SIM]) | None
2026-08-13 17:58:34,320 - INFO - EMIT crude_orderflow_signal: NO TRADE | Entry Score 40
2026-08-13 17:58:34,321 - INFO - EMIT crude_orderflow_signal: PUT BUY ([SIM]) | None
2026-08-13 17:58:35,427 - INFO - EMIT crude_orderflow_signal: NO TRADE | Entry Score 40
2026-08-13 17:58:35,428 - INFO - EMIT crude_orderflow_signal: PUT BUY ([SIM]) | None
2026-08-13 17:58:36,524 - INFO - EMIT crude_orderflow_signal: NO TRADE | Entry Score 40
2026-08-13 17:58:36,524 - INFO - EMIT crude_orderflow_signal: PUT BUY ([SIM]) | None
2026-08-13 17:58:37,640 - INFO - EMIT crude_orderflow_signal: NO TRADE | Entry Score 40
2026-08-13 17:58:37,641 - INFO - EMIT crude_orderflow_signal: PUT BUY ([SIM]) | None
2026-08-13 17:58:38,756 - INFO - EMIT crude_orderflow_signal: NO TRADE | Entry Score 40
2026-08-13 17:58:38,757 - INFO - EMIT crude_orderflow_signal: PUT BUY ([SIM]) | None
2026-08-13 17:58:39,848 - INFO - EMIT crude_orderflow_signal: NO TRADE | Entry Score 40
2026-08-13 17:58:39,849 - INFO - EMIT crude_orderflow_signal: PUT BUY ([SIM]) | None
2026-08-13 17:58:40,942 - INFO - EMIT crude_orderflow_signal: NO TRADE | Entry Score 40
2026-08-13 17:58:40,943 - INFO - EMIT crude_orderflow_signal: PUT BUY ([SIM]) | None
2026-08-13 17:58:42,043 - INFO - EMIT crude_orderflow_signal: NO TRADE | Entry Score 40
2026-08-13 17:58:42,044 - INFO - EMIT crude_orderflow_signal: PUT BUY ([SIM]) | None
2026-08-13 17:58:43,212 - INFO - EMIT crude_orderflow_signal: NO TRADE | Entry Score 40
2026-08-13 17:58:43,213 - INFO - EMIT crude_orderflow_signal: PUT BUY ([SIM]) | None
2026-08-13 17:58:44,317 - INFO - EMIT crude_orderflow_signal: NO TRADE | Entry Score 40
2026-08-13 17:58:44,318 - INFO - EMIT crude_orderflow_signal: PUT BUY ([SIM]) | None
2026-08-13 17:58:45,411 - INFO - EMIT crude_orderflow_signal: NO TRADE | Entry Score 40
2026-08-13 17:58:45,412 - INFO - EMIT crude_orderflow_signal: PUT BUY ([SIM]) | None
2026-08-13 17:58:46,504 - INFO - EMIT crude_orderflow_signal: NO TRADE | Entry Score 40
2026-08-13 17:58:46,505 - INFO - EMIT crude_orderflow_signal: PUT BUY ([SIM]) | None
2026-08-13 17:58:47,606 - INFO - EMIT crude_orderflow_signal: NO TRADE | Entry Score 40
2026-08-13 17:58:47,607 - INFO - EMIT crude_orderflow_signal: PUT BUY ([SIM]) | None
2026-08-13 17:58:48,713 - INFO - EMIT crude_orderflow_signal: NO TRADE | Entry Score 40
2026-08-13 17:58:48,714 - INFO - EMIT crude_orderflow_signal: PUT BUY ([SIM]) | None
2026-08-13 17:58:49,837 - INFO - EMIT crude_orderflow_signal: NO TRADE | Entry Score 40
2026-08-13 17:58:49,837 - INFO - EMIT crude_orderflow_signal: PUT BUY ([SIM]) | None
2026-08-13 17:58:50,937 - INFO - EMIT crude_orderflow_signal: NO TRADE | Entry Score 40
2026-08-13 17:58:50,937 - INFO - EMIT crude_orderflow_signal: PUT BUY ([SIM]) | None
2026-08-13 17:58:52,031 - INFO - EMIT crude_orderflow_signal: NO TRADE | Entry Score 40
2026-08-13 17:58:52,032 - INFO - EMIT crude_orderflow_signal: PUT BUY ([SIM]) | None
2026-08-13 17:58:53,126 - INFO - EMIT crude_orderflow_signal: NO TRADE | Entry Score 40
2026-08-13 17:58:53,127 - INFO - EMIT crude_orderflow_signal: PUT BUY ([SIM]) | None
2026-08-13 17:58:54,215 - INFO - EMIT crude_orderflow_signal: NO TRADE | Entry Score 40
2026-08-13 17:58:54,215 - INFO - EMIT crude_orderflow_signal: PUT BUY ([SIM]) | None
2026-08-13 17:58:55,311 - INFO - EMIT crude_orderflow_signal: NO TRADE | Entry Score 40
2026-08-13 17:58:55,312 - INFO - EMIT crude_orderflow_signal: PUT BUY ([SIM]) | None
2026-08-13 17:58:56,138 - INFO - EMIT crude_orderflow_signal: NO TRADE | Entry Score 40
2026-08-13 17:58:56,411 - INFO - EMIT crude_orderflow_signal: NO TRADE | Entry Score 40
2026-08-13 17:58:56,411 - INFO - EMIT crude_orderflow_signal: PUT BUY ([SIM]) | None
2026-08-13 17:58:57,514 - INFO - EMIT crude_orderflow_signal: NO TRADE | Entry Score 40
2026-08-13 17:58:57,515 - INFO - EMIT crude_orderflow_signal: PUT BUY ([SIM]) | None
2026-08-13 17:58:58,629 - INFO - EMIT crude_orderflow_signal: NO TRADE | Entry Score 40
2026-08-13 17:58:58,630 - INFO - EMIT crude_orderflow_signal: PUT BUY ([SIM]) | None
2026-08-13 17:58:59,723 - INFO - EMIT crude_orderflow_signal: NO TRADE | Entry Score 40
2026-08-13 17:58:59,724 - INFO - EMIT crude_orderflow_signal: PUT BUY ([SIM]) | None
2026-08-13 17:59:00,819 - INFO - EMIT crude_orderflow_signal: NO TRADE | Entry Score 40
2026-08-13 17:59:00,819 - INFO - EMIT crude_orderflow_signal: PUT BUY ([SIM]) | None
2026-08-13 17:59:01,926 - INFO - EMIT crude_orderflow_signal: NO TRADE | Entry Score 40
2026-08-13 17:59:01,928 - INFO - EMIT crude_orderflow_signal: PUT BUY ([SIM]) | None
2026-08-13 17:59:03,043 - INFO - EMIT crude_orderflow_signal: NO TRADE | Entry Score 40
2026-08-13 17:59:03,048 - INFO - EMIT crude_orderflow_signal: PUT BUY ([SIM]) | None
2026-08-13 17:59:04,188 - INFO - EMIT crude_orderflow_signal: NO TRADE | Entry Score 40
2026-08-13 17:59:04,189 - INFO - EMIT crude_orderflow_signal: PUT BUY ([SIM]) | None
2026-08-13 17:59:05,323 - INFO - EMIT crude_orderflow_signal: NO TRADE | Entry Score 40
2026-08-13 17:59:05,323 - INFO - EMIT crude_orderflow_signal: PUT BUY ([SIM]) | None
2026-08-13 17:59:06,439 - INFO - EMIT crude_orderflow_signal: NO TRADE | Entry Score 40
2026-08-13 17:59:06,440 - INFO - EMIT crude_orderflow_signal: PUT BUY ([SIM]) | None
2026-08-13 17:59:07,617 - INFO - EMIT crude_orderflow_signal: NO TRADE | Entry Score 40
2026-08-13 17:59:07,617 - INFO - EMIT crude_orderflow_signal: PUT BUY ([SIM]) | None
2026-08-13 17:59:08,743 - INFO - EMIT crude_orderflow_signal: NO TRADE | Entry Score 40
2026-08-13 17:59:08,743 - INFO - EMIT crude_orderflow_signal: PUT BUY ([SIM]) | None
2026-08-13 17:59:09,899 - INFO - EMIT crude_orderflow_signal: NO TRADE | Entry Score 40
2026-08-13 17:59:09,899 - INFO - EMIT crude_orderflow_signal: PUT BUY ([SIM]) | None
2026-08-13 17:59:11,024 - INFO - EMIT crude_orderflow_signal: NO TRADE | Entry Score 40
2026-08-13 17:59:11,025 - INFO - EMIT crude_orderflow_signal: PUT BUY ([SIM]) | None
2026-08-13 17:59:12,149 - INFO - EMIT crude_orderflow_signal: NO TRADE | Entry Score 40
2026-08-13 17:59:12,151 - INFO - EMIT crude_orderflow_signal: PUT BUY ([SIM]) | None
2026-08-13 17:59:13,282 - INFO - EMIT crude_orderflow_signal: NO TRADE | Entry Score 40
2026-08-13 17:59:13,283 - INFO - EMIT crude_orderflow_signal: PUT BUY ([SIM]) | None
2026-08-13 17:59:14,412 - INFO - EMIT crude_orderflow_signal: NO TRADE | Entry Score 40
2026-08-13 17:59:14,412 - INFO - EMIT crude_orderflow_signal: PUT BUY ([SIM]) | None
2026-08-13 17:59:15,561 - INFO - EMIT crude_orderflow_signal: NO TRADE | Entry Score 40
2026-08-13 17:59:15,562 - INFO - EMIT crude_orderflow_signal: PUT BUY ([SIM]) | None
2026-08-13 17:59:16,885 - INFO - EMIT crude_orderflow_signal: NO TRADE | Entry Score 40
2026-08-13 17:59:16,886 - INFO - EMIT crude_orderflow_signal: PUT BUY ([SIM]) | None
2026-08-13 17:59:17,997 - INFO - EMIT crude_orderflow_signal: NO TRADE | Entry Score 40
2026-08-13 17:59:17,998 - INFO - EMIT crude_orderflow_signal: PUT BUY ([SIM]) | None
2026-08-13 17:59:19,118 - INFO - EMIT crude_orderflow_signal: NO TRADE | Entry Score 40
2026-08-13 17:59:19,118 - INFO - EMIT crude_orderflow_signal: PUT BUY ([SIM]) | None
2026-08-13 17:59:20,243 - INFO - EMIT crude_orderflow_signal: NO TRADE | Entry Score 40
2026-08-13 17:59:20,244 - INFO - EMIT crude_orderflow_signal: PUT BUY ([SIM]) | None
2026-08-13 17:59:21,448 - INFO - EMIT crude_orderflow_signal: NO TRADE | Entry Score 40
2026-08-13 17:59:21,480 - INFO - EMIT crude_orderflow_signal: PUT BUY ([SIM]) | None
2026-08-13 17:59:22,618 - INFO - EMIT crude_orderflow_signal: NO TRADE | Entry Score 40
2026-08-13 17:59:22,618 - INFO - EMIT crude_orderflow_signal: PUT BUY ([SIM]) | None
2026-08-13 17:59:23,751 - INFO - EMIT crude_orderflow_signal: NO TRADE | Entry Score 40
2026-08-13 17:59:23,752 - INFO - EMIT crude_orderflow_signal: PUT BUY ([SIM]) | None
2026-08-13 17:59:24,885 - INFO - EMIT crude_orderflow_signal: NO TRADE | Entry Score 40
2026-08-13 17:59:24,886 - INFO - EMIT crude_orderflow_signal: PUT BUY ([SIM]) | None
2026-08-13 17:59:26,008 - INFO - EMIT crude_orderflow_signal: NO TRADE | Entry Score 40
2026-08-13 17:59:26,008 - INFO - EMIT crude_orderflow_signal: PUT BUY ([SIM]) | None
2026-08-13 17:59:27,119 - INFO - EMIT crude_orderflow_signal: NO TRADE | Entry Score 40
2026-08-13 17:59:27,120 - INFO - EMIT crude_orderflow_signal: PUT BUY ([SIM]) | None
2026-08-13 17:59:28,362 - INFO - EMIT crude_orderflow_signal: NO TRADE | Entry Score 40
2026-08-13 17:59:28,363 - INFO - EMIT crude_orderflow_signal: PUT BUY ([SIM]) | None
2026-08-13 17:59:29,511 - INFO - EMIT crude_orderflow_signal: NO TRADE | Entry Score 40
2026-08-13 17:59:29,512 - INFO - EMIT crude_orderflow_signal: PUT BUY ([SIM]) | None
2026-08-13 17:59:30,611 - INFO - EMIT crude_orderflow_signal: NO TRADE | Entry Score 40
2026-08-13 17:59:30,611 - INFO - EMIT crude_orderflow_signal: PUT BUY ([SIM]) | None
2026-08-13 17:59:31,713 - INFO - EMIT crude_orderflow_signal: NO TRADE | Entry Score 40
2026-08-13 17:59:31,714 - INFO - EMIT crude_orderflow_signal: PUT BUY ([SIM]) | None
2026-08-13 17:59:32,820 - INFO - EMIT crude_orderflow_signal: NO TRADE | Entry Score 40
2026-08-13 17:59:32,821 - INFO - EMIT crude_orderflow_signal: PUT BUY ([SIM]) | None
2026-08-13 17:59:33,941 - INFO - EMIT crude_orderflow_signal: NO TRADE | Entry Score 40
2026-08-13 17:59:33,941 - INFO - EMIT crude_orderflow_signal: PUT BUY ([SIM]) | None
2026-08-13 17:59:35,056 - INFO - EMIT crude_orderflow_signal: NO TRADE | Entry Score 40
2026-08-13 17:59:35,057 - INFO - EMIT crude_orderflow_signal: PUT BUY ([SIM]) | None
2026-08-13 17:59:36,175 - INFO - EMIT crude_orderflow_signal: NO TRADE | Entry Score 40
2026-08-13 17:59:36,176 - INFO - EMIT crude_orderflow_signal: PUT BUY ([SIM]) | None
2026-08-13 17:59:37,317 - INFO - EMIT crude_orderflow_signal: NO TRADE | Entry Score 40
2026-08-13 17:59:37,318 - INFO - EMIT crude_orderflow_signal: PUT BUY ([SIM]) | None
2026-08-13 17:59:38,433 - INFO - EMIT crude_orderflow_signal: NO TRADE | Entry Score 40
2026-08-13 17:59:38,433 - INFO - EMIT crude_orderflow_signal: PUT BUY ([SIM]) | None
2026-08-13 17:59:39,539 - INFO - EMIT crude_orderflow_signal: NO TRADE | Entry Score 40
2026-08-13 17:59:39,539 - INFO - EMIT crude_orderflow_signal: PUT BUY ([SIM]) | None
2026-08-13 17:59:40,649 - INFO - EMIT crude_orderflow_signal: NO TRADE | Entry Score 40
2026-08-13 17:59:40,650 - INFO - EMIT crude_orderflow_signal: PUT BUY ([SIM]) | None
2026-08-13 17:59:41,751 - INFO - EMIT crude_orderflow_signal: NO TRADE | Entry Score 40
2026-08-13 17:59:41,751 - INFO - EMIT crude_orderflow_signal: PUT BUY ([SIM]) | None
2026-08-13 17:59:42,861 - INFO - EMIT crude_orderflow_signal: NO TRADE | Entry Score 40
2026-08-13 17:59:42,863 - INFO - EMIT crude_orderflow_signal: PUT BUY ([SIM]) | None
2026-08-13 17:59:43,962 - INFO - EMIT crude_orderflow_signal: NO TRADE | Entry Score 40
2026-08-13 17:59:43,962 - INFO - EMIT crude_orderflow_signal: PUT BUY ([SIM]) | None
2026-08-13 17:59:45,096 - INFO - EMIT crude_orderflow_signal: NO TRADE | Entry Score 40
2026-08-13 17:59:45,096 - INFO - EMIT crude_orderflow_signal: PUT BUY ([SIM]) | None
2026-08-13 17:59:46,224 - INFO - EMIT crude_orderflow_signal: NO TRADE | Entry Score 40
2026-08-13 17:59:46,224 - INFO - EMIT crude_orderflow_signal: PUT BUY ([SIM]) | None
2026-08-13 17:59:47,360 - INFO - EMIT crude_orderflow_signal: NO TRADE | Entry Score 40
2026-08-13 17:59:47,361 - INFO - EMIT crude_orderflow_signal: PUT BUY ([SIM]) | None
2026-08-13 17:59:48,482 - INFO - EMIT crude_orderflow_signal: NO TRADE | Entry Score 40
2026-08-13 17:59:48,482 - INFO - EMIT crude_orderflow_signal: PUT BUY ([SIM]) | None
2026-08-13 17:59:49,614 - INFO - EMIT crude_orderflow_signal: NO TRADE | Entry Score 40
2026-08-13 17:59:49,615 - INFO - EMIT crude_orderflow_signal: PUT BUY ([SIM]) | None
2026-08-13 17:59:50,720 - INFO - EMIT crude_orderflow_signal: NO TRADE | Entry Score 40
2026-08-13 17:59:50,721 - INFO - EMIT crude_orderflow_signal: PUT BUY ([SIM]) | None
2026-08-13 17:59:51,814 - INFO - EMIT crude_orderflow_signal: NO TRADE | Entry Score 40
2026-08-13 17:59:51,814 - INFO - EMIT crude_orderflow_signal: PUT BUY ([SIM]) | None
2026-08-13 17:59:52,918 - INFO - EMIT crude_orderflow_signal: NO TRADE | Entry Score 40
2026-08-13 17:59:52,919 - INFO - EMIT crude_orderflow_signal: PUT BUY ([SIM]) | None
2026-08-13 17:59:54,019 - INFO - EMIT crude_orderflow_signal: NO TRADE | Entry Score 40
2026-08-13 17:59:54,021 - INFO - EMIT crude_orderflow_signal: PUT BUY ([SIM]) | None
2026-08-13 17:59:55,122 - INFO - EMIT crude_orderflow_signal: NO TRADE | Entry Score 40
2026-08-13 17:59:55,123 - INFO - EMIT crude_orderflow_signal: PUT BUY ([SIM]) | None
2026-08-13 17:59:56,224 - INFO - EMIT crude_orderflow_signal: NO TRADE | Entry Score 40
2026-08-13 17:59:56,225 - INFO - EMIT crude_orderflow_signal: PUT BUY ([SIM]) | None
2026-08-13 17:59:56,225 - INFO - EMIT crude_orderflow_signal: NO TRADE | Entry Score 40
2026-08-13 17:59:57,475 - INFO - EMIT crude_orderflow_signal: NO TRADE | Entry Score 40
2026-08-13 17:59:57,475 - INFO - EMIT crude_orderflow_signal: PUT BUY ([SIM]) | None
2026-08-13 17:59:58,581 - INFO - EMIT crude_orderflow_signal: NO TRADE | Entry Score 40
2026-08-13 17:59:58,583 - INFO - EMIT crude_orderflow_signal: PUT BUY ([SIM]) | None
2026-08-13 17:59:59,681 - INFO - EMIT crude_orderflow_signal: NO TRADE | Entry Score 40
2026-08-13 17:59:59,682 - INFO - EMIT crude_orderflow_signal: PUT BUY ([SIM]) | None
2026-08-13 18:00:00,803 - INFO - EMIT crude_orderflow_signal: NO TRADE | Entry Score 40
2026-08-13 18:00:00,803 - INFO - EMIT crude_orderflow_signal: PUT BUY ([SIM]) | None
2026-08-13 18:00:01,918 - INFO - EMIT crude_orderflow_signal: NO TRADE | Entry Score 40
2026-08-13 18:00:01,919 - INFO - EMIT crude_orderflow_signal: PUT BUY ([SIM]) | None
2026-08-13 18:00:03,021 - INFO - EMIT crude_orderflow_signal: NO TRADE | Entry Score 40
2026-08-13 18:00:03,022 - INFO - EMIT crude_orderflow_signal: PUT BUY ([SIM]) | None
2026-08-13 18:00:04,113 - INFO - EMIT crude_orderflow_signal: NO TRADE | Entry Score 40
2026-08-13 18:00:04,114 - INFO - EMIT crude_orderflow_signal: PUT BUY ([SIM]) | None
2026-08-13 18:00:05,209 - INFO - EMIT crude_orderflow_signal: NO TRADE | Entry Score 40
2026-08-13 18:00:05,209 - INFO - EMIT crude_orderflow_signal: PUT BUY ([SIM]) | None
2026-08-13 18:00:06,301 - INFO - EMIT crude_orderflow_signal: NO TRADE | Entry Score 40
2026-08-13 18:00:06,301 - INFO - EMIT crude_orderflow_signal: PUT BUY ([SIM]) | None
2026-08-13 18:00:07,414 - INFO - EMIT crude_orderflow_signal: NO TRADE | Entry Score 40
2026-08-13 18:00:07,415 - INFO - EMIT crude_orderflow_signal: PUT BUY ([SIM]) | None
2026-08-13 18:00:08,544 - INFO - EMIT crude_orderflow_signal: NO TRADE | Entry Score 40
2026-08-13 18:00:08,545 - INFO - EMIT crude_orderflow_signal: PUT BUY ([SIM]) | None
2026-08-13 18:00:09,739 - INFO - EMIT crude_orderflow_signal: NO TRADE | Entry Score 40
2026-08-13 18:00:09,739 - INFO - EMIT crude_orderflow_signal: PUT BUY ([SIM]) | None
2026-08-13 18:00:10,831 - INFO - EMIT crude_orderflow_signal: NO TRADE | Entry Score 40
2026-08-13 18:00:10,833 - INFO - EMIT crude_orderflow_signal: PUT BUY ([SIM]) | None
2026-08-13 18:00:11,937 - INFO - EMIT crude_orderflow_signal: NO TRADE | Entry Score 40
2026-08-13 18:00:11,937 - INFO - EMIT crude_orderflow_signal: PUT BUY ([SIM]) | None
2026-08-13 18:00:13,033 - INFO - EMIT crude_orderflow_signal: NO TRADE | Entry Score 40
2026-08-13 18:00:13,033 - INFO - EMIT crude_orderflow_signal: PUT BUY ([SIM]) | None
2026-08-13 18:00:14,124 - INFO - EMIT crude_orderflow_signal: NO TRADE | Entry Score 40
2026-08-13 18:00:14,124 - INFO - EMIT crude_orderflow_signal: PUT BUY ([SIM]) | None
2026-08-13 18:00:15,212 - INFO - EMIT crude_orderflow_signal: NO TRADE | Entry Score 40
2026-08-13 18:00:15,213 - INFO - EMIT crude_orderflow_signal: PUT BUY ([SIM]) | None
2026-08-13 18:00:16,304 - INFO - EMIT crude_orderflow_signal: NO TRADE | Entry Score 40
2026-08-13 18:00:16,304 - INFO - EMIT crude_orderflow_signal: PUT BUY ([SIM]) | None
2026-08-13 18:00:17,383 - INFO - EMIT crude_orderflow_signal: NO TRADE | Entry Score 40
2026-08-13 18:00:17,383 - INFO - EMIT crude_orderflow_signal: PUT BUY ([SIM]) | None
2026-08-13 18:00:18,482 - INFO - EMIT crude_orderflow_signal: NO TRADE | Entry Score 40
2026-08-13 18:00:18,482 - INFO - EMIT crude_orderflow_signal: PUT BUY ([SIM]) | None
2026-08-13 18:00:19,571 - INFO - EMIT crude_orderflow_signal: NO TRADE | Entry Score 40
2026-08-13 18:00:19,572 - INFO - EMIT crude_orderflow_signal: PUT BUY ([SIM]) | None
2026-08-13 18:00:20,661 - INFO - EMIT crude_orderflow_signal: NO TRADE | Entry Score 40
2026-08-13 18:00:20,661 - INFO - EMIT crude_orderflow_signal: PUT BUY ([SIM]) | None
2026-08-13 18:00:21,747 - INFO - EMIT crude_orderflow_signal: NO TRADE | Entry Score 40
2026-08-13 18:00:21,747 - INFO - EMIT crude_orderflow_signal: PUT BUY ([SIM]) | None
2026-08-13 18:00:22,837 - INFO - EMIT crude_orderflow_signal: NO TRADE | Entry Score 40
2026-08-13 18:00:22,837 - INFO - EMIT crude_orderflow_signal: PUT BUY ([SIM]) | None
2026-08-13 18:00:23,942 - INFO - EMIT crude_orderflow_signal: NO TRADE | Entry Score 40
2026-08-13 18:00:23,943 - INFO - EMIT crude_orderflow_signal: PUT BUY ([SIM]) | None
2026-08-13 18:00:25,034 - INFO - EMIT crude_orderflow_signal: NO TRADE | Entry Score 40
2026-08-13 18:00:25,034 - INFO - EMIT crude_orderflow_signal: PUT BUY ([SIM]) | None
2026-08-13 18:00:26,126 - INFO - EMIT crude_orderflow_signal: NO TRADE | Entry Score 40
2026-08-13 18:00:26,126 - INFO - EMIT crude_orderflow_signal: PUT BUY ([SIM]) | None
2026-08-13 18:00:27,224 - INFO - EMIT crude_orderflow_signal: NO TRADE | Entry Score 40
2026-08-13 18:00:27,224 - INFO - EMIT crude_orderflow_signal: PUT BUY ([SIM]) | None
2026-08-13 18:00:28,313 - INFO - EMIT crude_orderflow_signal: NO TRADE | Entry Score 40
2026-08-13 18:00:28,314 - INFO - EMIT crude_orderflow_signal: PUT BUY ([SIM]) | None
2026-08-13 18:00:29,406 - INFO - EMIT crude_orderflow_signal: NO TRADE | Entry Score 40
2026-08-13 18:00:29,406 - INFO - EMIT crude_orderflow_signal: PUT BUY ([SIM]) | None
2026-08-13 18:00:30,522 - INFO - EMIT crude_orderflow_signal: NO TRADE | Entry Score 40
2026-08-13 18:00:30,523 - INFO - EMIT crude_orderflow_signal: PUT BUY ([SIM]) | None
2026-08-13 18:00:31,624 - INFO - EMIT crude_orderflow_signal: NO TRADE | Entry Score 40
2026-08-13 18:00:31,625 - INFO - EMIT crude_orderflow_signal: PUT BUY ([SIM]) | None
2026-08-13 18:00:32,725 - INFO - EMIT crude_orderflow_signal: NO TRADE | Entry Score 40
2026-08-13 18:00:32,726 - INFO - EMIT crude_orderflow_signal: PUT BUY ([SIM]) | None
2026-08-13 18:00:33,832 - INFO - EMIT crude_orderflow_signal: NO TRADE | Entry Score 40
2026-08-13 18:00:33,832 - INFO - EMIT crude_orderflow_signal: PUT BUY ([SIM]) | None
2026-08-13 18:00:34,934 - INFO - EMIT crude_orderflow_signal: NO TRADE | Entry Score 40
2026-08-13 18:00:34,934 - INFO - EMIT crude_orderflow_signal: PUT BUY ([SIM]) | None
2026-08-13 18:00:36,036 - INFO - EMIT crude_orderflow_signal: NO TRADE | Entry Score 40
2026-08-13 18:00:36,036 - INFO - EMIT crude_orderflow_signal: PUT BUY ([SIM]) | None
2026-08-13 18:00:37,128 - INFO - EMIT crude_orderflow_signal: NO TRADE | Entry Score 40
2026-08-13 18:00:37,128 - INFO - EMIT crude_orderflow_signal: PUT BUY ([SIM]) | None
2026-08-13 18:00:38,269 - INFO - EMIT crude_orderflow_signal: NO TRADE | Entry Score 35
2026-08-13 18:00:38,270 - INFO - EMIT crude_orderflow_signal: PUT BUY ([SIM]) | None
2026-08-13 18:00:39,360 - INFO - EMIT crude_orderflow_signal: NO TRADE | Entry Score 35
2026-08-13 18:00:39,361 - INFO - EMIT crude_orderflow_signal: PUT BUY ([SIM]) | None
2026-08-13 18:00:40,461 - INFO - EMIT crude_orderflow_signal: NO TRADE | Entry Score 35
2026-08-13 18:00:40,461 - INFO - EMIT crude_orderflow_signal: PUT BUY ([SIM]) | None
2026-08-13 18:00:41,551 - INFO - EMIT crude_orderflow_signal: NO TRADE | Entry Score 35
2026-08-13 18:00:41,552 - INFO - EMIT crude_orderflow_signal: PUT BUY ([SIM]) | None
2026-08-13 18:00:42,642 - INFO - EMIT crude_orderflow_signal: NO TRADE | Entry Score 35
2026-08-13 18:00:42,642 - INFO - EMIT crude_orderflow_signal: PUT BUY ([SIM]) | None
2026-08-13 18:00:43,731 - INFO - EMIT crude_orderflow_signal: NO TRADE | Entry Score 35
2026-08-13 18:00:43,732 - INFO - EMIT crude_orderflow_signal: PUT BUY ([SIM]) | None
2026-08-13 18:00:44,831 - INFO - EMIT crude_orderflow_signal: NO TRADE | Entry Score 35
2026-08-13 18:00:44,831 - INFO - EMIT crude_orderflow_signal: PUT BUY ([SIM]) | None
2026-08-13 18:00:45,930 - INFO - EMIT crude_orderflow_signal: NO TRADE | Entry Score 35
2026-08-13 18:00:45,931 - INFO - EMIT crude_orderflow_signal: PUT BUY ([SIM]) | None
2026-08-13 18:00:47,026 - INFO - EMIT crude_orderflow_signal: NO TRADE | Entry Score 35
2026-08-13 18:00:47,026 - INFO - EMIT crude_orderflow_signal: PUT BUY ([SIM]) | None
2026-08-13 18:00:48,110 - INFO - EMIT crude_orderflow_signal: NO TRADE | Entry Score 35
2026-08-13 18:00:48,110 - INFO - EMIT crude_orderflow_signal: PUT BUY ([SIM]) | None
2026-08-13 18:00:49,208 - INFO - EMIT crude_orderflow_signal: NO TRADE | Entry Score 35
2026-08-13 18:00:49,208 - INFO - EMIT crude_orderflow_signal: PUT BUY ([SIM]) | None
2026-08-13 18:00:50,306 - INFO - EMIT crude_orderflow_signal: NO TRADE | Entry Score 35
2026-08-13 18:00:50,307 - INFO - EMIT crude_orderflow_signal: PUT BUY ([SIM]) | None
2026-08-13 18:00:51,402 - INFO - EMIT crude_orderflow_signal: NO TRADE | Entry Score 35
2026-08-13 18:00:51,402 - INFO - EMIT crude_orderflow_signal: PUT BUY ([SIM]) | None
2026-08-13 18:00:52,493 - INFO - EMIT crude_orderflow_signal: NO TRADE | Entry Score 35
2026-08-13 18:00:52,494 - INFO - EMIT crude_orderflow_signal: PUT BUY ([SIM]) | None
2026-08-13 18:00:53,590 - INFO - EMIT crude_orderflow_signal: NO TRADE | Entry Score 35
2026-08-13 18:00:53,591 - INFO - EMIT crude_orderflow_signal: PUT BUY ([SIM]) | None
2026-08-13 18:00:54,681 - INFO - EMIT crude_orderflow_signal: NO TRADE | Entry Score 35
2026-08-13 18:00:54,681 - INFO - EMIT crude_orderflow_signal: PUT BUY ([SIM]) | None
2026-08-13 18:00:55,768 - INFO - EMIT crude_orderflow_signal: NO TRADE | Entry Score 35
2026-08-13 18:00:55,769 - INFO - EMIT crude_orderflow_signal: PUT BUY ([SIM]) | None
2026-08-13 18:00:56,136 - INFO - EMIT crude_orderflow_signal: NO TRADE | Entry Score 35
2026-08-13 18:00:56,866 - INFO - EMIT crude_orderflow_signal: NO TRADE | Entry Score 35
2026-08-13 18:00:56,867 - INFO - EMIT crude_orderflow_signal: PUT BUY ([SIM]) | None
2026-08-13 18:00:57,951 - INFO - EMIT crude_orderflow_signal: NO TRADE | Entry Score 35
2026-08-13 18:00:57,951 - INFO - EMIT crude_orderflow_signal: PUT BUY ([SIM]) | None
2026-08-13 18:00:59,040 - INFO - EMIT crude_orderflow_signal: NO TRADE | Entry Score 35
2026-08-13 18:00:59,040 - INFO - EMIT crude_orderflow_signal: PUT BUY ([SIM]) | None
2026-08-13 18:01:00,131 - INFO - EMIT crude_orderflow_signal: NO TRADE | Entry Score 35
2026-08-13 18:01:00,132 - INFO - EMIT crude_orderflow_signal: PUT BUY ([SIM]) | None
2026-08-13 18:01:01,225 - INFO - EMIT crude_orderflow_signal: NO TRADE | Entry Score 35
2026-08-13 18:01:01,226 - INFO - EMIT crude_orderflow_signal: PUT BUY ([SIM]) | None
2026-08-13 18:01:02,344 - INFO - EMIT crude_orderflow_signal: NO TRADE | Entry Score 35
2026-08-13 18:01:02,345 - INFO - EMIT crude_orderflow_signal: PUT BUY ([SIM]) | None
2026-08-13 18:01:03,439 - INFO - EMIT crude_orderflow_signal: NO TRADE | Entry Score 35
2026-08-13 18:01:03,440 - INFO - EMIT crude_orderflow_signal: PUT BUY ([SIM]) | None
2026-08-13 18:01:04,539 - INFO - EMIT crude_orderflow_signal: NO TRADE | Entry Score 35
2026-08-13 18:01:04,539 - INFO - EMIT crude_orderflow_signal: PUT BUY ([SIM]) | None
2026-08-13 18:01:05,632 - INFO - EMIT crude_orderflow_signal: NO TRADE | Entry Score 35
2026-08-13 18:01:05,632 - INFO - EMIT crude_orderflow_signal: PUT BUY ([SIM]) | None
2026-08-13 18:01:06,723 - INFO - EMIT crude_orderflow_signal: NO TRADE | Entry Score 35
2026-08-13 18:01:06,723 - INFO - EMIT crude_orderflow_signal: PUT BUY ([SIM]) | None
2026-08-13 18:01:07,818 - INFO - EMIT crude_orderflow_signal: NO TRADE | Entry Score 35
2026-08-13 18:01:07,818 - INFO - EMIT crude_orderflow_signal: PUT BUY ([SIM]) | None
2026-08-13 18:01:08,905 - INFO - EMIT crude_orderflow_signal: NO TRADE | Entry Score 35
2026-08-13 18:01:08,905 - INFO - EMIT crude_orderflow_signal: PUT BUY ([SIM]) | None
2026-08-13 18:01:09,997 - INFO - EMIT crude_orderflow_signal: NO TRADE | Entry Score 35
2026-08-13 18:01:09,998 - INFO - EMIT crude_orderflow_signal: PUT BUY ([SIM]) | None
2026-08-13 18:01:11,089 - INFO - EMIT crude_orderflow_signal: NO TRADE | Entry Score 35
2026-08-13 18:01:11,090 - INFO - EMIT crude_orderflow_signal: PUT BUY ([SIM]) | None
2026-08-13 18:01:12,193 - INFO - EMIT crude_orderflow_signal: NO TRADE | Entry Score 35
2026-08-13 18:01:12,194 - INFO - EMIT crude_orderflow_signal: PUT BUY ([SIM]) | None
2026-08-13 18:01:13,291 - INFO - EMIT crude_orderflow_signal: NO TRADE | Entry Score 35
2026-08-13 18:01:13,291 - INFO - EMIT crude_orderflow_signal: PUT BUY ([SIM]) | None
2026-08-13 18:01:14,387 - INFO - EMIT crude_orderflow_signal: NO TRADE | Entry Score 35
2026-08-13 18:01:14,387 - INFO - EMIT crude_orderflow_signal: PUT BUY ([SIM]) | None
2026-08-13 18:01:15,480 - INFO - EMIT crude_orderflow_signal: NO TRADE | Entry Score 35
2026-08-13 18:01:15,481 - INFO - EMIT crude_orderflow_signal: PUT BUY ([SIM]) | None
2026-08-13 18:01:16,574 - INFO - EMIT crude_orderflow_signal: NO TRADE | Entry Score 35
2026-08-13 18:01:16,575 - INFO - EMIT crude_orderflow_signal: PUT BUY ([SIM]) | None
2026-08-13 18:01:17,673 - INFO - EMIT crude_orderflow_signal: NO TRADE | Entry Score 35
2026-08-13 18:01:17,674 - INFO - EMIT crude_orderflow_signal: PUT BUY ([SIM]) | None
2026-08-13 18:01:18,771 - INFO - EMIT crude_orderflow_signal: NO TRADE | Entry Score 35
2026-08-13 18:01:18,771 - INFO - EMIT crude_orderflow_signal: PUT BUY ([SIM]) | None
2026-08-13 18:01:19,863 - INFO - EMIT crude_orderflow_signal: NO TRADE | Entry Score 35
2026-08-13 18:01:19,863 - INFO - EMIT crude_orderflow_signal: PUT BUY ([SIM]) | None
2026-08-13 18:01:20,954 - INFO - EMIT crude_orderflow_signal: NO TRADE | Entry Score 35
2026-08-13 18:01:20,955 - INFO - EMIT crude_orderflow_signal: PUT BUY ([SIM]) | None
2026-08-13 18:01:22,070 - INFO - EMIT crude_orderflow_signal: NO TRADE | Entry Score 35
2026-08-13 18:01:22,072 - INFO - EMIT crude_orderflow_signal: PUT BUY ([SIM]) | None
2026-08-13 18:01:23,167 - INFO - EMIT crude_orderflow_signal: NO TRADE | Entry Score 35
2026-08-13 18:01:23,167 - INFO - EMIT crude_orderflow_signal: PUT BUY ([SIM]) | None
2026-08-13 18:01:24,257 - INFO - EMIT crude_orderflow_signal: NO TRADE | Entry Score 35
2026-08-13 18:01:24,258 - INFO - EMIT crude_orderflow_signal: PUT BUY ([SIM]) | None
2026-08-13 18:01:25,352 - INFO - EMIT crude_orderflow_signal: NO TRADE | Entry Score 35
2026-08-13 18:01:25,352 - INFO - EMIT crude_orderflow_signal: PUT BUY ([SIM]) | None
2026-08-13 18:01:26,441 - INFO - EMIT crude_orderflow_signal: NO TRADE | Entry Score 35
2026-08-13 18:01:26,441 - INFO - EMIT crude_orderflow_signal: PUT BUY ([SIM]) | None
2026-08-13 18:01:27,534 - INFO - EMIT crude_orderflow_signal: NO TRADE | Entry Score 35
2026-08-13 18:01:27,535 - INFO - EMIT crude_orderflow_signal: PUT BUY ([SIM]) | None
2026-08-13 18:01:28,633 - INFO - EMIT crude_orderflow_signal: NO TRADE | Entry Score 35
2026-08-13 18:01:28,635 - INFO - EMIT crude_orderflow_signal: PUT BUY ([SIM]) | None
2026-08-13 18:01:29,729 - INFO - EMIT crude_orderflow_signal: NO TRADE | Entry Score 35
2026-08-13 18:01:29,729 - INFO - EMIT crude_orderflow_signal: PUT BUY ([SIM]) | None
2026-08-13 18:01:30,817 - INFO - EMIT crude_orderflow_signal: NO TRADE | Entry Score 35
2026-08-13 18:01:30,817 - INFO - EMIT crude_orderflow_signal: PUT BUY ([SIM]) | None
2026-08-13 18:01:31,912 - INFO - EMIT crude_orderflow_signal: NO TRADE | Entry Score 35
2026-08-13 18:01:31,913 - INFO - EMIT crude_orderflow_signal: PUT BUY ([SIM]) | None
2026-08-13 18:01:33,008 - INFO - EMIT crude_orderflow_signal: NO TRADE | Entry Score 35
2026-08-13 18:01:33,008 - INFO - EMIT crude_orderflow_signal: PUT BUY ([SIM]) | None
2026-08-13 18:01:34,098 - INFO - EMIT crude_orderflow_signal: NO TRADE | Entry Score 35
2026-08-13 18:01:34,099 - INFO - EMIT crude_orderflow_signal: PUT BUY ([SIM]) | None
2026-08-13 18:01:35,415 - INFO - EMIT crude_orderflow_signal: NO TRADE | Entry Score 35
2026-08-13 18:01:35,415 - INFO - EMIT crude_orderflow_signal: PUT BUY ([SIM]) | None
2026-08-13 18:01:36,514 - INFO - EMIT crude_orderflow_signal: NO TRADE | Entry Score 35
2026-08-13 18:01:36,515 - INFO - EMIT crude_orderflow_signal: PUT BUY ([SIM]) | None
2026-08-13 18:01:37,619 - INFO - EMIT crude_orderflow_signal: NO TRADE | Entry Score 35
2026-08-13 18:01:37,619 - INFO - EMIT crude_orderflow_signal: PUT BUY ([SIM]) | None
2026-08-13 18:01:38,702 - INFO - EMIT crude_orderflow_signal: NO TRADE | Entry Score 35
2026-08-13 18:01:38,703 - INFO - EMIT crude_orderflow_signal: PUT BUY ([SIM]) | None
2026-08-13 18:01:39,791 - INFO - EMIT crude_orderflow_signal: NO TRADE | Entry Score 35
2026-08-13 18:01:39,791 - INFO - EMIT crude_orderflow_signal: PUT BUY ([SIM]) | None
2026-08-13 18:01:40,899 - INFO - EMIT crude_orderflow_signal: NO TRADE | Entry Score 35
2026-08-13 18:01:40,900 - INFO - EMIT crude_orderflow_signal: PUT BUY ([SIM]) | None
2026-08-13 18:01:41,988 - INFO - EMIT crude_orderflow_signal: NO TRADE | Entry Score 35
2026-08-13 18:01:41,988 - INFO - EMIT crude_orderflow_signal: PUT BUY ([SIM]) | None
2026-08-13 18:01:43,070 - INFO - EMIT crude_orderflow_signal: NO TRADE | Entry Score 35
2026-08-13 18:01:43,070 - INFO - EMIT crude_orderflow_signal: PUT BUY ([SIM]) | None
2026-08-13 18:01:44,164 - INFO - EMIT crude_orderflow_signal: NO TRADE | Entry Score 35
2026-08-13 18:01:44,164 - INFO - EMIT crude_orderflow_signal: PUT BUY ([SIM]) | None
2026-08-13 18:01:45,251 - INFO - EMIT crude_orderflow_signal: NO TRADE | Entry Score 35
2026-08-13 18:01:45,251 - INFO - EMIT crude_orderflow_signal: PUT BUY ([SIM]) | None
2026-08-13 18:01:46,346 - INFO - EMIT crude_orderflow_signal: NO TRADE | Entry Score 35
2026-08-13 18:01:46,346 - INFO - EMIT crude_orderflow_signal: PUT BUY ([SIM]) | None
2026-08-13 18:01:47,439 - INFO - EMIT crude_orderflow_signal: NO TRADE | Entry Score 35
2026-08-13 18:01:47,440 - INFO - EMIT crude_orderflow_signal: PUT BUY ([SIM]) | None
2026-08-13 18:01:48,559 - INFO - EMIT crude_orderflow_signal: NO TRADE | Entry Score 35
2026-08-13 18:01:48,560 - INFO - EMIT crude_orderflow_signal: PUT BUY ([SIM]) | None
2026-08-13 18:01:49,649 - INFO - EMIT crude_orderflow_signal: NO TRADE | Entry Score 35
2026-08-13 18:01:49,649 - INFO - EMIT crude_orderflow_signal: PUT BUY ([SIM]) | None
2026-08-13 18:01:50,749 - INFO - EMIT crude_orderflow_signal: NO TRADE | Entry Score 35
2026-08-13 18:01:50,749 - INFO - EMIT crude_orderflow_signal: PUT BUY ([SIM]) | None
2026-08-13 18:01:51,845 - INFO - EMIT crude_orderflow_signal: NO TRADE | Entry Score 35
2026-08-13 18:01:51,845 - INFO - EMIT crude_orderflow_signal: PUT BUY ([SIM]) | None
2026-08-13 18:01:52,945 - INFO - EMIT crude_orderflow_signal: NO TRADE | Entry Score 35
2026-08-13 18:01:52,946 - INFO - EMIT crude_orderflow_signal: PUT BUY ([SIM]) | None
2026-08-13 18:01:54,041 - INFO - EMIT crude_orderflow_signal: NO TRADE | Entry Score 35
2026-08-13 18:01:54,042 - INFO - EMIT crude_orderflow_signal: PUT BUY ([SIM]) | None
2026-08-13 18:01:55,132 - INFO - EMIT crude_orderflow_signal: NO TRADE | Entry Score 35
2026-08-13 18:01:55,136 - INFO - EMIT crude_orderflow_signal: PUT BUY ([SIM]) | None
2026-08-13 18:01:56,136 - INFO - EMIT crude_orderflow_signal: NO TRADE | Entry Score 35
2026-08-13 18:01:56,226 - INFO - EMIT crude_orderflow_signal: NO TRADE | Entry Score 35
2026-08-13 18:01:56,226 - INFO - EMIT crude_orderflow_signal: PUT BUY ([SIM]) | None
2026-08-13 18:01:57,320 - INFO - EMIT crude_orderflow_signal: NO TRADE | Entry Score 35
2026-08-13 18:01:57,321 - INFO - EMIT crude_orderflow_signal: PUT BUY ([SIM]) | None
2026-08-13 18:01:58,410 - INFO - EMIT crude_orderflow_signal: NO TRADE | Entry Score 35
2026-08-13 18:01:58,411 - INFO - EMIT crude_orderflow_signal: PUT BUY ([SIM]) | None
2026-08-13 18:01:59,506 - INFO - EMIT crude_orderflow_signal: NO TRADE | Entry Score 35
2026-08-13 18:01:59,506 - INFO - EMIT crude_orderflow_signal: PUT BUY ([SIM]) | None
2026-08-13 18:02:00,600 - INFO - EMIT crude_orderflow_signal: NO TRADE | Entry Score 35
2026-08-13 18:02:00,601 - INFO - EMIT crude_orderflow_signal: PUT BUY ([SIM]) | None
2026-08-13 18:02:01,720 - INFO - EMIT crude_orderflow_signal: NO TRADE | Entry Score 35
2026-08-13 18:02:01,720 - INFO - EMIT crude_orderflow_signal: PUT BUY ([SIM]) | None
2026-08-13 18:02:02,799 - INFO - EMIT crude_orderflow_signal: NO TRADE | Entry Score 35
2026-08-13 18:02:02,799 - INFO - EMIT crude_orderflow_signal: PUT BUY ([SIM]) | None
2026-08-13 18:02:03,879 - INFO - EMIT crude_orderflow_signal: NO TRADE | Entry Score 35
2026-08-13 18:02:03,879 - INFO - EMIT crude_orderflow_signal: PUT BUY ([SIM]) | None
2026-08-13 18:02:04,961 - INFO - EMIT crude_orderflow_signal: NO TRADE | Entry Score 35
2026-08-13 18:02:04,962 - INFO - EMIT crude_orderflow_signal: PUT BUY ([SIM]) | None
2026-08-13 18:02:06,043 - INFO - EMIT crude_orderflow_signal: NO TRADE | Entry Score 35
2026-08-13 18:02:06,045 - INFO - EMIT crude_orderflow_signal: PUT BUY ([SIM]) | None
2026-08-13 18:02:07,127 - INFO - EMIT crude_orderflow_signal: NO TRADE | Entry Score 35
2026-08-13 18:02:07,128 - INFO - EMIT crude_orderflow_signal: PUT BUY ([SIM]) | None
2026-08-13 18:02:08,211 - INFO - EMIT crude_orderflow_signal: NO TRADE | Entry Score 35
2026-08-13 18:02:08,211 - INFO - EMIT crude_orderflow_signal: PUT BUY ([SIM]) | None
2026-08-13 18:02:09,329 - INFO - EMIT crude_orderflow_signal: NO TRADE | Entry Score 35
2026-08-13 18:02:09,330 - INFO - EMIT crude_orderflow_signal: PUT BUY ([SIM]) | None
2026-08-13 18:02:10,410 - INFO - EMIT crude_orderflow_signal: NO TRADE | Entry Score 35
2026-08-13 18:02:10,412 - INFO - EMIT crude_orderflow_signal: PUT BUY ([SIM]) | None
2026-08-13 18:02:11,505 - INFO - EMIT crude_orderflow_signal: NO TRADE | Entry Score 35
2026-08-13 18:02:11,505 - INFO - EMIT crude_orderflow_signal: PUT BUY ([SIM]) | None
2026-08-13 18:02:12,577 - INFO - EMIT crude_orderflow_signal: NO TRADE | Entry Score 35
2026-08-13 18:02:12,578 - INFO - EMIT crude_orderflow_signal: PUT BUY ([SIM]) | None
2026-08-13 18:02:13,661 - INFO - EMIT crude_orderflow_signal: NO TRADE | Entry Score 35
2026-08-13 18:02:13,661 - INFO - EMIT crude_orderflow_signal: PUT BUY ([SIM]) | None
2026-08-13 18:02:14,740 - INFO - EMIT crude_orderflow_signal: NO TRADE | Entry Score 35
2026-08-13 18:02:14,741 - INFO - EMIT crude_orderflow_signal: PUT BUY ([SIM]) | None
2026-08-13 18:02:15,819 - INFO - EMIT crude_orderflow_signal: NO TRADE | Entry Score 35
2026-08-13 18:02:15,819 - INFO - EMIT crude_orderflow_signal: PUT BUY ([SIM]) | None
2026-08-13 18:02:16,901 - INFO - EMIT crude_orderflow_signal: NO TRADE | Entry Score 35
2026-08-13 18:02:16,902 - INFO - EMIT crude_orderflow_signal: PUT BUY ([SIM]) | None
2026-08-13 18:02:17,978 - INFO - EMIT crude_orderflow_signal: NO TRADE | Entry Score 35
2026-08-13 18:02:17,983 - INFO - EMIT crude_orderflow_signal: PUT BUY ([SIM]) | None
2026-08-13 18:02:19,065 - INFO - EMIT crude_orderflow_signal: NO TRADE | Entry Score 35
2026-08-13 18:02:19,066 - INFO - EMIT crude_orderflow_signal: PUT BUY ([SIM]) | None
2026-08-13 18:02:20,148 - INFO - EMIT crude_orderflow_signal: NO TRADE | Entry Score 35
2026-08-13 18:02:20,148 - INFO - EMIT crude_orderflow_signal: PUT BUY ([SIM]) | None
2026-08-13 18:02:21,232 - INFO - EMIT crude_orderflow_signal: NO TRADE | Entry Score 35
2026-08-13 18:02:21,232 - INFO - EMIT crude_orderflow_signal: PUT BUY ([SIM]) | None
2026-08-13 18:02:22,316 - INFO - EMIT crude_orderflow_signal: NO TRADE | Entry Score 35
2026-08-13 18:02:22,316 - INFO - EMIT crude_orderflow_signal: PUT BUY ([SIM]) | None
2026-08-13 18:02:23,393 - INFO - EMIT crude_orderflow_signal: NO TRADE | Entry Score 35
2026-08-13 18:02:23,394 - INFO - EMIT crude_orderflow_signal: PUT BUY ([SIM]) | None
2026-08-13 18:02:24,471 - INFO - EMIT crude_orderflow_signal: NO TRADE | Entry Score 35
2026-08-13 18:02:24,471 - INFO - EMIT crude_orderflow_signal: PUT BUY ([SIM]) | None
2026-08-13 18:02:25,569 - INFO - EMIT crude_orderflow_signal: NO TRADE | Entry Score 35
2026-08-13 18:02:25,569 - INFO - EMIT crude_orderflow_signal: PUT BUY ([SIM]) | None
2026-08-13 18:02:26,653 - INFO - EMIT crude_orderflow_signal: NO TRADE | Entry Score 35
2026-08-13 18:02:26,654 - INFO - EMIT crude_orderflow_signal: PUT BUY ([SIM]) | None
2026-08-13 18:02:27,734 - INFO - EMIT crude_orderflow_signal: NO TRADE | Entry Score 35
2026-08-13 18:02:27,735 - INFO - EMIT crude_orderflow_signal: PUT BUY ([SIM]) | None
2026-08-13 18:02:28,816 - INFO - EMIT crude_orderflow_signal: NO TRADE | Entry Score 35
2026-08-13 18:02:28,816 - INFO - EMIT crude_orderflow_signal: PUT BUY ([SIM]) | None
2026-08-13 18:02:29,904 - INFO - EMIT crude_orderflow_signal: NO TRADE | Entry Score 35
2026-08-13 18:02:29,905 - INFO - EMIT crude_orderflow_signal: PUT BUY ([SIM]) | None
2026-08-13 18:02:30,982 - INFO - EMIT crude_orderflow_signal: NO TRADE | Entry Score 35
2026-08-13 18:02:30,982 - INFO - EMIT crude_orderflow_signal: PUT BUY ([SIM]) | None
2026-08-13 18:02:32,065 - INFO - EMIT crude_orderflow_signal: NO TRADE | Entry Score 35
2026-08-13 18:02:32,068 - INFO - EMIT crude_orderflow_signal: PUT BUY ([SIM]) | None
2026-08-13 18:02:33,153 - INFO - EMIT crude_orderflow_signal: NO TRADE | Entry Score 35
2026-08-13 18:02:33,154 - INFO - EMIT crude_orderflow_signal: PUT BUY ([SIM]) | None
2026-08-13 18:02:34,232 - INFO - EMIT crude_orderflow_signal: NO TRADE | Entry Score 35
2026-08-13 18:02:34,232 - INFO - EMIT crude_orderflow_signal: PUT BUY ([SIM]) | None
2026-08-13 18:02:35,316 - INFO - EMIT crude_orderflow_signal: NO TRADE | Entry Score 35
2026-08-13 18:02:35,317 - INFO - EMIT crude_orderflow_signal: PUT BUY ([SIM]) | None
2026-08-13 18:02:36,401 - INFO - EMIT crude_orderflow_signal: NO TRADE | Entry Score 35
2026-08-13 18:02:36,401 - INFO - EMIT crude_orderflow_signal: PUT BUY ([SIM]) | None
2026-08-13 18:02:37,481 - INFO - EMIT crude_orderflow_signal: NO TRADE | Entry Score 35
2026-08-13 18:02:37,482 - INFO - EMIT crude_orderflow_signal: PUT BUY ([SIM]) | None
2026-08-13 18:02:38,561 - INFO - EMIT crude_orderflow_signal: NO TRADE | Entry Score 35
2026-08-13 18:02:38,562 - INFO - EMIT crude_orderflow_signal: PUT BUY ([SIM]) | None
2026-08-13 18:02:39,649 - INFO - EMIT crude_orderflow_signal: NO TRADE | Entry Score 35
2026-08-13 18:02:39,650 - INFO - EMIT crude_orderflow_signal: PUT BUY ([SIM]) | None
2026-08-13 18:02:40,738 - INFO - EMIT crude_orderflow_signal: NO TRADE | Entry Score 35
2026-08-13 18:02:40,738 - INFO - EMIT crude_orderflow_signal: PUT BUY ([SIM]) | None
2026-08-13 18:02:41,821 - INFO - EMIT crude_orderflow_signal: NO TRADE | Entry Score 35
2026-08-13 18:02:41,822 - INFO - EMIT crude_orderflow_signal: PUT BUY ([SIM]) | None
2026-08-13 18:02:42,904 - INFO - EMIT crude_orderflow_signal: NO TRADE | Entry Score 35
2026-08-13 18:02:42,904 - INFO - EMIT crude_orderflow_signal: PUT BUY ([SIM]) | None
2026-08-13 18:02:43,998 - INFO - EMIT crude_orderflow_signal: NO TRADE | Entry Score 35
2026-08-13 18:02:44,000 - INFO - EMIT crude_orderflow_signal: PUT BUY ([SIM]) | None
2026-08-13 18:02:45,080 - INFO - EMIT crude_orderflow_signal: NO TRADE | Entry Score 35
2026-08-13 18:02:45,080 - INFO - EMIT crude_orderflow_signal: PUT BUY ([SIM]) | None
2026-08-13 18:02:46,159 - INFO - EMIT crude_orderflow_signal: NO TRADE | Entry Score 35
2026-08-13 18:02:46,159 - INFO - EMIT crude_orderflow_signal: PUT BUY ([SIM]) | None
2026-08-13 18:02:47,239 - INFO - EMIT crude_orderflow_signal: NO TRADE | Entry Score 35
2026-08-13 18:02:47,240 - INFO - EMIT crude_orderflow_signal: PUT BUY ([SIM]) | None
2026-08-13 18:02:48,321 - INFO - EMIT crude_orderflow_signal: NO TRADE | Entry Score 35
2026-08-13 18:02:48,321 - INFO - EMIT crude_orderflow_signal: PUT BUY ([SIM]) | None
2026-08-13 18:02:49,403 - INFO - EMIT crude_orderflow_signal: NO TRADE | Entry Score 35
2026-08-13 18:02:49,403 - INFO - EMIT crude_orderflow_signal: PUT BUY ([SIM]) | None
2026-08-13 18:02:50,480 - INFO - EMIT crude_orderflow_signal: NO TRADE | Entry Score 35
2026-08-13 18:02:50,481 - INFO - EMIT crude_orderflow_signal: PUT BUY ([SIM]) | None
2026-08-13 18:02:51,566 - INFO - EMIT crude_orderflow_signal: NO TRADE | Entry Score 35
2026-08-13 18:02:51,566 - INFO - EMIT crude_orderflow_signal: PUT BUY ([SIM]) | None
2026-08-13 18:02:52,642 - INFO - EMIT crude_orderflow_signal: NO TRADE | Entry Score 35
2026-08-13 18:02:52,644 - INFO - EMIT crude_orderflow_signal: PUT BUY ([SIM]) | None
2026-08-13 18:02:53,732 - INFO - EMIT crude_orderflow_signal: NO TRADE | Entry Score 35
2026-08-13 18:02:53,733 - INFO - EMIT crude_orderflow_signal: PUT BUY ([SIM]) | None
2026-08-13 18:02:54,819 - INFO - EMIT crude_orderflow_signal: NO TRADE | Entry Score 35
2026-08-13 18:02:54,820 - INFO - EMIT crude_orderflow_signal: PUT BUY ([SIM]) | None
2026-08-13 18:02:55,906 - INFO - EMIT crude_orderflow_signal: NO TRADE | Entry Score 35
2026-08-13 18:02:55,906 - INFO - EMIT crude_orderflow_signal: PUT BUY ([SIM]) | None
2026-08-13 18:02:56,135 - INFO - EMIT crude_orderflow_signal: NO TRADE | Entry Score 35
2026-08-13 18:02:56,990 - INFO - EMIT crude_orderflow_signal: NO TRADE | Entry Score 35
2026-08-13 18:02:56,991 - INFO - EMIT crude_orderflow_signal: PUT BUY ([SIM]) | None
2026-08-13 18:02:58,081 - INFO - EMIT crude_orderflow_signal: NO TRADE | Entry Score 35
2026-08-13 18:02:58,081 - INFO - EMIT crude_orderflow_signal: PUT BUY ([SIM]) | None
2026-08-13 18:02:59,162 - INFO - EMIT crude_orderflow_signal: NO TRADE | Entry Score 35
2026-08-13 18:02:59,163 - INFO - EMIT crude_orderflow_signal: PUT BUY ([SIM]) | None
2026-08-13 18:03:00,240 - INFO - EMIT crude_orderflow_signal: NO TRADE | Entry Score 35
2026-08-13 18:03:00,241 - INFO - EMIT crude_orderflow_signal: PUT BUY ([SIM]) | None
2026-08-13 18:03:01,331 - INFO - EMIT crude_orderflow_signal: NO TRADE | Entry Score 35
2026-08-13 18:03:01,331 - INFO - EMIT crude_orderflow_signal: PUT BUY ([SIM]) | None
2026-08-13 18:03:02,419 - INFO - EMIT crude_orderflow_signal: NO TRADE | Entry Score 35
2026-08-13 18:03:02,420 - INFO - EMIT crude_orderflow_signal: PUT BUY ([SIM]) | None
2026-08-13 18:03:03,495 - INFO - EMIT crude_orderflow_signal: NO TRADE | Entry Score 35
2026-08-13 18:03:03,495 - INFO - EMIT crude_orderflow_signal: PUT BUY ([SIM]) | None
2026-08-13 18:03:04,577 - INFO - EMIT crude_orderflow_signal: NO TRADE | Entry Score 35
2026-08-13 18:03:04,578 - INFO - EMIT crude_orderflow_signal: PUT BUY ([SIM]) | None
2026-08-13 18:03:05,663 - INFO - EMIT crude_orderflow_signal: NO TRADE | Entry Score 35
2026-08-13 18:03:05,664 - INFO - EMIT crude_orderflow_signal: PUT BUY ([SIM]) | None
2026-08-13 18:03:06,766 - INFO - EMIT crude_orderflow_signal: NO TRADE | Entry Score 35
2026-08-13 18:03:06,766 - INFO - EMIT crude_orderflow_signal: PUT BUY ([SIM]) | None
2026-08-13 18:03:07,858 - INFO - EMIT crude_orderflow_signal: NO TRADE | Entry Score 35
2026-08-13 18:03:07,859 - INFO - EMIT crude_orderflow_signal: PUT BUY ([SIM]) | None
2026-08-13 18:03:08,970 - INFO - EMIT crude_orderflow_signal: NO TRADE | Entry Score 35
2026-08-13 18:03:08,971 - INFO - EMIT crude_orderflow_signal: PUT BUY ([SIM]) | None
2026-08-13 18:03:10,068 - INFO - EMIT crude_orderflow_signal: NO TRADE | Entry Score 35
2026-08-13 18:03:10,069 - INFO - EMIT crude_orderflow_signal: PUT BUY ([SIM]) | None
2026-08-13 18:03:11,151 - INFO - EMIT crude_orderflow_signal: NO TRADE | Entry Score 35
2026-08-13 18:03:11,152 - INFO - EMIT crude_orderflow_signal: PUT BUY ([SIM]) | None
2026-08-13 18:03:12,251 - INFO - EMIT crude_orderflow_signal: NO TRADE | Entry Score 35
2026-08-13 18:03:12,252 - INFO - EMIT crude_orderflow_signal: PUT BUY ([SIM]) | None
2026-08-13 18:03:13,382 - INFO - EMIT crude_orderflow_signal: NO TRADE | Entry Score 35
2026-08-13 18:03:13,382 - INFO - EMIT crude_orderflow_signal: PUT BUY ([SIM]) | None
2026-08-13 18:03:14,470 - INFO - EMIT crude_orderflow_signal: NO TRADE | Entry Score 35
2026-08-13 18:03:14,470 - INFO - EMIT crude_orderflow_signal: PUT BUY ([SIM]) | None
2026-08-13 18:03:15,551 - INFO - EMIT crude_orderflow_signal: NO TRADE | Entry Score 35
2026-08-13 18:03:15,551 - INFO - EMIT crude_orderflow_signal: PUT BUY ([SIM]) | None
2026-08-13 18:03:16,631 - INFO - EMIT crude_orderflow_signal: NO TRADE | Entry Score 35
2026-08-13 18:03:16,632 - INFO - EMIT crude_orderflow_signal: PUT BUY ([SIM]) | None
2026-08-13 18:03:17,710 - INFO - EMIT crude_orderflow_signal: NO TRADE | Entry Score 35
2026-08-13 18:03:17,710 - INFO - EMIT crude_orderflow_signal: PUT BUY ([SIM]) | None
2026-08-13 18:03:18,795 - INFO - EMIT crude_orderflow_signal: NO TRADE | Entry Score 35
2026-08-13 18:03:18,795 - INFO - EMIT crude_orderflow_signal: PUT BUY ([SIM]) | None
2026-08-13 18:03:19,877 - INFO - EMIT crude_orderflow_signal: NO TRADE | Entry Score 35
2026-08-13 18:03:19,878 - INFO - EMIT crude_orderflow_signal: PUT BUY ([SIM]) | None
2026-08-13 18:03:20,957 - INFO - EMIT crude_orderflow_signal: NO TRADE | Entry Score 35
2026-08-13 18:03:20,957 - INFO - EMIT crude_orderflow_signal: PUT BUY ([SIM]) | None
2026-08-13 18:03:22,033 - INFO - EMIT crude_orderflow_signal: NO TRADE | Entry Score 35
2026-08-13 18:03:22,035 - INFO - EMIT crude_orderflow_signal: PUT BUY ([SIM]) | None
2026-08-13 18:03:23,122 - INFO - EMIT crude_orderflow_signal: NO TRADE | Entry Score 35
2026-08-13 18:03:23,123 - INFO - EMIT crude_orderflow_signal: PUT BUY ([SIM]) | None
2026-08-13 18:03:24,207 - INFO - EMIT crude_orderflow_signal: NO TRADE | Entry Score 35
2026-08-13 18:03:24,208 - INFO - EMIT crude_orderflow_signal: PUT BUY ([SIM]) | None
2026-08-13 18:03:25,287 - INFO - EMIT crude_orderflow_signal: NO TRADE | Entry Score 35
2026-08-13 18:03:25,287 - INFO - EMIT crude_orderflow_signal: PUT BUY ([SIM]) | None
2026-08-13 18:03:26,372 - INFO - EMIT crude_orderflow_signal: NO TRADE | Entry Score 35
2026-08-13 18:03:26,372 - INFO - EMIT crude_orderflow_signal: PUT BUY ([SIM]) | None
2026-08-13 18:03:27,452 - INFO - EMIT crude_orderflow_signal: NO TRADE | Entry Score 35
2026-08-13 18:03:27,452 - INFO - EMIT crude_orderflow_signal: PUT BUY ([SIM]) | None
2026-08-13 18:03:28,555 - INFO - EMIT crude_orderflow_signal: NO TRADE | Entry Score 35
2026-08-13 18:03:28,556 - INFO - EMIT crude_orderflow_signal: PUT BUY ([SIM]) | None
2026-08-13 18:03:29,636 - INFO - EMIT crude_orderflow_signal: NO TRADE | Entry Score 35
2026-08-13 18:03:29,636 - INFO - EMIT crude_orderflow_signal: PUT BUY ([SIM]) | None
2026-08-13 18:03:30,716 - INFO - EMIT crude_orderflow_signal: NO TRADE | Entry Score 35
2026-08-13 18:03:30,716 - INFO - EMIT crude_orderflow_signal: PUT BUY ([SIM]) | None
2026-08-13 18:03:31,798 - INFO - EMIT crude_orderflow_signal: NO TRADE | Entry Score 35
2026-08-13 18:03:31,798 - INFO - EMIT crude_orderflow_signal: PUT BUY ([SIM]) | None
2026-08-13 18:03:32,874 - INFO - EMIT crude_orderflow_signal: NO TRADE | Entry Score 35
2026-08-13 18:03:32,875 - INFO - EMIT crude_orderflow_signal: PUT BUY ([SIM]) | None
2026-08-13 18:03:33,954 - INFO - EMIT crude_orderflow_signal: NO TRADE | Entry Score 35
2026-08-13 18:03:33,955 - INFO - EMIT crude_orderflow_signal: PUT BUY ([SIM]) | None
2026-08-13 18:03:35,044 - INFO - EMIT crude_orderflow_signal: NO TRADE | Entry Score 35
2026-08-13 18:03:35,044 - INFO - EMIT crude_orderflow_signal: PUT BUY ([SIM]) | None
2026-08-13 18:03:36,130 - INFO - EMIT crude_orderflow_signal: NO TRADE | Entry Score 35
2026-08-13 18:03:36,131 - INFO - EMIT crude_orderflow_signal: PUT BUY ([SIM]) | None
2026-08-13 18:03:37,208 - INFO - EMIT crude_orderflow_signal: NO TRADE | Entry Score 35
2026-08-13 18:03:37,210 - INFO - EMIT crude_orderflow_signal: PUT BUY ([SIM]) | None
2026-08-13 18:03:38,291 - INFO - EMIT crude_orderflow_signal: NO TRADE | Entry Score 35
2026-08-13 18:03:38,292 - INFO - EMIT crude_orderflow_signal: PUT BUY ([SIM]) | None
2026-08-13 18:03:39,410 - INFO - EMIT crude_orderflow_signal: NO TRADE | Entry Score 40
2026-08-13 18:03:39,410 - INFO - EMIT crude_orderflow_signal: PUT BUY ([SIM]) | None
2026-08-13 18:03:40,494 - INFO - EMIT crude_orderflow_signal: NO TRADE | Entry Score 40
2026-08-13 18:03:40,494 - INFO - EMIT crude_orderflow_signal: PUT BUY ([SIM]) | None
2026-08-13 18:03:41,574 - INFO - EMIT crude_orderflow_signal: NO TRADE | Entry Score 40
2026-08-13 18:03:41,574 - INFO - EMIT crude_orderflow_signal: PUT BUY ([SIM]) | None
2026-08-13 18:03:42,657 - INFO - EMIT crude_orderflow_signal: NO TRADE | Entry Score 40
2026-08-13 18:03:42,657 - INFO - EMIT crude_orderflow_signal: PUT BUY ([SIM]) | None
2026-08-13 18:03:43,747 - INFO - EMIT crude_orderflow_signal: NO TRADE | Entry Score 40
2026-08-13 18:03:43,748 - INFO - EMIT crude_orderflow_signal: PUT BUY ([SIM]) | None
2026-08-13 18:03:44,835 - INFO - EMIT crude_orderflow_signal: NO TRADE | Entry Score 40
2026-08-13 18:03:44,836 - INFO - EMIT crude_orderflow_signal: PUT BUY ([SIM]) | None
2026-08-13 18:03:45,911 - INFO - EMIT crude_orderflow_signal: NO TRADE | Entry Score 40
2026-08-13 18:03:45,911 - INFO - EMIT crude_orderflow_signal: PUT BUY ([SIM]) | None
2026-08-13 18:03:46,991 - INFO - EMIT crude_orderflow_signal: NO TRADE | Entry Score 40
2026-08-13 18:03:46,991 - INFO - EMIT crude_orderflow_signal: PUT BUY ([SIM]) | None
2026-08-13 18:03:48,073 - INFO - EMIT crude_orderflow_signal: NO TRADE | Entry Score 40
2026-08-13 18:03:48,074 - INFO - EMIT crude_orderflow_signal: PUT BUY ([SIM]) | None
2026-08-13 18:03:49,150 - INFO - EMIT crude_orderflow_signal: NO TRADE | Entry Score 40
2026-08-13 18:03:49,151 - INFO - EMIT crude_orderflow_signal: PUT BUY ([SIM]) | None
2026-08-13 18:03:50,235 - INFO - EMIT crude_orderflow_signal: NO TRADE | Entry Score 40
2026-08-13 18:03:50,236 - INFO - EMIT crude_orderflow_signal: PUT BUY ([SIM]) | None
2026-08-13 18:03:51,313 - INFO - EMIT crude_orderflow_signal: NO TRADE | Entry Score 40
2026-08-13 18:03:51,313 - INFO - EMIT crude_orderflow_signal: PUT BUY ([SIM]) | None
2026-08-13 18:03:52,395 - INFO - EMIT crude_orderflow_signal: NO TRADE | Entry Score 40
2026-08-13 18:03:52,396 - INFO - EMIT crude_orderflow_signal: PUT BUY ([SIM]) | None
2026-08-13 18:03:53,471 - INFO - EMIT crude_orderflow_signal: NO TRADE | Entry Score 40
2026-08-13 18:03:53,472 - INFO - EMIT crude_orderflow_signal: PUT BUY ([SIM]) | None
2026-08-13 18:03:54,560 - INFO - EMIT crude_orderflow_signal: NO TRADE | Entry Score 40
2026-08-13 18:03:54,561 - INFO - EMIT crude_orderflow_signal: PUT BUY ([SIM]) | None
2026-08-13 18:03:55,642 - INFO - EMIT crude_orderflow_signal: NO TRADE | Entry Score 40
2026-08-13 18:03:55,642 - INFO - EMIT crude_orderflow_signal: PUT BUY ([SIM]) | None
2026-08-13 18:03:56,138 - INFO - EMIT crude_orderflow_signal: NO TRADE | Entry Score 40
2026-08-13 18:03:56,747 - INFO - EMIT crude_orderflow_signal: NO TRADE | Entry Score 40
2026-08-13 18:03:56,747 - INFO - EMIT crude_orderflow_signal: PUT BUY ([SIM]) | None
2026-08-13 18:03:57,829 - INFO - EMIT crude_orderflow_signal: NO TRADE | Entry Score 40
2026-08-13 18:03:57,830 - INFO - EMIT crude_orderflow_signal: PUT BUY ([SIM]) | None
2026-08-13 18:03:58,920 - INFO - EMIT crude_orderflow_signal: NO TRADE | Entry Score 40
2026-08-13 18:03:58,922 - INFO - EMIT crude_orderflow_signal: PUT BUY ([SIM]) | None
2026-08-13 18:04:00,023 - INFO - EMIT crude_orderflow_signal: NO TRADE | Entry Score 40
2026-08-13 18:04:00,023 - INFO - EMIT crude_orderflow_signal: PUT BUY ([SIM]) | None
2026-08-13 18:04:01,117 - INFO - EMIT crude_orderflow_signal: NO TRADE | Entry Score 40
2026-08-13 18:04:01,118 - INFO - EMIT crude_orderflow_signal: PUT BUY ([SIM]) | None
2026-08-13 18:04:02,217 - INFO - EMIT crude_orderflow_signal: NO TRADE | Entry Score 40
2026-08-13 18:04:02,217 - INFO - EMIT crude_orderflow_signal: PUT BUY ([SIM]) | None
2026-08-13 18:04:03,357 - INFO - EMIT crude_orderflow_signal: NO TRADE | Entry Score 40
2026-08-13 18:04:03,358 - INFO - EMIT crude_orderflow_signal: PUT BUY ([SIM]) | None
2026-08-13 18:04:04,494 - INFO - EMIT crude_orderflow_signal: NO TRADE | Entry Score 40
2026-08-13 18:04:04,495 - INFO - EMIT crude_orderflow_signal: PUT BUY ([SIM]) | None
2026-08-13 18:04:05,590 - INFO - EMIT crude_orderflow_signal: NO TRADE | Entry Score 40
2026-08-13 18:04:05,591 - INFO - EMIT crude_orderflow_signal: PUT BUY ([SIM]) | None
2026-08-13 18:04:06,900 - INFO - EMIT crude_orderflow_signal: NO TRADE | Entry Score 40
2026-08-13 18:04:06,901 - INFO - EMIT crude_orderflow_signal: PUT BUY ([SIM]) | None
2026-08-13 18:04:08,022 - INFO - EMIT crude_orderflow_signal: NO TRADE | Entry Score 40
2026-08-13 18:04:08,023 - INFO - EMIT crude_orderflow_signal: PUT BUY ([SIM]) | None
2026-08-13 18:04:09,101 - INFO - EMIT crude_orderflow_signal: NO TRADE | Entry Score 40
2026-08-13 18:04:09,101 - INFO - EMIT crude_orderflow_signal: PUT BUY ([SIM]) | None
2026-08-13 18:04:10,180 - INFO - EMIT crude_orderflow_signal: NO TRADE | Entry Score 40
2026-08-13 18:04:10,180 - INFO - EMIT crude_orderflow_signal: PUT BUY ([SIM]) | None
2026-08-13 18:04:11,260 - INFO - EMIT crude_orderflow_signal: NO TRADE | Entry Score 40
2026-08-13 18:04:11,260 - INFO - EMIT crude_orderflow_signal: PUT BUY ([SIM]) | None
2026-08-13 18:04:12,387 - INFO - EMIT crude_orderflow_signal: NO TRADE | Entry Score 40
2026-08-13 18:04:12,388 - INFO - EMIT crude_orderflow_signal: PUT BUY ([SIM]) | None
2026-08-13 18:04:13,488 - INFO - EMIT crude_orderflow_signal: NO TRADE | Entry Score 40
2026-08-13 18:04:13,490 - INFO - EMIT crude_orderflow_signal: PUT BUY ([SIM]) | None
2026-08-13 18:04:14,581 - INFO - EMIT crude_orderflow_signal: NO TRADE | Entry Score 40
2026-08-13 18:04:14,581 - INFO - EMIT crude_orderflow_signal: PUT BUY ([SIM]) | None
2026-08-13 18:04:15,680 - INFO - EMIT crude_orderflow_signal: NO TRADE | Entry Score 40
2026-08-13 18:04:15,681 - INFO - EMIT crude_orderflow_signal: PUT BUY ([SIM]) | None
2026-08-13 18:04:16,830 - INFO - EMIT crude_orderflow_signal: NO TRADE | Entry Score 40
2026-08-13 18:04:16,830 - INFO - EMIT crude_orderflow_signal: PUT BUY ([SIM]) | None
2026-08-13 18:04:17,913 - INFO - EMIT crude_orderflow_signal: NO TRADE | Entry Score 40
2026-08-13 18:04:17,915 - INFO - EMIT crude_orderflow_signal: PUT BUY ([SIM]) | None
2026-08-13 18:04:19,004 - INFO - EMIT crude_orderflow_signal: NO TRADE | Entry Score 40
2026-08-13 18:04:19,004 - INFO - EMIT crude_orderflow_signal: PUT BUY ([SIM]) | None
2026-08-13 18:04:20,117 - INFO - EMIT crude_orderflow_signal: NO TRADE | Entry Score 40
2026-08-13 18:04:20,117 - INFO - EMIT crude_orderflow_signal: PUT BUY ([SIM]) | None
2026-08-13 18:04:21,192 - INFO - EMIT crude_orderflow_signal: NO TRADE | Entry Score 40
2026-08-13 18:04:21,193 - INFO - EMIT crude_orderflow_signal: PUT BUY ([SIM]) | None
2026-08-13 18:04:22,280 - INFO - EMIT crude_orderflow_signal: NO TRADE | Entry Score 40
2026-08-13 18:04:22,282 - INFO - EMIT crude_orderflow_signal: PUT BUY ([SIM]) | None
2026-08-13 18:04:23,376 - INFO - EMIT crude_orderflow_signal: NO TRADE | Entry Score 40
2026-08-13 18:04:23,376 - INFO - EMIT crude_orderflow_signal: PUT BUY ([SIM]) | None
2026-08-13 18:04:24,470 - INFO - EMIT crude_orderflow_signal: NO TRADE | Entry Score 40
2026-08-13 18:04:24,471 - INFO - EMIT crude_orderflow_signal: PUT BUY ([SIM]) | None
2026-08-13 18:04:25,570 - INFO - EMIT crude_orderflow_signal: NO TRADE | Entry Score 40
2026-08-13 18:04:25,572 - INFO - EMIT crude_orderflow_signal: PUT BUY ([SIM]) | None
2026-08-13 18:04:26,664 - INFO - EMIT crude_orderflow_signal: NO TRADE | Entry Score 40
2026-08-13 18:04:26,665 - INFO - EMIT crude_orderflow_signal: PUT BUY ([SIM]) | None
2026-08-13 18:04:27,747 - INFO - EMIT crude_orderflow_signal: NO TRADE | Entry Score 40
2026-08-13 18:04:27,747 - INFO - EMIT crude_orderflow_signal: PUT BUY ([SIM]) | None
2026-08-13 18:04:28,833 - INFO - EMIT crude_orderflow_signal: NO TRADE | Entry Score 40
2026-08-13 18:04:28,833 - INFO - EMIT crude_orderflow_signal: PUT BUY ([SIM]) | None
2026-08-13 18:04:29,921 - INFO - EMIT crude_orderflow_signal: NO TRADE | Entry Score 40
2026-08-13 18:04:29,922 - INFO - EMIT crude_orderflow_signal: PUT BUY ([SIM]) | None
2026-08-13 18:04:30,999 - INFO - EMIT crude_orderflow_signal: NO TRADE | Entry Score 40
2026-08-13 18:04:31,000 - INFO - EMIT crude_orderflow_signal: PUT BUY ([SIM]) | None
2026-08-13 18:04:32,091 - INFO - EMIT crude_orderflow_signal: NO TRADE | Entry Score 40
2026-08-13 18:04:32,092 - INFO - EMIT crude_orderflow_signal: PUT BUY ([SIM]) | None
2026-08-13 18:04:33,171 - INFO - EMIT crude_orderflow_signal: NO TRADE | Entry Score 40
2026-08-13 18:04:33,172 - INFO - EMIT crude_orderflow_signal: PUT BUY ([SIM]) | None
2026-08-13 18:04:34,250 - INFO - EMIT crude_orderflow_signal: NO TRADE | Entry Score 40
2026-08-13 18:04:34,250 - INFO - EMIT crude_orderflow_signal: PUT BUY ([SIM]) | None
2026-08-13 18:04:35,327 - INFO - EMIT crude_orderflow_signal: NO TRADE | Entry Score 40
2026-08-13 18:04:35,327 - INFO - EMIT crude_orderflow_signal: PUT BUY ([SIM]) | None
2026-08-13 18:04:36,418 - INFO - EMIT crude_orderflow_signal: NO TRADE | Entry Score 40
2026-08-13 18:04:36,418 - INFO - EMIT crude_orderflow_signal: PUT BUY ([SIM]) | None
2026-08-13 18:04:37,502 - INFO - EMIT crude_orderflow_signal: NO TRADE | Entry Score 40
2026-08-13 18:04:37,502 - INFO - EMIT crude_orderflow_signal: PUT BUY ([SIM]) | None
2026-08-13 18:04:38,576 - INFO - EMIT crude_orderflow_signal: NO TRADE | Entry Score 40
2026-08-13 18:04:38,576 - INFO - EMIT crude_orderflow_signal: PUT BUY ([SIM]) | None
2026-08-13 18:04:39,666 - INFO - EMIT crude_orderflow_signal: NO TRADE | Entry Score 40
2026-08-13 18:04:39,667 - INFO - EMIT crude_orderflow_signal: PUT BUY ([SIM]) | None
2026-08-13 18:04:40,744 - INFO - EMIT crude_orderflow_signal: NO TRADE | Entry Score 40
2026-08-13 18:04:40,744 - INFO - EMIT crude_orderflow_signal: PUT BUY ([SIM]) | None
2026-08-13 18:04:41,832 - INFO - EMIT crude_orderflow_signal: NO TRADE | Entry Score 40
2026-08-13 18:04:41,832 - INFO - EMIT crude_orderflow_signal: PUT BUY ([SIM]) | None
2026-08-13 18:04:42,913 - INFO - EMIT crude_orderflow_signal: NO TRADE | Entry Score 40
2026-08-13 18:04:42,914 - INFO - EMIT crude_orderflow_signal: PUT BUY ([SIM]) | None
2026-08-13 18:04:44,032 - INFO - EMIT crude_orderflow_signal: NO TRADE | Entry Score 40
2026-08-13 18:04:44,032 - INFO - EMIT crude_orderflow_signal: PUT BUY ([SIM]) | None
2026-08-13 18:04:45,119 - INFO - EMIT crude_orderflow_signal: NO TRADE | Entry Score 40
2026-08-13 18:04:45,119 - INFO - EMIT crude_orderflow_signal: PUT BUY ([SIM]) | None
2026-08-13 18:04:46,205 - INFO - EMIT crude_orderflow_signal: NO TRADE | Entry Score 40
2026-08-13 18:04:46,205 - INFO - EMIT crude_orderflow_signal: PUT BUY ([SIM]) | None
2026-08-13 18:04:47,286 - INFO - EMIT crude_orderflow_signal: NO TRADE | Entry Score 40
2026-08-13 18:04:47,286 - INFO - EMIT crude_orderflow_signal: PUT BUY ([SIM]) | None
2026-08-13 18:04:48,370 - INFO - EMIT crude_orderflow_signal: NO TRADE | Entry Score 40
2026-08-13 18:04:48,370 - INFO - EMIT crude_orderflow_signal: PUT BUY ([SIM]) | None
2026-08-13 18:04:49,452 - INFO - EMIT crude_orderflow_signal: NO TRADE | Entry Score 40
2026-08-13 18:04:49,454 - INFO - EMIT crude_orderflow_signal: PUT BUY ([SIM]) | None
2026-08-13 18:04:50,532 - INFO - EMIT crude_orderflow_signal: NO TRADE | Entry Score 40
2026-08-13 18:04:50,532 - INFO - EMIT crude_orderflow_signal: PUT BUY ([SIM]) | None
2026-08-13 18:04:51,618 - INFO - EMIT crude_orderflow_signal: NO TRADE | Entry Score 40
2026-08-13 18:04:51,618 - INFO - EMIT crude_orderflow_signal: PUT BUY ([SIM]) | None
2026-08-13 18:04:52,698 - INFO - EMIT crude_orderflow_signal: NO TRADE | Entry Score 40
2026-08-13 18:04:52,699 - INFO - EMIT crude_orderflow_signal: PUT BUY ([SIM]) | None
2026-08-13 18:04:53,780 - INFO - EMIT crude_orderflow_signal: NO TRADE | Entry Score 40
2026-08-13 18:04:53,781 - INFO - EMIT crude_orderflow_signal: PUT BUY ([SIM]) | None
2026-08-13 18:04:54,870 - INFO - EMIT crude_orderflow_signal: NO TRADE | Entry Score 40
2026-08-13 18:04:54,871 - INFO - EMIT crude_orderflow_signal: PUT BUY ([SIM]) | None
2026-08-13 18:04:55,955 - INFO - EMIT crude_orderflow_signal: NO TRADE | Entry Score 40
2026-08-13 18:04:55,956 - INFO - EMIT crude_orderflow_signal: PUT BUY ([SIM]) | None
2026-08-13 18:04:56,137 - INFO - EMIT crude_orderflow_signal: NO TRADE | Entry Score 40
2026-08-13 18:04:57,037 - INFO - EMIT crude_orderflow_signal: NO TRADE | Entry Score 40
2026-08-13 18:04:57,038 - INFO - EMIT crude_orderflow_signal: PUT BUY ([SIM]) | None
2026-08-13 18:04:58,119 - INFO - EMIT crude_orderflow_signal: NO TRADE | Entry Score 40
2026-08-13 18:04:58,119 - INFO - EMIT crude_orderflow_signal: PUT BUY ([SIM]) | None
2026-08-13 18:04:59,199 - INFO - EMIT crude_orderflow_signal: NO TRADE | Entry Score 40
2026-08-13 18:04:59,200 - INFO - EMIT crude_orderflow_signal: PUT BUY ([SIM]) | None
2026-08-13 18:05:00,289 - INFO - EMIT crude_orderflow_signal: NO TRADE | Entry Score 40
2026-08-13 18:05:00,290 - INFO - EMIT crude_orderflow_signal: PUT BUY ([SIM]) | None
2026-08-13 18:05:01,375 - INFO - EMIT crude_orderflow_signal: NO TRADE | Entry Score 40
2026-08-13 18:05:01,375 - INFO - EMIT crude_orderflow_signal: PUT BUY ([SIM]) | None
2026-08-13 18:05:02,463 - INFO - EMIT crude_orderflow_signal: NO TRADE | Entry Score 40
2026-08-13 18:05:02,464 - INFO - EMIT crude_orderflow_signal: PUT BUY ([SIM]) | None
2026-08-13 18:05:03,546 - INFO - EMIT crude_orderflow_signal: NO TRADE | Entry Score 40
2026-08-13 18:05:03,546 - INFO - EMIT crude_orderflow_signal: PUT BUY ([SIM]) | None
2026-08-13 18:05:04,628 - INFO - EMIT crude_orderflow_signal: NO TRADE | Entry Score 40
2026-08-13 18:05:04,628 - INFO - EMIT crude_orderflow_signal: PUT BUY ([SIM]) | None
2026-08-13 18:05:05,713 - INFO - EMIT crude_orderflow_signal: NO TRADE | Entry Score 40
2026-08-13 18:05:05,714 - INFO - EMIT crude_orderflow_signal: PUT BUY ([SIM]) | None
2026-08-13 18:05:06,793 - INFO - EMIT crude_orderflow_signal: NO TRADE | Entry Score 40
2026-08-13 18:05:06,795 - INFO - EMIT crude_orderflow_signal: PUT BUY ([SIM]) | None
2026-08-13 18:05:07,877 - INFO - EMIT crude_orderflow_signal: NO TRADE | Entry Score 40
2026-08-13 18:05:07,878 - INFO - EMIT crude_orderflow_signal: PUT BUY ([SIM]) | None
2026-08-13 18:05:08,957 - INFO - EMIT crude_orderflow_signal: NO TRADE | Entry Score 40
2026-08-13 18:05:08,958 - INFO - EMIT crude_orderflow_signal: PUT BUY ([SIM]) | None
2026-08-13 18:05:10,077 - INFO - EMIT crude_orderflow_signal: NO TRADE | Entry Score 40
2026-08-13 18:05:10,078 - INFO - EMIT crude_orderflow_signal: PUT BUY ([SIM]) | None
2026-08-13 18:05:11,165 - INFO - EMIT crude_orderflow_signal: NO TRADE | Entry Score 40
2026-08-13 18:05:11,166 - INFO - EMIT crude_orderflow_signal: PUT BUY ([SIM]) | None
2026-08-13 18:05:12,244 - INFO - EMIT crude_orderflow_signal: NO TRADE | Entry Score 40
2026-08-13 18:05:12,245 - INFO - EMIT crude_orderflow_signal: PUT BUY ([SIM]) | None
2026-08-13 18:05:13,325 - INFO - EMIT crude_orderflow_signal: NO TRADE | Entry Score 40
2026-08-13 18:05:13,326 - INFO - EMIT crude_orderflow_signal: PUT BUY ([SIM]) | None
2026-08-13 18:05:14,413 - INFO - EMIT crude_orderflow_signal: NO TRADE | Entry Score 40
2026-08-13 18:05:14,417 - INFO - EMIT crude_orderflow_signal: PUT BUY ([SIM]) | None
2026-08-13 18:05:15,501 - INFO - EMIT crude_orderflow_signal: NO TRADE | Entry Score 40
2026-08-13 18:05:15,501 - INFO - EMIT crude_orderflow_signal: PUT BUY ([SIM]) | None
2026-08-13 18:05:16,580 - INFO - EMIT crude_orderflow_signal: NO TRADE | Entry Score 40
2026-08-13 18:05:16,581 - INFO - EMIT crude_orderflow_signal: PUT BUY ([SIM]) | None
2026-08-13 18:05:17,666 - INFO - EMIT crude_orderflow_signal: NO TRADE | Entry Score 40
2026-08-13 18:05:17,666 - INFO - EMIT crude_orderflow_signal: PUT BUY ([SIM]) | None
2026-08-13 18:05:18,752 - INFO - EMIT crude_orderflow_signal: NO TRADE | Entry Score 40
2026-08-13 18:05:18,752 - INFO - EMIT crude_orderflow_signal: PUT BUY ([SIM]) | None
2026-08-13 18:05:19,859 - INFO - EMIT crude_orderflow_signal: NO TRADE | Entry Score 40
2026-08-13 18:05:19,862 - INFO - EMIT crude_orderflow_signal: PUT BUY ([SIM]) | None
2026-08-13 18:05:20,946 - INFO - EMIT crude_orderflow_signal: NO TRADE | Entry Score 40
2026-08-13 18:05:20,947 - INFO - EMIT crude_orderflow_signal: PUT BUY ([SIM]) | None
2026-08-13 18:05:22,029 - INFO - EMIT crude_orderflow_signal: NO TRADE | Entry Score 40
2026-08-13 18:05:22,029 - INFO - EMIT crude_orderflow_signal: PUT BUY ([SIM]) | None
2026-08-13 18:05:23,112 - INFO - EMIT crude_orderflow_signal: NO TRADE | Entry Score 40
2026-08-13 18:05:23,112 - INFO - EMIT crude_orderflow_signal: PUT BUY ([SIM]) | None
2026-08-13 18:05:24,194 - INFO - EMIT crude_orderflow_signal: NO TRADE | Entry Score 40
2026-08-13 18:05:24,195 - INFO - EMIT crude_orderflow_signal: PUT BUY ([SIM]) | None
2026-08-13 18:05:25,277 - INFO - EMIT crude_orderflow_signal: NO TRADE | Entry Score 40
2026-08-13 18:05:25,277 - INFO - EMIT crude_orderflow_signal: PUT BUY ([SIM]) | None
2026-08-13 18:05:26,376 - INFO - EMIT crude_orderflow_signal: NO TRADE | Entry Score 40
2026-08-13 18:05:26,377 - INFO - EMIT crude_orderflow_signal: PUT BUY ([SIM]) | None
2026-08-13 18:05:27,457 - INFO - EMIT crude_orderflow_signal: NO TRADE | Entry Score 40
2026-08-13 18:05:27,457 - INFO - EMIT crude_orderflow_signal: PUT BUY ([SIM]) | None
2026-08-13 18:05:28,540 - INFO - EMIT crude_orderflow_signal: NO TRADE | Entry Score 40
2026-08-13 18:05:28,540 - INFO - EMIT crude_orderflow_signal: PUT BUY ([SIM]) | None
2026-08-13 18:05:29,624 - INFO - EMIT crude_orderflow_signal: NO TRADE | Entry Score 40
2026-08-13 18:05:29,624 - INFO - EMIT crude_orderflow_signal: PUT BUY ([SIM]) | None
2026-08-13 18:05:30,704 - INFO - EMIT crude_orderflow_signal: NO TRADE | Entry Score 40
2026-08-13 18:05:30,704 - INFO - EMIT crude_orderflow_signal: PUT BUY ([SIM]) | None
2026-08-13 18:05:31,795 - INFO - EMIT crude_orderflow_signal: NO TRADE | Entry Score 40
2026-08-13 18:05:31,796 - INFO - EMIT crude_orderflow_signal: PUT BUY ([SIM]) | None
2026-08-13 18:05:32,885 - INFO - EMIT crude_orderflow_signal: NO TRADE | Entry Score 40
2026-08-13 18:05:32,886 - INFO - EMIT crude_orderflow_signal: PUT BUY ([SIM]) | None
2026-08-13 18:05:33,966 - INFO - EMIT crude_orderflow_signal: NO TRADE | Entry Score 40
2026-08-13 18:05:33,967 - INFO - EMIT crude_orderflow_signal: PUT BUY ([SIM]) | None
2026-08-13 18:05:35,052 - INFO - EMIT crude_orderflow_signal: NO TRADE | Entry Score 40
2026-08-13 18:05:35,052 - INFO - EMIT crude_orderflow_signal: PUT BUY ([SIM]) | None
2026-08-13 18:05:36,135 - INFO - EMIT crude_orderflow_signal: NO TRADE | Entry Score 40
2026-08-13 18:05:36,136 - INFO - EMIT crude_orderflow_signal: PUT BUY ([SIM]) | None
2026-08-13 18:05:37,218 - INFO - EMIT crude_orderflow_signal: NO TRADE | Entry Score 40
2026-08-13 18:05:37,218 - INFO - EMIT crude_orderflow_signal: PUT BUY ([SIM]) | None
2026-08-13 18:05:38,301 - INFO - EMIT crude_orderflow_signal: NO TRADE | Entry Score 40
2026-08-13 18:05:38,302 - INFO - EMIT crude_orderflow_signal: PUT BUY ([SIM]) | None
2026-08-13 18:05:39,387 - INFO - EMIT crude_orderflow_signal: NO TRADE | Entry Score 40
2026-08-13 18:05:39,387 - INFO - EMIT crude_orderflow_signal: PUT BUY ([SIM]) | None
2026-08-13 18:05:40,478 - INFO - EMIT crude_orderflow_signal: NO TRADE | Entry Score 40
2026-08-13 18:05:40,478 - INFO - EMIT crude_orderflow_signal: PUT BUY ([SIM]) | None
2026-08-13 18:05:41,561 - INFO - EMIT crude_orderflow_signal: NO TRADE | Entry Score 40
2026-08-13 18:05:41,562 - INFO - EMIT crude_orderflow_signal: PUT BUY ([SIM]) | None
2026-08-13 18:05:42,653 - INFO - EMIT crude_orderflow_signal: NO TRADE | Entry Score 40
2026-08-13 18:05:42,656 - INFO - EMIT crude_orderflow_signal: PUT BUY ([SIM]) | None
2026-08-13 18:05:43,732 - INFO - EMIT crude_orderflow_signal: NO TRADE | Entry Score 40
2026-08-13 18:05:43,733 - INFO - EMIT crude_orderflow_signal: PUT BUY ([SIM]) | None
2026-08-13 18:05:44,838 - INFO - EMIT crude_orderflow_signal: NO TRADE | Entry Score 40
2026-08-13 18:05:44,838 - INFO - EMIT crude_orderflow_signal: PUT BUY ([SIM]) | None
2026-08-13 18:05:45,940 - INFO - EMIT crude_orderflow_signal: NO TRADE | Entry Score 40
2026-08-13 18:05:45,941 - INFO - EMIT crude_orderflow_signal: PUT BUY ([SIM]) | None
2026-08-13 18:05:47,025 - INFO - EMIT crude_orderflow_signal: NO TRADE | Entry Score 40
2026-08-13 18:05:47,027 - INFO - EMIT crude_orderflow_signal: PUT BUY ([SIM]) | None
2026-08-13 18:05:48,109 - INFO - EMIT crude_orderflow_signal: NO TRADE | Entry Score 40
2026-08-13 18:05:48,110 - INFO - EMIT crude_orderflow_signal: PUT BUY ([SIM]) | None
2026-08-13 18:05:49,190 - INFO - EMIT crude_orderflow_signal: NO TRADE | Entry Score 40
2026-08-13 18:05:49,192 - INFO - EMIT crude_orderflow_signal: PUT BUY ([SIM]) | None
2026-08-13 18:05:50,283 - INFO - EMIT crude_orderflow_signal: NO TRADE | Entry Score 40
2026-08-13 18:05:50,283 - INFO - EMIT crude_orderflow_signal: PUT BUY ([SIM]) | None
2026-08-13 18:05:51,363 - INFO - EMIT crude_orderflow_signal: NO TRADE | Entry Score 40
2026-08-13 18:05:51,364 - INFO - EMIT crude_orderflow_signal: PUT BUY ([SIM]) | None
2026-08-13 18:05:52,449 - INFO - EMIT crude_orderflow_signal: NO TRADE | Entry Score 40
2026-08-13 18:05:52,450 - INFO - EMIT crude_orderflow_signal: PUT BUY ([SIM]) | None
2026-08-13 18:05:53,530 - INFO - EMIT crude_orderflow_signal: NO TRADE | Entry Score 40
2026-08-13 18:05:53,532 - INFO - EMIT crude_orderflow_signal: PUT BUY ([SIM]) | None
2026-08-13 18:05:54,612 - INFO - EMIT crude_orderflow_signal: NO TRADE | Entry Score 40
2026-08-13 18:05:54,613 - INFO - EMIT crude_orderflow_signal: PUT BUY ([SIM]) | None
2026-08-13 18:05:55,697 - INFO - EMIT crude_orderflow_signal: NO TRADE | Entry Score 40
2026-08-13 18:05:55,698 - INFO - EMIT crude_orderflow_signal: PUT BUY ([SIM]) | None
2026-08-13 18:05:56,135 - INFO - EMIT crude_orderflow_signal: NO TRADE | Entry Score 40
2026-08-13 18:05:56,793 - INFO - EMIT crude_orderflow_signal: NO TRADE | Entry Score 40
2026-08-13 18:05:56,794 - INFO - EMIT crude_orderflow_signal: PUT BUY ([SIM]) | None
2026-08-13 18:05:57,877 - INFO - EMIT crude_orderflow_signal: NO TRADE | Entry Score 40
2026-08-13 18:05:57,877 - INFO - EMIT crude_orderflow_signal: PUT BUY ([SIM]) | None
2026-08-13 18:05:58,960 - INFO - EMIT crude_orderflow_signal: NO TRADE | Entry Score 40
2026-08-13 18:05:58,962 - INFO - EMIT crude_orderflow_signal: PUT BUY ([SIM]) | None
2026-08-13 18:06:00,046 - INFO - EMIT crude_orderflow_signal: NO TRADE | Entry Score 40
2026-08-13 18:06:00,047 - INFO - EMIT crude_orderflow_signal: PUT BUY ([SIM]) | None
2026-08-13 18:06:01,133 - INFO - EMIT crude_orderflow_signal: NO TRADE | Entry Score 40
2026-08-13 18:06:01,135 - INFO - EMIT crude_orderflow_signal: PUT BUY ([SIM]) | None
2026-08-13 18:06:02,224 - INFO - EMIT crude_orderflow_signal: NO TRADE | Entry Score 40
2026-08-13 18:06:02,225 - INFO - EMIT crude_orderflow_signal: PUT BUY ([SIM]) | None
2026-08-13 18:06:03,299 - INFO - EMIT crude_orderflow_signal: NO TRADE | Entry Score 40
2026-08-13 18:06:03,300 - INFO - EMIT crude_orderflow_signal: PUT BUY ([SIM]) | None
2026-08-13 18:06:04,389 - INFO - EMIT crude_orderflow_signal: NO TRADE | Entry Score 40
2026-08-13 18:06:04,389 - INFO - EMIT crude_orderflow_signal: PUT BUY ([SIM]) | None
2026-08-13 18:06:05,469 - INFO - EMIT crude_orderflow_signal: NO TRADE | Entry Score 40
2026-08-13 18:06:05,470 - INFO - EMIT crude_orderflow_signal: PUT BUY ([SIM]) | None
2026-08-13 18:06:06,548 - INFO - EMIT crude_orderflow_signal: NO TRADE | Entry Score 40
2026-08-13 18:06:06,551 - INFO - EMIT crude_orderflow_signal: PUT BUY ([SIM]) | None
2026-08-13 18:06:07,635 - INFO - EMIT crude_orderflow_signal: NO TRADE | Entry Score 40
2026-08-13 18:06:07,637 - INFO - EMIT crude_orderflow_signal: PUT BUY ([SIM]) | None
2026-08-13 18:06:08,718 - INFO - EMIT crude_orderflow_signal: NO TRADE | Entry Score 40
2026-08-13 18:06:08,718 - INFO - EMIT crude_orderflow_signal: PUT BUY ([SIM]) | None
2026-08-13 18:06:09,805 - INFO - EMIT crude_orderflow_signal: NO TRADE | Entry Score 40
2026-08-13 18:06:09,806 - INFO - EMIT crude_orderflow_signal: PUT BUY ([SIM]) | None
2026-08-13 18:06:10,932 - INFO - EMIT crude_orderflow_signal: NO TRADE | Entry Score 40
2026-08-13 18:06:10,932 - INFO - EMIT crude_orderflow_signal: PUT BUY ([SIM]) | None
2026-08-13 18:06:12,008 - INFO - EMIT crude_orderflow_signal: NO TRADE | Entry Score 40
2026-08-13 18:06:12,008 - INFO - EMIT crude_orderflow_signal: PUT BUY ([SIM]) | None
2026-08-13 18:06:13,135 - INFO - EMIT crude_orderflow_signal: NO TRADE | Entry Score 40
2026-08-13 18:06:13,135 - INFO - EMIT crude_orderflow_signal: PUT BUY ([SIM]) | None
2026-08-13 18:06:14,299 - INFO - EMIT crude_orderflow_signal: NO TRADE | Entry Score 40
2026-08-13 18:06:14,300 - INFO - EMIT crude_orderflow_signal: PUT BUY ([SIM]) | None
2026-08-13 18:06:15,454 - INFO - EMIT crude_orderflow_signal: NO TRADE | Entry Score 40
2026-08-13 18:06:15,455 - INFO - EMIT crude_orderflow_signal: PUT BUY ([SIM]) | None
2026-08-13 18:06:16,546 - INFO - EMIT crude_orderflow_signal: NO TRADE | Entry Score 40
2026-08-13 18:06:16,547 - INFO - EMIT crude_orderflow_signal: PUT BUY ([SIM]) | None
2026-08-13 18:06:17,628 - INFO - EMIT crude_orderflow_signal: NO TRADE | Entry Score 40
2026-08-13 18:06:17,628 - INFO - EMIT crude_orderflow_signal: PUT BUY ([SIM]) | None
2026-08-13 18:06:18,707 - INFO - EMIT crude_orderflow_signal: NO TRADE | Entry Score 40
2026-08-13 18:06:18,707 - INFO - EMIT crude_orderflow_signal: PUT BUY ([SIM]) | None
2026-08-13 18:06:19,808 - INFO - EMIT crude_orderflow_signal: NO TRADE | Entry Score 40
2026-08-13 18:06:19,809 - INFO - EMIT crude_orderflow_signal: PUT BUY ([SIM]) | None
2026-08-13 18:06:20,932 - INFO - EMIT crude_orderflow_signal: NO TRADE | Entry Score 40
2026-08-13 18:06:20,933 - INFO - EMIT crude_orderflow_signal: PUT BUY ([SIM]) | None
2026-08-13 18:06:22,038 - INFO - EMIT crude_orderflow_signal: NO TRADE | Entry Score 40
2026-08-13 18:06:22,039 - INFO - EMIT crude_orderflow_signal: PUT BUY ([SIM]) | None
2026-08-13 18:06:23,122 - INFO - EMIT crude_orderflow_signal: NO TRADE | Entry Score 40
2026-08-13 18:06:23,123 - INFO - EMIT crude_orderflow_signal: PUT BUY ([SIM]) | None
2026-08-13 18:06:24,207 - INFO - EMIT crude_orderflow_signal: NO TRADE | Entry Score 40
2026-08-13 18:06:24,208 - INFO - EMIT crude_orderflow_signal: PUT BUY ([SIM]) | None
2026-08-13 18:06:25,296 - INFO - EMIT crude_orderflow_signal: NO TRADE | Entry Score 40
2026-08-13 18:06:25,297 - INFO - EMIT crude_orderflow_signal: PUT BUY ([SIM]) | None
2026-08-13 18:06:26,380 - INFO - EMIT crude_orderflow_signal: NO TRADE | Entry Score 40
2026-08-13 18:06:26,382 - INFO - EMIT crude_orderflow_signal: PUT BUY ([SIM]) | None
2026-08-13 18:06:27,458 - INFO - EMIT crude_orderflow_signal: NO TRADE | Entry Score 40
2026-08-13 18:06:27,459 - INFO - EMIT crude_orderflow_signal: PUT BUY ([SIM]) | None
2026-08-13 18:06:28,552 - INFO - EMIT crude_orderflow_signal: NO TRADE | Entry Score 40
2026-08-13 18:06:28,553 - INFO - EMIT crude_orderflow_signal: PUT BUY ([SIM]) | None
2026-08-13 18:06:29,630 - INFO - EMIT crude_orderflow_signal: NO TRADE | Entry Score 40
2026-08-13 18:06:29,632 - INFO - EMIT crude_orderflow_signal: PUT BUY ([SIM]) | None
2026-08-13 18:06:30,714 - INFO - EMIT crude_orderflow_signal: NO TRADE | Entry Score 40
2026-08-13 18:06:30,715 - INFO - EMIT crude_orderflow_signal: PUT BUY ([SIM]) | None
2026-08-13 18:06:31,798 - INFO - EMIT crude_orderflow_signal: NO TRADE | Entry Score 40
2026-08-13 18:06:31,798 - INFO - EMIT crude_orderflow_signal: PUT BUY ([SIM]) | None
2026-08-13 18:06:32,879 - INFO - EMIT crude_orderflow_signal: NO TRADE | Entry Score 40
2026-08-13 18:06:32,879 - INFO - EMIT crude_orderflow_signal: PUT BUY ([SIM]) | None
2026-08-13 18:06:33,962 - INFO - EMIT crude_orderflow_signal: NO TRADE | Entry Score 40
2026-08-13 18:06:33,964 - INFO - EMIT crude_orderflow_signal: PUT BUY ([SIM]) | None
2026-08-13 18:06:35,041 - INFO - EMIT crude_orderflow_signal: NO TRADE | Entry Score 40
2026-08-13 18:06:35,042 - INFO - EMIT crude_orderflow_signal: PUT BUY ([SIM]) | None
2026-08-13 18:06:36,127 - INFO - EMIT crude_orderflow_signal: NO TRADE | Entry Score 40
2026-08-13 18:06:36,127 - INFO - EMIT crude_orderflow_signal: PUT BUY ([SIM]) | None
2026-08-13 18:06:37,210 - INFO - EMIT crude_orderflow_signal: NO TRADE | Entry Score 40
2026-08-13 18:06:37,210 - INFO - EMIT crude_orderflow_signal: PUT BUY ([SIM]) | None
2026-08-13 18:06:38,307 - INFO - EMIT crude_orderflow_signal: NO TRADE | Entry Score 40
2026-08-13 18:06:38,307 - INFO - EMIT crude_orderflow_signal: PUT BUY ([SIM]) | None
2026-08-13 18:06:39,389 - INFO - EMIT crude_orderflow_signal: NO TRADE | Entry Score 40
2026-08-13 18:06:39,390 - INFO - EMIT crude_orderflow_signal: PUT BUY ([SIM]) | None
2026-08-13 18:06:40,552 - INFO - EMIT crude_orderflow_signal: PUT BUY ([SIM]) | None
2026-08-13 18:06:41,637 - INFO - EMIT crude_orderflow_signal: PUT BUY ([SIM]) | None
2026-08-13 18:06:42,989 - INFO - EMIT crude_orderflow_signal: PUT BUY ([SIM]) | None
2026-08-13 18:06:44,070 - INFO - EMIT crude_orderflow_signal: PUT BUY ([SIM]) | None
2026-08-13 18:06:45,194 - INFO - EMIT crude_orderflow_signal: PUT BUY ([SIM]) | None
2026-08-13 18:06:46,290 - INFO - EMIT crude_orderflow_signal: PUT BUY ([SIM]) | None
2026-08-13 18:06:47,372 - INFO - EMIT crude_orderflow_signal: PUT BUY ([SIM]) | None
2026-08-13 18:06:48,455 - INFO - EMIT crude_orderflow_signal: PUT BUY ([SIM]) | None
2026-08-13 18:06:49,546 - INFO - EMIT crude_orderflow_signal: PUT BUY ([SIM]) | None
2026-08-13 18:06:50,627 - INFO - EMIT crude_orderflow_signal: PUT BUY ([SIM]) | None
2026-08-13 18:06:51,708 - INFO - EMIT crude_orderflow_signal: PUT BUY ([SIM]) | None
2026-08-13 18:06:52,793 - INFO - EMIT crude_orderflow_signal: PUT BUY ([SIM]) | None
2026-08-13 18:06:53,868 - INFO - EMIT crude_orderflow_signal: PUT BUY ([SIM]) | None
2026-08-13 18:06:54,958 - INFO - EMIT crude_orderflow_signal: PUT BUY ([SIM]) | None
2026-08-13 18:06:56,043 - INFO - EMIT crude_orderflow_signal: PUT BUY ([SIM]) | None
2026-08-13 18:06:56,138 - INFO - EMIT crude_orderflow_signal: NO TRADE | Entry Score 40
2026-08-13 18:06:57,143 - INFO - EMIT crude_orderflow_signal: PUT BUY ([SIM]) | None
2026-08-13 18:06:58,228 - INFO - EMIT crude_orderflow_signal: PUT BUY ([SIM]) | None
2026-08-13 18:06:59,317 - INFO - EMIT crude_orderflow_signal: PUT BUY ([SIM]) | None
2026-08-13 18:07:00,397 - INFO - EMIT crude_orderflow_signal: PUT BUY ([SIM]) | None
2026-08-13 18:07:01,475 - INFO - EMIT crude_orderflow_signal: PUT BUY ([SIM]) | None
2026-08-13 18:07:02,587 - INFO - EMIT crude_orderflow_signal: PUT BUY ([SIM]) | None
2026-08-13 18:07:03,682 - INFO - EMIT crude_orderflow_signal: PUT BUY ([SIM]) | None
2026-08-13 18:07:04,765 - INFO - EMIT crude_orderflow_signal: PUT BUY ([SIM]) | None
2026-08-13 18:07:05,849 - INFO - EMIT crude_orderflow_signal: PUT BUY ([SIM]) | None
2026-08-13 18:07:06,936 - INFO - EMIT crude_orderflow_signal: PUT BUY ([SIM]) | None
2026-08-13 18:07:08,016 - INFO - EMIT crude_orderflow_signal: PUT BUY ([SIM]) | None
2026-08-13 18:07:09,109 - INFO - EMIT crude_orderflow_signal: PUT BUY ([SIM]) | None
2026-08-13 18:07:10,186 - INFO - EMIT crude_orderflow_signal: PUT BUY ([SIM]) | None
2026-08-13 18:07:11,273 - INFO - EMIT crude_orderflow_signal: PUT BUY ([SIM]) | None
2026-08-13 18:07:12,359 - INFO - EMIT crude_orderflow_signal: PUT BUY ([SIM]) | None
2026-08-13 18:07:13,443 - INFO - EMIT crude_orderflow_signal: PUT BUY ([SIM]) | None
2026-08-13 18:07:14,539 - INFO - EMIT crude_orderflow_signal: PUT BUY ([SIM]) | None
2026-08-13 18:07:15,636 - INFO - EMIT crude_orderflow_signal: PUT BUY ([SIM]) | None
2026-08-13 18:07:16,710 - INFO - EMIT crude_orderflow_signal: PUT BUY ([SIM]) | None
2026-08-13 18:07:17,956 - INFO - EMIT crude_orderflow_signal: PUT BUY ([SIM]) | None
2026-08-13 18:07:19,051 - INFO - EMIT crude_orderflow_signal: PUT BUY ([SIM]) | None
2026-08-13 18:07:20,137 - INFO - EMIT crude_orderflow_signal: PUT BUY ([SIM]) | None
2026-08-13 18:07:21,224 - INFO - EMIT crude_orderflow_signal: PUT BUY ([SIM]) | None
2026-08-13 18:07:22,318 - INFO - EMIT crude_orderflow_signal: PUT BUY ([SIM]) | None
2026-08-13 18:07:23,405 - INFO - EMIT crude_orderflow_signal: PUT BUY ([SIM]) | None
2026-08-13 18:07:24,495 - INFO - EMIT crude_orderflow_signal: PUT BUY ([SIM]) | None
2026-08-13 18:07:25,576 - INFO - EMIT crude_orderflow_signal: PUT BUY ([SIM]) | None
2026-08-13 18:07:26,677 - INFO - EMIT crude_orderflow_signal: PUT BUY ([SIM]) | None
2026-08-13 18:07:27,763 - INFO - EMIT crude_orderflow_signal: PUT BUY ([SIM]) | None
2026-08-13 18:07:28,846 - INFO - EMIT crude_orderflow_signal: PUT BUY ([SIM]) | None
2026-08-13 18:07:29,932 - INFO - EMIT crude_orderflow_signal: PUT BUY ([SIM]) | None
2026-08-13 18:07:31,022 - INFO - EMIT crude_orderflow_signal: PUT BUY ([SIM]) | None
2026-08-13 18:07:32,111 - INFO - EMIT crude_orderflow_signal: PUT BUY ([SIM]) | None
2026-08-13 18:07:33,193 - INFO - EMIT crude_orderflow_signal: PUT BUY ([SIM]) | None
2026-08-13 18:07:34,277 - INFO - EMIT crude_orderflow_signal: PUT BUY ([SIM]) | None
2026-08-13 18:07:35,359 - INFO - EMIT crude_orderflow_signal: PUT BUY ([SIM]) | None
2026-08-13 18:07:36,455 - INFO - EMIT crude_orderflow_signal: PUT BUY ([SIM]) | None
2026-08-13 18:07:37,550 - INFO - EMIT crude_orderflow_signal: PUT BUY ([SIM]) | None
2026-08-13 18:07:38,634 - INFO - EMIT crude_orderflow_signal: PUT BUY ([SIM]) | None
2026-08-13 18:07:39,723 - INFO - EMIT crude_orderflow_signal: PUT BUY ([SIM]) | None
2026-08-13 18:07:40,806 - INFO - EMIT crude_orderflow_signal: PUT BUY ([SIM]) | None
2026-08-13 18:07:41,891 - INFO - EMIT crude_orderflow_signal: PUT BUY ([SIM]) | None
2026-08-13 18:07:42,989 - INFO - EMIT crude_orderflow_signal: PUT BUY ([SIM]) | None
2026-08-13 18:07:44,078 - INFO - EMIT crude_orderflow_signal: PUT BUY ([SIM]) | None
2026-08-13 18:07:45,168 - INFO - EMIT crude_orderflow_signal: PUT BUY ([SIM]) | None
2026-08-13 18:07:46,251 - INFO - EMIT crude_orderflow_signal: PUT BUY ([SIM]) | None
2026-08-13 18:07:47,341 - INFO - EMIT crude_orderflow_signal: PUT BUY ([SIM]) | None
2026-08-13 18:07:48,423 - INFO - EMIT crude_orderflow_signal: PUT BUY ([SIM]) | None
2026-08-13 18:07:49,510 - INFO - EMIT crude_orderflow_signal: PUT BUY ([SIM]) | None
2026-08-13 18:07:50,594 - INFO - EMIT crude_orderflow_signal: PUT BUY ([SIM]) | None
2026-08-13 18:07:51,680 - INFO - EMIT crude_orderflow_signal: PUT BUY ([SIM]) | None
2026-08-13 18:07:52,770 - INFO - EMIT crude_orderflow_signal: PUT BUY ([SIM]) | None
2026-08-13 18:07:53,855 - INFO - EMIT crude_orderflow_signal: PUT BUY ([SIM]) | None
2026-08-13 18:07:54,950 - INFO - EMIT crude_orderflow_signal: PUT BUY ([SIM]) | None
2026-08-13 18:07:56,036 - INFO - EMIT crude_orderflow_signal: PUT BUY ([SIM]) | None
2026-08-13 18:07:56,137 - INFO - EMIT crude_orderflow_signal: NO TRADE | Entry Score 40
2026-08-13 18:07:57,125 - INFO - EMIT crude_orderflow_signal: PUT BUY ([SIM]) | None
2026-08-13 18:07:58,215 - INFO - EMIT crude_orderflow_signal: PUT BUY ([SIM]) | None
2026-08-13 18:07:59,298 - INFO - EMIT crude_orderflow_signal: PUT BUY ([SIM]) | None
2026-08-13 18:08:00,382 - INFO - EMIT crude_orderflow_signal: PUT BUY ([SIM]) | None
2026-08-13 18:08:01,460 - INFO - EMIT crude_orderflow_signal: PUT BUY ([SIM]) | None
2026-08-13 18:08:02,548 - INFO - EMIT crude_orderflow_signal: PUT BUY ([SIM]) | None
2026-08-13 18:08:03,700 - INFO - EMIT crude_orderflow_signal: PUT BUY ([SIM]) | None
2026-08-13 18:08:04,790 - INFO - EMIT crude_orderflow_signal: PUT BUY ([SIM]) | None
2026-08-13 18:08:05,880 - INFO - EMIT crude_orderflow_signal: PUT BUY ([SIM]) | None
2026-08-13 18:08:06,988 - INFO - EMIT crude_orderflow_signal: PUT BUY ([SIM]) | None
2026-08-13 18:08:08,182 - INFO - EMIT crude_orderflow_signal: PUT BUY ([SIM]) | None
2026-08-13 18:08:09,272 - INFO - EMIT crude_orderflow_signal: PUT BUY ([SIM]) | None
2026-08-13 18:08:10,371 - INFO - EMIT crude_orderflow_signal: PUT BUY ([SIM]) | None
2026-08-13 18:08:11,500 - INFO - EMIT crude_orderflow_signal: PUT BUY ([SIM]) | None
2026-08-13 18:08:12,586 - INFO - EMIT crude_orderflow_signal: PUT BUY ([SIM]) | None
2026-08-13 18:08:13,679 - INFO - EMIT crude_orderflow_signal: PUT BUY ([SIM]) | None
2026-08-13 18:08:14,768 - INFO - EMIT crude_orderflow_signal: PUT BUY ([SIM]) | None
2026-08-13 18:08:15,866 - INFO - EMIT crude_orderflow_signal: PUT BUY ([SIM]) | None
2026-08-13 18:08:16,953 - INFO - EMIT crude_orderflow_signal: PUT BUY ([SIM]) | None
2026-08-13 18:08:18,073 - INFO - EMIT crude_orderflow_signal: PUT BUY ([SIM]) | None
2026-08-13 18:08:19,163 - INFO - EMIT crude_orderflow_signal: PUT BUY ([SIM]) | None
2026-08-13 18:08:20,254 - INFO - EMIT crude_orderflow_signal: PUT BUY ([SIM]) | None
2026-08-13 18:08:21,349 - INFO - EMIT crude_orderflow_signal: PUT BUY ([SIM]) | None
2026-08-13 18:08:22,470 - INFO - EMIT crude_orderflow_signal: PUT BUY ([SIM]) | None
2026-08-13 18:08:23,558 - INFO - EMIT crude_orderflow_signal: PUT BUY ([SIM]) | None
2026-08-13 18:08:24,658 - INFO - EMIT crude_orderflow_signal: PUT BUY ([SIM]) | None
2026-08-13 18:08:25,746 - INFO - EMIT crude_orderflow_signal: PUT BUY ([SIM]) | None
2026-08-13 18:08:26,847 - INFO - EMIT crude_orderflow_signal: PUT BUY ([SIM]) | None
2026-08-13 18:08:28,191 - INFO - EMIT crude_orderflow_signal: PUT BUY ([SIM]) | None
2026-08-13 18:08:29,313 - INFO - EMIT crude_orderflow_signal: PUT BUY ([SIM]) | None
2026-08-13 18:08:30,424 - INFO - EMIT crude_orderflow_signal: PUT BUY ([SIM]) | None
2026-08-13 18:08:31,523 - INFO - EMIT crude_orderflow_signal: PUT BUY ([SIM]) | None
2026-08-13 18:08:32,680 - INFO - EMIT crude_orderflow_signal: PUT BUY ([SIM]) | None
2026-08-13 18:08:33,907 - INFO - EMIT crude_orderflow_signal: PUT BUY ([SIM]) | None
2026-08-13 18:08:34,996 - INFO - EMIT crude_orderflow_signal: PUT BUY ([SIM]) | None
2026-08-13 18:08:36,082 - INFO - EMIT crude_orderflow_signal: PUT BUY ([SIM]) | None
2026-08-13 18:08:37,179 - INFO - EMIT crude_orderflow_signal: PUT BUY ([SIM]) | None
2026-08-13 18:08:38,282 - INFO - EMIT crude_orderflow_signal: PUT BUY ([SIM]) | None
2026-08-13 18:08:39,378 - INFO - EMIT crude_orderflow_signal: PUT BUY ([SIM]) | None
2026-08-13 18:08:40,467 - INFO - EMIT crude_orderflow_signal: PUT BUY ([SIM]) | None
2026-08-13 18:08:41,558 - INFO - EMIT crude_orderflow_signal: PUT BUY ([SIM]) | None
2026-08-13 18:08:42,645 - INFO - EMIT crude_orderflow_signal: PUT BUY ([SIM]) | None
2026-08-13 18:08:43,743 - INFO - EMIT crude_orderflow_signal: PUT BUY ([SIM]) | None
2026-08-13 18:08:44,837 - INFO - EMIT crude_orderflow_signal: PUT BUY ([SIM]) | None
2026-08-13 18:08:45,946 - INFO - EMIT crude_orderflow_signal: PUT BUY ([SIM]) | None
2026-08-13 18:08:47,037 - INFO - EMIT crude_orderflow_signal: PUT BUY ([SIM]) | None
2026-08-13 18:08:48,150 - INFO - EMIT crude_orderflow_signal: PUT BUY ([SIM]) | None
2026-08-13 18:08:49,237 - INFO - EMIT crude_orderflow_signal: PUT BUY ([SIM]) | None
2026-08-13 18:08:50,346 - INFO - EMIT crude_orderflow_signal: PUT BUY ([SIM]) | None
2026-08-13 18:08:51,491 - INFO - EMIT crude_orderflow_signal: PUT BUY ([SIM]) | None
2026-08-13 18:08:52,641 - INFO - EMIT crude_orderflow_signal: PUT BUY ([SIM]) | None
2026-08-13 18:08:53,732 - INFO - EMIT crude_orderflow_signal: PUT BUY ([SIM]) | None
2026-08-13 18:08:54,820 - INFO - EMIT crude_orderflow_signal: PUT BUY ([SIM]) | None
2026-08-13 18:08:55,915 - INFO - EMIT crude_orderflow_signal: PUT BUY ([SIM]) | None
2026-08-13 18:08:56,134 - INFO - EMIT crude_orderflow_signal: NO TRADE | Entry Score 40
2026-08-13 18:08:57,013 - INFO - EMIT crude_orderflow_signal: PUT BUY ([SIM]) | None
2026-08-13 18:08:58,107 - INFO - EMIT crude_orderflow_signal: PUT BUY ([SIM]) | None
2026-08-13 18:08:59,194 - INFO - EMIT crude_orderflow_signal: PUT BUY ([SIM]) | None
2026-08-13 18:09:00,285 - INFO - EMIT crude_orderflow_signal: PUT BUY ([SIM]) | None
2026-08-13 18:09:01,376 - INFO - EMIT crude_orderflow_signal: PUT BUY ([SIM]) | None
2026-08-13 18:09:02,466 - INFO - EMIT crude_orderflow_signal: PUT BUY ([SIM]) | None
2026-08-13 18:09:03,563 - INFO - EMIT crude_orderflow_signal: PUT BUY ([SIM]) | None
2026-08-13 18:09:04,686 - INFO - EMIT crude_orderflow_signal: PUT BUY ([SIM]) | None
2026-08-13 18:09:05,776 - INFO - EMIT crude_orderflow_signal: PUT BUY ([SIM]) | None
2026-08-13 18:09:06,867 - INFO - EMIT crude_orderflow_signal: PUT BUY ([SIM]) | None
2026-08-13 18:09:07,956 - INFO - EMIT crude_orderflow_signal: PUT BUY ([SIM]) | None
2026-08-13 18:09:09,054 - INFO - EMIT crude_orderflow_signal: PUT BUY ([SIM]) | None
2026-08-13 18:09:10,152 - INFO - EMIT crude_orderflow_signal: PUT BUY ([SIM]) | None
2026-08-13 18:09:11,245 - INFO - EMIT crude_orderflow_signal: PUT BUY ([SIM]) | None
2026-08-13 18:09:12,331 - INFO - EMIT crude_orderflow_signal: PUT BUY ([SIM]) | None
2026-08-13 18:09:13,428 - INFO - EMIT crude_orderflow_signal: PUT BUY ([SIM]) | None
2026-08-13 18:09:14,532 - INFO - EMIT crude_orderflow_signal: PUT BUY ([SIM]) | None
2026-08-13 18:09:15,648 - INFO - EMIT crude_orderflow_signal: PUT BUY ([SIM]) | None
2026-08-13 18:09:16,741 - INFO - EMIT crude_orderflow_signal: PUT BUY ([SIM]) | None
2026-08-13 18:09:18,026 - INFO - EMIT crude_orderflow_signal: PUT BUY ([SIM]) | None
2026-08-13 18:09:19,117 - INFO - EMIT crude_orderflow_signal: PUT BUY ([SIM]) | None
2026-08-13 18:09:20,207 - INFO - EMIT crude_orderflow_signal: PUT BUY ([SIM]) | None
2026-08-13 18:09:21,293 - INFO - EMIT crude_orderflow_signal: PUT BUY ([SIM]) | None
2026-08-13 18:09:22,381 - INFO - EMIT crude_orderflow_signal: PUT BUY ([SIM]) | None
2026-08-13 18:09:23,475 - INFO - EMIT crude_orderflow_signal: PUT BUY ([SIM]) | None
2026-08-13 18:09:24,568 - INFO - EMIT crude_orderflow_signal: PUT BUY ([SIM]) | None
2026-08-13 18:09:25,658 - INFO - EMIT crude_orderflow_signal: PUT BUY ([SIM]) | None
2026-08-13 18:09:26,781 - INFO - EMIT crude_orderflow_signal: PUT BUY ([SIM]) | None
2026-08-13 18:09:27,872 - INFO - EMIT crude_orderflow_signal: PUT BUY ([SIM]) | None
2026-08-13 18:09:28,966 - INFO - EMIT crude_orderflow_signal: PUT BUY ([SIM]) | None
2026-08-13 18:09:30,068 - INFO - EMIT crude_orderflow_signal: PUT BUY ([SIM]) | None
2026-08-13 18:09:31,166 - INFO - EMIT crude_orderflow_signal: PUT BUY ([SIM]) | None
2026-08-13 18:09:32,263 - INFO - EMIT crude_orderflow_signal: PUT BUY ([SIM]) | None
2026-08-13 18:09:33,357 - INFO - EMIT crude_orderflow_signal: PUT BUY ([SIM]) | None
2026-08-13 18:09:34,449 - INFO - EMIT crude_orderflow_signal: PUT BUY ([SIM]) | None
2026-08-13 18:09:35,541 - INFO - EMIT crude_orderflow_signal: PUT BUY ([SIM]) | None
2026-08-13 18:09:36,634 - INFO - EMIT crude_orderflow_signal: PUT BUY ([SIM]) | None
2026-08-13 18:09:37,727 - INFO - EMIT crude_orderflow_signal: PUT BUY ([SIM]) | None
2026-08-13 18:09:38,815 - INFO - EMIT crude_orderflow_signal: PUT BUY ([SIM]) | None
2026-08-13 18:09:39,911 - INFO - EMIT crude_orderflow_signal: PUT BUY ([SIM]) | None
2026-08-13 18:09:41,038 - INFO - EMIT crude_orderflow_signal: PUT BUY ([SIM]) | None
2026-08-13 18:09:42,169 - INFO - EMIT crude_orderflow_signal: PUT BUY ([SIM]) | None
2026-08-13 18:09:43,258 - INFO - EMIT crude_orderflow_signal: PUT BUY ([SIM]) | None
2026-08-13 18:09:44,354 - INFO - EMIT crude_orderflow_signal: PUT BUY ([SIM]) | None
2026-08-13 18:09:45,468 - INFO - EMIT crude_orderflow_signal: PUT BUY ([SIM]) | None
2026-08-13 18:09:46,588 - INFO - EMIT crude_orderflow_signal: PUT BUY ([SIM]) | None
2026-08-13 18:09:47,744 - INFO - EMIT crude_orderflow_signal: PUT BUY ([SIM]) | None
2026-08-13 18:09:48,834 - INFO - EMIT crude_orderflow_signal: PUT BUY ([SIM]) | None
2026-08-13 18:09:49,926 - INFO - EMIT crude_orderflow_signal: PUT BUY ([SIM]) | None
2026-08-13 18:09:51,021 - INFO - EMIT crude_orderflow_signal: PUT BUY ([SIM]) | None
2026-08-13 18:09:52,118 - INFO - EMIT crude_orderflow_signal: PUT BUY ([SIM]) | None
2026-08-13 18:09:53,212 - INFO - EMIT crude_orderflow_signal: PUT BUY ([SIM]) | None
2026-08-13 18:09:54,313 - INFO - EMIT crude_orderflow_signal: PUT BUY ([SIM]) | None
2026-08-13 18:09:55,409 - INFO - EMIT crude_orderflow_signal: PUT BUY ([SIM]) | None
2026-08-13 18:09:56,137 - INFO - EMIT crude_orderflow_signal: NO TRADE | Entry Score 40
2026-08-13 18:09:56,504 - INFO - EMIT crude_orderflow_signal: PUT BUY ([SIM]) | None
2026-08-13 18:09:57,599 - INFO - EMIT crude_orderflow_signal: PUT BUY ([SIM]) | None
2026-08-13 18:09:58,692 - INFO - EMIT crude_orderflow_signal: PUT BUY ([SIM]) | None
2026-08-13 18:09:59,784 - INFO - EMIT crude_orderflow_signal: PUT BUY ([SIM]) | None
2026-08-13 18:10:00,871 - INFO - EMIT crude_orderflow_signal: PUT BUY ([SIM]) | None
2026-08-13 18:10:01,970 - INFO - EMIT crude_orderflow_signal: PUT BUY ([SIM]) | None
2026-08-13 18:10:03,125 - INFO - EMIT crude_orderflow_signal: PUT BUY ([SIM]) | None
2026-08-13 18:10:04,224 - INFO - EMIT crude_orderflow_signal: PUT BUY ([SIM]) | None
2026-08-13 18:10:05,329 - INFO - EMIT crude_orderflow_signal: PUT BUY ([SIM]) | None
2026-08-13 18:10:06,423 - INFO - EMIT crude_orderflow_signal: PUT BUY ([SIM]) | None
2026-08-13 18:10:07,526 - INFO - EMIT crude_orderflow_signal: PUT BUY ([SIM]) | None
2026-08-13 18:10:08,627 - INFO - EMIT crude_orderflow_signal: PUT BUY ([SIM]) | None
2026-08-13 18:10:09,725 - INFO - EMIT crude_orderflow_signal: PUT BUY ([SIM]) | None
2026-08-13 18:10:10,823 - INFO - EMIT crude_orderflow_signal: PUT BUY ([SIM]) | None
2026-08-13 18:10:11,916 - INFO - EMIT crude_orderflow_signal: PUT BUY ([SIM]) | None
2026-08-13 18:10:13,024 - INFO - EMIT crude_orderflow_signal: PUT BUY ([SIM]) | None
2026-08-13 18:10:14,113 - INFO - EMIT crude_orderflow_signal: PUT BUY ([SIM]) | None
2026-08-13 18:10:15,208 - INFO - EMIT crude_orderflow_signal: PUT BUY ([SIM]) | None
2026-08-13 18:10:16,307 - INFO - EMIT crude_orderflow_signal: PUT BUY ([SIM]) | None
2026-08-13 18:10:17,410 - INFO - EMIT crude_orderflow_signal: PUT BUY ([SIM]) | None
2026-08-13 18:10:18,517 - INFO - EMIT crude_orderflow_signal: PUT BUY ([SIM]) | None
2026-08-13 18:10:19,605 - INFO - EMIT crude_orderflow_signal: PUT BUY ([SIM]) | None
2026-08-13 18:10:20,715 - INFO - EMIT crude_orderflow_signal: PUT BUY ([SIM]) | None
2026-08-13 18:10:21,810 - INFO - EMIT crude_orderflow_signal: PUT BUY ([SIM]) | None
2026-08-13 18:10:22,903 - INFO - EMIT crude_orderflow_signal: PUT BUY ([SIM]) | None
2026-08-13 18:10:24,004 - INFO - EMIT crude_orderflow_signal: PUT BUY ([SIM]) | None
2026-08-13 18:10:25,120 - INFO - EMIT crude_orderflow_signal: PUT BUY ([SIM]) | None
2026-08-13 18:10:26,228 - INFO - EMIT crude_orderflow_signal: PUT BUY ([SIM]) | None
2026-08-13 18:10:27,341 - INFO - EMIT crude_orderflow_signal: PUT BUY ([SIM]) | None
2026-08-13 18:10:28,480 - INFO - EMIT crude_orderflow_signal: PUT BUY ([SIM]) | None
2026-08-13 18:10:29,572 - INFO - EMIT crude_orderflow_signal: PUT BUY ([SIM]) | None
2026-08-13 18:10:30,661 - INFO - EMIT crude_orderflow_signal: PUT BUY ([SIM]) | None
2026-08-13 18:10:31,753 - INFO - EMIT crude_orderflow_signal: PUT BUY ([SIM]) | None
2026-08-13 18:10:33,037 - INFO - EMIT crude_orderflow_signal: PUT BUY ([SIM]) | None
2026-08-13 18:10:34,144 - INFO - EMIT crude_orderflow_signal: PUT BUY ([SIM]) | None
2026-08-13 18:10:35,254 - INFO - EMIT crude_orderflow_signal: PUT BUY ([SIM]) | None
2026-08-13 18:10:36,386 - INFO - EMIT crude_orderflow_signal: PUT BUY ([SIM]) | None
2026-08-13 18:10:37,513 - INFO - EMIT crude_orderflow_signal: PUT BUY ([SIM]) | None
2026-08-13 18:10:38,618 - INFO - EMIT crude_orderflow_signal: PUT BUY ([SIM]) | None
2026-08-13 18:10:39,727 - INFO - EMIT crude_orderflow_signal: PUT BUY ([SIM]) | None
2026-08-13 18:10:40,828 - INFO - EMIT crude_orderflow_signal: PUT BUY ([SIM]) | None
2026-08-13 18:10:41,918 - INFO - EMIT crude_orderflow_signal: PUT BUY ([SIM]) | None
2026-08-13 18:10:43,012 - INFO - EMIT crude_orderflow_signal: PUT BUY ([SIM]) | None
2026-08-13 18:10:44,100 - INFO - EMIT crude_orderflow_signal: PUT BUY ([SIM]) | None
2026-08-13 18:10:45,191 - INFO - EMIT crude_orderflow_signal: PUT BUY ([SIM]) | None
2026-08-13 18:10:46,285 - INFO - EMIT crude_orderflow_signal: PUT BUY ([SIM]) | None
2026-08-13 18:10:47,378 - INFO - EMIT crude_orderflow_signal: PUT BUY ([SIM]) | None
2026-08-13 18:10:48,485 - INFO - EMIT crude_orderflow_signal: PUT BUY ([SIM]) | None
2026-08-13 18:10:49,587 - INFO - EMIT crude_orderflow_signal: PUT BUY ([SIM]) | None
2026-08-13 18:10:50,680 - INFO - EMIT crude_orderflow_signal: PUT BUY ([SIM]) | None
2026-08-13 18:10:51,780 - INFO - EMIT crude_orderflow_signal: PUT BUY ([SIM]) | None
2026-08-13 18:10:52,873 - INFO - EMIT crude_orderflow_signal: PUT BUY ([SIM]) | None
2026-08-13 18:10:53,999 - INFO - EMIT crude_orderflow_signal: PUT BUY ([SIM]) | None
2026-08-13 18:10:55,091 - INFO - EMIT crude_orderflow_signal: PUT BUY ([SIM]) | None
2026-08-13 18:10:56,197 - INFO - EMIT crude_orderflow_signal: PUT BUY ([SIM]) | None
2026-08-13 18:10:56,197 - INFO - EMIT crude_orderflow_signal: NO TRADE | Entry Score 40
2026-08-13 18:10:57,287 - INFO - EMIT crude_orderflow_signal: PUT BUY ([SIM]) | None
2026-08-13 18:10:58,383 - INFO - EMIT crude_orderflow_signal: PUT BUY ([SIM]) | None
2026-08-13 18:10:59,482 - INFO - EMIT crude_orderflow_signal: PUT BUY ([SIM]) | None
2026-08-13 18:11:00,608 - INFO - EMIT crude_orderflow_signal: PUT BUY ([SIM]) | None
2026-08-13 18:11:01,698 - INFO - EMIT crude_orderflow_signal: PUT BUY ([SIM]) | None
2026-08-13 18:11:02,959 - INFO - EMIT crude_orderflow_signal: PUT BUY ([SIM]) | None
2026-08-13 18:11:04,055 - INFO - EMIT crude_orderflow_signal: PUT BUY ([SIM]) | None
2026-08-13 18:11:05,147 - INFO - EMIT crude_orderflow_signal: PUT BUY ([SIM]) | None
2026-08-13 18:11:06,233 - INFO - EMIT crude_orderflow_signal: PUT BUY ([SIM]) | None
2026-08-13 18:11:07,328 - INFO - EMIT crude_orderflow_signal: PUT BUY ([SIM]) | None
2026-08-13 18:11:08,423 - INFO - EMIT crude_orderflow_signal: PUT BUY ([SIM]) | None
2026-08-13 18:11:09,527 - INFO - EMIT crude_orderflow_signal: PUT BUY ([SIM]) | None
2026-08-13 18:11:10,634 - INFO - EMIT crude_orderflow_signal: PUT BUY ([SIM]) | None
2026-08-13 18:11:11,724 - INFO - EMIT crude_orderflow_signal: PUT BUY ([SIM]) | None
2026-08-13 18:11:12,857 - INFO - EMIT crude_orderflow_signal: NO TRADE | Entry Score 50
2026-08-13 18:11:12,858 - INFO - EMIT crude_orderflow_signal: PUT BUY ([SIM]) | None
2026-08-13 18:11:13,952 - INFO - EMIT crude_orderflow_signal: NO TRADE | Entry Score 50
2026-08-13 18:11:13,953 - INFO - EMIT crude_orderflow_signal: PUT BUY ([SIM]) | None
2026-08-13 18:11:15,047 - INFO - EMIT crude_orderflow_signal: NO TRADE | Entry Score 50
2026-08-13 18:11:15,047 - INFO - EMIT crude_orderflow_signal: PUT BUY ([SIM]) | None
2026-08-13 18:11:16,146 - INFO - EMIT crude_orderflow_signal: NO TRADE | Entry Score 50
2026-08-13 18:11:16,147 - INFO - EMIT crude_orderflow_signal: PUT BUY ([SIM]) | None
2026-08-13 18:11:17,245 - INFO - EMIT crude_orderflow_signal: NO TRADE | Entry Score 50
2026-08-13 18:11:17,246 - INFO - EMIT crude_orderflow_signal: PUT BUY ([SIM]) | None
2026-08-13 18:11:18,332 - INFO - EMIT crude_orderflow_signal: NO TRADE | Entry Score 50
2026-08-13 18:11:18,332 - INFO - EMIT crude_orderflow_signal: PUT BUY ([SIM]) | None
2026-08-13 18:11:19,438 - INFO - EMIT crude_orderflow_signal: NO TRADE | Entry Score 50
2026-08-13 18:11:19,441 - INFO - EMIT crude_orderflow_signal: PUT BUY ([SIM]) | None
2026-08-13 18:11:20,551 - INFO - EMIT crude_orderflow_signal: NO TRADE | Entry Score 50
2026-08-13 18:11:20,552 - INFO - EMIT crude_orderflow_signal: PUT BUY ([SIM]) | None
2026-08-13 18:11:21,643 - INFO - EMIT crude_orderflow_signal: NO TRADE | Entry Score 50
2026-08-13 18:11:21,644 - INFO - EMIT crude_orderflow_signal: PUT BUY ([SIM]) | None
2026-08-13 18:11:22,730 - INFO - EMIT crude_orderflow_signal: NO TRADE | Entry Score 50
2026-08-13 18:11:22,730 - INFO - EMIT crude_orderflow_signal: PUT BUY ([SIM]) | None
2026-08-13 18:11:23,817 - INFO - EMIT crude_orderflow_signal: NO TRADE | Entry Score 50
2026-08-13 18:11:23,819 - INFO - EMIT crude_orderflow_signal: PUT BUY ([SIM]) | None
2026-08-13 18:11:24,914 - INFO - EMIT crude_orderflow_signal: NO TRADE | Entry Score 50
2026-08-13 18:11:24,914 - INFO - EMIT crude_orderflow_signal: PUT BUY ([SIM]) | None
2026-08-13 18:11:26,007 - INFO - EMIT crude_orderflow_signal: NO TRADE | Entry Score 50
2026-08-13 18:11:26,007 - INFO - EMIT crude_orderflow_signal: PUT BUY ([SIM]) | None
2026-08-13 18:11:27,102 - INFO - EMIT crude_orderflow_signal: NO TRADE | Entry Score 50
2026-08-13 18:11:27,104 - INFO - EMIT crude_orderflow_signal: PUT BUY ([SIM]) | None
2026-08-13 18:11:28,234 - INFO - EMIT crude_orderflow_signal: NO TRADE | Entry Score 50
2026-08-13 18:11:28,236 - INFO - EMIT crude_orderflow_signal: PUT BUY ([SIM]) | None
2026-08-13 18:11:29,327 - INFO - EMIT crude_orderflow_signal: NO TRADE | Entry Score 50
2026-08-13 18:11:29,328 - INFO - EMIT crude_orderflow_signal: PUT BUY ([SIM]) | None
2026-08-13 18:11:30,438 - INFO - EMIT crude_orderflow_signal: NO TRADE | Entry Score 50
2026-08-13 18:11:30,439 - INFO - EMIT crude_orderflow_signal: PUT BUY ([SIM]) | None
2026-08-13 18:11:31,544 - INFO - EMIT crude_orderflow_signal: NO TRADE | Entry Score 50
2026-08-13 18:11:31,546 - INFO - EMIT crude_orderflow_signal: PUT BUY ([SIM]) | None
2026-08-13 18:11:32,635 - INFO - EMIT crude_orderflow_signal: NO TRADE | Entry Score 50
2026-08-13 18:11:32,636 - INFO - EMIT crude_orderflow_signal: PUT BUY ([SIM]) | None
2026-08-13 18:11:33,734 - INFO - EMIT crude_orderflow_signal: NO TRADE | Entry Score 50
2026-08-13 18:11:33,734 - INFO - EMIT crude_orderflow_signal: PUT BUY ([SIM]) | None
2026-08-13 18:11:34,832 - INFO - EMIT crude_orderflow_signal: NO TRADE | Entry Score 50
2026-08-13 18:11:34,833 - INFO - EMIT crude_orderflow_signal: PUT BUY ([SIM]) | None
2026-08-13 18:11:35,931 - INFO - EMIT crude_orderflow_signal: NO TRADE | Entry Score 50
2026-08-13 18:11:35,931 - INFO - EMIT crude_orderflow_signal: PUT BUY ([SIM]) | None
2026-08-13 18:11:37,027 - INFO - EMIT crude_orderflow_signal: NO TRADE | Entry Score 50
2026-08-13 18:11:37,027 - INFO - EMIT crude_orderflow_signal: PUT BUY ([SIM]) | None
2026-08-13 18:11:38,126 - INFO - EMIT crude_orderflow_signal: NO TRADE | Entry Score 50
2026-08-13 18:11:38,127 - INFO - EMIT crude_orderflow_signal: PUT BUY ([SIM]) | None
2026-08-13 18:11:39,223 - INFO - EMIT crude_orderflow_signal: NO TRADE | Entry Score 50
2026-08-13 18:11:39,224 - INFO - EMIT crude_orderflow_signal: PUT BUY ([SIM]) | None
2026-08-13 18:11:40,326 - INFO - EMIT crude_orderflow_signal: NO TRADE | Entry Score 50
2026-08-13 18:11:40,327 - INFO - EMIT crude_orderflow_signal: PUT BUY ([SIM]) | None
2026-08-13 18:11:41,423 - INFO - EMIT crude_orderflow_signal: NO TRADE | Entry Score 50
2026-08-13 18:11:41,424 - INFO - EMIT crude_orderflow_signal: PUT BUY ([SIM]) | None
2026-08-13 18:11:42,519 - INFO - EMIT crude_orderflow_signal: NO TRADE | Entry Score 50
2026-08-13 18:11:42,519 - INFO - EMIT crude_orderflow_signal: PUT BUY ([SIM]) | None
2026-08-13 18:11:43,613 - INFO - EMIT crude_orderflow_signal: NO TRADE | Entry Score 50
2026-08-13 18:11:43,614 - INFO - EMIT crude_orderflow_signal: PUT BUY ([SIM]) | None
2026-08-13 18:11:44,715 - INFO - EMIT crude_orderflow_signal: NO TRADE | Entry Score 50
2026-08-13 18:11:44,715 - INFO - EMIT crude_orderflow_signal: PUT BUY ([SIM]) | None
2026-08-13 18:11:45,805 - INFO - EMIT crude_orderflow_signal: NO TRADE | Entry Score 50
2026-08-13 18:11:45,807 - INFO - EMIT crude_orderflow_signal: PUT BUY ([SIM]) | None
2026-08-13 18:11:46,903 - INFO - EMIT crude_orderflow_signal: NO TRADE | Entry Score 50
2026-08-13 18:11:46,903 - INFO - EMIT crude_orderflow_signal: PUT BUY ([SIM]) | None
2026-08-13 18:11:48,068 - INFO - EMIT crude_orderflow_signal: NO TRADE | Entry Score 50
2026-08-13 18:11:48,069 - INFO - EMIT crude_orderflow_signal: PUT BUY ([SIM]) | None
2026-08-13 18:11:49,153 - INFO - EMIT crude_orderflow_signal: NO TRADE | Entry Score 50
2026-08-13 18:11:49,154 - INFO - EMIT crude_orderflow_signal: PUT BUY ([SIM]) | None
2026-08-13 18:11:50,243 - INFO - EMIT crude_orderflow_signal: NO TRADE | Entry Score 50
2026-08-13 18:11:50,244 - INFO - EMIT crude_orderflow_signal: PUT BUY ([SIM]) | None
2026-08-13 18:11:51,339 - INFO - EMIT crude_orderflow_signal: NO TRADE | Entry Score 50
2026-08-13 18:11:51,340 - INFO - EMIT crude_orderflow_signal: PUT BUY ([SIM]) | None
2026-08-13 18:11:52,433 - INFO - EMIT crude_orderflow_signal: NO TRADE | Entry Score 50
2026-08-13 18:11:52,433 - INFO - EMIT crude_orderflow_signal: PUT BUY ([SIM]) | None
2026-08-13 18:11:53,530 - INFO - EMIT crude_orderflow_signal: NO TRADE | Entry Score 50
2026-08-13 18:11:53,530 - INFO - EMIT crude_orderflow_signal: PUT BUY ([SIM]) | None
2026-08-13 18:11:54,625 - INFO - EMIT crude_orderflow_signal: NO TRADE | Entry Score 50
2026-08-13 18:11:54,626 - INFO - EMIT crude_orderflow_signal: PUT BUY ([SIM]) | None
2026-08-13 18:11:55,719 - INFO - EMIT crude_orderflow_signal: NO TRADE | Entry Score 50
2026-08-13 18:11:55,720 - INFO - EMIT crude_orderflow_signal: PUT BUY ([SIM]) | None
2026-08-13 18:11:56,137 - INFO - EMIT crude_orderflow_signal: NO TRADE | Entry Score 50
2026-08-13 18:11:56,805 - INFO - EMIT crude_orderflow_signal: NO TRADE | Entry Score 50
2026-08-13 18:11:56,807 - INFO - EMIT crude_orderflow_signal: PUT BUY ([SIM]) | None
2026-08-13 18:11:57,896 - INFO - EMIT crude_orderflow_signal: NO TRADE | Entry Score 50
2026-08-13 18:11:57,897 - INFO - EMIT crude_orderflow_signal: PUT BUY ([SIM]) | None
2026-08-13 18:11:58,983 - INFO - EMIT crude_orderflow_signal: NO TRADE | Entry Score 50
2026-08-13 18:11:58,984 - INFO - EMIT crude_orderflow_signal: PUT BUY ([SIM]) | None
2026-08-13 18:12:00,070 - INFO - EMIT crude_orderflow_signal: NO TRADE | Entry Score 50
2026-08-13 18:12:00,071 - INFO - EMIT crude_orderflow_signal: PUT BUY ([SIM]) | None
2026-08-13 18:12:01,157 - INFO - EMIT crude_orderflow_signal: NO TRADE | Entry Score 50
2026-08-13 18:12:01,157 - INFO - EMIT crude_orderflow_signal: PUT BUY ([SIM]) | None
2026-08-13 18:12:02,244 - INFO - EMIT crude_orderflow_signal: NO TRADE | Entry Score 50
2026-08-13 18:12:02,244 - INFO - EMIT crude_orderflow_signal: PUT BUY ([SIM]) | None
2026-08-13 18:12:03,335 - INFO - EMIT crude_orderflow_signal: NO TRADE | Entry Score 50
2026-08-13 18:12:03,337 - INFO - EMIT crude_orderflow_signal: PUT BUY ([SIM]) | None
2026-08-13 18:12:04,425 - INFO - EMIT crude_orderflow_signal: NO TRADE | Entry Score 50
2026-08-13 18:12:04,427 - INFO - EMIT crude_orderflow_signal: PUT BUY ([SIM]) | None
2026-08-13 18:12:05,537 - INFO - EMIT crude_orderflow_signal: NO TRADE | Entry Score 50
2026-08-13 18:12:05,538 - INFO - EMIT crude_orderflow_signal: PUT BUY ([SIM]) | None
2026-08-13 18:12:06,627 - INFO - EMIT crude_orderflow_signal: NO TRADE | Entry Score 50
2026-08-13 18:12:06,630 - INFO - EMIT crude_orderflow_signal: PUT BUY ([SIM]) | None
2026-08-13 18:12:07,731 - INFO - EMIT crude_orderflow_signal: NO TRADE | Entry Score 50
2026-08-13 18:12:07,732 - INFO - EMIT crude_orderflow_signal: PUT BUY ([SIM]) | None
2026-08-13 18:12:08,831 - INFO - EMIT crude_orderflow_signal: NO TRADE | Entry Score 50
2026-08-13 18:12:08,832 - INFO - EMIT crude_orderflow_signal: PUT BUY ([SIM]) | None
2026-08-13 18:12:09,928 - INFO - EMIT crude_orderflow_signal: NO TRADE | Entry Score 50
2026-08-13 18:12:09,930 - INFO - EMIT crude_orderflow_signal: PUT BUY ([SIM]) | None
2026-08-13 18:12:11,032 - INFO - EMIT crude_orderflow_signal: NO TRADE | Entry Score 50
2026-08-13 18:12:11,032 - INFO - EMIT crude_orderflow_signal: PUT BUY ([SIM]) | None
2026-08-13 18:12:12,120 - INFO - EMIT crude_orderflow_signal: NO TRADE | Entry Score 50
2026-08-13 18:12:12,120 - INFO - EMIT crude_orderflow_signal: PUT BUY ([SIM]) | None
2026-08-13 18:12:13,216 - INFO - EMIT crude_orderflow_signal: NO TRADE | Entry Score 50
2026-08-13 18:12:13,217 - INFO - EMIT crude_orderflow_signal: PUT BUY ([SIM]) | None
2026-08-13 18:12:14,315 - INFO - EMIT crude_orderflow_signal: NO TRADE | Entry Score 50
2026-08-13 18:12:14,316 - INFO - EMIT crude_orderflow_signal: PUT BUY ([SIM]) | None
2026-08-13 18:12:15,425 - INFO - EMIT crude_orderflow_signal: NO TRADE | Entry Score 50
2026-08-13 18:12:15,426 - INFO - EMIT crude_orderflow_signal: PUT BUY ([SIM]) | None
2026-08-13 18:12:16,524 - INFO - EMIT crude_orderflow_signal: NO TRADE | Entry Score 50
2026-08-13 18:12:16,525 - INFO - EMIT crude_orderflow_signal: PUT BUY ([SIM]) | None
2026-08-13 18:12:17,614 - INFO - EMIT crude_orderflow_signal: NO TRADE | Entry Score 50
2026-08-13 18:12:17,614 - INFO - EMIT crude_orderflow_signal: PUT BUY ([SIM]) | None
2026-08-13 18:12:18,719 - INFO - EMIT crude_orderflow_signal: NO TRADE | Entry Score 50
2026-08-13 18:12:18,720 - INFO - EMIT crude_orderflow_signal: PUT BUY ([SIM]) | None
2026-08-13 18:12:19,806 - INFO - EMIT crude_orderflow_signal: NO TRADE | Entry Score 50
2026-08-13 18:12:19,806 - INFO - EMIT crude_orderflow_signal: PUT BUY ([SIM]) | None
2026-08-13 18:12:20,900 - INFO - EMIT crude_orderflow_signal: NO TRADE | Entry Score 50
2026-08-13 18:12:20,901 - INFO - EMIT crude_orderflow_signal: PUT BUY ([SIM]) | None
2026-08-13 18:12:21,988 - INFO - EMIT crude_orderflow_signal: NO TRADE | Entry Score 50
2026-08-13 18:12:21,989 - INFO - EMIT crude_orderflow_signal: PUT BUY ([SIM]) | None
2026-08-13 18:12:23,079 - INFO - EMIT crude_orderflow_signal: NO TRADE | Entry Score 50
2026-08-13 18:12:23,082 - INFO - EMIT crude_orderflow_signal: PUT BUY ([SIM]) | None
2026-08-13 18:12:24,171 - INFO - EMIT crude_orderflow_signal: NO TRADE | Entry Score 50
2026-08-13 18:12:24,171 - INFO - EMIT crude_orderflow_signal: PUT BUY ([SIM]) | None
2026-08-13 18:12:25,263 - INFO - EMIT crude_orderflow_signal: NO TRADE | Entry Score 50
2026-08-13 18:12:25,264 - INFO - EMIT crude_orderflow_signal: PUT BUY ([SIM]) | None
2026-08-13 18:12:26,355 - INFO - EMIT crude_orderflow_signal: NO TRADE | Entry Score 50
2026-08-13 18:12:26,356 - INFO - EMIT crude_orderflow_signal: PUT BUY ([SIM]) | None
2026-08-13 18:12:27,471 - INFO - EMIT crude_orderflow_signal: NO TRADE | Entry Score 50
2026-08-13 18:12:27,474 - INFO - EMIT crude_orderflow_signal: PUT BUY ([SIM]) | None
2026-08-13 18:12:28,586 - INFO - EMIT crude_orderflow_signal: NO TRADE | Entry Score 50
2026-08-13 18:12:28,586 - INFO - EMIT crude_orderflow_signal: PUT BUY ([SIM]) | None
2026-08-13 18:12:29,678 - INFO - EMIT crude_orderflow_signal: NO TRADE | Entry Score 50
2026-08-13 18:12:29,679 - INFO - EMIT crude_orderflow_signal: PUT BUY ([SIM]) | None
2026-08-13 18:12:30,775 - INFO - EMIT crude_orderflow_signal: NO TRADE | Entry Score 50
2026-08-13 18:12:30,775 - INFO - EMIT crude_orderflow_signal: PUT BUY ([SIM]) | None
2026-08-13 18:12:31,872 - INFO - EMIT crude_orderflow_signal: NO TRADE | Entry Score 50
2026-08-13 18:12:31,873 - INFO - EMIT crude_orderflow_signal: PUT BUY ([SIM]) | None
2026-08-13 18:12:33,073 - INFO - EMIT crude_orderflow_signal: NO TRADE | Entry Score 50
2026-08-13 18:12:33,075 - INFO - EMIT crude_orderflow_signal: PUT BUY ([SIM]) | None
2026-08-13 18:12:34,168 - INFO - EMIT crude_orderflow_signal: NO TRADE | Entry Score 50
2026-08-13 18:12:34,168 - INFO - EMIT crude_orderflow_signal: PUT BUY ([SIM]) | None
2026-08-13 18:12:35,257 - INFO - EMIT crude_orderflow_signal: NO TRADE | Entry Score 50
2026-08-13 18:12:35,258 - INFO - EMIT crude_orderflow_signal: PUT BUY ([SIM]) | None
2026-08-13 18:12:36,350 - INFO - EMIT crude_orderflow_signal: NO TRADE | Entry Score 50
2026-08-13 18:12:36,350 - INFO - EMIT crude_orderflow_signal: PUT BUY ([SIM]) | None
2026-08-13 18:12:37,464 - INFO - EMIT crude_orderflow_signal: NO TRADE | Entry Score 50
2026-08-13 18:12:37,464 - INFO - EMIT crude_orderflow_signal: PUT BUY ([SIM]) | None
2026-08-13 18:12:38,558 - INFO - EMIT crude_orderflow_signal: NO TRADE | Entry Score 50
2026-08-13 18:12:38,558 - INFO - EMIT crude_orderflow_signal: PUT BUY ([SIM]) | None
2026-08-13 18:12:39,661 - INFO - EMIT crude_orderflow_signal: NO TRADE | Entry Score 50
2026-08-13 18:12:39,661 - INFO - EMIT crude_orderflow_signal: PUT BUY ([SIM]) | None
2026-08-13 18:12:40,746 - INFO - EMIT crude_orderflow_signal: NO TRADE | Entry Score 50
2026-08-13 18:12:40,748 - INFO - EMIT crude_orderflow_signal: PUT BUY ([SIM]) | None
2026-08-13 18:12:41,836 - INFO - EMIT crude_orderflow_signal: NO TRADE | Entry Score 50
2026-08-13 18:12:41,836 - INFO - EMIT crude_orderflow_signal: PUT BUY ([SIM]) | None
2026-08-13 18:12:43,008 - INFO - EMIT crude_orderflow_signal: PUT BUY ([SIM]) | None
2026-08-13 18:12:44,100 - INFO - EMIT crude_orderflow_signal: PUT BUY ([SIM]) | None
2026-08-13 18:12:45,199 - INFO - EMIT crude_orderflow_signal: PUT BUY ([SIM]) | None
2026-08-13 18:12:46,294 - INFO - EMIT crude_orderflow_signal: PUT BUY ([SIM]) | None
2026-08-13 18:12:47,391 - INFO - EMIT crude_orderflow_signal: PUT BUY ([SIM]) | None
2026-08-13 18:12:48,482 - INFO - EMIT crude_orderflow_signal: PUT BUY ([SIM]) | None
2026-08-13 18:12:49,589 - INFO - EMIT crude_orderflow_signal: PUT BUY ([SIM]) | None
2026-08-13 18:12:50,690 - INFO - EMIT crude_orderflow_signal: PUT BUY ([SIM]) | None
2026-08-13 18:12:51,794 - INFO - EMIT crude_orderflow_signal: PUT BUY ([SIM]) | None
2026-08-13 18:12:52,889 - INFO - EMIT crude_orderflow_signal: PUT BUY ([SIM]) | None
2026-08-13 18:12:53,992 - INFO - EMIT crude_orderflow_signal: PUT BUY ([SIM]) | None
2026-08-13 18:12:55,092 - INFO - EMIT crude_orderflow_signal: PUT BUY ([SIM]) | None
2026-08-13 18:12:56,222 - INFO - EMIT crude_orderflow_signal: PUT BUY ([SIM]) | None
2026-08-13 18:12:56,224 - INFO - EMIT crude_orderflow_signal: NO TRADE | Entry Score 50
2026-08-13 18:12:57,320 - INFO - EMIT crude_orderflow_signal: PUT BUY ([SIM]) | None
2026-08-13 18:12:58,405 - INFO - EMIT crude_orderflow_signal: PUT BUY ([SIM]) | None
2026-08-13 18:12:59,494 - INFO - EMIT crude_orderflow_signal: PUT BUY ([SIM]) | None
2026-08-13 18:13:00,579 - INFO - EMIT crude_orderflow_signal: PUT BUY ([SIM]) | None
2026-08-13 18:13:01,672 - INFO - EMIT crude_orderflow_signal: PUT BUY ([SIM]) | None
2026-08-13 18:13:02,775 - INFO - EMIT crude_orderflow_signal: PUT BUY ([SIM]) | None
2026-08-13 18:13:03,876 - INFO - EMIT crude_orderflow_signal: PUT BUY ([SIM]) | None
2026-08-13 18:13:04,968 - INFO - EMIT crude_orderflow_signal: PUT BUY ([SIM]) | None
2026-08-13 18:13:06,060 - INFO - EMIT crude_orderflow_signal: PUT BUY ([SIM]) | None
2026-08-13 18:13:07,160 - INFO - EMIT crude_orderflow_signal: PUT BUY ([SIM]) | None
2026-08-13 18:13:08,247 - INFO - EMIT crude_orderflow_signal: PUT BUY ([SIM]) | None
2026-08-13 18:13:09,343 - INFO - EMIT crude_orderflow_signal: PUT BUY ([SIM]) | None
2026-08-13 18:13:10,447 - INFO - EMIT crude_orderflow_signal: PUT BUY ([SIM]) | None
2026-08-13 18:13:11,538 - INFO - EMIT crude_orderflow_signal: PUT BUY ([SIM]) | None
2026-08-13 18:13:12,633 - INFO - EMIT crude_orderflow_signal: PUT BUY ([SIM]) | None
2026-08-13 18:13:13,729 - INFO - EMIT crude_orderflow_signal: PUT BUY ([SIM]) | None
2026-08-13 18:13:14,853 - INFO - EMIT crude_orderflow_signal: PUT BUY ([SIM]) | None
2026-08-13 18:13:15,952 - INFO - EMIT crude_orderflow_signal: PUT BUY ([SIM]) | None
2026-08-13 18:13:17,070 - INFO - EMIT crude_orderflow_signal: PUT BUY ([SIM]) | None
2026-08-13 18:13:18,210 - INFO - EMIT crude_orderflow_signal: PUT BUY ([SIM]) | None
2026-08-13 18:13:19,323 - INFO - EMIT crude_orderflow_signal: PUT BUY ([SIM]) | None
2026-08-13 18:13:20,439 - INFO - EMIT crude_orderflow_signal: PUT BUY ([SIM]) | None
2026-08-13 18:13:21,535 - INFO - EMIT crude_orderflow_signal: PUT BUY ([SIM]) | None
2026-08-13 18:13:22,632 - INFO - EMIT crude_orderflow_signal: PUT BUY ([SIM]) | None
2026-08-13 18:13:23,731 - INFO - EMIT crude_orderflow_signal: PUT BUY ([SIM]) | None
2026-08-13 18:13:24,857 - INFO - EMIT crude_orderflow_signal: PUT BUY ([SIM]) | None
2026-08-13 18:13:25,946 - INFO - EMIT crude_orderflow_signal: PUT BUY ([SIM]) | None
2026-08-13 18:13:27,039 - INFO - EMIT crude_orderflow_signal: PUT BUY ([SIM]) | None
2026-08-13 18:13:28,183 - INFO - EMIT crude_orderflow_signal: PUT BUY ([SIM]) | None
2026-08-13 18:13:29,293 - INFO - EMIT crude_orderflow_signal: PUT BUY ([SIM]) | None
2026-08-13 18:13:30,388 - INFO - EMIT crude_orderflow_signal: PUT BUY ([SIM]) | None
2026-08-13 18:13:31,476 - INFO - EMIT crude_orderflow_signal: PUT BUY ([SIM]) | None
2026-08-13 18:13:32,573 - INFO - EMIT crude_orderflow_signal: PUT BUY ([SIM]) | None
2026-08-13 18:13:33,667 - INFO - EMIT crude_orderflow_signal: PUT BUY ([SIM]) | None
2026-08-13 18:13:34,785 - INFO - EMIT crude_orderflow_signal: PUT BUY ([SIM]) | None
2026-08-13 18:13:35,883 - INFO - EMIT crude_orderflow_signal: PUT BUY ([SIM]) | None
2026-08-13 18:13:36,975 - INFO - EMIT crude_orderflow_signal: PUT BUY ([SIM]) | None
2026-08-13 18:13:38,084 - INFO - EMIT crude_orderflow_signal: PUT BUY ([SIM]) | None
2026-08-13 18:13:39,174 - INFO - EMIT crude_orderflow_signal: PUT BUY ([SIM]) | None
2026-08-13 18:13:40,266 - INFO - EMIT crude_orderflow_signal: PUT BUY ([SIM]) | None
2026-08-13 18:13:41,363 - INFO - EMIT crude_orderflow_signal: PUT BUY ([SIM]) | None
2026-08-13 18:13:42,471 - INFO - EMIT crude_orderflow_signal: PUT BUY ([SIM]) | None
2026-08-13 18:13:43,724 - INFO - EMIT crude_orderflow_signal: PUT BUY ([SIM]) | None
2026-08-13 18:13:44,810 - INFO - EMIT crude_orderflow_signal: PUT BUY ([SIM]) | None
2026-08-13 18:13:45,912 - INFO - EMIT crude_orderflow_signal: PUT BUY ([SIM]) | None
2026-08-13 18:13:47,048 - INFO - EMIT crude_orderflow_signal: PUT BUY ([SIM]) | None
2026-08-13 18:13:48,199 - INFO - EMIT crude_orderflow_signal: PUT BUY ([SIM]) | None
2026-08-13 18:13:49,296 - INFO - EMIT crude_orderflow_signal: PUT BUY ([SIM]) | None
2026-08-13 18:13:50,389 - INFO - EMIT crude_orderflow_signal: PUT BUY ([SIM]) | None
2026-08-13 18:13:51,486 - INFO - EMIT crude_orderflow_signal: PUT BUY ([SIM]) | None
2026-08-13 18:13:52,580 - INFO - EMIT crude_orderflow_signal: PUT BUY ([SIM]) | None
2026-08-13 18:13:53,674 - INFO - EMIT crude_orderflow_signal: PUT BUY ([SIM]) | None
2026-08-13 18:13:54,757 - INFO - EMIT crude_orderflow_signal: PUT BUY ([SIM]) | None
2026-08-13 18:13:55,852 - INFO - EMIT crude_orderflow_signal: PUT BUY ([SIM]) | None
2026-08-13 18:13:56,150 - INFO - EMIT crude_orderflow_signal: NO TRADE | Entry Score 50
2026-08-13 18:13:56,945 - INFO - EMIT crude_orderflow_signal: PUT BUY ([SIM]) | None
2026-08-13 18:13:58,034 - INFO - EMIT crude_orderflow_signal: PUT BUY ([SIM]) | None
2026-08-13 18:13:59,120 - INFO - EMIT crude_orderflow_signal: PUT BUY ([SIM]) | None
2026-08-13 18:14:00,214 - INFO - EMIT crude_orderflow_signal: PUT BUY ([SIM]) | None
2026-08-13 18:14:01,283 - INFO - EMIT crude_orderflow_signal: PUT BUY ([SIM]) | None
2026-08-13 18:14:02,400 - INFO - EMIT crude_orderflow_signal: PUT BUY ([SIM]) | None
2026-08-13 18:14:03,491 - INFO - EMIT crude_orderflow_signal: PUT BUY ([SIM]) | None
2026-08-13 18:14:04,582 - INFO - EMIT crude_orderflow_signal: PUT BUY ([SIM]) | None
2026-08-13 18:14:05,707 - INFO - EMIT crude_orderflow_signal: PUT BUY ([SIM]) | None
2026-08-13 18:14:06,797 - INFO - EMIT crude_orderflow_signal: PUT BUY ([SIM]) | None
2026-08-13 18:14:07,908 - INFO - EMIT crude_orderflow_signal: PUT BUY ([SIM]) | None
2026-08-13 18:14:08,999 - INFO - EMIT crude_orderflow_signal: PUT BUY ([SIM]) | None
2026-08-13 18:14:10,079 - INFO - EMIT crude_orderflow_signal: PUT BUY ([SIM]) | None
2026-08-13 18:14:11,152 - INFO - EMIT crude_orderflow_signal: PUT BUY ([SIM]) | None
2026-08-13 18:14:12,230 - INFO - EMIT crude_orderflow_signal: PUT BUY ([SIM]) | None
2026-08-13 18:14:13,332 - INFO - EMIT crude_orderflow_signal: PUT BUY ([SIM]) | None
2026-08-13 18:14:14,414 - INFO - EMIT crude_orderflow_signal: PUT BUY ([SIM]) | None
2026-08-13 18:14:15,493 - INFO - EMIT crude_orderflow_signal: PUT BUY ([SIM]) | None
2026-08-13 18:14:16,557 - INFO - EMIT crude_orderflow_signal: PUT BUY ([SIM]) | None
2026-08-13 18:14:17,646 - INFO - EMIT crude_orderflow_signal: PUT BUY ([SIM]) | None
2026-08-13 18:14:18,764 - INFO - EMIT crude_orderflow_signal: PUT BUY ([SIM]) | None
2026-08-13 18:14:19,925 - INFO - EMIT crude_orderflow_signal: PUT BUY ([SIM]) | None
2026-08-13 18:14:21,003 - INFO - EMIT crude_orderflow_signal: PUT BUY ([SIM]) | None
2026-08-13 18:14:22,079 - INFO - EMIT crude_orderflow_signal: PUT BUY ([SIM]) | None
2026-08-13 18:14:23,157 - INFO - EMIT crude_orderflow_signal: PUT BUY ([SIM]) | None
2026-08-13 18:14:24,237 - INFO - EMIT crude_orderflow_signal: PUT BUY ([SIM]) | None
2026-08-13 18:14:25,323 - INFO - EMIT crude_orderflow_signal: PUT BUY ([SIM]) | None
2026-08-13 18:14:26,411 - INFO - EMIT crude_orderflow_signal: PUT BUY ([SIM]) | None
2026-08-13 18:14:27,497 - INFO - EMIT crude_orderflow_signal: PUT BUY ([SIM]) | None
2026-08-13 18:14:28,577 - INFO - EMIT crude_orderflow_signal: PUT BUY ([SIM]) | None
2026-08-13 18:14:29,657 - INFO - EMIT crude_orderflow_signal: PUT BUY ([SIM]) | None
2026-08-13 18:14:30,738 - INFO - EMIT crude_orderflow_signal: PUT BUY ([SIM]) | None
2026-08-13 18:14:31,816 - INFO - EMIT crude_orderflow_signal: PUT BUY ([SIM]) | None
2026-08-13 18:14:33,032 - INFO - EMIT crude_orderflow_signal: PUT BUY ([SIM]) | None
2026-08-13 18:14:34,121 - INFO - EMIT crude_orderflow_signal: PUT BUY ([SIM]) | None
2026-08-13 18:14:35,199 - INFO - EMIT crude_orderflow_signal: PUT BUY ([SIM]) | None
2026-08-13 18:14:36,282 - INFO - EMIT crude_orderflow_signal: PUT BUY ([SIM]) | None
2026-08-13 18:14:37,390 - INFO - EMIT crude_orderflow_signal: PUT BUY ([SIM]) | None
2026-08-13 18:14:38,468 - INFO - EMIT crude_orderflow_signal: PUT BUY ([SIM]) | None
2026-08-13 18:14:39,549 - INFO - EMIT crude_orderflow_signal: PUT BUY ([SIM]) | None
2026-08-13 18:14:40,626 - INFO - EMIT crude_orderflow_signal: PUT BUY ([SIM]) | None
2026-08-13 18:14:41,704 - INFO - EMIT crude_orderflow_signal: PUT BUY ([SIM]) | None
2026-08-13 18:14:42,779 - INFO - EMIT crude_orderflow_signal: PUT BUY ([SIM]) | None
2026-08-13 18:14:43,859 - INFO - EMIT crude_orderflow_signal: PUT BUY ([SIM]) | None
2026-08-13 18:14:44,932 - INFO - EMIT crude_orderflow_signal: PUT BUY ([SIM]) | None
2026-08-13 18:14:46,045 - INFO - EMIT crude_orderflow_signal: PUT BUY ([SIM]) | None
2026-08-13 18:14:47,120 - INFO - EMIT crude_orderflow_signal: PUT BUY ([SIM]) | None
2026-08-13 18:14:48,231 - INFO - EMIT crude_orderflow_signal: PUT BUY ([SIM]) | None
2026-08-13 18:14:49,307 - INFO - EMIT crude_orderflow_signal: PUT BUY ([SIM]) | None
2026-08-13 18:14:50,388 - INFO - EMIT crude_orderflow_signal: PUT BUY ([SIM]) | None
2026-08-13 18:14:51,458 - INFO - EMIT crude_orderflow_signal: PUT BUY ([SIM]) | None
2026-08-13 18:14:52,546 - INFO - EMIT crude_orderflow_signal: PUT BUY ([SIM]) | None
2026-08-13 18:14:53,622 - INFO - EMIT crude_orderflow_signal: PUT BUY ([SIM]) | None
2026-08-13 18:14:54,701 - INFO - EMIT crude_orderflow_signal: PUT BUY ([SIM]) | None
2026-08-13 18:14:55,779 - INFO - EMIT crude_orderflow_signal: PUT BUY ([SIM]) | None
2026-08-13 18:14:56,136 - INFO - EMIT crude_orderflow_signal: NO TRADE | Entry Score 50
2026-08-13 18:14:56,858 - INFO - EMIT crude_orderflow_signal: PUT BUY ([SIM]) | None
2026-08-13 18:14:57,933 - INFO - EMIT crude_orderflow_signal: PUT BUY ([SIM]) | None
2026-08-13 18:14:59,034 - INFO - EMIT crude_orderflow_signal: PUT BUY ([SIM]) | None
2026-08-13 18:15:00,112 - INFO - EMIT crude_orderflow_signal: PUT BUY ([SIM]) | None
2026-08-13 18:15:01,190 - INFO - EMIT crude_orderflow_signal: PUT BUY ([SIM]) | None
2026-08-13 18:15:02,268 - INFO - EMIT crude_orderflow_signal: PUT BUY ([SIM]) | None
2026-08-13 18:15:03,356 - INFO - EMIT crude_orderflow_signal: PUT BUY ([SIM]) | None
2026-08-13 18:15:04,435 - INFO - EMIT crude_orderflow_signal: PUT BUY ([SIM]) | None
2026-08-13 18:15:05,520 - INFO - EMIT crude_orderflow_signal: PUT BUY ([SIM]) | None
2026-08-13 18:15:06,595 - INFO - EMIT crude_orderflow_signal: PUT BUY ([SIM]) | None
2026-08-13 18:15:07,672 - INFO - EMIT crude_orderflow_signal: PUT BUY ([SIM]) | None
2026-08-13 18:15:08,753 - INFO - EMIT crude_orderflow_signal: PUT BUY ([SIM]) | None
2026-08-13 18:15:09,828 - INFO - EMIT crude_orderflow_signal: PUT BUY ([SIM]) | None
2026-08-13 18:15:10,908 - INFO - EMIT crude_orderflow_signal: PUT BUY ([SIM]) | None
2026-08-13 18:15:11,990 - INFO - EMIT crude_orderflow_signal: PUT BUY ([SIM]) | None
2026-08-13 18:15:13,103 - INFO - EMIT crude_orderflow_signal: PUT BUY ([SIM]) | None
2026-08-13 18:15:14,183 - INFO - EMIT crude_orderflow_signal: PUT BUY ([SIM]) | None
2026-08-13 18:15:15,257 - INFO - EMIT crude_orderflow_signal: PUT BUY ([SIM]) | None
2026-08-13 18:15:16,332 - INFO - EMIT crude_orderflow_signal: PUT BUY ([SIM]) | None
2026-08-13 18:15:17,423 - INFO - EMIT crude_orderflow_signal: PUT BUY ([SIM]) | None
2026-08-13 18:15:18,542 - INFO - EMIT crude_orderflow_signal: PUT BUY ([SIM]) | None
2026-08-13 18:15:19,616 - INFO - EMIT crude_orderflow_signal: PUT BUY ([SIM]) | None
2026-08-13 18:15:20,683 - INFO - EMIT crude_orderflow_signal: PUT BUY ([SIM]) | None
2026-08-13 18:15:21,771 - INFO - EMIT crude_orderflow_signal: PUT BUY ([SIM]) | None
2026-08-13 18:15:22,852 - INFO - EMIT crude_orderflow_signal: PUT BUY ([SIM]) | None
2026-08-13 18:15:23,930 - INFO - EMIT crude_orderflow_signal: PUT BUY ([SIM]) | None
2026-08-13 18:15:25,007 - INFO - EMIT crude_orderflow_signal: PUT BUY ([SIM]) | None
2026-08-13 18:15:26,086 - INFO - EMIT crude_orderflow_signal: PUT BUY ([SIM]) | None
2026-08-13 18:15:27,166 - INFO - EMIT crude_orderflow_signal: PUT BUY ([SIM]) | None
2026-08-13 18:15:28,232 - INFO - EMIT crude_orderflow_signal: PUT BUY ([SIM]) | None
2026-08-13 18:15:29,321 - INFO - EMIT crude_orderflow_signal: PUT BUY ([SIM]) | None
2026-08-13 18:15:30,398 - INFO - EMIT crude_orderflow_signal: PUT BUY ([SIM]) | None
2026-08-13 18:15:31,477 - INFO - EMIT crude_orderflow_signal: PUT BUY ([SIM]) | None
2026-08-13 18:15:32,556 - INFO - EMIT crude_orderflow_signal: PUT BUY ([SIM]) | None
2026-08-13 18:15:33,645 - INFO - EMIT crude_orderflow_signal: PUT BUY ([SIM]) | None
2026-08-13 18:15:34,725 - INFO - EMIT crude_orderflow_signal: PUT BUY ([SIM]) | None
2026-08-13 18:15:35,801 - INFO - EMIT crude_orderflow_signal: PUT BUY ([SIM]) | None
2026-08-13 18:15:36,903 - INFO - EMIT crude_orderflow_signal: PUT BUY ([SIM]) | None
2026-08-13 18:15:37,984 - INFO - EMIT crude_orderflow_signal: PUT BUY ([SIM]) | None
2026-08-13 18:15:39,064 - INFO - EMIT crude_orderflow_signal: PUT BUY ([SIM]) | None
2026-08-13 18:15:40,164 - INFO - EMIT crude_orderflow_signal: PUT BUY ([SIM]) | None
2026-08-13 18:15:41,253 - INFO - EMIT crude_orderflow_signal: PUT BUY ([SIM]) | None
2026-08-13 18:15:42,329 - INFO - EMIT crude_orderflow_signal: PUT BUY ([SIM]) | None
2026-08-13 18:15:43,439 - INFO - EMIT crude_orderflow_signal: NO TRADE | Entry Score 35
2026-08-13 18:15:43,439 - INFO - EMIT crude_orderflow_signal: PUT BUY ([SIM]) | None
2026-08-13 18:15:44,514 - INFO - EMIT crude_orderflow_signal: NO TRADE | Entry Score 35
2026-08-13 18:15:44,516 - INFO - EMIT crude_orderflow_signal: PUT BUY ([SIM]) | None
2026-08-13 18:15:45,596 - INFO - EMIT crude_orderflow_signal: NO TRADE | Entry Score 35
2026-08-13 18:15:45,596 - INFO - EMIT crude_orderflow_signal: PUT BUY ([SIM]) | None
2026-08-13 18:15:46,671 - INFO - EMIT crude_orderflow_signal: NO TRADE | Entry Score 35
2026-08-13 18:15:46,673 - INFO - EMIT crude_orderflow_signal: PUT BUY ([SIM]) | None
2026-08-13 18:15:47,750 - INFO - EMIT crude_orderflow_signal: NO TRADE | Entry Score 35
2026-08-13 18:15:47,751 - INFO - EMIT crude_orderflow_signal: PUT BUY ([SIM]) | None
2026-08-13 18:15:48,830 - INFO - EMIT crude_orderflow_signal: NO TRADE | Entry Score 35
2026-08-13 18:15:48,830 - INFO - EMIT crude_orderflow_signal: PUT BUY ([SIM]) | None
2026-08-13 18:15:49,926 - INFO - EMIT crude_orderflow_signal: NO TRADE | Entry Score 35
2026-08-13 18:15:49,926 - INFO - EMIT crude_orderflow_signal: PUT BUY ([SIM]) | None
2026-08-13 18:15:51,004 - INFO - EMIT crude_orderflow_signal: NO TRADE | Entry Score 35
2026-08-13 18:15:51,005 - INFO - EMIT crude_orderflow_signal: PUT BUY ([SIM]) | None
2026-08-13 18:15:52,080 - INFO - EMIT crude_orderflow_signal: NO TRADE | Entry Score 35
2026-08-13 18:15:52,081 - INFO - EMIT crude_orderflow_signal: PUT BUY ([SIM]) | None
2026-08-13 18:15:53,155 - INFO - EMIT crude_orderflow_signal: NO TRADE | Entry Score 35
2026-08-13 18:15:53,156 - INFO - EMIT crude_orderflow_signal: PUT BUY ([SIM]) | None
2026-08-13 18:15:54,231 - INFO - EMIT crude_orderflow_signal: NO TRADE | Entry Score 35
2026-08-13 18:15:54,231 - INFO - EMIT crude_orderflow_signal: PUT BUY ([SIM]) | None
2026-08-13 18:15:55,305 - INFO - EMIT crude_orderflow_signal: NO TRADE | Entry Score 35
2026-08-13 18:15:55,306 - INFO - EMIT crude_orderflow_signal: PUT BUY ([SIM]) | None
2026-08-13 18:15:56,135 - INFO - EMIT crude_orderflow_signal: NO TRADE | Entry Score 35
2026-08-13 18:15:56,408 - INFO - EMIT crude_orderflow_signal: NO TRADE | Entry Score 35
2026-08-13 18:15:56,408 - INFO - EMIT crude_orderflow_signal: PUT BUY ([SIM]) | None
2026-08-13 18:15:57,487 - INFO - EMIT crude_orderflow_signal: NO TRADE | Entry Score 35
2026-08-13 18:15:57,487 - INFO - EMIT crude_orderflow_signal: PUT BUY ([SIM]) | None
2026-08-13 18:15:58,573 - INFO - EMIT crude_orderflow_signal: NO TRADE | Entry Score 35
2026-08-13 18:15:58,573 - INFO - EMIT crude_orderflow_signal: PUT BUY ([SIM]) | None
2026-08-13 18:15:59,698 - INFO - EMIT crude_orderflow_signal: NO TRADE | Entry Score 35
2026-08-13 18:15:59,698 - INFO - EMIT crude_orderflow_signal: PUT BUY ([SIM]) | None
2026-08-13 18:16:00,933 - INFO - EMIT crude_orderflow_signal: NO TRADE | Entry Score 35
2026-08-13 18:16:00,933 - INFO - EMIT crude_orderflow_signal: PUT BUY ([SIM]) | None
2026-08-13 18:16:02,020 - INFO - EMIT crude_orderflow_signal: NO TRADE | Entry Score 35
2026-08-13 18:16:02,022 - INFO - EMIT crude_orderflow_signal: PUT BUY ([SIM]) | None
2026-08-13 18:16:03,114 - INFO - EMIT crude_orderflow_signal: NO TRADE | Entry Score 35
2026-08-13 18:16:03,115 - INFO - EMIT crude_orderflow_signal: PUT BUY ([SIM]) | None
2026-08-13 18:16:04,199 - INFO - EMIT crude_orderflow_signal: NO TRADE | Entry Score 35
2026-08-13 18:16:04,200 - INFO - EMIT crude_orderflow_signal: PUT BUY ([SIM]) | None
2026-08-13 18:16:05,300 - INFO - EMIT crude_orderflow_signal: NO TRADE | Entry Score 35
2026-08-13 18:16:05,300 - INFO - EMIT crude_orderflow_signal: PUT BUY ([SIM]) | None
2026-08-13 18:16:06,384 - INFO - EMIT crude_orderflow_signal: NO TRADE | Entry Score 35
2026-08-13 18:16:06,384 - INFO - EMIT crude_orderflow_signal: PUT BUY ([SIM]) | None
2026-08-13 18:16:07,464 - INFO - EMIT crude_orderflow_signal: NO TRADE | Entry Score 35
2026-08-13 18:16:07,464 - INFO - EMIT crude_orderflow_signal: PUT BUY ([SIM]) | None
2026-08-13 18:16:08,542 - INFO - EMIT crude_orderflow_signal: NO TRADE | Entry Score 35
2026-08-13 18:16:08,543 - INFO - EMIT crude_orderflow_signal: PUT BUY ([SIM]) | None
2026-08-13 18:16:09,622 - INFO - EMIT crude_orderflow_signal: NO TRADE | Entry Score 35
2026-08-13 18:16:09,623 - INFO - EMIT crude_orderflow_signal: PUT BUY ([SIM]) | None
2026-08-13 18:16:10,701 - INFO - EMIT crude_orderflow_signal: NO TRADE | Entry Score 35
2026-08-13 18:16:10,703 - INFO - EMIT crude_orderflow_signal: PUT BUY ([SIM]) | None
2026-08-13 18:16:11,777 - INFO - EMIT crude_orderflow_signal: NO TRADE | Entry Score 35
2026-08-13 18:16:11,777 - INFO - EMIT crude_orderflow_signal: PUT BUY ([SIM]) | None
2026-08-13 18:16:12,855 - INFO - EMIT crude_orderflow_signal: NO TRADE | Entry Score 35
2026-08-13 18:16:12,855 - INFO - EMIT crude_orderflow_signal: PUT BUY ([SIM]) | None
2026-08-13 18:16:13,958 - INFO - EMIT crude_orderflow_signal: NO TRADE | Entry Score 35
2026-08-13 18:16:13,958 - INFO - EMIT crude_orderflow_signal: PUT BUY ([SIM]) | None
2026-08-13 18:16:15,035 - INFO - EMIT crude_orderflow_signal: NO TRADE | Entry Score 35
2026-08-13 18:16:15,036 - INFO - EMIT crude_orderflow_signal: PUT BUY ([SIM]) | None
2026-08-13 18:16:16,117 - INFO - EMIT crude_orderflow_signal: NO TRADE | Entry Score 35
2026-08-13 18:16:16,118 - INFO - EMIT crude_orderflow_signal: PUT BUY ([SIM]) | None
2026-08-13 18:16:17,190 - INFO - EMIT crude_orderflow_signal: NO TRADE | Entry Score 35
2026-08-13 18:16:17,192 - INFO - EMIT crude_orderflow_signal: PUT BUY ([SIM]) | None
2026-08-13 18:16:18,272 - INFO - EMIT crude_orderflow_signal: NO TRADE | Entry Score 35
2026-08-13 18:16:18,272 - INFO - EMIT crude_orderflow_signal: PUT BUY ([SIM]) | None
2026-08-13 18:16:19,355 - INFO - EMIT crude_orderflow_signal: NO TRADE | Entry Score 35
2026-08-13 18:16:19,355 - INFO - EMIT crude_orderflow_signal: PUT BUY ([SIM]) | None
2026-08-13 18:16:20,436 - INFO - EMIT crude_orderflow_signal: NO TRADE | Entry Score 35
2026-08-13 18:16:20,438 - INFO - EMIT crude_orderflow_signal: PUT BUY ([SIM]) | None
2026-08-13 18:16:21,545 - INFO - EMIT crude_orderflow_signal: NO TRADE | Entry Score 35
2026-08-13 18:16:21,546 - INFO - EMIT crude_orderflow_signal: PUT BUY ([SIM]) | None
2026-08-13 18:16:22,629 - INFO - EMIT crude_orderflow_signal: NO TRADE | Entry Score 35
2026-08-13 18:16:22,631 - INFO - EMIT crude_orderflow_signal: PUT BUY ([SIM]) | None
2026-08-13 18:16:23,708 - INFO - EMIT crude_orderflow_signal: NO TRADE | Entry Score 35
2026-08-13 18:16:23,708 - INFO - EMIT crude_orderflow_signal: PUT BUY ([SIM]) | None
2026-08-13 18:16:24,791 - INFO - EMIT crude_orderflow_signal: NO TRADE | Entry Score 35
2026-08-13 18:16:24,792 - INFO - EMIT crude_orderflow_signal: PUT BUY ([SIM]) | None
2026-08-13 18:16:25,870 - INFO - EMIT crude_orderflow_signal: NO TRADE | Entry Score 35
2026-08-13 18:16:25,872 - INFO - EMIT crude_orderflow_signal: PUT BUY ([SIM]) | None
2026-08-13 18:16:26,958 - INFO - EMIT crude_orderflow_signal: NO TRADE | Entry Score 35
2026-08-13 18:16:26,959 - INFO - EMIT crude_orderflow_signal: PUT BUY ([SIM]) | None
2026-08-13 18:16:28,044 - INFO - EMIT crude_orderflow_signal: NO TRADE | Entry Score 35
2026-08-13 18:16:28,044 - INFO - EMIT crude_orderflow_signal: PUT BUY ([SIM]) | None
2026-08-13 18:16:29,142 - INFO - EMIT crude_orderflow_signal: NO TRADE | Entry Score 35
2026-08-13 18:16:29,143 - INFO - EMIT crude_orderflow_signal: PUT BUY ([SIM]) | None
2026-08-13 18:16:30,254 - INFO - EMIT crude_orderflow_signal: NO TRADE | Entry Score 35
2026-08-13 18:16:30,254 - INFO - EMIT crude_orderflow_signal: PUT BUY ([SIM]) | None
2026-08-13 18:16:31,333 - INFO - EMIT crude_orderflow_signal: NO TRADE | Entry Score 35
2026-08-13 18:16:31,333 - INFO - EMIT crude_orderflow_signal: PUT BUY ([SIM]) | None
2026-08-13 18:16:32,416 - INFO - EMIT crude_orderflow_signal: NO TRADE | Entry Score 35
2026-08-13 18:16:32,418 - INFO - EMIT crude_orderflow_signal: PUT BUY ([SIM]) | None
2026-08-13 18:16:33,502 - INFO - EMIT crude_orderflow_signal: NO TRADE | Entry Score 35
2026-08-13 18:16:33,502 - INFO - EMIT crude_orderflow_signal: PUT BUY ([SIM]) | None
2026-08-13 18:16:34,577 - INFO - EMIT crude_orderflow_signal: NO TRADE | Entry Score 35
2026-08-13 18:16:34,580 - INFO - EMIT crude_orderflow_signal: PUT BUY ([SIM]) | None
2026-08-13 18:16:35,709 - INFO - EMIT crude_orderflow_signal: NO TRADE | Entry Score 35
2026-08-13 18:16:35,710 - INFO - EMIT crude_orderflow_signal: PUT BUY ([SIM]) | None
2026-08-13 18:16:36,805 - INFO - EMIT crude_orderflow_signal: NO TRADE | Entry Score 35
2026-08-13 18:16:36,806 - INFO - EMIT crude_orderflow_signal: PUT BUY ([SIM]) | None
2026-08-13 18:16:37,922 - INFO - EMIT crude_orderflow_signal: NO TRADE | Entry Score 35
2026-08-13 18:16:37,923 - INFO - EMIT crude_orderflow_signal: PUT BUY ([SIM]) | None
2026-08-13 18:16:39,000 - INFO - EMIT crude_orderflow_signal: NO TRADE | Entry Score 35
2026-08-13 18:16:39,001 - INFO - EMIT crude_orderflow_signal: PUT BUY ([SIM]) | None
2026-08-13 18:16:40,082 - INFO - EMIT crude_orderflow_signal: NO TRADE | Entry Score 35
2026-08-13 18:16:40,083 - INFO - EMIT crude_orderflow_signal: PUT BUY ([SIM]) | None
2026-08-13 18:16:41,158 - INFO - EMIT crude_orderflow_signal: NO TRADE | Entry Score 35
2026-08-13 18:16:41,162 - INFO - EMIT crude_orderflow_signal: PUT BUY ([SIM]) | None
2026-08-13 18:16:42,238 - INFO - EMIT crude_orderflow_signal: NO TRADE | Entry Score 35
2026-08-13 18:16:42,239 - INFO - EMIT crude_orderflow_signal: PUT BUY ([SIM]) | None
2026-08-13 18:16:43,335 - INFO - EMIT crude_orderflow_signal: NO TRADE | Entry Score 35
2026-08-13 18:16:43,335 - INFO - EMIT crude_orderflow_signal: PUT BUY ([SIM]) | None
2026-08-13 18:16:44,425 - INFO - EMIT crude_orderflow_signal: NO TRADE | Entry Score 35
2026-08-13 18:16:44,425 - INFO - EMIT crude_orderflow_signal: PUT BUY ([SIM]) | None
2026-08-13 18:16:45,500 - INFO - EMIT crude_orderflow_signal: NO TRADE | Entry Score 35
2026-08-13 18:16:45,501 - INFO - EMIT crude_orderflow_signal: PUT BUY ([SIM]) | None
2026-08-13 18:16:46,578 - INFO - EMIT crude_orderflow_signal: NO TRADE | Entry Score 35
2026-08-13 18:16:46,578 - INFO - EMIT crude_orderflow_signal: PUT BUY ([SIM]) | None
2026-08-13 18:16:47,690 - INFO - EMIT crude_orderflow_signal: NO TRADE | Entry Score 35
2026-08-13 18:16:47,690 - INFO - EMIT crude_orderflow_signal: PUT BUY ([SIM]) | None
2026-08-13 18:16:48,765 - INFO - EMIT crude_orderflow_signal: NO TRADE | Entry Score 35
2026-08-13 18:16:48,766 - INFO - EMIT crude_orderflow_signal: PUT BUY ([SIM]) | None
2026-08-13 18:16:49,841 - INFO - EMIT crude_orderflow_signal: NO TRADE | Entry Score 35
2026-08-13 18:16:49,842 - INFO - EMIT crude_orderflow_signal: PUT BUY ([SIM]) | None
2026-08-13 18:16:50,933 - INFO - EMIT crude_orderflow_signal: NO TRADE | Entry Score 35
2026-08-13 18:16:50,933 - INFO - EMIT crude_orderflow_signal: PUT BUY ([SIM]) | None
2026-08-13 18:16:52,006 - INFO - EMIT crude_orderflow_signal: NO TRADE | Entry Score 35
2026-08-13 18:16:52,006 - INFO - EMIT crude_orderflow_signal: PUT BUY ([SIM]) | None
2026-08-13 18:16:53,085 - INFO - EMIT crude_orderflow_signal: NO TRADE | Entry Score 35
2026-08-13 18:16:53,087 - INFO - EMIT crude_orderflow_signal: PUT BUY ([SIM]) | None
2026-08-13 18:16:54,167 - INFO - EMIT crude_orderflow_signal: NO TRADE | Entry Score 35
2026-08-13 18:16:54,167 - INFO - EMIT crude_orderflow_signal: PUT BUY ([SIM]) | None
2026-08-13 18:16:55,249 - INFO - EMIT crude_orderflow_signal: NO TRADE | Entry Score 35
2026-08-13 18:16:55,250 - INFO - EMIT crude_orderflow_signal: PUT BUY ([SIM]) | None
2026-08-13 18:16:56,136 - INFO - EMIT crude_orderflow_signal: NO TRADE | Entry Score 35
2026-08-13 18:16:56,337 - INFO - EMIT crude_orderflow_signal: NO TRADE | Entry Score 35
2026-08-13 18:16:56,338 - INFO - EMIT crude_orderflow_signal: PUT BUY ([SIM]) | None
2026-08-13 18:16:57,414 - INFO - EMIT crude_orderflow_signal: NO TRADE | Entry Score 35
2026-08-13 18:16:57,415 - INFO - EMIT crude_orderflow_signal: PUT BUY ([SIM]) | None
2026-08-13 18:16:58,491 - INFO - EMIT crude_orderflow_signal: NO TRADE | Entry Score 35
2026-08-13 18:16:58,492 - INFO - EMIT crude_orderflow_signal: PUT BUY ([SIM]) | None
2026-08-13 18:16:59,567 - INFO - EMIT crude_orderflow_signal: NO TRADE | Entry Score 35
2026-08-13 18:16:59,567 - INFO - EMIT crude_orderflow_signal: PUT BUY ([SIM]) | None
2026-08-13 18:17:00,660 - INFO - EMIT crude_orderflow_signal: NO TRADE | Entry Score 35
2026-08-13 18:17:00,660 - INFO - EMIT crude_orderflow_signal: PUT BUY ([SIM]) | None
2026-08-13 18:17:01,736 - INFO - EMIT crude_orderflow_signal: NO TRADE | Entry Score 35
2026-08-13 18:17:01,737 - INFO - EMIT crude_orderflow_signal: PUT BUY ([SIM]) | None
2026-08-13 18:17:02,822 - INFO - EMIT crude_orderflow_signal: NO TRADE | Entry Score 35
2026-08-13 18:17:02,823 - INFO - EMIT crude_orderflow_signal: PUT BUY ([SIM]) | None
2026-08-13 18:17:03,896 - INFO - EMIT crude_orderflow_signal: NO TRADE | Entry Score 35
2026-08-13 18:17:03,897 - INFO - EMIT crude_orderflow_signal: PUT BUY ([SIM]) | None
2026-08-13 18:17:04,973 - INFO - EMIT crude_orderflow_signal: NO TRADE | Entry Score 35
2026-08-13 18:17:04,974 - INFO - EMIT crude_orderflow_signal: PUT BUY ([SIM]) | None
2026-08-13 18:17:06,093 - INFO - EMIT crude_orderflow_signal: NO TRADE | Entry Score 35
2026-08-13 18:17:06,094 - INFO - EMIT crude_orderflow_signal: PUT BUY ([SIM]) | None
2026-08-13 18:17:07,166 - INFO - EMIT crude_orderflow_signal: NO TRADE | Entry Score 35
2026-08-13 18:17:07,167 - INFO - EMIT crude_orderflow_signal: PUT BUY ([SIM]) | None
2026-08-13 18:17:08,240 - INFO - EMIT crude_orderflow_signal: NO TRADE | Entry Score 35
2026-08-13 18:17:08,240 - INFO - EMIT crude_orderflow_signal: PUT BUY ([SIM]) | None
2026-08-13 18:17:09,314 - INFO - EMIT crude_orderflow_signal: NO TRADE | Entry Score 35
2026-08-13 18:17:09,314 - INFO - EMIT crude_orderflow_signal: PUT BUY ([SIM]) | None
2026-08-13 18:17:10,390 - INFO - EMIT crude_orderflow_signal: NO TRADE | Entry Score 35
2026-08-13 18:17:10,391 - INFO - EMIT crude_orderflow_signal: PUT BUY ([SIM]) | None
2026-08-13 18:17:11,458 - INFO - EMIT crude_orderflow_signal: NO TRADE | Entry Score 35
2026-08-13 18:17:11,458 - INFO - EMIT crude_orderflow_signal: PUT BUY ([SIM]) | None
2026-08-13 18:17:12,540 - INFO - EMIT crude_orderflow_signal: NO TRADE | Entry Score 35
2026-08-13 18:17:12,540 - INFO - EMIT crude_orderflow_signal: PUT BUY ([SIM]) | None
2026-08-13 18:17:13,649 - INFO - EMIT crude_orderflow_signal: NO TRADE | Entry Score 35
2026-08-13 18:17:13,649 - INFO - EMIT crude_orderflow_signal: PUT BUY ([SIM]) | None
2026-08-13 18:17:14,721 - INFO - EMIT crude_orderflow_signal: NO TRADE | Entry Score 35
2026-08-13 18:17:14,721 - INFO - EMIT crude_orderflow_signal: PUT BUY ([SIM]) | None
2026-08-13 18:17:15,803 - INFO - EMIT crude_orderflow_signal: NO TRADE | Entry Score 35
2026-08-13 18:17:15,804 - INFO - EMIT crude_orderflow_signal: PUT BUY ([SIM]) | None
2026-08-13 18:17:16,874 - INFO - EMIT crude_orderflow_signal: NO TRADE | Entry Score 35
2026-08-13 18:17:16,874 - INFO - EMIT crude_orderflow_signal: PUT BUY ([SIM]) | None
2026-08-13 18:17:17,954 - INFO - EMIT crude_orderflow_signal: NO TRADE | Entry Score 35
2026-08-13 18:17:17,955 - INFO - EMIT crude_orderflow_signal: PUT BUY ([SIM]) | None
2026-08-13 18:17:19,025 - INFO - EMIT crude_orderflow_signal: NO TRADE | Entry Score 35
2026-08-13 18:17:19,026 - INFO - EMIT crude_orderflow_signal: PUT BUY ([SIM]) | None
2026-08-13 18:17:20,083 - INFO - EMIT crude_orderflow_signal: NO TRADE | Entry Score 35
2026-08-13 18:17:20,083 - INFO - EMIT crude_orderflow_signal: PUT BUY ([SIM]) | None
2026-08-13 18:17:21,158 - INFO - EMIT crude_orderflow_signal: NO TRADE | Entry Score 35
2026-08-13 18:17:21,158 - INFO - EMIT crude_orderflow_signal: PUT BUY ([SIM]) | None
2026-08-13 18:17:22,298 - INFO - EMIT crude_orderflow_signal: NO TRADE | Entry Score 35
2026-08-13 18:17:22,299 - INFO - EMIT crude_orderflow_signal: PUT BUY ([SIM]) | None
2026-08-13 18:17:23,376 - INFO - EMIT crude_orderflow_signal: NO TRADE | Entry Score 35
2026-08-13 18:17:23,377 - INFO - EMIT crude_orderflow_signal: PUT BUY ([SIM]) | None
2026-08-13 18:17:24,454 - INFO - EMIT crude_orderflow_signal: NO TRADE | Entry Score 35
2026-08-13 18:17:24,455 - INFO - EMIT crude_orderflow_signal: PUT BUY ([SIM]) | None
2026-08-13 18:17:25,537 - INFO - EMIT crude_orderflow_signal: NO TRADE | Entry Score 35
2026-08-13 18:17:25,538 - INFO - EMIT crude_orderflow_signal: PUT BUY ([SIM]) | None
2026-08-13 18:17:26,613 - INFO - EMIT crude_orderflow_signal: NO TRADE | Entry Score 35
2026-08-13 18:17:26,614 - INFO - EMIT crude_orderflow_signal: PUT BUY ([SIM]) | None
2026-08-13 18:17:27,690 - INFO - EMIT crude_orderflow_signal: NO TRADE | Entry Score 35
2026-08-13 18:17:27,690 - INFO - EMIT crude_orderflow_signal: PUT BUY ([SIM]) | None
2026-08-13 18:17:28,767 - INFO - EMIT crude_orderflow_signal: NO TRADE | Entry Score 35
2026-08-13 18:17:28,768 - INFO - EMIT crude_orderflow_signal: PUT BUY ([SIM]) | None
2026-08-13 18:17:29,844 - INFO - EMIT crude_orderflow_signal: NO TRADE | Entry Score 35
2026-08-13 18:17:29,844 - INFO - EMIT crude_orderflow_signal: PUT BUY ([SIM]) | None
2026-08-13 18:17:30,915 - INFO - EMIT crude_orderflow_signal: NO TRADE | Entry Score 35
2026-08-13 18:17:30,917 - INFO - EMIT crude_orderflow_signal: PUT BUY ([SIM]) | None
2026-08-13 18:17:31,989 - INFO - EMIT crude_orderflow_signal: NO TRADE | Entry Score 35
2026-08-13 18:17:31,990 - INFO - EMIT crude_orderflow_signal: PUT BUY ([SIM]) | None
2026-08-13 18:17:33,057 - INFO - EMIT crude_orderflow_signal: NO TRADE | Entry Score 35
2026-08-13 18:17:33,057 - INFO - EMIT crude_orderflow_signal: PUT BUY ([SIM]) | None
2026-08-13 18:17:34,137 - INFO - EMIT crude_orderflow_signal: NO TRADE | Entry Score 35
2026-08-13 18:17:34,137 - INFO - EMIT crude_orderflow_signal: PUT BUY ([SIM]) | None
2026-08-13 18:17:35,208 - INFO - EMIT crude_orderflow_signal: NO TRADE | Entry Score 35
2026-08-13 18:17:35,208 - INFO - EMIT crude_orderflow_signal: PUT BUY ([SIM]) | None
2026-08-13 18:17:36,283 - INFO - EMIT crude_orderflow_signal: NO TRADE | Entry Score 35
2026-08-13 18:17:36,284 - INFO - EMIT crude_orderflow_signal: PUT BUY ([SIM]) | None
2026-08-13 18:17:37,356 - INFO - EMIT crude_orderflow_signal: NO TRADE | Entry Score 35
2026-08-13 18:17:37,357 - INFO - EMIT crude_orderflow_signal: PUT BUY ([SIM]) | None
2026-08-13 18:17:38,433 - INFO - EMIT crude_orderflow_signal: NO TRADE | Entry Score 35
2026-08-13 18:17:38,433 - INFO - EMIT crude_orderflow_signal: PUT BUY ([SIM]) | None
2026-08-13 18:17:39,533 - INFO - EMIT crude_orderflow_signal: NO TRADE | Entry Score 35
2026-08-13 18:17:39,533 - INFO - EMIT crude_orderflow_signal: PUT BUY ([SIM]) | None
2026-08-13 18:17:40,625 - INFO - EMIT crude_orderflow_signal: NO TRADE | Entry Score 35
2026-08-13 18:17:40,625 - INFO - EMIT crude_orderflow_signal: PUT BUY ([SIM]) | None
2026-08-13 18:17:41,711 - INFO - EMIT crude_orderflow_signal: NO TRADE | Entry Score 35
2026-08-13 18:17:41,712 - INFO - EMIT crude_orderflow_signal: PUT BUY ([SIM]) | None
2026-08-13 18:17:42,816 - INFO - EMIT crude_orderflow_signal: NO TRADE | Entry Score 35
2026-08-13 18:17:42,816 - INFO - EMIT crude_orderflow_signal: PUT BUY ([SIM]) | None
2026-08-13 18:17:43,916 - INFO - EMIT crude_orderflow_signal: NO TRADE | Entry Score 35
2026-08-13 18:17:43,916 - INFO - EMIT crude_orderflow_signal: PUT BUY ([SIM]) | None
2026-08-13 18:17:45,035 - INFO - EMIT crude_orderflow_signal: NO TRADE | Entry Score 35
2026-08-13 18:17:45,036 - INFO - EMIT crude_orderflow_signal: PUT BUY ([SIM]) | None
2026-08-13 18:17:46,134 - INFO - EMIT crude_orderflow_signal: NO TRADE | Entry Score 35
2026-08-13 18:17:46,134 - INFO - EMIT crude_orderflow_signal: PUT BUY ([SIM]) | None
2026-08-13 18:17:47,231 - INFO - EMIT crude_orderflow_signal: NO TRADE | Entry Score 35
2026-08-13 18:17:47,232 - INFO - EMIT crude_orderflow_signal: PUT BUY ([SIM]) | None
2026-08-13 18:17:48,306 - INFO - EMIT crude_orderflow_signal: NO TRADE | Entry Score 35
2026-08-13 18:17:48,306 - INFO - EMIT crude_orderflow_signal: PUT BUY ([SIM]) | None
2026-08-13 18:17:49,380 - INFO - EMIT crude_orderflow_signal: NO TRADE | Entry Score 35
2026-08-13 18:17:49,381 - INFO - EMIT crude_orderflow_signal: PUT BUY ([SIM]) | None
2026-08-13 18:17:50,455 - INFO - EMIT crude_orderflow_signal: NO TRADE | Entry Score 35
2026-08-13 18:17:50,457 - INFO - EMIT crude_orderflow_signal: PUT BUY ([SIM]) | None
2026-08-13 18:17:51,526 - INFO - EMIT crude_orderflow_signal: NO TRADE | Entry Score 35
2026-08-13 18:17:51,527 - INFO - EMIT crude_orderflow_signal: PUT BUY ([SIM]) | None
2026-08-13 18:17:52,596 - INFO - EMIT crude_orderflow_signal: NO TRADE | Entry Score 35
2026-08-13 18:17:52,596 - INFO - EMIT crude_orderflow_signal: PUT BUY ([SIM]) | None
2026-08-13 18:17:53,668 - INFO - EMIT crude_orderflow_signal: NO TRADE | Entry Score 35
2026-08-13 18:17:53,669 - INFO - EMIT crude_orderflow_signal: PUT BUY ([SIM]) | None
2026-08-13 18:17:54,745 - INFO - EMIT crude_orderflow_signal: NO TRADE | Entry Score 35
2026-08-13 18:17:54,746 - INFO - EMIT crude_orderflow_signal: PUT BUY ([SIM]) | None
2026-08-13 18:17:55,825 - INFO - EMIT crude_orderflow_signal: NO TRADE | Entry Score 35
2026-08-13 18:17:55,825 - INFO - EMIT crude_orderflow_signal: PUT BUY ([SIM]) | None
2026-08-13 18:17:56,144 - INFO - EMIT crude_orderflow_signal: NO TRADE | Entry Score 35
2026-08-13 18:17:56,899 - INFO - EMIT crude_orderflow_signal: NO TRADE | Entry Score 35
2026-08-13 18:17:56,899 - INFO - EMIT crude_orderflow_signal: PUT BUY ([SIM]) | None
2026-08-13 18:17:57,976 - INFO - EMIT crude_orderflow_signal: NO TRADE | Entry Score 35
2026-08-13 18:17:57,976 - INFO - EMIT crude_orderflow_signal: PUT BUY ([SIM]) | None
2026-08-13 18:17:59,050 - INFO - EMIT crude_orderflow_signal: NO TRADE | Entry Score 35
2026-08-13 18:17:59,051 - INFO - EMIT crude_orderflow_signal: PUT BUY ([SIM]) | None
2026-08-13 18:18:00,128 - INFO - EMIT crude_orderflow_signal: NO TRADE | Entry Score 35
2026-08-13 18:18:00,129 - INFO - EMIT crude_orderflow_signal: PUT BUY ([SIM]) | None
2026-08-13 18:18:01,202 - INFO - EMIT crude_orderflow_signal: NO TRADE | Entry Score 35
2026-08-13 18:18:01,203 - INFO - EMIT crude_orderflow_signal: PUT BUY ([SIM]) | None
2026-08-13 18:18:02,275 - INFO - EMIT crude_orderflow_signal: NO TRADE | Entry Score 35
2026-08-13 18:18:02,276 - INFO - EMIT crude_orderflow_signal: PUT BUY ([SIM]) | None
2026-08-13 18:18:03,349 - INFO - EMIT crude_orderflow_signal: NO TRADE | Entry Score 35
2026-08-13 18:18:03,350 - INFO - EMIT crude_orderflow_signal: PUT BUY ([SIM]) | None
2026-08-13 18:18:04,421 - INFO - EMIT crude_orderflow_signal: NO TRADE | Entry Score 35
2026-08-13 18:18:04,421 - INFO - EMIT crude_orderflow_signal: PUT BUY ([SIM]) | None
2026-08-13 18:18:05,505 - INFO - EMIT crude_orderflow_signal: NO TRADE | Entry Score 35
2026-08-13 18:18:05,505 - INFO - EMIT crude_orderflow_signal: PUT BUY ([SIM]) | None
2026-08-13 18:18:06,581 - INFO - EMIT crude_orderflow_signal: NO TRADE | Entry Score 35
2026-08-13 18:18:06,582 - INFO - EMIT crude_orderflow_signal: PUT BUY ([SIM]) | None
2026-08-13 18:18:07,654 - INFO - EMIT crude_orderflow_signal: NO TRADE | Entry Score 35
2026-08-13 18:18:07,654 - INFO - EMIT crude_orderflow_signal: PUT BUY ([SIM]) | None
2026-08-13 18:18:08,731 - INFO - EMIT crude_orderflow_signal: NO TRADE | Entry Score 35
2026-08-13 18:18:08,731 - INFO - EMIT crude_orderflow_signal: PUT BUY ([SIM]) | None
2026-08-13 18:18:09,810 - INFO - EMIT crude_orderflow_signal: NO TRADE | Entry Score 35
2026-08-13 18:18:09,810 - INFO - EMIT crude_orderflow_signal: PUT BUY ([SIM]) | None
2026-08-13 18:18:10,885 - INFO - EMIT crude_orderflow_signal: NO TRADE | Entry Score 35
2026-08-13 18:18:10,886 - INFO - EMIT crude_orderflow_signal: PUT BUY ([SIM]) | None
2026-08-13 18:18:11,965 - INFO - EMIT crude_orderflow_signal: NO TRADE | Entry Score 35
2026-08-13 18:18:11,965 - INFO - EMIT crude_orderflow_signal: PUT BUY ([SIM]) | None
2026-08-13 18:18:13,033 - INFO - EMIT crude_orderflow_signal: NO TRADE | Entry Score 35
2026-08-13 18:18:13,033 - INFO - EMIT crude_orderflow_signal: PUT BUY ([SIM]) | None
2026-08-13 18:18:14,108 - INFO - EMIT crude_orderflow_signal: NO TRADE | Entry Score 35
2026-08-13 18:18:14,109 - INFO - EMIT crude_orderflow_signal: PUT BUY ([SIM]) | None
2026-08-13 18:18:15,183 - INFO - EMIT crude_orderflow_signal: NO TRADE | Entry Score 35
2026-08-13 18:18:15,183 - INFO - EMIT crude_orderflow_signal: PUT BUY ([SIM]) | None
2026-08-13 18:18:16,261 - INFO - EMIT crude_orderflow_signal: NO TRADE | Entry Score 35
2026-08-13 18:18:16,262 - INFO - EMIT crude_orderflow_signal: PUT BUY ([SIM]) | None
2026-08-13 18:18:17,367 - INFO - EMIT crude_orderflow_signal: NO TRADE | Entry Score 35
2026-08-13 18:18:17,367 - INFO - EMIT crude_orderflow_signal: PUT BUY ([SIM]) | None
2026-08-13 18:18:18,438 - INFO - EMIT crude_orderflow_signal: NO TRADE | Entry Score 35
2026-08-13 18:18:18,438 - INFO - EMIT crude_orderflow_signal: PUT BUY ([SIM]) | None
2026-08-13 18:18:19,512 - INFO - EMIT crude_orderflow_signal: NO TRADE | Entry Score 35
2026-08-13 18:18:19,512 - INFO - EMIT crude_orderflow_signal: PUT BUY ([SIM]) | None
2026-08-13 18:18:20,585 - INFO - EMIT crude_orderflow_signal: NO TRADE | Entry Score 35
2026-08-13 18:18:20,585 - INFO - EMIT crude_orderflow_signal: PUT BUY ([SIM]) | None
2026-08-13 18:18:21,661 - INFO - EMIT crude_orderflow_signal: NO TRADE | Entry Score 35
2026-08-13 18:18:21,662 - INFO - EMIT crude_orderflow_signal: PUT BUY ([SIM]) | None
2026-08-13 18:18:22,735 - INFO - EMIT crude_orderflow_signal: NO TRADE | Entry Score 35
2026-08-13 18:18:22,735 - INFO - EMIT crude_orderflow_signal: PUT BUY ([SIM]) | None
2026-08-13 18:18:23,809 - INFO - EMIT crude_orderflow_signal: NO TRADE | Entry Score 35
2026-08-13 18:18:23,810 - INFO - EMIT crude_orderflow_signal: PUT BUY ([SIM]) | None
2026-08-13 18:18:24,881 - INFO - EMIT crude_orderflow_signal: NO TRADE | Entry Score 35
2026-08-13 18:18:24,881 - INFO - EMIT crude_orderflow_signal: PUT BUY ([SIM]) | None
2026-08-13 18:18:25,962 - INFO - EMIT crude_orderflow_signal: NO TRADE | Entry Score 35
2026-08-13 18:18:25,962 - INFO - EMIT crude_orderflow_signal: PUT BUY ([SIM]) | None
2026-08-13 18:18:27,039 - INFO - EMIT crude_orderflow_signal: NO TRADE | Entry Score 35
2026-08-13 18:18:27,040 - INFO - EMIT crude_orderflow_signal: PUT BUY ([SIM]) | None
2026-08-13 18:18:28,115 - INFO - EMIT crude_orderflow_signal: NO TRADE | Entry Score 35
2026-08-13 18:18:28,115 - INFO - EMIT crude_orderflow_signal: PUT BUY ([SIM]) | None
2026-08-13 18:18:29,183 - INFO - EMIT crude_orderflow_signal: NO TRADE | Entry Score 35
2026-08-13 18:18:29,183 - INFO - EMIT crude_orderflow_signal: PUT BUY ([SIM]) | None
2026-08-13 18:18:30,264 - INFO - EMIT crude_orderflow_signal: NO TRADE | Entry Score 35
2026-08-13 18:18:30,265 - INFO - EMIT crude_orderflow_signal: PUT BUY ([SIM]) | None
2026-08-13 18:18:31,340 - INFO - EMIT crude_orderflow_signal: NO TRADE | Entry Score 35
2026-08-13 18:18:31,340 - INFO - EMIT crude_orderflow_signal: PUT BUY ([SIM]) | None
2026-08-13 18:18:32,413 - INFO - EMIT crude_orderflow_signal: NO TRADE | Entry Score 35
2026-08-13 18:18:32,413 - INFO - EMIT crude_orderflow_signal: PUT BUY ([SIM]) | None
2026-08-13 18:18:33,486 - INFO - EMIT crude_orderflow_signal: NO TRADE | Entry Score 35
2026-08-13 18:18:33,486 - INFO - EMIT crude_orderflow_signal: PUT BUY ([SIM]) | None
2026-08-13 18:18:34,561 - INFO - EMIT crude_orderflow_signal: NO TRADE | Entry Score 35
2026-08-13 18:18:34,562 - INFO - EMIT crude_orderflow_signal: PUT BUY ([SIM]) | None
2026-08-13 18:18:35,637 - INFO - EMIT crude_orderflow_signal: NO TRADE | Entry Score 35
2026-08-13 18:18:35,638 - INFO - EMIT crude_orderflow_signal: PUT BUY ([SIM]) | None
2026-08-13 18:18:36,712 - INFO - EMIT crude_orderflow_signal: NO TRADE | Entry Score 35
2026-08-13 18:18:36,712 - INFO - EMIT crude_orderflow_signal: PUT BUY ([SIM]) | None
2026-08-13 18:18:37,783 - INFO - EMIT crude_orderflow_signal: NO TRADE | Entry Score 35
2026-08-13 18:18:37,783 - INFO - EMIT crude_orderflow_signal: PUT BUY ([SIM]) | None
2026-08-13 18:18:38,864 - INFO - EMIT crude_orderflow_signal: NO TRADE | Entry Score 35
2026-08-13 18:18:38,864 - INFO - EMIT crude_orderflow_signal: PUT BUY ([SIM]) | None
2026-08-13 18:18:39,948 - INFO - EMIT crude_orderflow_signal: NO TRADE | Entry Score 35
2026-08-13 18:18:39,949 - INFO - EMIT crude_orderflow_signal: PUT BUY ([SIM]) | None
2026-08-13 18:18:41,024 - INFO - EMIT crude_orderflow_signal: NO TRADE | Entry Score 35
2026-08-13 18:18:41,025 - INFO - EMIT crude_orderflow_signal: PUT BUY ([SIM]) | None
2026-08-13 18:18:42,100 - INFO - EMIT crude_orderflow_signal: NO TRADE | Entry Score 35
2026-08-13 18:18:42,101 - INFO - EMIT crude_orderflow_signal: PUT BUY ([SIM]) | None
2026-08-13 18:18:43,171 - INFO - EMIT crude_orderflow_signal: NO TRADE | Entry Score 35
2026-08-13 18:18:43,172 - INFO - EMIT crude_orderflow_signal: PUT BUY ([SIM]) | None
2026-08-13 18:18:44,276 - INFO - EMIT crude_orderflow_signal: NO TRADE | Entry Score 25
2026-08-13 18:18:44,277 - INFO - EMIT crude_orderflow_signal: PUT BUY ([SIM]) | None
2026-08-13 18:18:45,349 - INFO - EMIT crude_orderflow_signal: NO TRADE | Entry Score 25
2026-08-13 18:18:45,349 - INFO - EMIT crude_orderflow_signal: PUT BUY ([SIM]) | None
2026-08-13 18:18:46,420 - INFO - EMIT crude_orderflow_signal: NO TRADE | Entry Score 25
2026-08-13 18:18:46,421 - INFO - EMIT crude_orderflow_signal: PUT BUY ([SIM]) | None
2026-08-13 18:18:47,494 - INFO - EMIT crude_orderflow_signal: NO TRADE | Entry Score 25
2026-08-13 18:18:47,496 - INFO - EMIT crude_orderflow_signal: PUT BUY ([SIM]) | None
2026-08-13 18:18:48,570 - INFO - EMIT crude_orderflow_signal: NO TRADE | Entry Score 25
2026-08-13 18:18:48,570 - INFO - EMIT crude_orderflow_signal: PUT BUY ([SIM]) | None
2026-08-13 18:18:49,644 - INFO - EMIT crude_orderflow_signal: NO TRADE | Entry Score 25
2026-08-13 18:18:49,645 - INFO - EMIT crude_orderflow_signal: PUT BUY ([SIM]) | None
2026-08-13 18:18:50,717 - INFO - EMIT crude_orderflow_signal: NO TRADE | Entry Score 25
2026-08-13 18:18:50,719 - INFO - EMIT crude_orderflow_signal: PUT BUY ([SIM]) | None
2026-08-13 18:18:51,798 - INFO - EMIT crude_orderflow_signal: NO TRADE | Entry Score 25
2026-08-13 18:18:51,799 - INFO - EMIT crude_orderflow_signal: PUT BUY ([SIM]) | None
2026-08-13 18:18:52,893 - INFO - EMIT crude_orderflow_signal: NO TRADE | Entry Score 25
2026-08-13 18:18:52,893 - INFO - EMIT crude_orderflow_signal: PUT BUY ([SIM]) | None
2026-08-13 18:18:53,979 - INFO - EMIT crude_orderflow_signal: NO TRADE | Entry Score 25
2026-08-13 18:18:53,979 - INFO - EMIT crude_orderflow_signal: PUT BUY ([SIM]) | None
2026-08-13 18:18:55,056 - INFO - EMIT crude_orderflow_signal: NO TRADE | Entry Score 25
2026-08-13 18:18:55,057 - INFO - EMIT crude_orderflow_signal: PUT BUY ([SIM]) | None
2026-08-13 18:18:56,137 - INFO - EMIT crude_orderflow_signal: NO TRADE | Entry Score 25
2026-08-13 18:18:56,139 - INFO - EMIT crude_orderflow_signal: PUT BUY ([SIM]) | None
2026-08-13 18:18:56,140 - INFO - EMIT crude_orderflow_signal: NO TRADE | Entry Score 25
2026-08-13 18:18:57,292 - INFO - EMIT crude_orderflow_signal: NO TRADE | Entry Score 25
2026-08-13 18:18:57,293 - INFO - EMIT crude_orderflow_signal: PUT BUY ([SIM]) | None
2026-08-13 18:18:58,371 - INFO - EMIT crude_orderflow_signal: NO TRADE | Entry Score 25
2026-08-13 18:18:58,372 - INFO - EMIT crude_orderflow_signal: PUT BUY ([SIM]) | None
2026-08-13 18:18:59,452 - INFO - EMIT crude_orderflow_signal: NO TRADE | Entry Score 25
2026-08-13 18:18:59,453 - INFO - EMIT crude_orderflow_signal: PUT BUY ([SIM]) | None
2026-08-13 18:19:00,532 - INFO - EMIT crude_orderflow_signal: NO TRADE | Entry Score 25
2026-08-13 18:19:00,532 - INFO - EMIT crude_orderflow_signal: PUT BUY ([SIM]) | None
2026-08-13 18:19:01,619 - INFO - EMIT crude_orderflow_signal: NO TRADE | Entry Score 25
2026-08-13 18:19:01,619 - INFO - EMIT crude_orderflow_signal: PUT BUY ([SIM]) | None
2026-08-13 18:19:02,697 - INFO - EMIT crude_orderflow_signal: NO TRADE | Entry Score 25
2026-08-13 18:19:02,697 - INFO - EMIT crude_orderflow_signal: PUT BUY ([SIM]) | None
2026-08-13 18:19:03,774 - INFO - EMIT crude_orderflow_signal: NO TRADE | Entry Score 25
2026-08-13 18:19:03,775 - INFO - EMIT crude_orderflow_signal: PUT BUY ([SIM]) | None
2026-08-13 18:19:04,847 - INFO - EMIT crude_orderflow_signal: NO TRADE | Entry Score 25
2026-08-13 18:19:04,847 - INFO - EMIT crude_orderflow_signal: PUT BUY ([SIM]) | None
2026-08-13 18:19:05,949 - INFO - EMIT crude_orderflow_signal: NO TRADE | Entry Score 25
2026-08-13 18:19:05,950 - INFO - EMIT crude_orderflow_signal: PUT BUY ([SIM]) | None
2026-08-13 18:19:07,042 - INFO - EMIT crude_orderflow_signal: NO TRADE | Entry Score 25
2026-08-13 18:19:07,042 - INFO - EMIT crude_orderflow_signal: PUT BUY ([SIM]) | None
2026-08-13 18:19:08,124 - INFO - EMIT crude_orderflow_signal: NO TRADE | Entry Score 25
2026-08-13 18:19:08,125 - INFO - EMIT crude_orderflow_signal: PUT BUY ([SIM]) | None
2026-08-13 18:19:09,205 - INFO - EMIT crude_orderflow_signal: NO TRADE | Entry Score 25
2026-08-13 18:19:09,206 - INFO - EMIT crude_orderflow_signal: PUT BUY ([SIM]) | None
2026-08-13 18:19:10,337 - INFO - EMIT crude_orderflow_signal: NO TRADE | Entry Score 25
2026-08-13 18:19:10,338 - INFO - EMIT crude_orderflow_signal: PUT BUY ([SIM]) | None
2026-08-13 18:19:11,419 - INFO - EMIT crude_orderflow_signal: NO TRADE | Entry Score 25
2026-08-13 18:19:11,419 - INFO - EMIT crude_orderflow_signal: PUT BUY ([SIM]) | None
2026-08-13 18:19:12,498 - INFO - EMIT crude_orderflow_signal: NO TRADE | Entry Score 25
2026-08-13 18:19:12,499 - INFO - EMIT crude_orderflow_signal: PUT BUY ([SIM]) | None
2026-08-13 18:19:13,579 - INFO - EMIT crude_orderflow_signal: NO TRADE | Entry Score 25
2026-08-13 18:19:13,580 - INFO - EMIT crude_orderflow_signal: PUT BUY ([SIM]) | None
2026-08-13 18:19:14,654 - INFO - EMIT crude_orderflow_signal: NO TRADE | Entry Score 25
2026-08-13 18:19:14,655 - INFO - EMIT crude_orderflow_signal: PUT BUY ([SIM]) | None
2026-08-13 18:19:15,734 - INFO - EMIT crude_orderflow_signal: NO TRADE | Entry Score 25
2026-08-13 18:19:15,735 - INFO - EMIT crude_orderflow_signal: PUT BUY ([SIM]) | None
2026-08-13 18:19:16,815 - INFO - EMIT crude_orderflow_signal: NO TRADE | Entry Score 25
2026-08-13 18:19:16,815 - INFO - EMIT crude_orderflow_signal: PUT BUY ([SIM]) | None
2026-08-13 18:19:17,895 - INFO - EMIT crude_orderflow_signal: NO TRADE | Entry Score 25
2026-08-13 18:19:17,896 - INFO - EMIT crude_orderflow_signal: PUT BUY ([SIM]) | None
2026-08-13 18:19:18,984 - INFO - EMIT crude_orderflow_signal: NO TRADE | Entry Score 25
2026-08-13 18:19:18,984 - INFO - EMIT crude_orderflow_signal: PUT BUY ([SIM]) | None
2026-08-13 18:19:20,060 - INFO - EMIT crude_orderflow_signal: NO TRADE | Entry Score 25
2026-08-13 18:19:20,061 - INFO - EMIT crude_orderflow_signal: PUT BUY ([SIM]) | None
2026-08-13 18:19:21,145 - INFO - EMIT crude_orderflow_signal: NO TRADE | Entry Score 25
2026-08-13 18:19:21,146 - INFO - EMIT crude_orderflow_signal: PUT BUY ([SIM]) | None
2026-08-13 18:19:21,337 - INFO - EMIT crude_orderflow_signal: NO TRADE | Entry Score 25
2026-08-13 18:19:22,315 - INFO - EMIT crude_orderflow_signal: NO TRADE | Entry Score 25
2026-08-13 18:19:22,318 - INFO - EMIT crude_orderflow_signal: PUT BUY ([SIM]) | None
2026-08-13 18:19:23,457 - INFO - EMIT crude_orderflow_signal: NO TRADE | Entry Score 25
2026-08-13 18:19:23,458 - INFO - EMIT crude_orderflow_signal: PUT BUY ([SIM]) | None
2026-08-13 18:19:24,564 - INFO - EMIT crude_orderflow_signal: NO TRADE | Entry Score 25
2026-08-13 18:19:24,565 - INFO - EMIT crude_orderflow_signal: PUT BUY ([SIM]) | None
2026-08-13 18:19:25,696 - INFO - EMIT crude_orderflow_signal: NO TRADE | Entry Score 25
2026-08-13 18:19:25,698 - INFO - EMIT crude_orderflow_signal: PUT BUY ([SIM]) | None
2026-08-13 18:19:26,798 - INFO - EMIT crude_orderflow_signal: NO TRADE | Entry Score 25
2026-08-13 18:19:26,799 - INFO - EMIT crude_orderflow_signal: PUT BUY ([SIM]) | None
2026-08-13 18:19:27,934 - INFO - EMIT crude_orderflow_signal: NO TRADE | Entry Score 25
2026-08-13 18:19:27,934 - INFO - EMIT crude_orderflow_signal: PUT BUY ([SIM]) | None
2026-08-13 18:19:29,033 - INFO - EMIT crude_orderflow_signal: NO TRADE | Entry Score 25
2026-08-13 18:19:29,034 - INFO - EMIT crude_orderflow_signal: PUT BUY ([SIM]) | None
2026-08-13 18:19:30,128 - INFO - EMIT crude_orderflow_signal: NO TRADE | Entry Score 25
2026-08-13 18:19:30,128 - INFO - EMIT crude_orderflow_signal: PUT BUY ([SIM]) | None
2026-08-13 18:19:31,273 - INFO - EMIT crude_orderflow_signal: NO TRADE | Entry Score 25
2026-08-13 18:19:31,275 - INFO - EMIT crude_orderflow_signal: PUT BUY ([SIM]) | None
2026-08-13 18:19:32,384 - INFO - EMIT crude_orderflow_signal: NO TRADE | Entry Score 25
2026-08-13 18:19:32,385 - INFO - EMIT crude_orderflow_signal: PUT BUY ([SIM]) | None
2026-08-13 18:19:33,474 - INFO - EMIT crude_orderflow_signal: NO TRADE | Entry Score 25
2026-08-13 18:19:33,475 - INFO - EMIT crude_orderflow_signal: PUT BUY ([SIM]) | None
2026-08-13 18:19:34,581 - INFO - EMIT crude_orderflow_signal: NO TRADE | Entry Score 25
2026-08-13 18:19:34,581 - INFO - EMIT crude_orderflow_signal: PUT BUY ([SIM]) | None
2026-08-13 18:19:35,675 - INFO - EMIT crude_orderflow_signal: NO TRADE | Entry Score 25
2026-08-13 18:19:35,677 - INFO - EMIT crude_orderflow_signal: PUT BUY ([SIM]) | None
2026-08-13 18:19:36,771 - INFO - EMIT crude_orderflow_signal: NO TRADE | Entry Score 25
2026-08-13 18:19:36,771 - INFO - EMIT crude_orderflow_signal: PUT BUY ([SIM]) | None
2026-08-13 18:19:37,869 - INFO - EMIT crude_orderflow_signal: NO TRADE | Entry Score 25
2026-08-13 18:19:37,870 - INFO - EMIT crude_orderflow_signal: PUT BUY ([SIM]) | None
2026-08-13 18:19:38,967 - INFO - EMIT crude_orderflow_signal: NO TRADE | Entry Score 25
2026-08-13 18:19:38,967 - INFO - EMIT crude_orderflow_signal: PUT BUY ([SIM]) | None
2026-08-13 18:19:40,085 - INFO - EMIT crude_orderflow_signal: NO TRADE | Entry Score 25
2026-08-13 18:19:40,086 - INFO - EMIT crude_orderflow_signal: PUT BUY ([SIM]) | None
2026-08-13 18:19:41,183 - INFO - EMIT crude_orderflow_signal: NO TRADE | Entry Score 25
2026-08-13 18:19:41,183 - INFO - EMIT crude_orderflow_signal: PUT BUY ([SIM]) | None
2026-08-13 18:19:42,281 - INFO - EMIT crude_orderflow_signal: NO TRADE | Entry Score 25
2026-08-13 18:19:42,282 - INFO - EMIT crude_orderflow_signal: PUT BUY ([SIM]) | None
2026-08-13 18:19:43,382 - INFO - EMIT crude_orderflow_signal: NO TRADE | Entry Score 25
2026-08-13 18:19:43,383 - INFO - EMIT crude_orderflow_signal: PUT BUY ([SIM]) | None
2026-08-13 18:19:43,426 - INFO - EMIT crude_orderflow_signal: NO TRADE | Entry Score 25
2026-08-13 18:19:44,480 - INFO - EMIT crude_orderflow_signal: NO TRADE | Entry Score 25
2026-08-13 18:19:44,480 - INFO - EMIT crude_orderflow_signal: PUT BUY ([SIM]) | None
2026-08-13 18:19:45,573 - INFO - EMIT crude_orderflow_signal: NO TRADE | Entry Score 25
2026-08-13 18:19:45,574 - INFO - EMIT crude_orderflow_signal: PUT BUY ([SIM]) | None
2026-08-13 18:19:46,661 - INFO - EMIT crude_orderflow_signal: NO TRADE | Entry Score 25
2026-08-13 18:19:46,662 - INFO - EMIT crude_orderflow_signal: PUT BUY ([SIM]) | None
2026-08-13 18:19:47,766 - INFO - EMIT crude_orderflow_signal: NO TRADE | Entry Score 25
2026-08-13 18:19:47,767 - INFO - EMIT crude_orderflow_signal: PUT BUY ([SIM]) | None
2026-08-13 18:19:48,860 - INFO - EMIT crude_orderflow_signal: NO TRADE | Entry Score 25
2026-08-13 18:19:48,861 - INFO - EMIT crude_orderflow_signal: PUT BUY ([SIM]) | None
2026-08-13 18:19:49,993 - INFO - EMIT crude_orderflow_signal: NO TRADE | Entry Score 25
2026-08-13 18:19:49,995 - INFO - EMIT crude_orderflow_signal: PUT BUY ([SIM]) | None
2026-08-13 18:19:51,117 - INFO - EMIT crude_orderflow_signal: NO TRADE | Entry Score 25
2026-08-13 18:19:51,118 - INFO - EMIT crude_orderflow_signal: PUT BUY ([SIM]) | None
2026-08-13 18:19:52,207 - INFO - EMIT crude_orderflow_signal: NO TRADE | Entry Score 25
2026-08-13 18:19:52,207 - INFO - EMIT crude_orderflow_signal: PUT BUY ([SIM]) | None
2026-08-13 18:19:53,340 - INFO - EMIT crude_orderflow_signal: NO TRADE | Entry Score 25
2026-08-13 18:19:53,343 - INFO - EMIT crude_orderflow_signal: PUT BUY ([SIM]) | None
2026-08-13 18:19:54,437 - INFO - EMIT crude_orderflow_signal: NO TRADE | Entry Score 25
2026-08-13 18:19:54,438 - INFO - EMIT crude_orderflow_signal: PUT BUY ([SIM]) | None
2026-08-13 18:19:55,545 - INFO - EMIT crude_orderflow_signal: NO TRADE | Entry Score 25
2026-08-13 18:19:55,545 - INFO - EMIT crude_orderflow_signal: PUT BUY ([SIM]) | None
2026-08-13 18:19:56,636 - INFO - EMIT crude_orderflow_signal: NO TRADE | Entry Score 25
2026-08-13 18:19:56,636 - INFO - EMIT crude_orderflow_signal: PUT BUY ([SIM]) | None
2026-08-13 18:19:57,735 - INFO - EMIT crude_orderflow_signal: NO TRADE | Entry Score 25
2026-08-13 18:19:57,736 - INFO - EMIT crude_orderflow_signal: PUT BUY ([SIM]) | None
2026-08-13 18:19:58,833 - INFO - EMIT crude_orderflow_signal: NO TRADE | Entry Score 25
2026-08-13 18:19:58,834 - INFO - EMIT crude_orderflow_signal: PUT BUY ([SIM]) | None
2026-08-13 18:19:59,966 - INFO - EMIT crude_orderflow_signal: NO TRADE | Entry Score 25
2026-08-13 18:19:59,966 - INFO - EMIT crude_orderflow_signal: PUT BUY ([SIM]) | None
2026-08-13 18:20:01,066 - INFO - EMIT crude_orderflow_signal: NO TRADE | Entry Score 25
2026-08-13 18:20:01,066 - INFO - EMIT crude_orderflow_signal: PUT BUY ([SIM]) | None
2026-08-13 18:20:02,222 - INFO - EMIT crude_orderflow_signal: NO TRADE | Entry Score 25
2026-08-13 18:20:02,222 - INFO - EMIT crude_orderflow_signal: PUT BUY ([SIM]) | None
2026-08-13 18:20:03,313 - INFO - EMIT crude_orderflow_signal: NO TRADE | Entry Score 25
2026-08-13 18:20:03,314 - INFO - EMIT crude_orderflow_signal: PUT BUY ([SIM]) | None
2026-08-13 18:20:04,415 - INFO - EMIT crude_orderflow_signal: NO TRADE | Entry Score 25
2026-08-13 18:20:04,417 - INFO - EMIT crude_orderflow_signal: PUT BUY ([SIM]) | None
2026-08-13 18:20:05,525 - INFO - EMIT crude_orderflow_signal: NO TRADE | Entry Score 25
2026-08-13 18:20:05,526 - INFO - EMIT crude_orderflow_signal: PUT BUY ([SIM]) | None
2026-08-13 18:20:06,638 - INFO - EMIT crude_orderflow_signal: NO TRADE | Entry Score 25
2026-08-13 18:20:06,638 - INFO - EMIT crude_orderflow_signal: PUT BUY ([SIM]) | None
2026-08-13 18:20:07,734 - INFO - EMIT crude_orderflow_signal: NO TRADE | Entry Score 25
2026-08-13 18:20:07,736 - INFO - EMIT crude_orderflow_signal: PUT BUY ([SIM]) | None
2026-08-13 18:20:08,858 - INFO - EMIT crude_orderflow_signal: NO TRADE | Entry Score 25
2026-08-13 18:20:08,859 - INFO - EMIT crude_orderflow_signal: PUT BUY ([SIM]) | None
2026-08-13 18:20:09,956 - INFO - EMIT crude_orderflow_signal: NO TRADE | Entry Score 25
2026-08-13 18:20:09,957 - INFO - EMIT crude_orderflow_signal: PUT BUY ([SIM]) | None
2026-08-13 18:20:11,056 - INFO - EMIT crude_orderflow_signal: NO TRADE | Entry Score 25
2026-08-13 18:20:11,056 - INFO - EMIT crude_orderflow_signal: PUT BUY ([SIM]) | None
2026-08-13 18:20:12,187 - INFO - EMIT crude_orderflow_signal: NO TRADE | Entry Score 25
2026-08-13 18:20:12,188 - INFO - EMIT crude_orderflow_signal: PUT BUY ([SIM]) | None
2026-08-13 18:20:13,287 - INFO - EMIT crude_orderflow_signal: NO TRADE | Entry Score 25
2026-08-13 18:20:13,287 - INFO - EMIT crude_orderflow_signal: PUT BUY ([SIM]) | None
2026-08-13 18:20:13,427 - INFO - EMIT crude_orderflow_signal: NO TRADE | Entry Score 25
2026-08-13 18:20:14,423 - INFO - EMIT crude_orderflow_signal: NO TRADE | Entry Score 35
2026-08-13 18:20:14,424 - INFO - EMIT crude_orderflow_signal: PUT BUY ([SIM]) | None
2026-08-13 18:20:15,517 - INFO - EMIT crude_orderflow_signal: NO TRADE | Entry Score 35
2026-08-13 18:20:15,517 - INFO - EMIT crude_orderflow_signal: PUT BUY ([SIM]) | None
2026-08-13 18:20:16,632 - INFO - EMIT crude_orderflow_signal: NO TRADE | Entry Score 35
2026-08-13 18:20:16,633 - INFO - EMIT crude_orderflow_signal: PUT BUY ([SIM]) | None
2026-08-13 18:20:17,731 - INFO - EMIT crude_orderflow_signal: NO TRADE | Entry Score 35
2026-08-13 18:20:17,732 - INFO - EMIT crude_orderflow_signal: PUT BUY ([SIM]) | None
2026-08-13 18:20:18,833 - INFO - EMIT crude_orderflow_signal: NO TRADE | Entry Score 35
2026-08-13 18:20:18,835 - INFO - EMIT crude_orderflow_signal: PUT BUY ([SIM]) | None
2026-08-13 18:20:19,961 - INFO - EMIT crude_orderflow_signal: NO TRADE | Entry Score 35
2026-08-13 18:20:19,962 - INFO - EMIT crude_orderflow_signal: PUT BUY ([SIM]) | None
2026-08-13 18:20:21,097 - INFO - EMIT crude_orderflow_signal: NO TRADE | Entry Score 35
2026-08-13 18:20:21,098 - INFO - EMIT crude_orderflow_signal: PUT BUY ([SIM]) | None
2026-08-13 18:20:22,194 - INFO - EMIT crude_orderflow_signal: NO TRADE | Entry Score 35
2026-08-13 18:20:22,195 - INFO - EMIT crude_orderflow_signal: PUT BUY ([SIM]) | None
2026-08-13 18:20:23,298 - INFO - EMIT crude_orderflow_signal: NO TRADE | Entry Score 35
2026-08-13 18:20:23,299 - INFO - EMIT crude_orderflow_signal: PUT BUY ([SIM]) | None
2026-08-13 18:20:24,412 - INFO - EMIT crude_orderflow_signal: NO TRADE | Entry Score 35
2026-08-13 18:20:24,414 - INFO - EMIT crude_orderflow_signal: PUT BUY ([SIM]) | None
2026-08-13 18:20:25,602 - INFO - EMIT crude_orderflow_signal: NO TRADE | Entry Score 35
2026-08-13 18:20:25,603 - INFO - EMIT crude_orderflow_signal: PUT BUY ([SIM]) | None
2026-08-13 18:20:26,691 - INFO - EMIT crude_orderflow_signal: NO TRADE | Entry Score 35
2026-08-13 18:20:26,692 - INFO - EMIT crude_orderflow_signal: PUT BUY ([SIM]) | None
2026-08-13 18:20:27,810 - INFO - EMIT crude_orderflow_signal: NO TRADE | Entry Score 35
2026-08-13 18:20:27,812 - INFO - EMIT crude_orderflow_signal: PUT BUY ([SIM]) | None
2026-08-13 18:20:28,905 - INFO - EMIT crude_orderflow_signal: NO TRADE | Entry Score 35
2026-08-13 18:20:28,906 - INFO - EMIT crude_orderflow_signal: PUT BUY ([SIM]) | None
2026-08-13 18:20:30,013 - INFO - EMIT crude_orderflow_signal: NO TRADE | Entry Score 35
2026-08-13 18:20:30,014 - INFO - EMIT crude_orderflow_signal: PUT BUY ([SIM]) | None
2026-08-13 18:20:31,104 - INFO - EMIT crude_orderflow_signal: NO TRADE | Entry Score 35
2026-08-13 18:20:31,105 - INFO - EMIT crude_orderflow_signal: PUT BUY ([SIM]) | None
2026-08-13 18:20:32,202 - INFO - EMIT crude_orderflow_signal: NO TRADE | Entry Score 35
2026-08-13 18:20:32,203 - INFO - EMIT crude_orderflow_signal: PUT BUY ([SIM]) | None
2026-08-13 18:20:33,318 - INFO - EMIT crude_orderflow_signal: NO TRADE | Entry Score 35
2026-08-13 18:20:33,319 - INFO - EMIT crude_orderflow_signal: PUT BUY ([SIM]) | None
2026-08-13 18:20:34,437 - INFO - EMIT crude_orderflow_signal: NO TRADE | Entry Score 35
2026-08-13 18:20:34,439 - INFO - EMIT crude_orderflow_signal: PUT BUY ([SIM]) | None
2026-08-13 18:20:35,849 - INFO - EMIT crude_orderflow_signal: NO TRADE | Entry Score 35
2026-08-13 18:20:35,853 - INFO - EMIT crude_orderflow_signal: PUT BUY ([SIM]) | None
2026-08-13 18:20:37,070 - INFO - EMIT crude_orderflow_signal: NO TRADE | Entry Score 35
2026-08-13 18:20:37,072 - INFO - EMIT crude_orderflow_signal: PUT BUY ([SIM]) | None
2026-08-13 18:20:38,212 - INFO - EMIT crude_orderflow_signal: NO TRADE | Entry Score 35
2026-08-13 18:20:38,212 - INFO - EMIT crude_orderflow_signal: PUT BUY ([SIM]) | None
2026-08-13 18:20:39,365 - INFO - EMIT crude_orderflow_signal: NO TRADE | Entry Score 35
2026-08-13 18:20:39,367 - INFO - EMIT crude_orderflow_signal: PUT BUY ([SIM]) | None
2026-08-13 18:20:40,468 - INFO - EMIT crude_orderflow_signal: NO TRADE | Entry Score 35
2026-08-13 18:20:40,469 - INFO - EMIT crude_orderflow_signal: PUT BUY ([SIM]) | None
2026-08-13 18:20:41,562 - INFO - EMIT crude_orderflow_signal: NO TRADE | Entry Score 35
2026-08-13 18:20:41,563 - INFO - EMIT crude_orderflow_signal: PUT BUY ([SIM]) | None
2026-08-13 18:20:42,660 - INFO - EMIT crude_orderflow_signal: NO TRADE | Entry Score 35
2026-08-13 18:20:42,661 - INFO - EMIT crude_orderflow_signal: PUT BUY ([SIM]) | None
2026-08-13 18:20:43,424 - INFO - EMIT crude_orderflow_signal: NO TRADE | Entry Score 35
2026-08-13 18:20:43,780 - INFO - EMIT crude_orderflow_signal: NO TRADE | Entry Score 35
2026-08-13 18:20:43,782 - INFO - EMIT crude_orderflow_signal: PUT BUY ([SIM]) | None
2026-08-13 18:20:44,874 - INFO - EMIT crude_orderflow_signal: NO TRADE | Entry Score 35
2026-08-13 18:20:44,875 - INFO - EMIT crude_orderflow_signal: PUT BUY ([SIM]) | None
2026-08-13 18:20:45,979 - INFO - EMIT crude_orderflow_signal: NO TRADE | Entry Score 35
2026-08-13 18:20:45,980 - INFO - EMIT crude_orderflow_signal: PUT BUY ([SIM]) | None
2026-08-13 18:20:47,076 - INFO - EMIT crude_orderflow_signal: NO TRADE | Entry Score 35
2026-08-13 18:20:47,077 - INFO - EMIT crude_orderflow_signal: PUT BUY ([SIM]) | None
2026-08-13 18:20:48,172 - INFO - EMIT crude_orderflow_signal: NO TRADE | Entry Score 35
2026-08-13 18:20:48,173 - INFO - EMIT crude_orderflow_signal: PUT BUY ([SIM]) | None
2026-08-13 18:20:49,269 - INFO - EMIT crude_orderflow_signal: NO TRADE | Entry Score 35
2026-08-13 18:20:49,270 - INFO - EMIT crude_orderflow_signal: PUT BUY ([SIM]) | None
2026-08-13 18:20:50,390 - INFO - EMIT crude_orderflow_signal: NO TRADE | Entry Score 35
2026-08-13 18:20:50,391 - INFO - EMIT crude_orderflow_signal: PUT BUY ([SIM]) | None
2026-08-13 18:20:51,500 - INFO - EMIT crude_orderflow_signal: NO TRADE | Entry Score 35
2026-08-13 18:20:51,500 - INFO - EMIT crude_orderflow_signal: PUT BUY ([SIM]) | None
2026-08-13 18:20:52,599 - INFO - EMIT crude_orderflow_signal: NO TRADE | Entry Score 35
2026-08-13 18:20:52,600 - INFO - EMIT crude_orderflow_signal: PUT BUY ([SIM]) | None
2026-08-13 18:20:53,701 - INFO - EMIT crude_orderflow_signal: NO TRADE | Entry Score 35
2026-08-13 18:20:53,703 - INFO - EMIT crude_orderflow_signal: PUT BUY ([SIM]) | None
2026-08-13 18:20:54,798 - INFO - EMIT crude_orderflow_signal: NO TRADE | Entry Score 35
2026-08-13 18:20:54,798 - INFO - EMIT crude_orderflow_signal: PUT BUY ([SIM]) | None
2026-08-13 18:20:55,895 - INFO - EMIT crude_orderflow_signal: NO TRADE | Entry Score 35
2026-08-13 18:20:55,896 - INFO - EMIT crude_orderflow_signal: PUT BUY ([SIM]) | None
2026-08-13 18:20:56,996 - INFO - EMIT crude_orderflow_signal: NO TRADE | Entry Score 35
2026-08-13 18:20:56,997 - INFO - EMIT crude_orderflow_signal: PUT BUY ([SIM]) | None
2026-08-13 18:20:58,089 - INFO - EMIT crude_orderflow_signal: NO TRADE | Entry Score 35
2026-08-13 18:20:58,090 - INFO - EMIT crude_orderflow_signal: PUT BUY ([SIM]) | None
2026-08-13 18:20:59,194 - INFO - EMIT crude_orderflow_signal: NO TRADE | Entry Score 35
2026-08-13 18:20:59,195 - INFO - EMIT crude_orderflow_signal: PUT BUY ([SIM]) | None
2026-08-13 18:21:00,375 - INFO - EMIT crude_orderflow_signal: NO TRADE | Entry Score 35
2026-08-13 18:21:00,376 - INFO - EMIT crude_orderflow_signal: PUT BUY ([SIM]) | None
2026-08-13 18:21:01,477 - INFO - EMIT crude_orderflow_signal: NO TRADE | Entry Score 35
2026-08-13 18:21:01,478 - INFO - EMIT crude_orderflow_signal: PUT BUY ([SIM]) | None
2026-08-13 18:21:02,576 - INFO - EMIT crude_orderflow_signal: NO TRADE | Entry Score 35
2026-08-13 18:21:02,576 - INFO - EMIT crude_orderflow_signal: PUT BUY ([SIM]) | None
2026-08-13 18:21:03,672 - INFO - EMIT crude_orderflow_signal: NO TRADE | Entry Score 35
2026-08-13 18:21:03,672 - INFO - EMIT crude_orderflow_signal: PUT BUY ([SIM]) | None
2026-08-13 18:21:04,790 - INFO - EMIT crude_orderflow_signal: NO TRADE | Entry Score 35
2026-08-13 18:21:04,792 - INFO - EMIT crude_orderflow_signal: PUT BUY ([SIM]) | None
2026-08-13 18:21:05,888 - INFO - EMIT crude_orderflow_signal: NO TRADE | Entry Score 35
2026-08-13 18:21:05,888 - INFO - EMIT crude_orderflow_signal: PUT BUY ([SIM]) | None
2026-08-13 18:21:06,986 - INFO - EMIT crude_orderflow_signal: NO TRADE | Entry Score 35
2026-08-13 18:21:06,987 - INFO - EMIT crude_orderflow_signal: PUT BUY ([SIM]) | None
2026-08-13 18:21:08,087 - INFO - EMIT crude_orderflow_signal: NO TRADE | Entry Score 35
2026-08-13 18:21:08,087 - INFO - EMIT crude_orderflow_signal: PUT BUY ([SIM]) | None
2026-08-13 18:21:09,193 - INFO - EMIT crude_orderflow_signal: NO TRADE | Entry Score 35
2026-08-13 18:21:09,194 - INFO - EMIT crude_orderflow_signal: PUT BUY ([SIM]) | None
2026-08-13 18:21:10,288 - INFO - EMIT crude_orderflow_signal: NO TRADE | Entry Score 35
2026-08-13 18:21:10,289 - INFO - EMIT crude_orderflow_signal: PUT BUY ([SIM]) | None
2026-08-13 18:21:11,388 - INFO - EMIT crude_orderflow_signal: NO TRADE | Entry Score 35
2026-08-13 18:21:11,389 - INFO - EMIT crude_orderflow_signal: PUT BUY ([SIM]) | None
2026-08-13 18:21:12,544 - INFO - EMIT crude_orderflow_signal: NO TRADE | Entry Score 35
2026-08-13 18:21:12,544 - INFO - EMIT crude_orderflow_signal: PUT BUY ([SIM]) | None
2026-08-13 18:21:13,447 - INFO - EMIT crude_orderflow_signal: NO TRADE | Entry Score 35
2026-08-13 18:21:13,658 - INFO - EMIT crude_orderflow_signal: NO TRADE | Entry Score 35
2026-08-13 18:21:13,658 - INFO - EMIT crude_orderflow_signal: PUT BUY ([SIM]) | None
2026-08-13 18:21:14,797 - INFO - EMIT crude_orderflow_signal: NO TRADE | Entry Score 35
2026-08-13 18:21:14,798 - INFO - EMIT crude_orderflow_signal: PUT BUY ([SIM]) | None
2026-08-13 18:21:15,894 - INFO - EMIT crude_orderflow_signal: NO TRADE | Entry Score 35
2026-08-13 18:21:15,894 - INFO - EMIT crude_orderflow_signal: PUT BUY ([SIM]) | None
2026-08-13 18:21:17,027 - INFO - EMIT crude_orderflow_signal: NO TRADE | Entry Score 35
2026-08-13 18:21:17,028 - INFO - EMIT crude_orderflow_signal: PUT BUY ([SIM]) | None
2026-08-13 18:21:18,139 - INFO - EMIT crude_orderflow_signal: NO TRADE | Entry Score 35
2026-08-13 18:21:18,139 - INFO - EMIT crude_orderflow_signal: PUT BUY ([SIM]) | None
2026-08-13 18:21:19,258 - INFO - EMIT crude_orderflow_signal: NO TRADE | Entry Score 35
2026-08-13 18:21:19,262 - INFO - EMIT crude_orderflow_signal: PUT BUY ([SIM]) | None
2026-08-13 18:21:20,362 - INFO - EMIT crude_orderflow_signal: NO TRADE | Entry Score 35
2026-08-13 18:21:20,363 - INFO - EMIT crude_orderflow_signal: PUT BUY ([SIM]) | None
2026-08-13 18:21:21,751 - INFO - EMIT crude_orderflow_signal: NO TRADE | Entry Score 35
2026-08-13 18:21:21,752 - INFO - EMIT crude_orderflow_signal: PUT BUY ([SIM]) | None
2026-08-13 18:21:22,854 - INFO - EMIT crude_orderflow_signal: NO TRADE | Entry Score 35
2026-08-13 18:21:22,854 - INFO - EMIT crude_orderflow_signal: PUT BUY ([SIM]) | None
2026-08-13 18:21:24,003 - INFO - EMIT crude_orderflow_signal: NO TRADE | Entry Score 35
2026-08-13 18:21:24,003 - INFO - EMIT crude_orderflow_signal: PUT BUY ([SIM]) | None
2026-08-13 18:21:25,103 - INFO - EMIT crude_orderflow_signal: NO TRADE | Entry Score 35
2026-08-13 18:21:25,103 - INFO - EMIT crude_orderflow_signal: PUT BUY ([SIM]) | None
2026-08-13 18:21:26,201 - INFO - EMIT crude_orderflow_signal: NO TRADE | Entry Score 35
2026-08-13 18:21:26,202 - INFO - EMIT crude_orderflow_signal: PUT BUY ([SIM]) | None
2026-08-13 18:21:27,310 - INFO - EMIT crude_orderflow_signal: NO TRADE | Entry Score 35
2026-08-13 18:21:27,311 - INFO - EMIT crude_orderflow_signal: PUT BUY ([SIM]) | None
2026-08-13 18:21:28,400 - INFO - EMIT crude_orderflow_signal: NO TRADE | Entry Score 35
2026-08-13 18:21:28,401 - INFO - EMIT crude_orderflow_signal: PUT BUY ([SIM]) | None
2026-08-13 18:21:29,521 - INFO - EMIT crude_orderflow_signal: NO TRADE | Entry Score 35
2026-08-13 18:21:29,523 - INFO - EMIT crude_orderflow_signal: PUT BUY ([SIM]) | None
2026-08-13 18:21:30,614 - INFO - EMIT crude_orderflow_signal: NO TRADE | Entry Score 35
2026-08-13 18:21:30,614 - INFO - EMIT crude_orderflow_signal: PUT BUY ([SIM]) | None
2026-08-13 18:21:31,823 - INFO - EMIT crude_orderflow_signal: NO TRADE | Entry Score 35
2026-08-13 18:21:31,824 - INFO - EMIT crude_orderflow_signal: PUT BUY ([SIM]) | None
2026-08-13 18:21:32,914 - INFO - EMIT crude_orderflow_signal: NO TRADE | Entry Score 35
2026-08-13 18:21:32,916 - INFO - EMIT crude_orderflow_signal: PUT BUY ([SIM]) | None
2026-08-13 18:21:34,029 - INFO - EMIT crude_orderflow_signal: NO TRADE | Entry Score 35
2026-08-13 18:21:34,030 - INFO - EMIT crude_orderflow_signal: PUT BUY ([SIM]) | None
2026-08-13 18:21:35,141 - INFO - EMIT crude_orderflow_signal: NO TRADE | Entry Score 35
2026-08-13 18:21:35,141 - INFO - EMIT crude_orderflow_signal: PUT BUY ([SIM]) | None
2026-08-13 18:21:36,273 - INFO - EMIT crude_orderflow_signal: NO TRADE | Entry Score 35
2026-08-13 18:21:36,274 - INFO - EMIT crude_orderflow_signal: PUT BUY ([SIM]) | None
2026-08-13 18:21:37,379 - INFO - EMIT crude_orderflow_signal: NO TRADE | Entry Score 35
2026-08-13 18:21:37,380 - INFO - EMIT crude_orderflow_signal: PUT BUY ([SIM]) | None
2026-08-13 18:21:38,478 - INFO - EMIT crude_orderflow_signal: NO TRADE | Entry Score 35
2026-08-13 18:21:38,478 - INFO - EMIT crude_orderflow_signal: PUT BUY ([SIM]) | None
2026-08-13 18:21:39,607 - INFO - EMIT crude_orderflow_signal: NO TRADE | Entry Score 35
2026-08-13 18:21:39,608 - INFO - EMIT crude_orderflow_signal: PUT BUY ([SIM]) | None
2026-08-13 18:21:40,741 - INFO - EMIT crude_orderflow_signal: NO TRADE | Entry Score 35
2026-08-13 18:21:40,743 - INFO - EMIT crude_orderflow_signal: PUT BUY ([SIM]) | None
2026-08-13 18:21:41,860 - INFO - EMIT crude_orderflow_signal: NO TRADE | Entry Score 35
2026-08-13 18:21:41,861 - INFO - EMIT crude_orderflow_signal: PUT BUY ([SIM]) | None
2026-08-13 18:21:42,960 - INFO - EMIT crude_orderflow_signal: NO TRADE | Entry Score 35
2026-08-13 18:21:42,961 - INFO - EMIT crude_orderflow_signal: PUT BUY ([SIM]) | None
2026-08-13 18:21:43,427 - INFO - EMIT crude_orderflow_signal: NO TRADE | Entry Score 35
2026-08-13 18:21:44,073 - INFO - EMIT crude_orderflow_signal: NO TRADE | Entry Score 35
2026-08-13 18:21:44,074 - INFO - EMIT crude_orderflow_signal: PUT BUY ([SIM]) | None
2026-08-13 18:21:45,211 - INFO - EMIT crude_orderflow_signal: NO TRADE | Entry Score 35
2026-08-13 18:21:45,212 - INFO - EMIT crude_orderflow_signal: PUT BUY ([SIM]) | None
2026-08-13 18:21:46,334 - INFO - EMIT crude_orderflow_signal: NO TRADE | Entry Score 35
2026-08-13 18:21:46,335 - INFO - EMIT crude_orderflow_signal: PUT BUY ([SIM]) | None
2026-08-13 18:21:47,466 - INFO - EMIT crude_orderflow_signal: NO TRADE | Entry Score 35
2026-08-13 18:21:47,467 - INFO - EMIT crude_orderflow_signal: PUT BUY ([SIM]) | None
2026-08-13 18:21:48,663 - INFO - EMIT crude_orderflow_signal: NO TRADE | Entry Score 35
2026-08-13 18:21:48,664 - INFO - EMIT crude_orderflow_signal: PUT BUY ([SIM]) | None
2026-08-13 18:21:49,761 - INFO - EMIT crude_orderflow_signal: NO TRADE | Entry Score 35
2026-08-13 18:21:49,761 - INFO - EMIT crude_orderflow_signal: PUT BUY ([SIM]) | None
2026-08-13 18:21:50,888 - INFO - EMIT crude_orderflow_signal: NO TRADE | Entry Score 35
2026-08-13 18:21:50,889 - INFO - EMIT crude_orderflow_signal: PUT BUY ([SIM]) | None
2026-08-13 18:21:51,996 - INFO - EMIT crude_orderflow_signal: NO TRADE | Entry Score 35
2026-08-13 18:21:51,999 - INFO - EMIT crude_orderflow_signal: PUT BUY ([SIM]) | None
2026-08-13 18:21:53,142 - INFO - EMIT crude_orderflow_signal: NO TRADE | Entry Score 35
2026-08-13 18:21:53,142 - INFO - EMIT crude_orderflow_signal: PUT BUY ([SIM]) | None
2026-08-13 18:21:54,276 - INFO - EMIT crude_orderflow_signal: NO TRADE | Entry Score 35
2026-08-13 18:21:54,278 - INFO - EMIT crude_orderflow_signal: PUT BUY ([SIM]) | None
2026-08-13 18:21:55,425 - INFO - EMIT crude_orderflow_signal: NO TRADE | Entry Score 35
2026-08-13 18:21:55,426 - INFO - EMIT crude_orderflow_signal: PUT BUY ([SIM]) | None
2026-08-13 18:21:56,532 - INFO - EMIT crude_orderflow_signal: NO TRADE | Entry Score 35
2026-08-13 18:21:56,534 - INFO - EMIT crude_orderflow_signal: PUT BUY ([SIM]) | None
2026-08-13 18:21:57,672 - INFO - EMIT crude_orderflow_signal: NO TRADE | Entry Score 35
2026-08-13 18:21:57,673 - INFO - EMIT crude_orderflow_signal: PUT BUY ([SIM]) | None
2026-08-13 18:21:58,796 - INFO - EMIT crude_orderflow_signal: NO TRADE | Entry Score 35
2026-08-13 18:21:58,798 - INFO - EMIT crude_orderflow_signal: PUT BUY ([SIM]) | None
2026-08-13 18:21:59,921 - INFO - EMIT crude_orderflow_signal: NO TRADE | Entry Score 35
2026-08-13 18:21:59,922 - INFO - EMIT crude_orderflow_signal: PUT BUY ([SIM]) | None
2026-08-13 18:22:01,035 - INFO - EMIT crude_orderflow_signal: NO TRADE | Entry Score 35
2026-08-13 18:22:01,036 - INFO - EMIT crude_orderflow_signal: PUT BUY ([SIM]) | None
2026-08-13 18:22:02,191 - INFO - EMIT crude_orderflow_signal: NO TRADE | Entry Score 35
2026-08-13 18:22:02,193 - INFO - EMIT crude_orderflow_signal: PUT BUY ([SIM]) | None
2026-08-13 18:22:03,297 - INFO - EMIT crude_orderflow_signal: NO TRADE | Entry Score 35
2026-08-13 18:22:03,298 - INFO - EMIT crude_orderflow_signal: PUT BUY ([SIM]) | None
2026-08-13 18:22:04,440 - INFO - EMIT crude_orderflow_signal: NO TRADE | Entry Score 35
2026-08-13 18:22:04,441 - INFO - EMIT crude_orderflow_signal: PUT BUY ([SIM]) | None
2026-08-13 18:22:05,548 - INFO - EMIT crude_orderflow_signal: NO TRADE | Entry Score 35
2026-08-13 18:22:05,549 - INFO - EMIT crude_orderflow_signal: PUT BUY ([SIM]) | None
2026-08-13 18:22:06,680 - INFO - EMIT crude_orderflow_signal: NO TRADE | Entry Score 35
2026-08-13 18:22:06,680 - INFO - EMIT crude_orderflow_signal: PUT BUY ([SIM]) | None
2026-08-13 18:22:07,789 - INFO - EMIT crude_orderflow_signal: NO TRADE | Entry Score 35
2026-08-13 18:22:07,790 - INFO - EMIT crude_orderflow_signal: PUT BUY ([SIM]) | None
2026-08-13 18:22:08,922 - INFO - EMIT crude_orderflow_signal: NO TRADE | Entry Score 35
2026-08-13 18:22:08,923 - INFO - EMIT crude_orderflow_signal: PUT BUY ([SIM]) | None
2026-08-13 18:22:10,026 - INFO - EMIT crude_orderflow_signal: NO TRADE | Entry Score 35
2026-08-13 18:22:10,026 - INFO - EMIT crude_orderflow_signal: PUT BUY ([SIM]) | None
2026-08-13 18:22:11,168 - INFO - EMIT crude_orderflow_signal: NO TRADE | Entry Score 35
2026-08-13 18:22:11,168 - INFO - EMIT crude_orderflow_signal: PUT BUY ([SIM]) | None
2026-08-13 18:22:12,273 - INFO - EMIT crude_orderflow_signal: NO TRADE | Entry Score 35
2026-08-13 18:22:12,274 - INFO - EMIT crude_orderflow_signal: PUT BUY ([SIM]) | None
2026-08-13 18:22:13,422 - INFO - EMIT crude_orderflow_signal: NO TRADE | Entry Score 35
2026-08-13 18:22:13,423 - INFO - EMIT crude_orderflow_signal: PUT BUY ([SIM]) | None
2026-08-13 18:22:13,427 - INFO - EMIT crude_orderflow_signal: NO TRADE | Entry Score 35
2026-08-13 18:22:14,758 - INFO - EMIT crude_orderflow_signal: NO TRADE | Entry Score 35
2026-08-13 18:22:14,759 - INFO - EMIT crude_orderflow_signal: PUT BUY ([SIM]) | None
2026-08-13 18:22:15,900 - INFO - EMIT crude_orderflow_signal: NO TRADE | Entry Score 35
2026-08-13 18:22:15,901 - INFO - EMIT crude_orderflow_signal: PUT BUY ([SIM]) | None
2026-08-13 18:22:17,006 - INFO - EMIT crude_orderflow_signal: NO TRADE | Entry Score 35
2026-08-13 18:22:17,008 - INFO - EMIT crude_orderflow_signal: PUT BUY ([SIM]) | None
2026-08-13 18:22:18,183 - INFO - EMIT crude_orderflow_signal: NO TRADE | Entry Score 35
2026-08-13 18:22:18,183 - INFO - EMIT crude_orderflow_signal: PUT BUY ([SIM]) | None
2026-08-13 18:22:19,298 - INFO - EMIT crude_orderflow_signal: NO TRADE | Entry Score 35
2026-08-13 18:22:19,300 - INFO - EMIT crude_orderflow_signal: PUT BUY ([SIM]) | None
2026-08-13 18:22:20,418 - INFO - EMIT crude_orderflow_signal: NO TRADE | Entry Score 35
2026-08-13 18:22:20,418 - INFO - EMIT crude_orderflow_signal: PUT BUY ([SIM]) | None
2026-08-13 18:22:21,530 - INFO - EMIT crude_orderflow_signal: NO TRADE | Entry Score 35
2026-08-13 18:22:21,531 - INFO - EMIT crude_orderflow_signal: PUT BUY ([SIM]) | None
2026-08-13 18:22:22,682 - INFO - EMIT crude_orderflow_signal: NO TRADE | Entry Score 35
2026-08-13 18:22:22,683 - INFO - EMIT crude_orderflow_signal: PUT BUY ([SIM]) | None
2026-08-13 18:22:23,789 - INFO - EMIT crude_orderflow_signal: NO TRADE | Entry Score 35
2026-08-13 18:22:23,789 - INFO - EMIT crude_orderflow_signal: PUT BUY ([SIM]) | None
2026-08-13 18:22:24,945 - INFO - EMIT crude_orderflow_signal: NO TRADE | Entry Score 35
2026-08-13 18:22:24,946 - INFO - EMIT crude_orderflow_signal: PUT BUY ([SIM]) | None
2026-08-13 18:22:26,063 - INFO - EMIT crude_orderflow_signal: NO TRADE | Entry Score 35
2026-08-13 18:22:26,063 - INFO - EMIT crude_orderflow_signal: PUT BUY ([SIM]) | None
2026-08-13 18:22:27,196 - INFO - EMIT crude_orderflow_signal: NO TRADE | Entry Score 35
2026-08-13 18:22:27,200 - INFO - EMIT crude_orderflow_signal: PUT BUY ([SIM]) | None
2026-08-13 18:22:28,303 - INFO - EMIT crude_orderflow_signal: NO TRADE | Entry Score 35
2026-08-13 18:22:28,304 - INFO - EMIT crude_orderflow_signal: PUT BUY ([SIM]) | None
2026-08-13 18:22:29,453 - INFO - EMIT crude_orderflow_signal: NO TRADE | Entry Score 35
2026-08-13 18:22:29,455 - INFO - EMIT crude_orderflow_signal: PUT BUY ([SIM]) | None
2026-08-13 18:22:30,574 - INFO - EMIT crude_orderflow_signal: NO TRADE | Entry Score 35
2026-08-13 18:22:30,575 - INFO - EMIT crude_orderflow_signal: PUT BUY ([SIM]) | None
2026-08-13 18:22:31,734 - INFO - EMIT crude_orderflow_signal: NO TRADE | Entry Score 35
2026-08-13 18:22:31,736 - INFO - EMIT crude_orderflow_signal: PUT BUY ([SIM]) | None
2026-08-13 18:22:32,837 - INFO - EMIT crude_orderflow_signal: NO TRADE | Entry Score 35
2026-08-13 18:22:32,838 - INFO - EMIT crude_orderflow_signal: PUT BUY ([SIM]) | None
2026-08-13 18:22:33,930 - INFO - EMIT crude_orderflow_signal: NO TRADE | Entry Score 35
2026-08-13 18:22:33,930 - INFO - EMIT crude_orderflow_signal: PUT BUY ([SIM]) | None
2026-08-13 18:22:35,016 - INFO - EMIT crude_orderflow_signal: NO TRADE | Entry Score 35
2026-08-13 18:22:35,016 - INFO - EMIT crude_orderflow_signal: PUT BUY ([SIM]) | None
2026-08-13 18:22:36,174 - INFO - EMIT crude_orderflow_signal: NO TRADE | Entry Score 35
2026-08-13 18:22:36,174 - INFO - EMIT crude_orderflow_signal: PUT BUY ([SIM]) | None
2026-08-13 18:22:37,312 - INFO - EMIT crude_orderflow_signal: NO TRADE | Entry Score 35
2026-08-13 18:22:37,313 - INFO - EMIT crude_orderflow_signal: PUT BUY ([SIM]) | None
2026-08-13 18:22:38,403 - INFO - EMIT crude_orderflow_signal: NO TRADE | Entry Score 35
2026-08-13 18:22:38,407 - INFO - EMIT crude_orderflow_signal: PUT BUY ([SIM]) | None
2026-08-13 18:22:39,516 - INFO - EMIT crude_orderflow_signal: NO TRADE | Entry Score 35
2026-08-13 18:22:39,517 - INFO - EMIT crude_orderflow_signal: PUT BUY ([SIM]) | None
2026-08-13 18:22:40,629 - INFO - EMIT crude_orderflow_signal: NO TRADE | Entry Score 35
2026-08-13 18:22:40,630 - INFO - EMIT crude_orderflow_signal: PUT BUY ([SIM]) | None
2026-08-13 18:22:41,728 - INFO - EMIT crude_orderflow_signal: NO TRADE | Entry Score 35
2026-08-13 18:22:41,729 - INFO - EMIT crude_orderflow_signal: PUT BUY ([SIM]) | None
2026-08-13 18:22:42,826 - INFO - EMIT crude_orderflow_signal: NO TRADE | Entry Score 35
2026-08-13 18:22:42,828 - INFO - EMIT crude_orderflow_signal: PUT BUY ([SIM]) | None
2026-08-13 18:22:43,426 - INFO - EMIT crude_orderflow_signal: NO TRADE | Entry Score 35
2026-08-13 18:22:43,921 - INFO - EMIT crude_orderflow_signal: NO TRADE | Entry Score 35
2026-08-13 18:22:43,923 - INFO - EMIT crude_orderflow_signal: PUT BUY ([SIM]) | None
2026-08-13 18:22:45,011 - INFO - EMIT crude_orderflow_signal: NO TRADE | Entry Score 35
2026-08-13 18:22:45,011 - INFO - EMIT crude_orderflow_signal: PUT BUY ([SIM]) | None
2026-08-13 18:22:46,118 - INFO - EMIT crude_orderflow_signal: NO TRADE | Entry Score 35
2026-08-13 18:22:46,119 - INFO - EMIT crude_orderflow_signal: PUT BUY ([SIM]) | None
2026-08-13 18:22:47,207 - INFO - EMIT crude_orderflow_signal: NO TRADE | Entry Score 35
2026-08-13 18:22:47,208 - INFO - EMIT crude_orderflow_signal: PUT BUY ([SIM]) | None
2026-08-13 18:22:48,306 - INFO - EMIT crude_orderflow_signal: NO TRADE | Entry Score 35
2026-08-13 18:22:48,307 - INFO - EMIT crude_orderflow_signal: PUT BUY ([SIM]) | None
2026-08-13 18:22:49,396 - INFO - EMIT crude_orderflow_signal: NO TRADE | Entry Score 35
2026-08-13 18:22:49,398 - INFO - EMIT crude_orderflow_signal: PUT BUY ([SIM]) | None
2026-08-13 18:22:50,482 - INFO - EMIT crude_orderflow_signal: NO TRADE | Entry Score 35
2026-08-13 18:22:50,482 - INFO - EMIT crude_orderflow_signal: PUT BUY ([SIM]) | None
2026-08-13 18:22:51,582 - INFO - EMIT crude_orderflow_signal: NO TRADE | Entry Score 35
2026-08-13 18:22:51,583 - INFO - EMIT crude_orderflow_signal: PUT BUY ([SIM]) | None
2026-08-13 18:22:52,688 - INFO - EMIT crude_orderflow_signal: NO TRADE | Entry Score 35
2026-08-13 18:22:52,689 - INFO - EMIT crude_orderflow_signal: PUT BUY ([SIM]) | None
2026-08-13 18:22:53,780 - INFO - EMIT crude_orderflow_signal: NO TRADE | Entry Score 35
2026-08-13 18:22:53,781 - INFO - EMIT crude_orderflow_signal: PUT BUY ([SIM]) | None
2026-08-13 18:22:54,868 - INFO - EMIT crude_orderflow_signal: NO TRADE | Entry Score 35
2026-08-13 18:22:54,868 - INFO - EMIT crude_orderflow_signal: PUT BUY ([SIM]) | None
2026-08-13 18:22:55,973 - INFO - EMIT crude_orderflow_signal: NO TRADE | Entry Score 35
2026-08-13 18:22:55,974 - INFO - EMIT crude_orderflow_signal: PUT BUY ([SIM]) | None
2026-08-13 18:22:57,065 - INFO - EMIT crude_orderflow_signal: NO TRADE | Entry Score 35
2026-08-13 18:22:57,066 - INFO - EMIT crude_orderflow_signal: PUT BUY ([SIM]) | None
2026-08-13 18:22:58,158 - INFO - EMIT crude_orderflow_signal: NO TRADE | Entry Score 35
2026-08-13 18:22:58,159 - INFO - EMIT crude_orderflow_signal: PUT BUY ([SIM]) | None
2026-08-13 18:22:59,246 - INFO - EMIT crude_orderflow_signal: NO TRADE | Entry Score 35
2026-08-13 18:22:59,246 - INFO - EMIT crude_orderflow_signal: PUT BUY ([SIM]) | None
2026-08-13 18:23:00,363 - INFO - EMIT crude_orderflow_signal: NO TRADE | Entry Score 35
2026-08-13 18:23:00,364 - INFO - EMIT crude_orderflow_signal: PUT BUY ([SIM]) | None
2026-08-13 18:23:01,460 - INFO - EMIT crude_orderflow_signal: NO TRADE | Entry Score 35
2026-08-13 18:23:01,461 - INFO - EMIT crude_orderflow_signal: PUT BUY ([SIM]) | None
2026-08-13 18:23:02,556 - INFO - EMIT crude_orderflow_signal: NO TRADE | Entry Score 35
2026-08-13 18:23:02,558 - INFO - EMIT crude_orderflow_signal: PUT BUY ([SIM]) | None
2026-08-13 18:23:03,652 - INFO - EMIT crude_orderflow_signal: NO TRADE | Entry Score 35
2026-08-13 18:23:03,653 - INFO - EMIT crude_orderflow_signal: PUT BUY ([SIM]) | None
2026-08-13 18:23:04,729 - INFO - EMIT crude_orderflow_signal: NO TRADE | Entry Score 35
2026-08-13 18:23:04,729 - INFO - EMIT crude_orderflow_signal: PUT BUY ([SIM]) | None
2026-08-13 18:23:05,828 - INFO - EMIT crude_orderflow_signal: NO TRADE | Entry Score 35
2026-08-13 18:23:05,828 - INFO - EMIT crude_orderflow_signal: PUT BUY ([SIM]) | None
2026-08-13 18:23:06,927 - INFO - EMIT crude_orderflow_signal: NO TRADE | Entry Score 35
2026-08-13 18:23:06,927 - INFO - EMIT crude_orderflow_signal: PUT BUY ([SIM]) | None
2026-08-13 18:23:08,009 - INFO - EMIT crude_orderflow_signal: NO TRADE | Entry Score 35
2026-08-13 18:23:08,009 - INFO - EMIT crude_orderflow_signal: PUT BUY ([SIM]) | None
2026-08-13 18:23:09,108 - INFO - EMIT crude_orderflow_signal: NO TRADE | Entry Score 35
2026-08-13 18:23:09,108 - INFO - EMIT crude_orderflow_signal: PUT BUY ([SIM]) | None
2026-08-13 18:23:10,190 - INFO - EMIT crude_orderflow_signal: NO TRADE | Entry Score 35
2026-08-13 18:23:10,190 - INFO - EMIT crude_orderflow_signal: PUT BUY ([SIM]) | None
2026-08-13 18:23:11,289 - INFO - EMIT crude_orderflow_signal: NO TRADE | Entry Score 35
2026-08-13 18:23:11,289 - INFO - EMIT crude_orderflow_signal: PUT BUY ([SIM]) | None
2026-08-13 18:23:12,372 - INFO - EMIT crude_orderflow_signal: NO TRADE | Entry Score 35
2026-08-13 18:23:12,372 - INFO - EMIT crude_orderflow_signal: PUT BUY ([SIM]) | None
2026-08-13 18:23:13,470 - INFO - EMIT crude_orderflow_signal: NO TRADE | Entry Score 35
2026-08-13 18:23:13,470 - INFO - EMIT crude_orderflow_signal: PUT BUY ([SIM]) | None
2026-08-13 18:23:13,470 - INFO - EMIT crude_orderflow_signal: NO TRADE | Entry Score 35
2026-08-13 18:23:14,553 - INFO - EMIT crude_orderflow_signal: NO TRADE | Entry Score 35
2026-08-13 18:23:14,569 - INFO - EMIT crude_orderflow_signal: PUT BUY ([SIM]) | None
2026-08-13 18:23:15,702 - INFO - EMIT crude_orderflow_signal: NO TRADE | Entry Score 55
2026-08-13 18:23:15,702 - INFO - EMIT crude_orderflow_signal: PUT BUY ([SIM]) | None
2026-08-13 18:23:16,784 - INFO - EMIT crude_orderflow_signal: NO TRADE | Entry Score 55
2026-08-13 18:23:16,784 - INFO - EMIT crude_orderflow_signal: PUT BUY ([SIM]) | None
2026-08-13 18:23:17,895 - INFO - EMIT crude_orderflow_signal: NO TRADE | Entry Score 55
2026-08-13 18:23:17,895 - INFO - EMIT crude_orderflow_signal: PUT BUY ([SIM]) | None
2026-08-13 18:23:19,140 - INFO - EMIT crude_orderflow_signal: NO TRADE | Entry Score 55
2026-08-13 18:23:19,142 - INFO - EMIT crude_orderflow_signal: PUT BUY ([SIM]) | None
2026-08-13 18:23:20,218 - INFO - EMIT crude_orderflow_signal: NO TRADE | Entry Score 55
2026-08-13 18:23:20,218 - INFO - EMIT crude_orderflow_signal: PUT BUY ([SIM]) | None
2026-08-13 18:23:21,317 - INFO - EMIT crude_orderflow_signal: NO TRADE | Entry Score 55
2026-08-13 18:23:21,317 - INFO - EMIT crude_orderflow_signal: PUT BUY ([SIM]) | None
2026-08-13 18:23:22,414 - INFO - EMIT crude_orderflow_signal: NO TRADE | Entry Score 55
2026-08-13 18:23:22,416 - INFO - EMIT crude_orderflow_signal: PUT BUY ([SIM]) | None
2026-08-13 18:23:23,498 - INFO - EMIT crude_orderflow_signal: NO TRADE | Entry Score 55
2026-08-13 18:23:23,498 - INFO - EMIT crude_orderflow_signal: PUT BUY ([SIM]) | None
2026-08-13 18:23:24,580 - INFO - EMIT crude_orderflow_signal: NO TRADE | Entry Score 55
2026-08-13 18:23:24,580 - INFO - EMIT crude_orderflow_signal: PUT BUY ([SIM]) | None
2026-08-13 18:23:25,680 - INFO - EMIT crude_orderflow_signal: NO TRADE | Entry Score 55
2026-08-13 18:23:25,680 - INFO - EMIT crude_orderflow_signal: PUT BUY ([SIM]) | None
2026-08-13 18:23:26,762 - INFO - EMIT crude_orderflow_signal: NO TRADE | Entry Score 55
2026-08-13 18:23:26,762 - INFO - EMIT crude_orderflow_signal: PUT BUY ([SIM]) | None
2026-08-13 18:23:27,861 - INFO - EMIT crude_orderflow_signal: NO TRADE | Entry Score 55
2026-08-13 18:23:27,861 - INFO - EMIT crude_orderflow_signal: PUT BUY ([SIM]) | None
2026-08-13 18:23:28,943 - INFO - EMIT crude_orderflow_signal: NO TRADE | Entry Score 55
2026-08-13 18:23:28,943 - INFO - EMIT crude_orderflow_signal: PUT BUY ([SIM]) | None
2026-08-13 18:23:30,041 - INFO - EMIT crude_orderflow_signal: NO TRADE | Entry Score 55
2026-08-13 18:23:30,041 - INFO - EMIT crude_orderflow_signal: PUT BUY ([SIM]) | None
2026-08-13 18:23:31,143 - INFO - EMIT crude_orderflow_signal: NO TRADE | Entry Score 55
2026-08-13 18:23:31,149 - INFO - EMIT crude_orderflow_signal: PUT BUY ([SIM]) | None
2026-08-13 18:23:32,240 - INFO - EMIT crude_orderflow_signal: NO TRADE | Entry Score 55
2026-08-13 18:23:32,240 - INFO - EMIT crude_orderflow_signal: PUT BUY ([SIM]) | None
2026-08-13 18:23:33,765 - INFO - EMIT crude_orderflow_signal: NO TRADE | Entry Score 55
2026-08-13 18:23:33,767 - INFO - EMIT crude_orderflow_signal: PUT BUY ([SIM]) | None
2026-08-13 18:23:34,851 - INFO - EMIT crude_orderflow_signal: NO TRADE | Entry Score 55
2026-08-13 18:23:34,851 - INFO - EMIT crude_orderflow_signal: PUT BUY ([SIM]) | None
2026-08-13 18:23:35,949 - INFO - EMIT crude_orderflow_signal: NO TRADE | Entry Score 55
2026-08-13 18:23:35,949 - INFO - EMIT crude_orderflow_signal: PUT BUY ([SIM]) | None
2026-08-13 18:23:37,032 - INFO - EMIT crude_orderflow_signal: NO TRADE | Entry Score 55
2026-08-13 18:23:37,032 - INFO - EMIT crude_orderflow_signal: PUT BUY ([SIM]) | None
2026-08-13 18:23:38,131 - INFO - EMIT crude_orderflow_signal: NO TRADE | Entry Score 55
2026-08-13 18:23:38,131 - INFO - EMIT crude_orderflow_signal: PUT BUY ([SIM]) | None
2026-08-13 18:23:39,213 - INFO - EMIT crude_orderflow_signal: NO TRADE | Entry Score 55
2026-08-13 18:23:39,213 - INFO - EMIT crude_orderflow_signal: PUT BUY ([SIM]) | None
2026-08-13 18:23:40,312 - INFO - EMIT crude_orderflow_signal: NO TRADE | Entry Score 55
2026-08-13 18:23:40,312 - INFO - EMIT crude_orderflow_signal: PUT BUY ([SIM]) | None
2026-08-13 18:23:41,394 - INFO - EMIT crude_orderflow_signal: NO TRADE | Entry Score 55
2026-08-13 18:23:41,394 - INFO - EMIT crude_orderflow_signal: PUT BUY ([SIM]) | None
2026-08-13 18:23:42,493 - INFO - EMIT crude_orderflow_signal: NO TRADE | Entry Score 55
2026-08-13 18:23:42,493 - INFO - EMIT crude_orderflow_signal: PUT BUY ([SIM]) | None
2026-08-13 18:23:43,426 - INFO - EMIT crude_orderflow_signal: NO TRADE | Entry Score 55
2026-08-13 18:23:43,576 - INFO - EMIT crude_orderflow_signal: NO TRADE | Entry Score 55
2026-08-13 18:23:43,576 - INFO - EMIT crude_orderflow_signal: PUT BUY ([SIM]) | None
2026-08-13 18:23:44,707 - INFO - EMIT crude_orderflow_signal: NO TRADE | Entry Score 55
2026-08-13 18:23:44,708 - INFO - EMIT crude_orderflow_signal: PUT BUY ([SIM]) | None
2026-08-13 18:23:45,790 - INFO - EMIT crude_orderflow_signal: NO TRADE | Entry Score 55
2026-08-13 18:23:45,790 - INFO - EMIT crude_orderflow_signal: PUT BUY ([SIM]) | None
2026-08-13 18:23:46,889 - INFO - EMIT crude_orderflow_signal: NO TRADE | Entry Score 55
2026-08-13 18:23:46,889 - INFO - EMIT crude_orderflow_signal: PUT BUY ([SIM]) | None
2026-08-13 18:23:47,992 - INFO - EMIT crude_orderflow_signal: NO TRADE | Entry Score 55
2026-08-13 18:23:47,992 - INFO - EMIT crude_orderflow_signal: PUT BUY ([SIM]) | None
2026-08-13 18:23:49,278 - INFO - EMIT crude_orderflow_signal: NO TRADE | Entry Score 55
2026-08-13 18:23:49,280 - INFO - EMIT crude_orderflow_signal: PUT BUY ([SIM]) | None
2026-08-13 18:23:50,369 - INFO - EMIT crude_orderflow_signal: NO TRADE | Entry Score 55
2026-08-13 18:23:50,369 - INFO - EMIT crude_orderflow_signal: PUT BUY ([SIM]) | None
2026-08-13 18:23:51,468 - INFO - EMIT crude_orderflow_signal: NO TRADE | Entry Score 55
2026-08-13 18:23:51,468 - INFO - EMIT crude_orderflow_signal: PUT BUY ([SIM]) | None
2026-08-13 18:23:52,567 - INFO - EMIT crude_orderflow_signal: NO TRADE | Entry Score 55
2026-08-13 18:23:52,567 - INFO - EMIT crude_orderflow_signal: PUT BUY ([SIM]) | None
2026-08-13 18:23:53,683 - INFO - EMIT crude_orderflow_signal: NO TRADE | Entry Score 55
2026-08-13 18:23:53,683 - INFO - EMIT crude_orderflow_signal: PUT BUY ([SIM]) | None
2026-08-13 18:23:54,782 - INFO - EMIT crude_orderflow_signal: NO TRADE | Entry Score 55
2026-08-13 18:23:54,784 - INFO - EMIT crude_orderflow_signal: PUT BUY ([SIM]) | None
2026-08-13 18:23:55,865 - INFO - EMIT crude_orderflow_signal: NO TRADE | Entry Score 55
2026-08-13 18:23:55,880 - INFO - EMIT crude_orderflow_signal: PUT BUY ([SIM]) | None
2026-08-13 18:23:56,983 - INFO - EMIT crude_orderflow_signal: NO TRADE | Entry Score 55
2026-08-13 18:23:56,983 - INFO - EMIT crude_orderflow_signal: PUT BUY ([SIM]) | None
2026-08-13 18:23:58,083 - INFO - EMIT crude_orderflow_signal: NO TRADE | Entry Score 55
2026-08-13 18:23:58,083 - INFO - EMIT crude_orderflow_signal: PUT BUY ([SIM]) | None
2026-08-13 18:23:59,165 - INFO - EMIT crude_orderflow_signal: NO TRADE | Entry Score 55
2026-08-13 18:23:59,165 - INFO - EMIT crude_orderflow_signal: PUT BUY ([SIM]) | None
2026-08-13 18:24:00,278 - INFO - EMIT crude_orderflow_signal: NO TRADE | Entry Score 55
2026-08-13 18:24:00,279 - INFO - EMIT crude_orderflow_signal: PUT BUY ([SIM]) | None
2026-08-13 18:24:01,359 - INFO - EMIT crude_orderflow_signal: NO TRADE | Entry Score 55
2026-08-13 18:24:01,359 - INFO - EMIT crude_orderflow_signal: PUT BUY ([SIM]) | None
2026-08-13 18:24:02,458 - INFO - EMIT crude_orderflow_signal: NO TRADE | Entry Score 55
2026-08-13 18:24:02,458 - INFO - EMIT crude_orderflow_signal: PUT BUY ([SIM]) | None
2026-08-13 18:24:03,900 - INFO - EMIT crude_orderflow_signal: NO TRADE | Entry Score 55
2026-08-13 18:24:03,903 - INFO - EMIT crude_orderflow_signal: PUT BUY ([SIM]) | None
2026-08-13 18:24:04,998 - INFO - EMIT crude_orderflow_signal: NO TRADE | Entry Score 55
2026-08-13 18:24:04,998 - INFO - EMIT crude_orderflow_signal: PUT BUY ([SIM]) | None
2026-08-13 18:24:06,105 - INFO - EMIT crude_orderflow_signal: NO TRADE | Entry Score 55
2026-08-13 18:24:06,105 - INFO - EMIT crude_orderflow_signal: PUT BUY ([SIM]) | None
2026-08-13 18:24:07,204 - INFO - EMIT crude_orderflow_signal: NO TRADE | Entry Score 55
2026-08-13 18:24:07,204 - INFO - EMIT crude_orderflow_signal: PUT BUY ([SIM]) | None
2026-08-13 18:24:08,303 - INFO - EMIT crude_orderflow_signal: NO TRADE | Entry Score 55
2026-08-13 18:24:08,303 - INFO - EMIT crude_orderflow_signal: PUT BUY ([SIM]) | None
2026-08-13 18:24:09,402 - INFO - EMIT crude_orderflow_signal: NO TRADE | Entry Score 55
2026-08-13 18:24:09,402 - INFO - EMIT crude_orderflow_signal: PUT BUY ([SIM]) | None
2026-08-13 18:24:10,484 - INFO - EMIT crude_orderflow_signal: NO TRADE | Entry Score 55
2026-08-13 18:24:10,484 - INFO - EMIT crude_orderflow_signal: PUT BUY ([SIM]) | None
2026-08-13 18:24:11,584 - INFO - EMIT crude_orderflow_signal: NO TRADE | Entry Score 55
2026-08-13 18:24:11,584 - INFO - EMIT crude_orderflow_signal: PUT BUY ([SIM]) | None
2026-08-13 18:24:12,665 - INFO - EMIT crude_orderflow_signal: NO TRADE | Entry Score 55
2026-08-13 18:24:12,665 - INFO - EMIT crude_orderflow_signal: PUT BUY ([SIM]) | None
2026-08-13 18:24:13,431 - INFO - EMIT crude_orderflow_signal: NO TRADE | Entry Score 55
2026-08-13 18:24:13,770 - INFO - EMIT crude_orderflow_signal: NO TRADE | Entry Score 55
2026-08-13 18:24:13,770 - INFO - EMIT crude_orderflow_signal: PUT BUY ([SIM]) | None
2026-08-13 18:24:14,851 - INFO - EMIT crude_orderflow_signal: NO TRADE | Entry Score 55
2026-08-13 18:24:14,851 - INFO - EMIT crude_orderflow_signal: PUT BUY ([SIM]) | None
2026-08-13 18:24:15,948 - INFO - EMIT crude_orderflow_signal: NO TRADE | Entry Score 55
2026-08-13 18:24:15,948 - INFO - EMIT crude_orderflow_signal: PUT BUY ([SIM]) | None
2026-08-13 18:24:17,032 - INFO - EMIT crude_orderflow_signal: NO TRADE | Entry Score 55
2026-08-13 18:24:17,045 - INFO - EMIT crude_orderflow_signal: PUT BUY ([SIM]) | None
2026-08-13 18:24:18,132 - INFO - EMIT crude_orderflow_signal: NO TRADE | Entry Score 55
2026-08-13 18:24:18,132 - INFO - EMIT crude_orderflow_signal: PUT BUY ([SIM]) | None
2026-08-13 18:24:19,269 - INFO - EMIT crude_orderflow_signal: NO TRADE | Entry Score 55
2026-08-13 18:24:19,269 - INFO - EMIT crude_orderflow_signal: PUT BUY ([SIM]) | None
2026-08-13 18:24:20,441 - INFO - EMIT crude_orderflow_signal: NO TRADE | Entry Score 55
2026-08-13 18:24:20,441 - INFO - EMIT crude_orderflow_signal: PUT BUY ([SIM]) | None
2026-08-13 18:24:21,610 - INFO - EMIT crude_orderflow_signal: NO TRADE | Entry Score 55
2026-08-13 18:24:21,610 - INFO - EMIT crude_orderflow_signal: PUT BUY ([SIM]) | None
2026-08-13 18:24:22,791 - INFO - EMIT crude_orderflow_signal: NO TRADE | Entry Score 55
2026-08-13 18:24:22,791 - INFO - EMIT crude_orderflow_signal: PUT BUY ([SIM]) | None
2026-08-13 18:24:23,871 - INFO - EMIT crude_orderflow_signal: NO TRADE | Entry Score 55
2026-08-13 18:24:23,871 - INFO - EMIT crude_orderflow_signal: PUT BUY ([SIM]) | None
2026-08-13 18:24:25,004 - INFO - EMIT crude_orderflow_signal: NO TRADE | Entry Score 55
2026-08-13 18:24:25,020 - INFO - EMIT crude_orderflow_signal: PUT BUY ([SIM]) | None
2026-08-13 18:24:26,136 - INFO - EMIT crude_orderflow_signal: NO TRADE | Entry Score 55
2026-08-13 18:24:26,136 - INFO - EMIT crude_orderflow_signal: PUT BUY ([SIM]) | None
2026-08-13 18:24:27,218 - INFO - EMIT crude_orderflow_signal: NO TRADE | Entry Score 55
2026-08-13 18:24:27,218 - INFO - EMIT crude_orderflow_signal: PUT BUY ([SIM]) | None
2026-08-13 18:24:28,317 - INFO - EMIT crude_orderflow_signal: NO TRADE | Entry Score 55
2026-08-13 18:24:28,317 - INFO - EMIT crude_orderflow_signal: PUT BUY ([SIM]) | None
2026-08-13 18:24:29,399 - INFO - EMIT crude_orderflow_signal: NO TRADE | Entry Score 55
2026-08-13 18:24:29,399 - INFO - EMIT crude_orderflow_signal: PUT BUY ([SIM]) | None
2026-08-13 18:24:30,501 - INFO - EMIT crude_orderflow_signal: NO TRADE | Entry Score 55
2026-08-13 18:24:30,501 - INFO - EMIT crude_orderflow_signal: PUT BUY ([SIM]) | None
2026-08-13 18:24:31,581 - INFO - EMIT crude_orderflow_signal: NO TRADE | Entry Score 55
2026-08-13 18:24:31,581 - INFO - EMIT crude_orderflow_signal: PUT BUY ([SIM]) | None
2026-08-13 18:24:32,681 - INFO - EMIT crude_orderflow_signal: NO TRADE | Entry Score 55
2026-08-13 18:24:32,681 - INFO - EMIT crude_orderflow_signal: PUT BUY ([SIM]) | None
2026-08-13 18:24:34,092 - INFO - EMIT crude_orderflow_signal: NO TRADE | Entry Score 55
2026-08-13 18:24:34,092 - INFO - EMIT crude_orderflow_signal: PUT BUY ([SIM]) | None
2026-08-13 18:24:35,194 - INFO - EMIT crude_orderflow_signal: NO TRADE | Entry Score 55
2026-08-13 18:24:35,194 - INFO - EMIT crude_orderflow_signal: PUT BUY ([SIM]) | None
2026-08-13 18:24:36,297 - INFO - EMIT crude_orderflow_signal: NO TRADE | Entry Score 55
2026-08-13 18:24:36,297 - INFO - EMIT crude_orderflow_signal: PUT BUY ([SIM]) | None
2026-08-13 18:24:37,396 - INFO - EMIT crude_orderflow_signal: NO TRADE | Entry Score 55
2026-08-13 18:24:37,396 - INFO - EMIT crude_orderflow_signal: PUT BUY ([SIM]) | None
2026-08-13 18:24:38,497 - INFO - EMIT crude_orderflow_signal: NO TRADE | Entry Score 55
2026-08-13 18:24:38,497 - INFO - EMIT crude_orderflow_signal: PUT BUY ([SIM]) | None
2026-08-13 18:24:39,577 - INFO - EMIT crude_orderflow_signal: NO TRADE | Entry Score 55
2026-08-13 18:24:39,577 - INFO - EMIT crude_orderflow_signal: PUT BUY ([SIM]) | None
2026-08-13 18:24:40,678 - INFO - EMIT crude_orderflow_signal: NO TRADE | Entry Score 55
2026-08-13 18:24:40,678 - INFO - EMIT crude_orderflow_signal: PUT BUY ([SIM]) | None
2026-08-13 18:24:41,792 - INFO - EMIT crude_orderflow_signal: NO TRADE | Entry Score 55
2026-08-13 18:24:41,794 - INFO - EMIT crude_orderflow_signal: PUT BUY ([SIM]) | None
2026-08-13 18:24:42,890 - INFO - EMIT crude_orderflow_signal: NO TRADE | Entry Score 55
2026-08-13 18:24:42,890 - INFO - EMIT crude_orderflow_signal: PUT BUY ([SIM]) | None
2026-08-13 18:24:43,433 - INFO - EMIT crude_orderflow_signal: NO TRADE | Entry Score 55
2026-08-13 18:24:43,990 - INFO - EMIT crude_orderflow_signal: NO TRADE | Entry Score 55
2026-08-13 18:24:43,992 - INFO - EMIT crude_orderflow_signal: PUT BUY ([SIM]) | None
2026-08-13 18:24:45,072 - INFO - EMIT crude_orderflow_signal: NO TRADE | Entry Score 55
2026-08-13 18:24:45,072 - INFO - EMIT crude_orderflow_signal: PUT BUY ([SIM]) | None
2026-08-13 18:24:46,204 - INFO - EMIT crude_orderflow_signal: NO TRADE | Entry Score 35
2026-08-13 18:24:46,204 - INFO - EMIT crude_orderflow_signal: PUT BUY ([SIM]) | None
2026-08-13 18:24:47,305 - INFO - EMIT crude_orderflow_signal: NO TRADE | Entry Score 35
2026-08-13 18:24:47,305 - INFO - EMIT crude_orderflow_signal: PUT BUY ([SIM]) | None
2026-08-13 18:24:48,402 - INFO - EMIT crude_orderflow_signal: NO TRADE | Entry Score 35
2026-08-13 18:24:48,402 - INFO - EMIT crude_orderflow_signal: PUT BUY ([SIM]) | None
2026-08-13 18:24:49,481 - INFO - EMIT crude_orderflow_signal: NO TRADE | Entry Score 35
2026-08-13 18:24:49,497 - INFO - EMIT crude_orderflow_signal: PUT BUY ([SIM]) | None
2026-08-13 18:24:50,580 - INFO - EMIT crude_orderflow_signal: NO TRADE | Entry Score 35
2026-08-13 18:24:50,580 - INFO - EMIT crude_orderflow_signal: PUT BUY ([SIM]) | None
2026-08-13 18:24:51,681 - INFO - EMIT crude_orderflow_signal: NO TRADE | Entry Score 35
2026-08-13 18:24:51,681 - INFO - EMIT crude_orderflow_signal: PUT BUY ([SIM]) | None
2026-08-13 18:24:52,765 - INFO - EMIT crude_orderflow_signal: NO TRADE | Entry Score 35
2026-08-13 18:24:52,765 - INFO - EMIT crude_orderflow_signal: PUT BUY ([SIM]) | None
2026-08-13 18:24:53,860 - INFO - EMIT crude_orderflow_signal: NO TRADE | Entry Score 35
2026-08-13 18:24:53,860 - INFO - EMIT crude_orderflow_signal: PUT BUY ([SIM]) | None
2026-08-13 18:24:54,942 - INFO - EMIT crude_orderflow_signal: NO TRADE | Entry Score 35
2026-08-13 18:24:54,942 - INFO - EMIT crude_orderflow_signal: PUT BUY ([SIM]) | None
2026-08-13 18:24:56,041 - INFO - EMIT crude_orderflow_signal: NO TRADE | Entry Score 35
2026-08-13 18:24:56,041 - INFO - EMIT crude_orderflow_signal: PUT BUY ([SIM]) | None
2026-08-13 18:24:57,124 - INFO - EMIT crude_orderflow_signal: NO TRADE | Entry Score 35
2026-08-13 18:24:57,124 - INFO - EMIT crude_orderflow_signal: PUT BUY ([SIM]) | None
2026-08-13 18:24:58,206 - INFO - EMIT crude_orderflow_signal: NO TRADE | Entry Score 35
2026-08-13 18:24:58,222 - INFO - EMIT crude_orderflow_signal: PUT BUY ([SIM]) | None
2026-08-13 18:24:59,322 - INFO - EMIT crude_orderflow_signal: NO TRADE | Entry Score 35
2026-08-13 18:24:59,322 - INFO - EMIT crude_orderflow_signal: PUT BUY ([SIM]) | None
2026-08-13 18:25:00,420 - INFO - EMIT crude_orderflow_signal: NO TRADE | Entry Score 35
2026-08-13 18:25:00,420 - INFO - EMIT crude_orderflow_signal: PUT BUY ([SIM]) | None
2026-08-13 18:25:01,519 - INFO - EMIT crude_orderflow_signal: NO TRADE | Entry Score 35
2026-08-13 18:25:01,519 - INFO - EMIT crude_orderflow_signal: PUT BUY ([SIM]) | None
2026-08-13 18:25:02,604 - INFO - EMIT crude_orderflow_signal: NO TRADE | Entry Score 35
2026-08-13 18:25:02,604 - INFO - EMIT crude_orderflow_signal: PUT BUY ([SIM]) | None
2026-08-13 18:25:03,701 - INFO - EMIT crude_orderflow_signal: NO TRADE | Entry Score 35
2026-08-13 18:25:03,701 - INFO - EMIT crude_orderflow_signal: PUT BUY ([SIM]) | None
2026-08-13 18:25:04,800 - INFO - EMIT crude_orderflow_signal: NO TRADE | Entry Score 35
2026-08-13 18:25:04,800 - INFO - EMIT crude_orderflow_signal: PUT BUY ([SIM]) | None
2026-08-13 18:25:05,882 - INFO - EMIT crude_orderflow_signal: NO TRADE | Entry Score 35
2026-08-13 18:25:05,899 - INFO - EMIT crude_orderflow_signal: PUT BUY ([SIM]) | None
2026-08-13 18:25:06,981 - INFO - EMIT crude_orderflow_signal: NO TRADE | Entry Score 35
2026-08-13 18:25:06,981 - INFO - EMIT crude_orderflow_signal: PUT BUY ([SIM]) | None
2026-08-13 18:25:08,063 - INFO - EMIT crude_orderflow_signal: NO TRADE | Entry Score 35
2026-08-13 18:25:08,063 - INFO - EMIT crude_orderflow_signal: PUT BUY ([SIM]) | None
2026-08-13 18:25:09,163 - INFO - EMIT crude_orderflow_signal: NO TRADE | Entry Score 35
2026-08-13 18:25:09,163 - INFO - EMIT crude_orderflow_signal: PUT BUY ([SIM]) | None
2026-08-13 18:25:10,260 - INFO - EMIT crude_orderflow_signal: NO TRADE | Entry Score 35
2026-08-13 18:25:10,260 - INFO - EMIT crude_orderflow_signal: PUT BUY ([SIM]) | None
2026-08-13 18:25:11,343 - INFO - EMIT crude_orderflow_signal: NO TRADE | Entry Score 35
2026-08-13 18:25:11,343 - INFO - EMIT crude_orderflow_signal: PUT BUY ([SIM]) | None
2026-08-13 18:25:12,476 - INFO - EMIT crude_orderflow_signal: NO TRADE | Entry Score 35
2026-08-13 18:25:12,476 - INFO - EMIT crude_orderflow_signal: PUT BUY ([SIM]) | None
2026-08-13 18:25:13,425 - INFO - EMIT crude_orderflow_signal: NO TRADE | Entry Score 35
2026-08-13 18:25:13,575 - INFO - EMIT crude_orderflow_signal: NO TRADE | Entry Score 35
2026-08-13 18:25:13,575 - INFO - EMIT crude_orderflow_signal: PUT BUY ([SIM]) | None
2026-08-13 18:25:14,674 - INFO - EMIT crude_orderflow_signal: NO TRADE | Entry Score 35
2026-08-13 18:25:14,674 - INFO - EMIT crude_orderflow_signal: PUT BUY ([SIM]) | None
2026-08-13 18:25:15,756 - INFO - EMIT crude_orderflow_signal: NO TRADE | Entry Score 35
2026-08-13 18:25:15,756 - INFO - EMIT crude_orderflow_signal: PUT BUY ([SIM]) | None
2026-08-13 18:25:16,874 - INFO - EMIT crude_orderflow_signal: NO TRADE | Entry Score 35
2026-08-13 18:25:16,874 - INFO - EMIT crude_orderflow_signal: PUT BUY ([SIM]) | None
2026-08-13 18:25:17,954 - INFO - EMIT crude_orderflow_signal: NO TRADE | Entry Score 35
2026-08-13 18:25:17,969 - INFO - EMIT crude_orderflow_signal: PUT BUY ([SIM]) | None
2026-08-13 18:25:19,053 - INFO - EMIT crude_orderflow_signal: NO TRADE | Entry Score 35
2026-08-13 18:25:19,053 - INFO - EMIT crude_orderflow_signal: PUT BUY ([SIM]) | None
2026-08-13 18:25:20,152 - INFO - EMIT crude_orderflow_signal: NO TRADE | Entry Score 35
2026-08-13 18:25:20,152 - INFO - EMIT crude_orderflow_signal: PUT BUY ([SIM]) | None
2026-08-13 18:25:21,251 - INFO - EMIT crude_orderflow_signal: NO TRADE | Entry Score 35
2026-08-13 18:25:21,251 - INFO - EMIT crude_orderflow_signal: PUT BUY ([SIM]) | None
2026-08-13 18:25:22,351 - INFO - EMIT crude_orderflow_signal: NO TRADE | Entry Score 35
2026-08-13 18:25:22,351 - INFO - EMIT crude_orderflow_signal: PUT BUY ([SIM]) | None
2026-08-13 18:25:23,449 - INFO - EMIT crude_orderflow_signal: NO TRADE | Entry Score 35
2026-08-13 18:25:23,449 - INFO - EMIT crude_orderflow_signal: PUT BUY ([SIM]) | None
2026-08-13 18:25:24,531 - INFO - EMIT crude_orderflow_signal: NO TRADE | Entry Score 35
2026-08-13 18:25:24,531 - INFO - EMIT crude_orderflow_signal: PUT BUY ([SIM]) | None
2026-08-13 18:25:25,630 - INFO - EMIT crude_orderflow_signal: NO TRADE | Entry Score 35
2026-08-13 18:25:25,630 - INFO - EMIT crude_orderflow_signal: PUT BUY ([SIM]) | None
2026-08-13 18:25:26,713 - INFO - EMIT crude_orderflow_signal: NO TRADE | Entry Score 35
2026-08-13 18:25:26,713 - INFO - EMIT crude_orderflow_signal: PUT BUY ([SIM]) | None
2026-08-13 18:25:27,811 - INFO - EMIT crude_orderflow_signal: NO TRADE | Entry Score 35
2026-08-13 18:25:27,811 - INFO - EMIT crude_orderflow_signal: PUT BUY ([SIM]) | None
2026-08-13 18:25:28,894 - INFO - EMIT crude_orderflow_signal: NO TRADE | Entry Score 35
2026-08-13 18:25:28,894 - INFO - EMIT crude_orderflow_signal: PUT BUY ([SIM]) | None
2026-08-13 18:25:29,993 - INFO - EMIT crude_orderflow_signal: NO TRADE | Entry Score 35
2026-08-13 18:25:29,993 - INFO - EMIT crude_orderflow_signal: PUT BUY ([SIM]) | None
2026-08-13 18:25:31,092 - INFO - EMIT crude_orderflow_signal: NO TRADE | Entry Score 35
2026-08-13 18:25:31,092 - INFO - EMIT crude_orderflow_signal: PUT BUY ([SIM]) | None
2026-08-13 18:25:32,174 - INFO - EMIT crude_orderflow_signal: NO TRADE | Entry Score 35
2026-08-13 18:25:32,174 - INFO - EMIT crude_orderflow_signal: PUT BUY ([SIM]) | None
2026-08-13 18:25:33,273 - INFO - EMIT crude_orderflow_signal: NO TRADE | Entry Score 35
2026-08-13 18:25:33,273 - INFO - EMIT crude_orderflow_signal: PUT BUY ([SIM]) | None
2026-08-13 18:25:34,372 - INFO - EMIT crude_orderflow_signal: NO TRADE | Entry Score 35
2026-08-13 18:25:34,372 - INFO - EMIT crude_orderflow_signal: PUT BUY ([SIM]) | None
2026-08-13 18:25:35,470 - INFO - EMIT crude_orderflow_signal: NO TRADE | Entry Score 35
2026-08-13 18:25:35,471 - INFO - EMIT crude_orderflow_signal: PUT BUY ([SIM]) | None
2026-08-13 18:25:36,720 - INFO - EMIT crude_orderflow_signal: NO TRADE | Entry Score 35
2026-08-13 18:25:36,720 - INFO - EMIT crude_orderflow_signal: PUT BUY ([SIM]) | None
2026-08-13 18:25:37,835 - INFO - EMIT crude_orderflow_signal: NO TRADE | Entry Score 35
2026-08-13 18:25:37,835 - INFO - EMIT crude_orderflow_signal: PUT BUY ([SIM]) | None
2026-08-13 18:25:38,918 - INFO - EMIT crude_orderflow_signal: NO TRADE | Entry Score 35
2026-08-13 18:25:38,934 - INFO - EMIT crude_orderflow_signal: PUT BUY ([SIM]) | None
2026-08-13 18:25:40,017 - INFO - EMIT crude_orderflow_signal: NO TRADE | Entry Score 35
2026-08-13 18:25:40,017 - INFO - EMIT crude_orderflow_signal: PUT BUY ([SIM]) | None
2026-08-13 18:25:41,132 - INFO - EMIT crude_orderflow_signal: NO TRADE | Entry Score 35
2026-08-13 18:25:41,132 - INFO - EMIT crude_orderflow_signal: PUT BUY ([SIM]) | None
2026-08-13 18:25:42,231 - INFO - EMIT crude_orderflow_signal: NO TRADE | Entry Score 35
2026-08-13 18:25:42,231 - INFO - EMIT crude_orderflow_signal: PUT BUY ([SIM]) | None
2026-08-13 18:25:43,330 - INFO - EMIT crude_orderflow_signal: NO TRADE | Entry Score 35
2026-08-13 18:25:43,330 - INFO - EMIT crude_orderflow_signal: PUT BUY ([SIM]) | None
2026-08-13 18:25:43,431 - INFO - EMIT crude_orderflow_signal: NO TRADE | Entry Score 35
2026-08-13 18:25:44,480 - INFO - EMIT crude_orderflow_signal: NO TRADE | Entry Score 35
2026-08-13 18:25:44,480 - INFO - EMIT crude_orderflow_signal: PUT BUY ([SIM]) | None
2026-08-13 18:25:45,578 - INFO - EMIT crude_orderflow_signal: NO TRADE | Entry Score 35
2026-08-13 18:25:45,578 - INFO - EMIT crude_orderflow_signal: PUT BUY ([SIM]) | None
2026-08-13 18:25:46,728 - INFO - EMIT crude_orderflow_signal: NO TRADE | Entry Score 35
2026-08-13 18:25:46,728 - INFO - EMIT crude_orderflow_signal: PUT BUY ([SIM]) | None
2026-08-13 18:25:47,826 - INFO - EMIT crude_orderflow_signal: NO TRADE | Entry Score 35
2026-08-13 18:25:47,826 - INFO - EMIT crude_orderflow_signal: PUT BUY ([SIM]) | None
2026-08-13 18:25:48,908 - INFO - EMIT crude_orderflow_signal: NO TRADE | Entry Score 35
2026-08-13 18:25:48,908 - INFO - EMIT crude_orderflow_signal: PUT BUY ([SIM]) | None
2026-08-13 18:25:50,007 - INFO - EMIT crude_orderflow_signal: NO TRADE | Entry Score 35
2026-08-13 18:25:50,007 - INFO - EMIT crude_orderflow_signal: PUT BUY ([SIM]) | None
2026-08-13 18:25:51,090 - INFO - EMIT crude_orderflow_signal: NO TRADE | Entry Score 35
2026-08-13 18:25:51,090 - INFO - EMIT crude_orderflow_signal: PUT BUY ([SIM]) | None
2026-08-13 18:25:52,189 - INFO - EMIT crude_orderflow_signal: NO TRADE | Entry Score 35
2026-08-13 18:25:52,189 - INFO - EMIT crude_orderflow_signal: PUT BUY ([SIM]) | None
2026-08-13 18:25:53,288 - INFO - EMIT crude_orderflow_signal: NO TRADE | Entry Score 35
2026-08-13 18:25:53,288 - INFO - EMIT crude_orderflow_signal: PUT BUY ([SIM]) | None
2026-08-13 18:25:54,370 - INFO - EMIT crude_orderflow_signal: NO TRADE | Entry Score 35
2026-08-13 18:25:54,370 - INFO - EMIT crude_orderflow_signal: PUT BUY ([SIM]) | None
2026-08-13 18:25:55,469 - INFO - EMIT crude_orderflow_signal: NO TRADE | Entry Score 35
2026-08-13 18:25:55,469 - INFO - EMIT crude_orderflow_signal: PUT BUY ([SIM]) | None
2026-08-13 18:25:56,551 - INFO - EMIT crude_orderflow_signal: NO TRADE | Entry Score 35
2026-08-13 18:25:56,551 - INFO - EMIT crude_orderflow_signal: PUT BUY ([SIM]) | None
2026-08-13 18:25:57,650 - INFO - EMIT crude_orderflow_signal: NO TRADE | Entry Score 35
2026-08-13 18:25:57,650 - INFO - EMIT crude_orderflow_signal: PUT BUY ([SIM]) | None
2026-08-13 18:25:58,732 - INFO - EMIT crude_orderflow_signal: NO TRADE | Entry Score 35
2026-08-13 18:25:58,732 - INFO - EMIT crude_orderflow_signal: PUT BUY ([SIM]) | None
2026-08-13 18:25:59,831 - INFO - EMIT crude_orderflow_signal: NO TRADE | Entry Score 35
2026-08-13 18:25:59,831 - INFO - EMIT crude_orderflow_signal: PUT BUY ([SIM]) | None
2026-08-13 18:26:00,936 - INFO - EMIT crude_orderflow_signal: NO TRADE | Entry Score 35
2026-08-13 18:26:00,937 - INFO - EMIT crude_orderflow_signal: PUT BUY ([SIM]) | None
2026-08-13 18:26:02,063 - INFO - EMIT crude_orderflow_signal: NO TRADE | Entry Score 35
2026-08-13 18:26:02,063 - INFO - EMIT crude_orderflow_signal: PUT BUY ([SIM]) | None
2026-08-13 18:26:03,178 - INFO - EMIT crude_orderflow_signal: NO TRADE | Entry Score 35
2026-08-13 18:26:03,178 - INFO - EMIT crude_orderflow_signal: PUT BUY ([SIM]) | None
2026-08-13 18:26:04,277 - INFO - EMIT crude_orderflow_signal: NO TRADE | Entry Score 35
2026-08-13 18:26:04,277 - INFO - EMIT crude_orderflow_signal: PUT BUY ([SIM]) | None
2026-08-13 18:26:05,426 - INFO - EMIT crude_orderflow_signal: NO TRADE | Entry Score 35
2026-08-13 18:26:05,426 - INFO - EMIT crude_orderflow_signal: PUT BUY ([SIM]) | None
2026-08-13 18:26:06,525 - INFO - EMIT crude_orderflow_signal: NO TRADE | Entry Score 35
2026-08-13 18:26:06,525 - INFO - EMIT crude_orderflow_signal: PUT BUY ([SIM]) | None
2026-08-13 18:26:07,608 - INFO - EMIT crude_orderflow_signal: NO TRADE | Entry Score 35
2026-08-13 18:26:07,608 - INFO - EMIT crude_orderflow_signal: PUT BUY ([SIM]) | None
2026-08-13 18:26:08,706 - INFO - EMIT crude_orderflow_signal: NO TRADE | Entry Score 35
2026-08-13 18:26:08,706 - INFO - EMIT crude_orderflow_signal: PUT BUY ([SIM]) | None
2026-08-13 18:26:09,806 - INFO - EMIT crude_orderflow_signal: NO TRADE | Entry Score 35
2026-08-13 18:26:09,806 - INFO - EMIT crude_orderflow_signal: PUT BUY ([SIM]) | None
2026-08-13 18:26:10,904 - INFO - EMIT crude_orderflow_signal: NO TRADE | Entry Score 35
2026-08-13 18:26:10,904 - INFO - EMIT crude_orderflow_signal: PUT BUY ([SIM]) | None
2026-08-13 18:26:12,003 - INFO - EMIT crude_orderflow_signal: NO TRADE | Entry Score 35
2026-08-13 18:26:12,003 - INFO - EMIT crude_orderflow_signal: PUT BUY ([SIM]) | None
2026-08-13 18:26:13,086 - INFO - EMIT crude_orderflow_signal: NO TRADE | Entry Score 35
2026-08-13 18:26:13,086 - INFO - EMIT crude_orderflow_signal: PUT BUY ([SIM]) | None
2026-08-13 18:26:13,436 - INFO - EMIT crude_orderflow_signal: NO TRADE | Entry Score 35
2026-08-13 18:26:14,169 - INFO - EMIT crude_orderflow_signal: NO TRADE | Entry Score 35
2026-08-13 18:26:14,169 - INFO - EMIT crude_orderflow_signal: PUT BUY ([SIM]) | None
2026-08-13 18:26:15,267 - INFO - EMIT crude_orderflow_signal: NO TRADE | Entry Score 35
2026-08-13 18:26:15,267 - INFO - EMIT crude_orderflow_signal: PUT BUY ([SIM]) | None
2026-08-13 18:26:16,398 - INFO - EMIT crude_orderflow_signal: NO TRADE | Entry Score 35
2026-08-13 18:26:16,398 - INFO - EMIT crude_orderflow_signal: PUT BUY ([SIM]) | None
2026-08-13 18:26:17,515 - INFO - EMIT crude_orderflow_signal: NO TRADE | Entry Score 35
2026-08-13 18:26:17,515 - INFO - EMIT crude_orderflow_signal: PUT BUY ([SIM]) | None
2026-08-13 18:26:18,664 - INFO - EMIT crude_orderflow_signal: NO TRADE | Entry Score 35
2026-08-13 18:26:18,664 - INFO - EMIT crude_orderflow_signal: PUT BUY ([SIM]) | None
2026-08-13 18:26:19,778 - INFO - EMIT crude_orderflow_signal: NO TRADE | Entry Score 35
2026-08-13 18:26:19,779 - INFO - EMIT crude_orderflow_signal: PUT BUY ([SIM]) | None
2026-08-13 18:26:20,898 - INFO - EMIT crude_orderflow_signal: NO TRADE | Entry Score 35
2026-08-13 18:26:20,898 - INFO - EMIT crude_orderflow_signal: PUT BUY ([SIM]) | None
2026-08-13 18:26:21,994 - INFO - EMIT crude_orderflow_signal: NO TRADE | Entry Score 35
2026-08-13 18:26:21,994 - INFO - EMIT crude_orderflow_signal: PUT BUY ([SIM]) | None
2026-08-13 18:26:23,093 - INFO - EMIT crude_orderflow_signal: NO TRADE | Entry Score 35
2026-08-13 18:26:23,093 - INFO - EMIT crude_orderflow_signal: PUT BUY ([SIM]) | None
2026-08-13 18:26:24,208 - INFO - EMIT crude_orderflow_signal: NO TRADE | Entry Score 35
2026-08-13 18:26:24,208 - INFO - EMIT crude_orderflow_signal: PUT BUY ([SIM]) | None
2026-08-13 18:26:25,359 - INFO - EMIT crude_orderflow_signal: NO TRADE | Entry Score 35
2026-08-13 18:26:25,359 - INFO - EMIT crude_orderflow_signal: PUT BUY ([SIM]) | None
2026-08-13 18:26:26,440 - INFO - EMIT crude_orderflow_signal: NO TRADE | Entry Score 35
2026-08-13 18:26:26,440 - INFO - EMIT crude_orderflow_signal: PUT BUY ([SIM]) | None
2026-08-13 18:26:27,555 - INFO - EMIT crude_orderflow_signal: NO TRADE | Entry Score 35
2026-08-13 18:26:27,555 - INFO - EMIT crude_orderflow_signal: PUT BUY ([SIM]) | None
2026-08-13 18:26:28,654 - INFO - EMIT crude_orderflow_signal: NO TRADE | Entry Score 35
2026-08-13 18:26:28,654 - INFO - EMIT crude_orderflow_signal: PUT BUY ([SIM]) | None
2026-08-13 18:26:29,753 - INFO - EMIT crude_orderflow_signal: NO TRADE | Entry Score 35
2026-08-13 18:26:29,753 - INFO - EMIT crude_orderflow_signal: PUT BUY ([SIM]) | None
2026-08-13 18:26:30,868 - INFO - EMIT crude_orderflow_signal: NO TRADE | Entry Score 35
2026-08-13 18:26:30,870 - INFO - EMIT crude_orderflow_signal: PUT BUY ([SIM]) | None
2026-08-13 18:26:31,968 - INFO - EMIT crude_orderflow_signal: NO TRADE | Entry Score 35
2026-08-13 18:26:31,968 - INFO - EMIT crude_orderflow_signal: PUT BUY ([SIM]) | None
2026-08-13 18:26:33,084 - INFO - EMIT crude_orderflow_signal: NO TRADE | Entry Score 35
2026-08-13 18:26:33,084 - INFO - EMIT crude_orderflow_signal: PUT BUY ([SIM]) | None
2026-08-13 18:26:34,166 - INFO - EMIT crude_orderflow_signal: NO TRADE | Entry Score 35
2026-08-13 18:26:34,182 - INFO - EMIT crude_orderflow_signal: PUT BUY ([SIM]) | None
2026-08-13 18:26:35,265 - INFO - EMIT crude_orderflow_signal: NO TRADE | Entry Score 35
2026-08-13 18:26:35,265 - INFO - EMIT crude_orderflow_signal: PUT BUY ([SIM]) | None
2026-08-13 18:26:36,397 - INFO - EMIT crude_orderflow_signal: NO TRADE | Entry Score 35
2026-08-13 18:26:36,397 - INFO - EMIT crude_orderflow_signal: PUT BUY ([SIM]) | None
2026-08-13 18:26:37,496 - INFO - EMIT crude_orderflow_signal: NO TRADE | Entry Score 35
2026-08-13 18:26:37,496 - INFO - EMIT crude_orderflow_signal: PUT BUY ([SIM]) | None
2026-08-13 18:26:38,644 - INFO - EMIT crude_orderflow_signal: NO TRADE | Entry Score 35
2026-08-13 18:26:38,645 - INFO - EMIT crude_orderflow_signal: PUT BUY ([SIM]) | None
2026-08-13 18:26:39,777 - INFO - EMIT crude_orderflow_signal: NO TRADE | Entry Score 35
2026-08-13 18:26:39,780 - INFO - EMIT crude_orderflow_signal: PUT BUY ([SIM]) | None
2026-08-13 18:26:40,860 - INFO - EMIT crude_orderflow_signal: NO TRADE | Entry Score 35
2026-08-13 18:26:40,860 - INFO - EMIT crude_orderflow_signal: PUT BUY ([SIM]) | None
2026-08-13 18:26:41,959 - INFO - EMIT crude_orderflow_signal: NO TRADE | Entry Score 35
2026-08-13 18:26:41,959 - INFO - EMIT crude_orderflow_signal: PUT BUY ([SIM]) | None
2026-08-13 18:26:43,058 - INFO - EMIT crude_orderflow_signal: NO TRADE | Entry Score 35
2026-08-13 18:26:43,073 - INFO - EMIT crude_orderflow_signal: PUT BUY ([SIM]) | None
2026-08-13 18:26:43,424 - INFO - EMIT crude_orderflow_signal: NO TRADE | Entry Score 35
2026-08-13 18:26:44,177 - INFO - EMIT crude_orderflow_signal: NO TRADE | Entry Score 35
2026-08-13 18:26:44,179 - INFO - EMIT crude_orderflow_signal: PUT BUY ([SIM]) | None
2026-08-13 18:26:45,304 - INFO - EMIT crude_orderflow_signal: NO TRADE | Entry Score 35
2026-08-13 18:26:45,304 - INFO - EMIT crude_orderflow_signal: PUT BUY ([SIM]) | None
2026-08-13 18:26:46,388 - INFO - EMIT crude_orderflow_signal: NO TRADE | Entry Score 35
2026-08-13 18:26:46,388 - INFO - EMIT crude_orderflow_signal: PUT BUY ([SIM]) | None
2026-08-13 18:26:47,487 - INFO - EMIT crude_orderflow_signal: NO TRADE | Entry Score 35
2026-08-13 18:26:47,487 - INFO - EMIT crude_orderflow_signal: PUT BUY ([SIM]) | None
2026-08-13 18:26:48,602 - INFO - EMIT crude_orderflow_signal: NO TRADE | Entry Score 35
2026-08-13 18:26:48,602 - INFO - EMIT crude_orderflow_signal: PUT BUY ([SIM]) | None
2026-08-13 18:26:49,835 - INFO - EMIT crude_orderflow_signal: NO TRADE | Entry Score 35
2026-08-13 18:26:49,835 - INFO - EMIT crude_orderflow_signal: PUT BUY ([SIM]) | None
2026-08-13 18:26:50,982 - INFO - EMIT crude_orderflow_signal: NO TRADE | Entry Score 35
2026-08-13 18:26:50,984 - INFO - EMIT crude_orderflow_signal: PUT BUY ([SIM]) | None
2026-08-13 18:26:52,349 - INFO - EMIT crude_orderflow_signal: NO TRADE | Entry Score 35
2026-08-13 18:26:52,349 - INFO - EMIT crude_orderflow_signal: PUT BUY ([SIM]) | None
2026-08-13 18:26:53,548 - INFO - EMIT crude_orderflow_signal: NO TRADE | Entry Score 35
2026-08-13 18:26:53,548 - INFO - EMIT crude_orderflow_signal: PUT BUY ([SIM]) | None
2026-08-13 18:26:54,630 - INFO - EMIT crude_orderflow_signal: NO TRADE | Entry Score 35
2026-08-13 18:26:54,630 - INFO - EMIT crude_orderflow_signal: PUT BUY ([SIM]) | None
2026-08-13 18:26:55,762 - INFO - EMIT crude_orderflow_signal: NO TRADE | Entry Score 35
2026-08-13 18:26:55,762 - INFO - EMIT crude_orderflow_signal: PUT BUY ([SIM]) | None
2026-08-13 18:26:56,867 - INFO - EMIT crude_orderflow_signal: NO TRADE | Entry Score 35
2026-08-13 18:26:56,868 - INFO - EMIT crude_orderflow_signal: PUT BUY ([SIM]) | None
2026-08-13 18:26:57,964 - INFO - EMIT crude_orderflow_signal: NO TRADE | Entry Score 35
2026-08-13 18:26:57,964 - INFO - EMIT crude_orderflow_signal: PUT BUY ([SIM]) | None
2026-08-13 18:26:59,059 - INFO - EMIT crude_orderflow_signal: NO TRADE | Entry Score 35
2026-08-13 18:26:59,059 - INFO - EMIT crude_orderflow_signal: PUT BUY ([SIM]) | None
2026-08-13 18:27:00,158 - INFO - EMIT crude_orderflow_signal: NO TRADE | Entry Score 35
2026-08-13 18:27:00,158 - INFO - EMIT crude_orderflow_signal: PUT BUY ([SIM]) | None
2026-08-13 18:27:01,273 - INFO - EMIT crude_orderflow_signal: NO TRADE | Entry Score 35
2026-08-13 18:27:01,275 - INFO - EMIT crude_orderflow_signal: PUT BUY ([SIM]) | None
2026-08-13 18:27:02,373 - INFO - EMIT crude_orderflow_signal: NO TRADE | Entry Score 35
2026-08-13 18:27:02,373 - INFO - EMIT crude_orderflow_signal: PUT BUY ([SIM]) | None
2026-08-13 18:27:03,508 - INFO - EMIT crude_orderflow_signal: NO TRADE | Entry Score 35
2026-08-13 18:27:03,508 - INFO - EMIT crude_orderflow_signal: PUT BUY ([SIM]) | None
2026-08-13 18:27:04,671 - INFO - EMIT crude_orderflow_signal: NO TRADE | Entry Score 35
2026-08-13 18:27:04,671 - INFO - EMIT crude_orderflow_signal: PUT BUY ([SIM]) | None
2026-08-13 18:27:05,770 - INFO - EMIT crude_orderflow_signal: NO TRADE | Entry Score 35
2026-08-13 18:27:05,770 - INFO - EMIT crude_orderflow_signal: PUT BUY ([SIM]) | None
2026-08-13 18:27:06,869 - INFO - EMIT crude_orderflow_signal: NO TRADE | Entry Score 35
2026-08-13 18:27:06,869 - INFO - EMIT crude_orderflow_signal: PUT BUY ([SIM]) | None
2026-08-13 18:27:07,984 - INFO - EMIT crude_orderflow_signal: NO TRADE | Entry Score 35
2026-08-13 18:27:07,984 - INFO - EMIT crude_orderflow_signal: PUT BUY ([SIM]) | None
2026-08-13 18:27:09,107 - INFO - EMIT crude_orderflow_signal: NO TRADE | Entry Score 35
2026-08-13 18:27:09,108 - INFO - EMIT crude_orderflow_signal: PUT BUY ([SIM]) | None
2026-08-13 18:27:10,199 - INFO - EMIT crude_orderflow_signal: NO TRADE | Entry Score 35
2026-08-13 18:27:10,199 - INFO - EMIT crude_orderflow_signal: PUT BUY ([SIM]) | None
2026-08-13 18:27:11,331 - INFO - EMIT crude_orderflow_signal: NO TRADE | Entry Score 35
2026-08-13 18:27:11,331 - INFO - EMIT crude_orderflow_signal: PUT BUY ([SIM]) | None
2026-08-13 18:27:12,430 - INFO - EMIT crude_orderflow_signal: NO TRADE | Entry Score 35
2026-08-13 18:27:12,446 - INFO - EMIT crude_orderflow_signal: PUT BUY ([SIM]) | None
2026-08-13 18:27:13,430 - INFO - EMIT crude_orderflow_signal: NO TRADE | Entry Score 35
2026-08-13 18:27:13,546 - INFO - EMIT crude_orderflow_signal: NO TRADE | Entry Score 35
2026-08-13 18:27:13,546 - INFO - EMIT crude_orderflow_signal: PUT BUY ([SIM]) | None
2026-08-13 18:27:14,661 - INFO - EMIT crude_orderflow_signal: NO TRADE | Entry Score 35
2026-08-13 18:27:14,661 - INFO - EMIT crude_orderflow_signal: PUT BUY ([SIM]) | None
2026-08-13 18:27:15,760 - INFO - EMIT crude_orderflow_signal: NO TRADE | Entry Score 35
2026-08-13 18:27:15,760 - INFO - EMIT crude_orderflow_signal: PUT BUY ([SIM]) | None
2026-08-13 18:27:16,876 - INFO - EMIT crude_orderflow_signal: NO TRADE | Entry Score 35
2026-08-13 18:27:16,876 - INFO - EMIT crude_orderflow_signal: PUT BUY ([SIM]) | None
2026-08-13 18:27:17,975 - INFO - EMIT crude_orderflow_signal: NO TRADE | Entry Score 35
2026-08-13 18:27:17,975 - INFO - EMIT crude_orderflow_signal: PUT BUY ([SIM]) | None
2026-08-13 18:27:19,090 - INFO - EMIT crude_orderflow_signal: NO TRADE | Entry Score 35
2026-08-13 18:27:19,091 - INFO - EMIT crude_orderflow_signal: PUT BUY ([SIM]) | None
2026-08-13 18:27:20,190 - INFO - EMIT crude_orderflow_signal: NO TRADE | Entry Score 35
2026-08-13 18:27:20,190 - INFO - EMIT crude_orderflow_signal: PUT BUY ([SIM]) | None
2026-08-13 18:27:21,288 - INFO - EMIT crude_orderflow_signal: NO TRADE | Entry Score 35
2026-08-13 18:27:21,288 - INFO - EMIT crude_orderflow_signal: PUT BUY ([SIM]) | None
2026-08-13 18:27:22,388 - INFO - EMIT crude_orderflow_signal: NO TRADE | Entry Score 35
2026-08-13 18:27:22,388 - INFO - EMIT crude_orderflow_signal: PUT BUY ([SIM]) | None
2026-08-13 18:27:23,486 - INFO - EMIT crude_orderflow_signal: NO TRADE | Entry Score 35
2026-08-13 18:27:23,486 - INFO - EMIT crude_orderflow_signal: PUT BUY ([SIM]) | None
2026-08-13 18:27:24,586 - INFO - EMIT crude_orderflow_signal: NO TRADE | Entry Score 35
2026-08-13 18:27:24,586 - INFO - EMIT crude_orderflow_signal: PUT BUY ([SIM]) | None
2026-08-13 18:27:25,700 - INFO - EMIT crude_orderflow_signal: NO TRADE | Entry Score 35
2026-08-13 18:27:25,701 - INFO - EMIT crude_orderflow_signal: PUT BUY ([SIM]) | None
2026-08-13 18:27:26,833 - INFO - EMIT crude_orderflow_signal: NO TRADE | Entry Score 35
2026-08-13 18:27:26,833 - INFO - EMIT crude_orderflow_signal: PUT BUY ([SIM]) | None
2026-08-13 18:27:27,982 - INFO - EMIT crude_orderflow_signal: NO TRADE | Entry Score 35
2026-08-13 18:27:27,982 - INFO - EMIT crude_orderflow_signal: PUT BUY ([SIM]) | None
2026-08-13 18:27:29,065 - INFO - EMIT crude_orderflow_signal: NO TRADE | Entry Score 35
2026-08-13 18:27:29,065 - INFO - EMIT crude_orderflow_signal: PUT BUY ([SIM]) | None
2026-08-13 18:27:30,164 - INFO - EMIT crude_orderflow_signal: NO TRADE | Entry Score 35
2026-08-13 18:27:30,164 - INFO - EMIT crude_orderflow_signal: PUT BUY ([SIM]) | None
2026-08-13 18:27:31,263 - INFO - EMIT crude_orderflow_signal: NO TRADE | Entry Score 35
2026-08-13 18:27:31,279 - INFO - EMIT crude_orderflow_signal: PUT BUY ([SIM]) | None
2026-08-13 18:27:32,378 - INFO - EMIT crude_orderflow_signal: NO TRADE | Entry Score 35
2026-08-13 18:27:32,378 - INFO - EMIT crude_orderflow_signal: PUT BUY ([SIM]) | None
2026-08-13 18:27:33,460 - INFO - EMIT crude_orderflow_signal: NO TRADE | Entry Score 35
2026-08-13 18:27:33,460 - INFO - EMIT crude_orderflow_signal: PUT BUY ([SIM]) | None
2026-08-13 18:27:34,626 - INFO - EMIT crude_orderflow_signal: NO TRADE | Entry Score 35
2026-08-13 18:27:34,626 - INFO - EMIT crude_orderflow_signal: PUT BUY ([SIM]) | None
2026-08-13 18:27:35,758 - INFO - EMIT crude_orderflow_signal: NO TRADE | Entry Score 35
2026-08-13 18:27:35,758 - INFO - EMIT crude_orderflow_signal: PUT BUY ([SIM]) | None
2026-08-13 18:27:36,866 - INFO - EMIT crude_orderflow_signal: NO TRADE | Entry Score 35
2026-08-13 18:27:36,866 - INFO - EMIT crude_orderflow_signal: PUT BUY ([SIM]) | None
2026-08-13 18:27:37,973 - INFO - EMIT crude_orderflow_signal: NO TRADE | Entry Score 35
2026-08-13 18:27:37,973 - INFO - EMIT crude_orderflow_signal: PUT BUY ([SIM]) | None
2026-08-13 18:27:39,072 - INFO - EMIT crude_orderflow_signal: NO TRADE | Entry Score 35
2026-08-13 18:27:39,072 - INFO - EMIT crude_orderflow_signal: PUT BUY ([SIM]) | None
2026-08-13 18:27:40,187 - INFO - EMIT crude_orderflow_signal: NO TRADE | Entry Score 35
2026-08-13 18:27:40,188 - INFO - EMIT crude_orderflow_signal: PUT BUY ([SIM]) | None
2026-08-13 18:27:41,287 - INFO - EMIT crude_orderflow_signal: NO TRADE | Entry Score 35
2026-08-13 18:27:41,287 - INFO - EMIT crude_orderflow_signal: PUT BUY ([SIM]) | None
2026-08-13 18:27:42,385 - INFO - EMIT crude_orderflow_signal: NO TRADE | Entry Score 35
2026-08-13 18:27:42,385 - INFO - EMIT crude_orderflow_signal: PUT BUY ([SIM]) | None
2026-08-13 18:27:43,484 - INFO - EMIT crude_orderflow_signal: NO TRADE | Entry Score 35
2026-08-13 18:27:43,484 - INFO - EMIT crude_orderflow_signal: PUT BUY ([SIM]) | None
2026-08-13 18:27:43,484 - INFO - EMIT crude_orderflow_signal: NO TRADE | Entry Score 35
2026-08-13 18:27:44,600 - INFO - EMIT crude_orderflow_signal: NO TRADE | Entry Score 35
2026-08-13 18:27:44,600 - INFO - EMIT crude_orderflow_signal: PUT BUY ([SIM]) | None
2026-08-13 18:27:45,705 - INFO - EMIT crude_orderflow_signal: NO TRADE | Entry Score 35
2026-08-13 18:27:45,706 - INFO - EMIT crude_orderflow_signal: PUT BUY ([SIM]) | None
2026-08-13 18:27:46,847 - INFO - EMIT crude_orderflow_signal: NO TRADE | Entry Score 55
2026-08-13 18:27:46,848 - INFO - EMIT crude_orderflow_signal: PUT BUY ([SIM]) | None
2026-08-13 18:27:47,947 - INFO - EMIT crude_orderflow_signal: NO TRADE | Entry Score 55
2026-08-13 18:27:47,947 - INFO - EMIT crude_orderflow_signal: PUT BUY ([SIM]) | None
2026-08-13 18:27:49,292 - INFO - EMIT crude_orderflow_signal: NO TRADE | Entry Score 55
2026-08-13 18:27:49,301 - INFO - EMIT crude_orderflow_signal: PUT BUY ([SIM]) | None
2026-08-13 18:27:50,395 - INFO - EMIT crude_orderflow_signal: NO TRADE | Entry Score 55
2026-08-13 18:27:50,395 - INFO - EMIT crude_orderflow_signal: PUT BUY ([SIM]) | None
2026-08-13 18:27:51,513 - INFO - EMIT crude_orderflow_signal: NO TRADE | Entry Score 55
2026-08-13 18:27:51,513 - INFO - EMIT crude_orderflow_signal: PUT BUY ([SIM]) | None
2026-08-13 18:27:52,626 - INFO - EMIT crude_orderflow_signal: NO TRADE | Entry Score 55
2026-08-13 18:27:52,626 - INFO - EMIT crude_orderflow_signal: PUT BUY ([SIM]) | None
2026-08-13 18:27:53,725 - INFO - EMIT crude_orderflow_signal: NO TRADE | Entry Score 55
2026-08-13 18:27:53,725 - INFO - EMIT crude_orderflow_signal: PUT BUY ([SIM]) | None
2026-08-13 18:27:54,824 - INFO - EMIT crude_orderflow_signal: NO TRADE | Entry Score 55
2026-08-13 18:27:54,824 - INFO - EMIT crude_orderflow_signal: PUT BUY ([SIM]) | None
2026-08-13 18:27:55,923 - INFO - EMIT crude_orderflow_signal: NO TRADE | Entry Score 55
2026-08-13 18:27:55,923 - INFO - EMIT crude_orderflow_signal: PUT BUY ([SIM]) | None
2026-08-13 18:27:57,038 - INFO - EMIT crude_orderflow_signal: NO TRADE | Entry Score 55
2026-08-13 18:27:57,040 - INFO - EMIT crude_orderflow_signal: PUT BUY ([SIM]) | None
2026-08-13 18:27:58,139 - INFO - EMIT crude_orderflow_signal: NO TRADE | Entry Score 55
2026-08-13 18:27:58,139 - INFO - EMIT crude_orderflow_signal: PUT BUY ([SIM]) | None
2026-08-13 18:27:59,240 - INFO - EMIT crude_orderflow_signal: NO TRADE | Entry Score 55
2026-08-13 18:27:59,240 - INFO - EMIT crude_orderflow_signal: PUT BUY ([SIM]) | None
2026-08-13 18:28:00,339 - INFO - EMIT crude_orderflow_signal: NO TRADE | Entry Score 55
2026-08-13 18:28:00,339 - INFO - EMIT crude_orderflow_signal: PUT BUY ([SIM]) | None
2026-08-13 18:28:01,438 - INFO - EMIT crude_orderflow_signal: NO TRADE | Entry Score 55
2026-08-13 18:28:01,438 - INFO - EMIT crude_orderflow_signal: PUT BUY ([SIM]) | None
2026-08-13 18:28:02,554 - INFO - EMIT crude_orderflow_signal: NO TRADE | Entry Score 55
2026-08-13 18:28:02,554 - INFO - EMIT crude_orderflow_signal: PUT BUY ([SIM]) | None
2026-08-13 18:28:04,290 - INFO - EMIT crude_orderflow_signal: NO TRADE | Entry Score 55
2026-08-13 18:28:04,292 - INFO - EMIT crude_orderflow_signal: PUT BUY ([SIM]) | None
2026-08-13 18:28:05,382 - INFO - EMIT crude_orderflow_signal: NO TRADE | Entry Score 55
2026-08-13 18:28:05,382 - INFO - EMIT crude_orderflow_signal: PUT BUY ([SIM]) | None
2026-08-13 18:28:06,502 - INFO - EMIT crude_orderflow_signal: NO TRADE | Entry Score 55
2026-08-13 18:28:06,502 - INFO - EMIT crude_orderflow_signal: PUT BUY ([SIM]) | None
2026-08-13 18:28:07,614 - INFO - EMIT crude_orderflow_signal: NO TRADE | Entry Score 55
2026-08-13 18:28:07,614 - INFO - EMIT crude_orderflow_signal: PUT BUY ([SIM]) | None
2026-08-13 18:28:08,731 - INFO - EMIT crude_orderflow_signal: NO TRADE | Entry Score 55
2026-08-13 18:28:08,731 - INFO - EMIT crude_orderflow_signal: PUT BUY ([SIM]) | None
2026-08-13 18:28:09,826 - INFO - EMIT crude_orderflow_signal: NO TRADE | Entry Score 55
2026-08-13 18:28:09,828 - INFO - EMIT crude_orderflow_signal: PUT BUY ([SIM]) | None
2026-08-13 18:28:10,927 - INFO - EMIT crude_orderflow_signal: NO TRADE | Entry Score 55
2026-08-13 18:28:10,929 - INFO - EMIT crude_orderflow_signal: PUT BUY ([SIM]) | None
2026-08-13 18:28:12,028 - INFO - EMIT crude_orderflow_signal: NO TRADE | Entry Score 55
2026-08-13 18:28:12,028 - INFO - EMIT crude_orderflow_signal: PUT BUY ([SIM]) | None
2026-08-13 18:28:13,129 - INFO - EMIT crude_orderflow_signal: NO TRADE | Entry Score 55
2026-08-13 18:28:13,141 - INFO - EMIT crude_orderflow_signal: PUT BUY ([SIM]) | None
2026-08-13 18:28:13,428 - INFO - EMIT crude_orderflow_signal: NO TRADE | Entry Score 55
2026-08-13 18:28:14,241 - INFO - EMIT crude_orderflow_signal: NO TRADE | Entry Score 55
2026-08-13 18:28:14,241 - INFO - EMIT crude_orderflow_signal: PUT BUY ([SIM]) | None
2026-08-13 18:28:15,338 - INFO - EMIT crude_orderflow_signal: NO TRADE | Entry Score 55
2026-08-13 18:28:15,338 - INFO - EMIT crude_orderflow_signal: PUT BUY ([SIM]) | None
2026-08-13 18:28:16,437 - INFO - EMIT crude_orderflow_signal: NO TRADE | Entry Score 55
2026-08-13 18:28:16,437 - INFO - EMIT crude_orderflow_signal: PUT BUY ([SIM]) | None
2026-08-13 18:28:17,553 - INFO - EMIT crude_orderflow_signal: NO TRADE | Entry Score 55
2026-08-13 18:28:17,553 - INFO - EMIT crude_orderflow_signal: PUT BUY ([SIM]) | None
2026-08-13 18:28:19,060 - INFO - EMIT crude_orderflow_signal: NO TRADE | Entry Score 55
2026-08-13 18:28:19,063 - INFO - EMIT crude_orderflow_signal: PUT BUY ([SIM]) | None
2026-08-13 18:28:20,198 - INFO - EMIT crude_orderflow_signal: NO TRADE | Entry Score 55
2026-08-13 18:28:20,198 - INFO - EMIT crude_orderflow_signal: PUT BUY ([SIM]) | None
2026-08-13 18:28:21,282 - INFO - EMIT crude_orderflow_signal: NO TRADE | Entry Score 55
2026-08-13 18:28:21,282 - INFO - EMIT crude_orderflow_signal: PUT BUY ([SIM]) | None
2026-08-13 18:28:22,385 - INFO - EMIT crude_orderflow_signal: NO TRADE | Entry Score 55
2026-08-13 18:28:22,385 - INFO - EMIT crude_orderflow_signal: PUT BUY ([SIM]) | None
2026-08-13 18:28:23,484 - INFO - EMIT crude_orderflow_signal: NO TRADE | Entry Score 55
2026-08-13 18:28:23,484 - INFO - EMIT crude_orderflow_signal: PUT BUY ([SIM]) | None
2026-08-13 18:28:24,650 - INFO - EMIT crude_orderflow_signal: NO TRADE | Entry Score 55
2026-08-13 18:28:24,664 - INFO - EMIT crude_orderflow_signal: PUT BUY ([SIM]) | None
2026-08-13 18:28:25,763 - INFO - EMIT crude_orderflow_signal: NO TRADE | Entry Score 55
2026-08-13 18:28:25,765 - INFO - EMIT crude_orderflow_signal: PUT BUY ([SIM]) | None
2026-08-13 18:28:26,948 - INFO - EMIT crude_orderflow_signal: NO TRADE | Entry Score 55
2026-08-13 18:28:26,948 - INFO - EMIT crude_orderflow_signal: PUT BUY ([SIM]) | None
2026-08-13 18:28:28,063 - INFO - EMIT crude_orderflow_signal: NO TRADE | Entry Score 55
2026-08-13 18:28:28,063 - INFO - EMIT crude_orderflow_signal: PUT BUY ([SIM]) | None
2026-08-13 18:28:29,172 - INFO - EMIT crude_orderflow_signal: NO TRADE | Entry Score 55
2026-08-13 18:28:29,173 - INFO - EMIT crude_orderflow_signal: PUT BUY ([SIM]) | None
2026-08-13 18:28:30,273 - INFO - EMIT crude_orderflow_signal: NO TRADE | Entry Score 55
2026-08-13 18:28:30,273 - INFO - EMIT crude_orderflow_signal: PUT BUY ([SIM]) | None
2026-08-13 18:28:31,423 - INFO - EMIT crude_orderflow_signal: NO TRADE | Entry Score 55
2026-08-13 18:28:31,425 - INFO - EMIT crude_orderflow_signal: PUT BUY ([SIM]) | None
2026-08-13 18:28:32,505 - INFO - EMIT crude_orderflow_signal: NO TRADE | Entry Score 55
2026-08-13 18:28:32,521 - INFO - EMIT crude_orderflow_signal: PUT BUY ([SIM]) | None
2026-08-13 18:28:33,733 - INFO - EMIT crude_orderflow_signal: NO TRADE | Entry Score 55
2026-08-13 18:28:33,733 - INFO - EMIT crude_orderflow_signal: PUT BUY ([SIM]) | None
2026-08-13 18:28:34,857 - INFO - EMIT crude_orderflow_signal: NO TRADE | Entry Score 55
2026-08-13 18:28:34,857 - INFO - EMIT crude_orderflow_signal: PUT BUY ([SIM]) | None
2026-08-13 18:28:35,973 - INFO - EMIT crude_orderflow_signal: NO TRADE | Entry Score 55
2026-08-13 18:28:35,973 - INFO - EMIT crude_orderflow_signal: PUT BUY ([SIM]) | None
2026-08-13 18:28:37,105 - INFO - EMIT crude_orderflow_signal: NO TRADE | Entry Score 55
2026-08-13 18:28:37,105 - INFO - EMIT crude_orderflow_signal: PUT BUY ([SIM]) | None
2026-08-13 18:28:38,204 - INFO - EMIT crude_orderflow_signal: NO TRADE | Entry Score 55
2026-08-13 18:28:38,204 - INFO - EMIT crude_orderflow_signal: PUT BUY ([SIM]) | None
2026-08-13 18:28:39,303 - INFO - EMIT crude_orderflow_signal: NO TRADE | Entry Score 55
2026-08-13 18:28:39,303 - INFO - EMIT crude_orderflow_signal: PUT BUY ([SIM]) | None
2026-08-13 18:28:40,404 - INFO - EMIT crude_orderflow_signal: NO TRADE | Entry Score 55
2026-08-13 18:28:40,404 - INFO - EMIT crude_orderflow_signal: PUT BUY ([SIM]) | None
2026-08-13 18:28:41,519 - INFO - EMIT crude_orderflow_signal: NO TRADE | Entry Score 55
2026-08-13 18:28:41,520 - INFO - EMIT crude_orderflow_signal: PUT BUY ([SIM]) | None
2026-08-13 18:28:42,613 - INFO - EMIT crude_orderflow_signal: NO TRADE | Entry Score 55
2026-08-13 18:28:42,613 - INFO - EMIT crude_orderflow_signal: PUT BUY ([SIM]) | None
2026-08-13 18:28:43,429 - INFO - EMIT crude_orderflow_signal: NO TRADE | Entry Score 55
2026-08-13 18:28:43,728 - INFO - EMIT crude_orderflow_signal: NO TRADE | Entry Score 55
2026-08-13 18:28:43,728 - INFO - EMIT crude_orderflow_signal: PUT BUY ([SIM]) | None
2026-08-13 18:28:44,827 - INFO - EMIT crude_orderflow_signal: NO TRADE | Entry Score 55
2026-08-13 18:28:44,827 - INFO - EMIT crude_orderflow_signal: PUT BUY ([SIM]) | None
2026-08-13 18:28:45,960 - INFO - EMIT crude_orderflow_signal: NO TRADE | Entry Score 55
2026-08-13 18:28:45,960 - INFO - EMIT crude_orderflow_signal: PUT BUY ([SIM]) | None
2026-08-13 18:28:47,075 - INFO - EMIT crude_orderflow_signal: NO TRADE | Entry Score 55
2026-08-13 18:28:47,075 - INFO - EMIT crude_orderflow_signal: PUT BUY ([SIM]) | None
2026-08-13 18:28:48,174 - INFO - EMIT crude_orderflow_signal: NO TRADE | Entry Score 55
2026-08-13 18:28:48,174 - INFO - EMIT crude_orderflow_signal: PUT BUY ([SIM]) | None
2026-08-13 18:28:49,606 - INFO - EMIT crude_orderflow_signal: NO TRADE | Entry Score 55
2026-08-13 18:28:49,616 - INFO - EMIT crude_orderflow_signal: PUT BUY ([SIM]) | None
2026-08-13 18:28:50,747 - INFO - EMIT crude_orderflow_signal: NO TRADE | Entry Score 55
2026-08-13 18:28:50,748 - INFO - EMIT crude_orderflow_signal: PUT BUY ([SIM]) | None
2026-08-13 18:28:51,837 - INFO - EMIT crude_orderflow_signal: NO TRADE | Entry Score 55
2026-08-13 18:28:51,837 - INFO - EMIT crude_orderflow_signal: PUT BUY ([SIM]) | None
2026-08-13 18:28:52,936 - INFO - EMIT crude_orderflow_signal: NO TRADE | Entry Score 55
2026-08-13 18:28:52,936 - INFO - EMIT crude_orderflow_signal: PUT BUY ([SIM]) | None
2026-08-13 18:28:54,085 - INFO - EMIT crude_orderflow_signal: NO TRADE | Entry Score 55
2026-08-13 18:28:54,085 - INFO - EMIT crude_orderflow_signal: PUT BUY ([SIM]) | None
2026-08-13 18:28:55,218 - INFO - EMIT crude_orderflow_signal: NO TRADE | Entry Score 55
2026-08-13 18:28:55,218 - INFO - EMIT crude_orderflow_signal: PUT BUY ([SIM]) | None
2026-08-13 18:28:56,316 - INFO - EMIT crude_orderflow_signal: NO TRADE | Entry Score 55
2026-08-13 18:28:56,331 - INFO - EMIT crude_orderflow_signal: PUT BUY ([SIM]) | None
2026-08-13 18:28:57,449 - INFO - EMIT crude_orderflow_signal: NO TRADE | Entry Score 55
2026-08-13 18:28:57,464 - INFO - EMIT crude_orderflow_signal: PUT BUY ([SIM]) | None
2026-08-13 18:28:58,567 - INFO - EMIT crude_orderflow_signal: NO TRADE | Entry Score 55
2026-08-13 18:28:58,567 - INFO - EMIT crude_orderflow_signal: PUT BUY ([SIM]) | None
2026-08-13 18:28:59,680 - INFO - EMIT crude_orderflow_signal: NO TRADE | Entry Score 55
2026-08-13 18:28:59,680 - INFO - EMIT crude_orderflow_signal: PUT BUY ([SIM]) | None
2026-08-13 18:29:00,795 - INFO - EMIT crude_orderflow_signal: NO TRADE | Entry Score 55
2026-08-13 18:29:00,795 - INFO - EMIT crude_orderflow_signal: PUT BUY ([SIM]) | None
2026-08-13 18:29:01,926 - INFO - EMIT crude_orderflow_signal: NO TRADE | Entry Score 55
2026-08-13 18:29:01,926 - INFO - EMIT crude_orderflow_signal: PUT BUY ([SIM]) | None
2026-08-13 18:29:03,010 - INFO - EMIT crude_orderflow_signal: NO TRADE | Entry Score 55
2026-08-13 18:29:03,010 - INFO - EMIT crude_orderflow_signal: PUT BUY ([SIM]) | None
2026-08-13 18:29:04,288 - INFO - EMIT crude_orderflow_signal: NO TRADE | Entry Score 55
2026-08-13 18:29:04,291 - INFO - EMIT crude_orderflow_signal: PUT BUY ([SIM]) | None
2026-08-13 18:29:05,391 - INFO - EMIT crude_orderflow_signal: NO TRADE | Entry Score 55
2026-08-13 18:29:05,391 - INFO - EMIT crude_orderflow_signal: PUT BUY ([SIM]) | None
2026-08-13 18:29:06,523 - INFO - EMIT crude_orderflow_signal: NO TRADE | Entry Score 55
2026-08-13 18:29:06,523 - INFO - EMIT crude_orderflow_signal: PUT BUY ([SIM]) | None
2026-08-13 18:29:07,622 - INFO - EMIT crude_orderflow_signal: NO TRADE | Entry Score 55
2026-08-13 18:29:07,638 - INFO - EMIT crude_orderflow_signal: PUT BUY ([SIM]) | None
2026-08-13 18:29:08,738 - INFO - EMIT crude_orderflow_signal: NO TRADE | Entry Score 55
2026-08-13 18:29:08,738 - INFO - EMIT crude_orderflow_signal: PUT BUY ([SIM]) | None
2026-08-13 18:29:09,854 - INFO - EMIT crude_orderflow_signal: NO TRADE | Entry Score 55
2026-08-13 18:29:09,854 - INFO - EMIT crude_orderflow_signal: PUT BUY ([SIM]) | None
2026-08-13 18:29:10,986 - INFO - EMIT crude_orderflow_signal: NO TRADE | Entry Score 55
2026-08-13 18:29:10,986 - INFO - EMIT crude_orderflow_signal: PUT BUY ([SIM]) | None
2026-08-13 18:29:12,085 - INFO - EMIT crude_orderflow_signal: NO TRADE | Entry Score 55
2026-08-13 18:29:12,085 - INFO - EMIT crude_orderflow_signal: PUT BUY ([SIM]) | None
2026-08-13 18:29:13,201 - INFO - EMIT crude_orderflow_signal: NO TRADE | Entry Score 55
2026-08-13 18:29:13,201 - INFO - EMIT crude_orderflow_signal: PUT BUY ([SIM]) | None
2026-08-13 18:29:13,434 - INFO - EMIT crude_orderflow_signal: NO TRADE | Entry Score 55
2026-08-13 18:29:14,300 - INFO - EMIT crude_orderflow_signal: NO TRADE | Entry Score 55
2026-08-13 18:29:14,300 - INFO - EMIT crude_orderflow_signal: PUT BUY ([SIM]) | None
2026-08-13 18:29:15,416 - INFO - EMIT crude_orderflow_signal: NO TRADE | Entry Score 55
2026-08-13 18:29:15,416 - INFO - EMIT crude_orderflow_signal: PUT BUY ([SIM]) | None
2026-08-13 18:29:16,547 - INFO - EMIT crude_orderflow_signal: NO TRADE | Entry Score 55
2026-08-13 18:29:16,547 - INFO - EMIT crude_orderflow_signal: PUT BUY ([SIM]) | None
2026-08-13 18:29:17,745 - INFO - EMIT crude_orderflow_signal: NO TRADE | Entry Score 55
2026-08-13 18:29:17,745 - INFO - EMIT crude_orderflow_signal: PUT BUY ([SIM]) | None
2026-08-13 18:29:19,386 - INFO - EMIT crude_orderflow_signal: NO TRADE | Entry Score 55
2026-08-13 18:29:19,391 - INFO - EMIT crude_orderflow_signal: PUT BUY ([SIM]) | None
2026-08-13 18:29:20,477 - INFO - EMIT crude_orderflow_signal: NO TRADE | Entry Score 55
2026-08-13 18:29:20,477 - INFO - EMIT crude_orderflow_signal: PUT BUY ([SIM]) | None
2026-08-13 18:29:21,593 - INFO - EMIT crude_orderflow_signal: NO TRADE | Entry Score 55
2026-08-13 18:29:21,593 - INFO - EMIT crude_orderflow_signal: PUT BUY ([SIM]) | None
2026-08-13 18:29:22,692 - INFO - EMIT crude_orderflow_signal: NO TRADE | Entry Score 55
2026-08-13 18:29:22,692 - INFO - EMIT crude_orderflow_signal: PUT BUY ([SIM]) | None
2026-08-13 18:29:23,791 - INFO - EMIT crude_orderflow_signal: NO TRADE | Entry Score 55
2026-08-13 18:29:23,791 - INFO - EMIT crude_orderflow_signal: PUT BUY ([SIM]) | None
2026-08-13 18:29:24,906 - INFO - EMIT crude_orderflow_signal: NO TRADE | Entry Score 55
2026-08-13 18:29:24,906 - INFO - EMIT crude_orderflow_signal: PUT BUY ([SIM]) | None
2026-08-13 18:29:26,013 - INFO - EMIT crude_orderflow_signal: NO TRADE | Entry Score 55
2026-08-13 18:29:26,021 - INFO - EMIT crude_orderflow_signal: PUT BUY ([SIM]) | None
2026-08-13 18:29:27,121 - INFO - EMIT crude_orderflow_signal: NO TRADE | Entry Score 55
2026-08-13 18:29:27,121 - INFO - EMIT crude_orderflow_signal: PUT BUY ([SIM]) | None
2026-08-13 18:29:28,220 - INFO - EMIT crude_orderflow_signal: NO TRADE | Entry Score 55
2026-08-13 18:29:28,220 - INFO - EMIT crude_orderflow_signal: PUT BUY ([SIM]) | None
2026-08-13 18:29:29,335 - INFO - EMIT crude_orderflow_signal: NO TRADE | Entry Score 55
2026-08-13 18:29:29,335 - INFO - EMIT crude_orderflow_signal: PUT BUY ([SIM]) | None
2026-08-13 18:29:30,451 - INFO - EMIT crude_orderflow_signal: NO TRADE | Entry Score 55
2026-08-13 18:29:30,451 - INFO - EMIT crude_orderflow_signal: PUT BUY ([SIM]) | None
2026-08-13 18:29:31,550 - INFO - EMIT crude_orderflow_signal: NO TRADE | Entry Score 55
2026-08-13 18:29:31,550 - INFO - EMIT crude_orderflow_signal: PUT BUY ([SIM]) | None
2026-08-13 18:29:32,649 - INFO - EMIT crude_orderflow_signal: NO TRADE | Entry Score 55
2026-08-13 18:29:32,665 - INFO - EMIT crude_orderflow_signal: PUT BUY ([SIM]) | None
2026-08-13 18:29:33,748 - INFO - EMIT crude_orderflow_signal: NO TRADE | Entry Score 55
2026-08-13 18:29:33,748 - INFO - EMIT crude_orderflow_signal: PUT BUY ([SIM]) | None
2026-08-13 18:29:34,863 - INFO - EMIT crude_orderflow_signal: NO TRADE | Entry Score 55
2026-08-13 18:29:34,863 - INFO - EMIT crude_orderflow_signal: PUT BUY ([SIM]) | None
2026-08-13 18:29:35,962 - INFO - EMIT crude_orderflow_signal: NO TRADE | Entry Score 55
2026-08-13 18:29:35,962 - INFO - EMIT crude_orderflow_signal: PUT BUY ([SIM]) | None
2026-08-13 18:29:37,061 - INFO - EMIT crude_orderflow_signal: NO TRADE | Entry Score 55
2026-08-13 18:29:37,077 - INFO - EMIT crude_orderflow_signal: PUT BUY ([SIM]) | None
2026-08-13 18:29:38,177 - INFO - EMIT crude_orderflow_signal: NO TRADE | Entry Score 55
2026-08-13 18:29:38,177 - INFO - EMIT crude_orderflow_signal: PUT BUY ([SIM]) | None
2026-08-13 18:29:39,293 - INFO - EMIT crude_orderflow_signal: NO TRADE | Entry Score 55
2026-08-13 18:29:39,293 - INFO - EMIT crude_orderflow_signal: PUT BUY ([SIM]) | None
2026-08-13 18:29:40,392 - INFO - EMIT crude_orderflow_signal: NO TRADE | Entry Score 55
2026-08-13 18:29:40,392 - INFO - EMIT crude_orderflow_signal: PUT BUY ([SIM]) | None
2026-08-13 18:29:41,491 - INFO - EMIT crude_orderflow_signal: NO TRADE | Entry Score 55
2026-08-13 18:29:41,491 - INFO - EMIT crude_orderflow_signal: PUT BUY ([SIM]) | None
2026-08-13 18:29:42,606 - INFO - EMIT crude_orderflow_signal: NO TRADE | Entry Score 55
2026-08-13 18:29:42,606 - INFO - EMIT crude_orderflow_signal: PUT BUY ([SIM]) | None
2026-08-13 18:29:43,422 - INFO - EMIT crude_orderflow_signal: NO TRADE | Entry Score 55
2026-08-13 18:29:43,711 - INFO - EMIT crude_orderflow_signal: NO TRADE | Entry Score 55
2026-08-13 18:29:43,713 - INFO - EMIT crude_orderflow_signal: PUT BUY ([SIM]) | None
2026-08-13 18:29:44,821 - INFO - EMIT crude_orderflow_signal: NO TRADE | Entry Score 55
2026-08-13 18:29:44,821 - INFO - EMIT crude_orderflow_signal: PUT BUY ([SIM]) | None
2026-08-13 18:29:45,936 - INFO - EMIT crude_orderflow_signal: NO TRADE | Entry Score 55
2026-08-13 18:29:45,937 - INFO - EMIT crude_orderflow_signal: PUT BUY ([SIM]) | None
2026-08-13 18:29:47,035 - INFO - EMIT crude_orderflow_signal: NO TRADE | Entry Score 55
2026-08-13 18:29:47,035 - INFO - EMIT crude_orderflow_signal: PUT BUY ([SIM]) | None
2026-08-13 18:29:48,134 - INFO - EMIT crude_orderflow_signal: NO TRADE | Entry Score 55
2026-08-13 18:29:48,150 - INFO - EMIT crude_orderflow_signal: PUT BUY ([SIM]) | None
2026-08-13 18:29:49,429 - INFO - EMIT crude_orderflow_signal: NO TRADE | Entry Score 55
2026-08-13 18:29:49,435 - INFO - EMIT crude_orderflow_signal: PUT BUY ([SIM]) | None
2026-08-13 18:29:50,532 - INFO - EMIT crude_orderflow_signal: NO TRADE | Entry Score 55
2026-08-13 18:29:50,532 - INFO - EMIT crude_orderflow_signal: PUT BUY ([SIM]) | None
2026-08-13 18:29:51,648 - INFO - EMIT crude_orderflow_signal: NO TRADE | Entry Score 55
2026-08-13 18:29:51,648 - INFO - EMIT crude_orderflow_signal: PUT BUY ([SIM]) | None
2026-08-13 18:29:52,751 - INFO - EMIT crude_orderflow_signal: NO TRADE | Entry Score 55
2026-08-13 18:29:52,751 - INFO - EMIT crude_orderflow_signal: PUT BUY ([SIM]) | None
2026-08-13 18:29:53,863 - INFO - EMIT crude_orderflow_signal: NO TRADE | Entry Score 55
2026-08-13 18:29:53,864 - INFO - EMIT crude_orderflow_signal: PUT BUY ([SIM]) | None
2026-08-13 18:29:54,964 - INFO - EMIT crude_orderflow_signal: NO TRADE | Entry Score 55
2026-08-13 18:29:54,964 - INFO - EMIT crude_orderflow_signal: PUT BUY ([SIM]) | None
2026-08-13 18:29:56,060 - INFO - EMIT crude_orderflow_signal: NO TRADE | Entry Score 55
2026-08-13 18:29:56,060 - INFO - EMIT crude_orderflow_signal: PUT BUY ([SIM]) | None
2026-08-13 18:29:57,175 - INFO - EMIT crude_orderflow_signal: NO TRADE | Entry Score 55
2026-08-13 18:29:57,176 - INFO - EMIT crude_orderflow_signal: PUT BUY ([SIM]) | None
2026-08-13 18:29:58,275 - INFO - EMIT crude_orderflow_signal: NO TRADE | Entry Score 55
2026-08-13 18:29:58,275 - INFO - EMIT crude_orderflow_signal: PUT BUY ([SIM]) | None
2026-08-13 18:29:59,374 - INFO - EMIT crude_orderflow_signal: NO TRADE | Entry Score 55
2026-08-13 18:29:59,390 - INFO - EMIT crude_orderflow_signal: PUT BUY ([SIM]) | None
2026-08-13 18:30:00,505 - INFO - EMIT crude_orderflow_signal: NO TRADE | Entry Score 55
2026-08-13 18:30:00,507 - INFO - EMIT crude_orderflow_signal: PUT BUY ([SIM]) | None
2026-08-13 18:30:01,623 - INFO - EMIT crude_orderflow_signal: NO TRADE | Entry Score 55
2026-08-13 18:30:01,623 - INFO - EMIT crude_orderflow_signal: PUT BUY ([SIM]) | None
2026-08-13 18:30:02,737 - INFO - EMIT crude_orderflow_signal: NO TRADE | Entry Score 55
2026-08-13 18:30:02,737 - INFO - EMIT crude_orderflow_signal: PUT BUY ([SIM]) | None
2026-08-13 18:30:04,476 - INFO - EMIT crude_orderflow_signal: NO TRADE | Entry Score 55
2026-08-13 18:30:04,478 - INFO - EMIT crude_orderflow_signal: PUT BUY ([SIM]) | None
2026-08-13 18:30:05,641 - INFO - EMIT crude_orderflow_signal: NO TRADE | Entry Score 55
2026-08-13 18:30:05,643 - INFO - EMIT crude_orderflow_signal: PUT BUY ([SIM]) | None
2026-08-13 18:30:06,767 - INFO - EMIT crude_orderflow_signal: NO TRADE | Entry Score 55
2026-08-13 18:30:06,767 - INFO - EMIT crude_orderflow_signal: PUT BUY ([SIM]) | None
2026-08-13 18:30:07,870 - INFO - EMIT crude_orderflow_signal: NO TRADE | Entry Score 55
2026-08-13 18:30:07,870 - INFO - EMIT crude_orderflow_signal: PUT BUY ([SIM]) | None
2026-08-13 18:30:08,969 - INFO - EMIT crude_orderflow_signal: NO TRADE | Entry Score 55
2026-08-13 18:30:08,969 - INFO - EMIT crude_orderflow_signal: PUT BUY ([SIM]) | None
2026-08-13 18:30:10,068 - INFO - EMIT crude_orderflow_signal: NO TRADE | Entry Score 55
2026-08-13 18:30:10,068 - INFO - EMIT crude_orderflow_signal: PUT BUY ([SIM]) | None
2026-08-13 18:30:11,181 - INFO - EMIT crude_orderflow_signal: NO TRADE | Entry Score 55
2026-08-13 18:30:11,181 - INFO - EMIT crude_orderflow_signal: PUT BUY ([SIM]) | None
2026-08-13 18:30:12,266 - INFO - EMIT crude_orderflow_signal: NO TRADE | Entry Score 55
2026-08-13 18:30:12,266 - INFO - EMIT crude_orderflow_signal: PUT BUY ([SIM]) | None
2026-08-13 18:30:13,398 - INFO - EMIT crude_orderflow_signal: NO TRADE | Entry Score 55
2026-08-13 18:30:13,398 - INFO - EMIT crude_orderflow_signal: PUT BUY ([SIM]) | None
2026-08-13 18:30:13,432 - INFO - EMIT crude_orderflow_signal: NO TRADE | Entry Score 55
2026-08-13 18:30:14,514 - INFO - EMIT crude_orderflow_signal: NO TRADE | Entry Score 55
2026-08-13 18:30:14,514 - INFO - EMIT crude_orderflow_signal: PUT BUY ([SIM]) | None
2026-08-13 18:30:15,629 - INFO - EMIT crude_orderflow_signal: NO TRADE | Entry Score 55
2026-08-13 18:30:15,642 - INFO - EMIT crude_orderflow_signal: PUT BUY ([SIM]) | None
2026-08-13 18:30:16,745 - INFO - EMIT crude_orderflow_signal: NO TRADE | Entry Score 55
2026-08-13 18:30:16,745 - INFO - EMIT crude_orderflow_signal: PUT BUY ([SIM]) | None
2026-08-13 18:30:17,877 - INFO - EMIT crude_orderflow_signal: NO TRADE | Entry Score 55
2026-08-13 18:30:17,877 - INFO - EMIT crude_orderflow_signal: PUT BUY ([SIM]) | None
2026-08-13 18:30:19,378 - INFO - EMIT crude_orderflow_signal: NO TRADE | Entry Score 55
2026-08-13 18:30:19,380 - INFO - EMIT crude_orderflow_signal: PUT BUY ([SIM]) | None
2026-08-13 18:30:20,515 - INFO - EMIT crude_orderflow_signal: NO TRADE | Entry Score 55
2026-08-13 18:30:20,515 - INFO - EMIT crude_orderflow_signal: PUT BUY ([SIM]) | None
2026-08-13 18:30:21,603 - INFO - EMIT crude_orderflow_signal: NO TRADE | Entry Score 55
2026-08-13 18:30:21,619 - INFO - EMIT crude_orderflow_signal: PUT BUY ([SIM]) | None
2026-08-13 18:30:22,706 - INFO - EMIT crude_orderflow_signal: NO TRADE | Entry Score 55
2026-08-13 18:30:22,706 - INFO - EMIT crude_orderflow_signal: PUT BUY ([SIM]) | None
2026-08-13 18:30:23,805 - INFO - EMIT crude_orderflow_signal: NO TRADE | Entry Score 55
2026-08-13 18:30:23,805 - INFO - EMIT crude_orderflow_signal: PUT BUY ([SIM]) | None
2026-08-13 18:30:24,916 - INFO - EMIT crude_orderflow_signal: NO TRADE | Entry Score 55
2026-08-13 18:30:24,917 - INFO - EMIT crude_orderflow_signal: PUT BUY ([SIM]) | None
2026-08-13 18:30:26,016 - INFO - EMIT crude_orderflow_signal: NO TRADE | Entry Score 55
2026-08-13 18:30:26,016 - INFO - EMIT crude_orderflow_signal: PUT BUY ([SIM]) | None
2026-08-13 18:30:27,148 - INFO - EMIT crude_orderflow_signal: NO TRADE | Entry Score 55
2026-08-13 18:30:27,148 - INFO - EMIT crude_orderflow_signal: PUT BUY ([SIM]) | None
2026-08-13 18:30:28,264 - INFO - EMIT crude_orderflow_signal: NO TRADE | Entry Score 55
2026-08-13 18:30:28,264 - INFO - EMIT crude_orderflow_signal: PUT BUY ([SIM]) | None
2026-08-13 18:30:29,363 - INFO - EMIT crude_orderflow_signal: NO TRADE | Entry Score 55
2026-08-13 18:30:29,363 - INFO - EMIT crude_orderflow_signal: PUT BUY ([SIM]) | None
2026-08-13 18:30:30,491 - INFO - EMIT crude_orderflow_signal: NO TRADE | Entry Score 55
2026-08-13 18:30:30,492 - INFO - EMIT crude_orderflow_signal: PUT BUY ([SIM]) | None
2026-08-13 18:30:31,629 - INFO - EMIT crude_orderflow_signal: NO TRADE | Entry Score 55
2026-08-13 18:30:31,629 - INFO - EMIT crude_orderflow_signal: PUT BUY ([SIM]) | None
2026-08-13 18:30:32,726 - INFO - EMIT crude_orderflow_signal: NO TRADE | Entry Score 55
2026-08-13 18:30:32,726 - INFO - EMIT crude_orderflow_signal: PUT BUY ([SIM]) | None
2026-08-13 18:30:33,825 - INFO - EMIT crude_orderflow_signal: NO TRADE | Entry Score 55
2026-08-13 18:30:33,825 - INFO - EMIT crude_orderflow_signal: PUT BUY ([SIM]) | None
2026-08-13 18:30:35,178 - INFO - EMIT crude_orderflow_signal: NO TRADE | Entry Score 55
2026-08-13 18:30:35,178 - INFO - EMIT crude_orderflow_signal: PUT BUY ([SIM]) | None
2026-08-13 18:30:36,275 - INFO - EMIT crude_orderflow_signal: NO TRADE | Entry Score 55
2026-08-13 18:30:36,275 - INFO - EMIT crude_orderflow_signal: PUT BUY ([SIM]) | None
2026-08-13 18:30:37,408 - INFO - EMIT crude_orderflow_signal: NO TRADE | Entry Score 55
2026-08-13 18:30:37,408 - INFO - EMIT crude_orderflow_signal: PUT BUY ([SIM]) | None
2026-08-13 18:30:38,504 - INFO - EMIT crude_orderflow_signal: NO TRADE | Entry Score 55
2026-08-13 18:30:38,504 - INFO - EMIT crude_orderflow_signal: PUT BUY ([SIM]) | None
2026-08-13 18:30:39,673 - INFO - EMIT crude_orderflow_signal: NO TRADE | Entry Score 55
2026-08-13 18:30:39,673 - INFO - EMIT crude_orderflow_signal: PUT BUY ([SIM]) | None
2026-08-13 18:30:40,768 - INFO - EMIT crude_orderflow_signal: NO TRADE | Entry Score 55
2026-08-13 18:30:40,784 - INFO - EMIT crude_orderflow_signal: PUT BUY ([SIM]) | None
2026-08-13 18:30:41,901 - INFO - EMIT crude_orderflow_signal: NO TRADE | Entry Score 55
2026-08-13 18:30:41,901 - INFO - EMIT crude_orderflow_signal: PUT BUY ([SIM]) | None
2026-08-13 18:30:43,000 - INFO - EMIT crude_orderflow_signal: NO TRADE | Entry Score 55
2026-08-13 18:30:43,000 - INFO - EMIT crude_orderflow_signal: PUT BUY ([SIM]) | None
2026-08-13 18:30:43,435 - INFO - EMIT crude_orderflow_signal: NO TRADE | Entry Score 55
2026-08-13 18:30:44,099 - INFO - EMIT crude_orderflow_signal: NO TRADE | Entry Score 55
2026-08-13 18:30:44,115 - INFO - EMIT crude_orderflow_signal: PUT BUY ([SIM]) | None
2026-08-13 18:30:45,214 - INFO - EMIT crude_orderflow_signal: NO TRADE | Entry Score 55
2026-08-13 18:30:45,214 - INFO - EMIT crude_orderflow_signal: PUT BUY ([SIM]) | None
2026-08-13 18:30:46,363 - INFO - EMIT crude_orderflow_signal: NO TRADE | Entry Score 55
2026-08-13 18:30:46,363 - INFO - EMIT crude_orderflow_signal: PUT BUY ([SIM]) | None
2026-08-13 18:30:47,462 - INFO - EMIT crude_orderflow_signal: NO TRADE | Entry Score 55
2026-08-13 18:30:47,462 - INFO - EMIT crude_orderflow_signal: PUT BUY ([SIM]) | None
2026-08-13 18:30:48,615 - INFO - EMIT crude_orderflow_signal: NO TRADE | Entry Score 25
2026-08-13 18:30:48,615 - INFO - EMIT crude_orderflow_signal: PUT BUY ([SIM]) | None
2026-08-13 18:30:49,891 - INFO - EMIT crude_orderflow_signal: NO TRADE | Entry Score 25
2026-08-13 18:30:49,922 - INFO - EMIT crude_orderflow_signal: PUT BUY ([SIM]) | None
2026-08-13 18:30:51,012 - INFO - EMIT crude_orderflow_signal: NO TRADE | Entry Score 25
2026-08-13 18:30:51,012 - INFO - EMIT crude_orderflow_signal: PUT BUY ([SIM]) | None
2026-08-13 18:30:52,143 - INFO - EMIT crude_orderflow_signal: NO TRADE | Entry Score 25
2026-08-13 18:30:52,145 - INFO - EMIT crude_orderflow_signal: PUT BUY ([SIM]) | None
2026-08-13 18:30:53,277 - INFO - EMIT crude_orderflow_signal: NO TRADE | Entry Score 25
2026-08-13 18:30:53,291 - INFO - EMIT crude_orderflow_signal: PUT BUY ([SIM]) | None
2026-08-13 18:30:54,393 - INFO - EMIT crude_orderflow_signal: NO TRADE | Entry Score 25
2026-08-13 18:30:54,395 - INFO - EMIT crude_orderflow_signal: PUT BUY ([SIM]) | None
2026-08-13 18:30:55,492 - INFO - EMIT crude_orderflow_signal: NO TRADE | Entry Score 25
2026-08-13 18:30:55,492 - INFO - EMIT crude_orderflow_signal: PUT BUY ([SIM]) | None
2026-08-13 18:30:56,591 - INFO - EMIT crude_orderflow_signal: NO TRADE | Entry Score 25
2026-08-13 18:30:56,591 - INFO - EMIT crude_orderflow_signal: PUT BUY ([SIM]) | None
2026-08-13 18:30:57,690 - INFO - EMIT crude_orderflow_signal: NO TRADE | Entry Score 25
2026-08-13 18:30:57,690 - INFO - EMIT crude_orderflow_signal: PUT BUY ([SIM]) | None
2026-08-13 18:30:58,802 - INFO - EMIT crude_orderflow_signal: NO TRADE | Entry Score 25
2026-08-13 18:30:58,802 - INFO - EMIT crude_orderflow_signal: PUT BUY ([SIM]) | None
2026-08-13 18:30:59,917 - INFO - EMIT crude_orderflow_signal: NO TRADE | Entry Score 25
2026-08-13 18:30:59,917 - INFO - EMIT crude_orderflow_signal: PUT BUY ([SIM]) | None
2026-08-13 18:31:01,016 - INFO - EMIT crude_orderflow_signal: NO TRADE | Entry Score 25
2026-08-13 18:31:01,016 - INFO - EMIT crude_orderflow_signal: PUT BUY ([SIM]) | None
2026-08-13 18:31:02,115 - INFO - EMIT crude_orderflow_signal: NO TRADE | Entry Score 25
2026-08-13 18:31:02,131 - INFO - EMIT crude_orderflow_signal: PUT BUY ([SIM]) | None
2026-08-13 18:31:03,231 - INFO - EMIT crude_orderflow_signal: NO TRADE | Entry Score 25
2026-08-13 18:31:03,231 - INFO - EMIT crude_orderflow_signal: PUT BUY ([SIM]) | None
2026-08-13 18:31:04,330 - INFO - EMIT crude_orderflow_signal: NO TRADE | Entry Score 25
2026-08-13 18:31:04,330 - INFO - EMIT crude_orderflow_signal: PUT BUY ([SIM]) | None
2026-08-13 18:31:05,498 - INFO - EMIT crude_orderflow_signal: NO TRADE | Entry Score 25
2026-08-13 18:31:05,498 - INFO - EMIT crude_orderflow_signal: PUT BUY ([SIM]) | None
2026-08-13 18:31:06,622 - INFO - EMIT crude_orderflow_signal: NO TRADE | Entry Score 25
2026-08-13 18:31:06,622 - INFO - EMIT crude_orderflow_signal: PUT BUY ([SIM]) | None
2026-08-13 18:31:07,743 - INFO - EMIT crude_orderflow_signal: NO TRADE | Entry Score 25
2026-08-13 18:31:07,743 - INFO - EMIT crude_orderflow_signal: PUT BUY ([SIM]) | None
2026-08-13 18:31:08,842 - INFO - EMIT crude_orderflow_signal: NO TRADE | Entry Score 25
2026-08-13 18:31:08,842 - INFO - EMIT crude_orderflow_signal: PUT BUY ([SIM]) | None
2026-08-13 18:31:09,975 - INFO - EMIT crude_orderflow_signal: NO TRADE | Entry Score 25
2026-08-13 18:31:09,975 - INFO - EMIT crude_orderflow_signal: PUT BUY ([SIM]) | None
2026-08-13 18:31:11,123 - INFO - EMIT crude_orderflow_signal: NO TRADE | Entry Score 25
2026-08-13 18:31:11,123 - INFO - EMIT crude_orderflow_signal: PUT BUY ([SIM]) | None
2026-08-13 18:31:12,222 - INFO - EMIT crude_orderflow_signal: NO TRADE | Entry Score 25
2026-08-13 18:31:12,238 - INFO - EMIT crude_orderflow_signal: PUT BUY ([SIM]) | None
2026-08-13 18:31:13,338 - INFO - EMIT crude_orderflow_signal: NO TRADE | Entry Score 25
2026-08-13 18:31:13,338 - INFO - EMIT crude_orderflow_signal: PUT BUY ([SIM]) | None
2026-08-13 18:31:13,421 - INFO - EMIT crude_orderflow_signal: NO TRADE | Entry Score 25
2026-08-13 18:31:14,437 - INFO - EMIT crude_orderflow_signal: NO TRADE | Entry Score 25
2026-08-13 18:31:14,437 - INFO - EMIT crude_orderflow_signal: PUT BUY ([SIM]) | None
2026-08-13 18:31:15,586 - INFO - EMIT crude_orderflow_signal: NO TRADE | Entry Score 25
2026-08-13 18:31:15,586 - INFO - EMIT crude_orderflow_signal: PUT BUY ([SIM]) | None
2026-08-13 18:31:16,751 - INFO - EMIT crude_orderflow_signal: NO TRADE | Entry Score 25
2026-08-13 18:31:16,751 - INFO - EMIT crude_orderflow_signal: PUT BUY ([SIM]) | None
2026-08-13 18:31:17,867 - INFO - EMIT crude_orderflow_signal: NO TRADE | Entry Score 25
2026-08-13 18:31:17,869 - INFO - EMIT crude_orderflow_signal: PUT BUY ([SIM]) | None
2026-08-13 18:31:18,983 - INFO - EMIT crude_orderflow_signal: NO TRADE | Entry Score 25
2026-08-13 18:31:18,983 - INFO - EMIT crude_orderflow_signal: PUT BUY ([SIM]) | None
2026-08-13 18:31:20,118 - INFO - EMIT crude_orderflow_signal: NO TRADE | Entry Score 25
2026-08-13 18:31:20,130 - INFO - EMIT crude_orderflow_signal: PUT BUY ([SIM]) | None
2026-08-13 18:31:21,214 - INFO - EMIT crude_orderflow_signal: NO TRADE | Entry Score 25
2026-08-13 18:31:21,214 - INFO - EMIT crude_orderflow_signal: PUT BUY ([SIM]) | None
2026-08-13 18:31:22,330 - INFO - EMIT crude_orderflow_signal: NO TRADE | Entry Score 25
2026-08-13 18:31:22,330 - INFO - EMIT crude_orderflow_signal: PUT BUY ([SIM]) | None
2026-08-13 18:31:23,445 - INFO - EMIT crude_orderflow_signal: NO TRADE | Entry Score 25
2026-08-13 18:31:23,446 - INFO - EMIT crude_orderflow_signal: PUT BUY ([SIM]) | None
2026-08-13 18:31:24,544 - INFO - EMIT crude_orderflow_signal: NO TRADE | Entry Score 25
2026-08-13 18:31:24,544 - INFO - EMIT crude_orderflow_signal: PUT BUY ([SIM]) | None
2026-08-13 18:31:25,659 - INFO - EMIT crude_orderflow_signal: NO TRADE | Entry Score 25
2026-08-13 18:31:25,660 - INFO - EMIT crude_orderflow_signal: PUT BUY ([SIM]) | None
2026-08-13 18:31:26,759 - INFO - EMIT crude_orderflow_signal: NO TRADE | Entry Score 25
2026-08-13 18:31:26,759 - INFO - EMIT crude_orderflow_signal: PUT BUY ([SIM]) | None
2026-08-13 18:31:27,858 - INFO - EMIT crude_orderflow_signal: NO TRADE | Entry Score 25
2026-08-13 18:31:27,858 - INFO - EMIT crude_orderflow_signal: PUT BUY ([SIM]) | None
2026-08-13 18:31:28,957 - INFO - EMIT crude_orderflow_signal: NO TRADE | Entry Score 25
2026-08-13 18:31:28,957 - INFO - EMIT crude_orderflow_signal: PUT BUY ([SIM]) | None
2026-08-13 18:31:30,056 - INFO - EMIT crude_orderflow_signal: NO TRADE | Entry Score 25
2026-08-13 18:31:30,056 - INFO - EMIT crude_orderflow_signal: PUT BUY ([SIM]) | None
2026-08-13 18:31:31,155 - INFO - EMIT crude_orderflow_signal: NO TRADE | Entry Score 25
2026-08-13 18:31:31,155 - INFO - EMIT crude_orderflow_signal: PUT BUY ([SIM]) | None
2026-08-13 18:31:32,270 - INFO - EMIT crude_orderflow_signal: NO TRADE | Entry Score 25
2026-08-13 18:31:32,270 - INFO - EMIT crude_orderflow_signal: PUT BUY ([SIM]) | None
2026-08-13 18:31:33,382 - INFO - EMIT crude_orderflow_signal: NO TRADE | Entry Score 25
2026-08-13 18:31:33,383 - INFO - EMIT crude_orderflow_signal: PUT BUY ([SIM]) | None
2026-08-13 18:31:34,502 - INFO - EMIT crude_orderflow_signal: NO TRADE | Entry Score 25
2026-08-13 18:31:34,502 - INFO - EMIT crude_orderflow_signal: PUT BUY ([SIM]) | None
2026-08-13 18:31:35,601 - INFO - EMIT crude_orderflow_signal: NO TRADE | Entry Score 25
2026-08-13 18:31:35,601 - INFO - EMIT crude_orderflow_signal: PUT BUY ([SIM]) | None
2026-08-13 18:31:36,699 - INFO - EMIT crude_orderflow_signal: NO TRADE | Entry Score 25
2026-08-13 18:31:36,699 - INFO - EMIT crude_orderflow_signal: PUT BUY ([SIM]) | None
2026-08-13 18:31:37,798 - INFO - EMIT crude_orderflow_signal: NO TRADE | Entry Score 25
2026-08-13 18:31:37,814 - INFO - EMIT crude_orderflow_signal: PUT BUY ([SIM]) | None
2026-08-13 18:31:38,931 - INFO - EMIT crude_orderflow_signal: NO TRADE | Entry Score 25
2026-08-13 18:31:38,933 - INFO - EMIT crude_orderflow_signal: PUT BUY ([SIM]) | None
2026-08-13 18:31:40,030 - INFO - EMIT crude_orderflow_signal: NO TRADE | Entry Score 25
2026-08-13 18:31:40,030 - INFO - EMIT crude_orderflow_signal: PUT BUY ([SIM]) | None
2026-08-13 18:31:41,129 - INFO - EMIT crude_orderflow_signal: NO TRADE | Entry Score 25
2026-08-13 18:31:41,129 - INFO - EMIT crude_orderflow_signal: PUT BUY ([SIM]) | None
2026-08-13 18:31:42,228 - INFO - EMIT crude_orderflow_signal: NO TRADE | Entry Score 25
2026-08-13 18:31:42,228 - INFO - EMIT crude_orderflow_signal: PUT BUY ([SIM]) | None
2026-08-13 18:31:43,343 - INFO - EMIT crude_orderflow_signal: NO TRADE | Entry Score 25
2026-08-13 18:31:43,343 - INFO - EMIT crude_orderflow_signal: PUT BUY ([SIM]) | None
2026-08-13 18:31:43,427 - INFO - EMIT crude_orderflow_signal: NO TRADE | Entry Score 25
2026-08-13 18:31:44,459 - INFO - EMIT crude_orderflow_signal: NO TRADE | Entry Score 25
2026-08-13 18:31:44,459 - INFO - EMIT crude_orderflow_signal: PUT BUY ([SIM]) | None
2026-08-13 18:31:45,575 - INFO - EMIT crude_orderflow_signal: NO TRADE | Entry Score 25
2026-08-13 18:31:45,575 - INFO - EMIT crude_orderflow_signal: PUT BUY ([SIM]) | None
2026-08-13 18:31:46,674 - INFO - EMIT crude_orderflow_signal: NO TRADE | Entry Score 25
2026-08-13 18:31:46,674 - INFO - EMIT crude_orderflow_signal: PUT BUY ([SIM]) | None
2026-08-13 18:31:47,772 - INFO - EMIT crude_orderflow_signal: NO TRADE | Entry Score 25
2026-08-13 18:31:47,772 - INFO - EMIT crude_orderflow_signal: PUT BUY ([SIM]) | None
2026-08-13 18:31:48,872 - INFO - EMIT crude_orderflow_signal: NO TRADE | Entry Score 25
2026-08-13 18:31:48,872 - INFO - EMIT crude_orderflow_signal: PUT BUY ([SIM]) | None
2026-08-13 18:31:49,970 - INFO - EMIT crude_orderflow_signal: NO TRADE | Entry Score 25
2026-08-13 18:31:49,970 - INFO - EMIT crude_orderflow_signal: PUT BUY ([SIM]) | None
2026-08-13 18:31:51,069 - INFO - EMIT crude_orderflow_signal: NO TRADE | Entry Score 25
2026-08-13 18:31:51,069 - INFO - EMIT crude_orderflow_signal: PUT BUY ([SIM]) | None
2026-08-13 18:31:52,168 - INFO - EMIT crude_orderflow_signal: NO TRADE | Entry Score 25
2026-08-13 18:31:52,168 - INFO - EMIT crude_orderflow_signal: PUT BUY ([SIM]) | None
2026-08-13 18:31:53,267 - INFO - EMIT crude_orderflow_signal: NO TRADE | Entry Score 25
2026-08-13 18:31:53,267 - INFO - EMIT crude_orderflow_signal: PUT BUY ([SIM]) | None
2026-08-13 18:31:54,366 - INFO - EMIT crude_orderflow_signal: NO TRADE | Entry Score 25
2026-08-13 18:31:54,366 - INFO - EMIT crude_orderflow_signal: PUT BUY ([SIM]) | None
2026-08-13 18:31:55,465 - INFO - EMIT crude_orderflow_signal: NO TRADE | Entry Score 25
2026-08-13 18:31:55,465 - INFO - EMIT crude_orderflow_signal: PUT BUY ([SIM]) | None
2026-08-13 18:31:56,564 - INFO - EMIT crude_orderflow_signal: NO TRADE | Entry Score 25
2026-08-13 18:31:56,564 - INFO - EMIT crude_orderflow_signal: PUT BUY ([SIM]) | None
2026-08-13 18:31:57,663 - INFO - EMIT crude_orderflow_signal: NO TRADE | Entry Score 25
2026-08-13 18:31:57,663 - INFO - EMIT crude_orderflow_signal: PUT BUY ([SIM]) | None
2026-08-13 18:31:58,786 - INFO - EMIT crude_orderflow_signal: NO TRADE | Entry Score 25
2026-08-13 18:31:58,787 - INFO - EMIT crude_orderflow_signal: PUT BUY ([SIM]) | None
2026-08-13 18:31:59,878 - INFO - EMIT crude_orderflow_signal: NO TRADE | Entry Score 25
2026-08-13 18:31:59,878 - INFO - EMIT crude_orderflow_signal: PUT BUY ([SIM]) | None
2026-08-13 18:32:01,026 - INFO - EMIT crude_orderflow_signal: NO TRADE | Entry Score 25
2026-08-13 18:32:01,026 - INFO - EMIT crude_orderflow_signal: PUT BUY ([SIM]) | None
2026-08-13 18:32:02,142 - INFO - EMIT crude_orderflow_signal: NO TRADE | Entry Score 25
2026-08-13 18:32:02,142 - INFO - EMIT crude_orderflow_signal: PUT BUY ([SIM]) | None
2026-08-13 18:32:03,246 - INFO - EMIT crude_orderflow_signal: NO TRADE | Entry Score 25
2026-08-13 18:32:03,246 - INFO - EMIT crude_orderflow_signal: PUT BUY ([SIM]) | None
2026-08-13 18:32:04,357 - INFO - EMIT crude_orderflow_signal: NO TRADE | Entry Score 25
2026-08-13 18:32:04,357 - INFO - EMIT crude_orderflow_signal: PUT BUY ([SIM]) | None
2026-08-13 18:32:05,456 - INFO - EMIT crude_orderflow_signal: NO TRADE | Entry Score 25
2026-08-13 18:32:05,456 - INFO - EMIT crude_orderflow_signal: PUT BUY ([SIM]) | None
2026-08-13 18:32:06,555 - INFO - EMIT crude_orderflow_signal: NO TRADE | Entry Score 25
2026-08-13 18:32:06,555 - INFO - EMIT crude_orderflow_signal: PUT BUY ([SIM]) | None
2026-08-13 18:32:07,654 - INFO - EMIT crude_orderflow_signal: NO TRADE | Entry Score 25
2026-08-13 18:32:07,654 - INFO - EMIT crude_orderflow_signal: PUT BUY ([SIM]) | None
2026-08-13 18:32:08,772 - INFO - EMIT crude_orderflow_signal: NO TRADE | Entry Score 25
2026-08-13 18:32:08,772 - INFO - EMIT crude_orderflow_signal: PUT BUY ([SIM]) | None
2026-08-13 18:32:09,868 - INFO - EMIT crude_orderflow_signal: NO TRADE | Entry Score 25
2026-08-13 18:32:09,868 - INFO - EMIT crude_orderflow_signal: PUT BUY ([SIM]) | None
2026-08-13 18:32:11,002 - INFO - EMIT crude_orderflow_signal: NO TRADE | Entry Score 25
2026-08-13 18:32:11,002 - INFO - EMIT crude_orderflow_signal: PUT BUY ([SIM]) | None
2026-08-13 18:32:12,100 - INFO - EMIT crude_orderflow_signal: NO TRADE | Entry Score 25
2026-08-13 18:32:12,100 - INFO - EMIT crude_orderflow_signal: PUT BUY ([SIM]) | None
2026-08-13 18:32:13,199 - INFO - EMIT crude_orderflow_signal: NO TRADE | Entry Score 25
2026-08-13 18:32:13,199 - INFO - EMIT crude_orderflow_signal: PUT BUY ([SIM]) | None
2026-08-13 18:32:13,432 - INFO - EMIT crude_orderflow_signal: NO TRADE | Entry Score 25
2026-08-13 18:32:14,314 - INFO - EMIT crude_orderflow_signal: NO TRADE | Entry Score 25
2026-08-13 18:32:14,314 - INFO - EMIT crude_orderflow_signal: PUT BUY ([SIM]) | None
2026-08-13 18:32:15,416 - INFO - EMIT crude_orderflow_signal: NO TRADE | Entry Score 25
2026-08-13 18:32:15,416 - INFO - EMIT crude_orderflow_signal: PUT BUY ([SIM]) | None
2026-08-13 18:32:16,512 - INFO - EMIT crude_orderflow_signal: NO TRADE | Entry Score 25
2026-08-13 18:32:16,512 - INFO - EMIT crude_orderflow_signal: PUT BUY ([SIM]) | None
2026-08-13 18:32:17,628 - INFO - EMIT crude_orderflow_signal: NO TRADE | Entry Score 25
2026-08-13 18:32:17,628 - INFO - EMIT crude_orderflow_signal: PUT BUY ([SIM]) | None
2026-08-13 18:32:18,776 - INFO - EMIT crude_orderflow_signal: NO TRADE | Entry Score 25
2026-08-13 18:32:18,777 - INFO - EMIT crude_orderflow_signal: PUT BUY ([SIM]) | None
2026-08-13 18:32:19,876 - INFO - EMIT crude_orderflow_signal: NO TRADE | Entry Score 25
2026-08-13 18:32:19,876 - INFO - EMIT crude_orderflow_signal: PUT BUY ([SIM]) | None
2026-08-13 18:32:20,975 - INFO - EMIT crude_orderflow_signal: NO TRADE | Entry Score 25
2026-08-13 18:32:20,975 - INFO - EMIT crude_orderflow_signal: PUT BUY ([SIM]) | None
2026-08-13 18:32:22,074 - INFO - EMIT crude_orderflow_signal: NO TRADE | Entry Score 25
2026-08-13 18:32:22,074 - INFO - EMIT crude_orderflow_signal: PUT BUY ([SIM]) | None
2026-08-13 18:32:23,206 - INFO - EMIT crude_orderflow_signal: NO TRADE | Entry Score 25
2026-08-13 18:32:23,208 - INFO - EMIT crude_orderflow_signal: PUT BUY ([SIM]) | None
2026-08-13 18:32:24,305 - INFO - EMIT crude_orderflow_signal: NO TRADE | Entry Score 25
2026-08-13 18:32:24,305 - INFO - EMIT crude_orderflow_signal: PUT BUY ([SIM]) | None
2026-08-13 18:32:25,404 - INFO - EMIT crude_orderflow_signal: NO TRADE | Entry Score 25
2026-08-13 18:32:25,404 - INFO - EMIT crude_orderflow_signal: PUT BUY ([SIM]) | None
2026-08-13 18:32:26,519 - INFO - EMIT crude_orderflow_signal: NO TRADE | Entry Score 25
2026-08-13 18:32:26,520 - INFO - EMIT crude_orderflow_signal: PUT BUY ([SIM]) | None
2026-08-13 18:32:27,618 - INFO - EMIT crude_orderflow_signal: NO TRADE | Entry Score 25
2026-08-13 18:32:27,619 - INFO - EMIT crude_orderflow_signal: PUT BUY ([SIM]) | None
2026-08-13 18:32:28,718 - INFO - EMIT crude_orderflow_signal: NO TRADE | Entry Score 25
2026-08-13 18:32:28,718 - INFO - EMIT crude_orderflow_signal: PUT BUY ([SIM]) | None
2026-08-13 18:32:29,833 - INFO - EMIT crude_orderflow_signal: NO TRADE | Entry Score 25
2026-08-13 18:32:29,833 - INFO - EMIT crude_orderflow_signal: PUT BUY ([SIM]) | None
2026-08-13 18:32:30,982 - INFO - EMIT crude_orderflow_signal: NO TRADE | Entry Score 25
2026-08-13 18:32:30,982 - INFO - EMIT crude_orderflow_signal: PUT BUY ([SIM]) | None
2026-08-13 18:32:32,064 - INFO - EMIT crude_orderflow_signal: NO TRADE | Entry Score 25
2026-08-13 18:32:32,064 - INFO - EMIT crude_orderflow_signal: PUT BUY ([SIM]) | None
2026-08-13 18:32:33,163 - INFO - EMIT crude_orderflow_signal: NO TRADE | Entry Score 25
2026-08-13 18:32:33,163 - INFO - EMIT crude_orderflow_signal: PUT BUY ([SIM]) | None
2026-08-13 18:32:34,246 - INFO - EMIT crude_orderflow_signal: NO TRADE | Entry Score 25
2026-08-13 18:32:34,246 - INFO - EMIT crude_orderflow_signal: PUT BUY ([SIM]) | None
2026-08-13 18:32:35,378 - INFO - EMIT crude_orderflow_signal: NO TRADE | Entry Score 25
2026-08-13 18:32:35,378 - INFO - EMIT crude_orderflow_signal: PUT BUY ([SIM]) | None
2026-08-13 18:32:36,460 - INFO - EMIT crude_orderflow_signal: NO TRADE | Entry Score 25
2026-08-13 18:32:36,460 - INFO - EMIT crude_orderflow_signal: PUT BUY ([SIM]) | None
2026-08-13 18:32:37,559 - INFO - EMIT crude_orderflow_signal: NO TRADE | Entry Score 25
2026-08-13 18:32:37,559 - INFO - EMIT crude_orderflow_signal: PUT BUY ([SIM]) | None
2026-08-13 18:32:38,641 - INFO - EMIT crude_orderflow_signal: NO TRADE | Entry Score 25
2026-08-13 18:32:38,641 - INFO - EMIT crude_orderflow_signal: PUT BUY ([SIM]) | None
2026-08-13 18:32:39,741 - INFO - EMIT crude_orderflow_signal: NO TRADE | Entry Score 25
2026-08-13 18:32:39,741 - INFO - EMIT crude_orderflow_signal: PUT BUY ([SIM]) | None
2026-08-13 18:32:40,823 - INFO - EMIT crude_orderflow_signal: NO TRADE | Entry Score 25
2026-08-13 18:32:40,823 - INFO - EMIT crude_orderflow_signal: PUT BUY ([SIM]) | None
2026-08-13 18:32:41,922 - INFO - EMIT crude_orderflow_signal: NO TRADE | Entry Score 25
2026-08-13 18:32:41,922 - INFO - EMIT crude_orderflow_signal: PUT BUY ([SIM]) | None
2026-08-13 18:32:43,021 - INFO - EMIT crude_orderflow_signal: NO TRADE | Entry Score 25
2026-08-13 18:32:43,024 - INFO - EMIT crude_orderflow_signal: PUT BUY ([SIM]) | None
2026-08-13 18:32:43,438 - INFO - EMIT crude_orderflow_signal: NO TRADE | Entry Score 25
2026-08-13 18:32:44,103 - INFO - EMIT crude_orderflow_signal: NO TRADE | Entry Score 25
2026-08-13 18:32:44,103 - INFO - EMIT crude_orderflow_signal: PUT BUY ([SIM]) | None
2026-08-13 18:32:45,202 - INFO - EMIT crude_orderflow_signal: NO TRADE | Entry Score 25
2026-08-13 18:32:45,202 - INFO - EMIT crude_orderflow_signal: PUT BUY ([SIM]) | None
2026-08-13 18:32:46,318 - INFO - EMIT crude_orderflow_signal: NO TRADE | Entry Score 25
2026-08-13 18:32:46,318 - INFO - EMIT crude_orderflow_signal: PUT BUY ([SIM]) | None
2026-08-13 18:32:47,417 - INFO - EMIT crude_orderflow_signal: NO TRADE | Entry Score 25
2026-08-13 18:32:47,417 - INFO - EMIT crude_orderflow_signal: PUT BUY ([SIM]) | None
2026-08-13 18:32:48,499 - INFO - EMIT crude_orderflow_signal: NO TRADE | Entry Score 25
2026-08-13 18:32:48,499 - INFO - EMIT crude_orderflow_signal: PUT BUY ([SIM]) | None
2026-08-13 18:32:49,614 - INFO - EMIT crude_orderflow_signal: NO TRADE | Entry Score 25
2026-08-13 18:32:49,616 - INFO - EMIT crude_orderflow_signal: PUT BUY ([SIM]) | None
2026-08-13 18:32:50,697 - INFO - EMIT crude_orderflow_signal: NO TRADE | Entry Score 25
2026-08-13 18:32:50,697 - INFO - EMIT crude_orderflow_signal: PUT BUY ([SIM]) | None
2026-08-13 18:32:51,780 - INFO - EMIT crude_orderflow_signal: NO TRADE | Entry Score 25
2026-08-13 18:32:51,780 - INFO - EMIT crude_orderflow_signal: PUT BUY ([SIM]) | None
2026-08-13 18:32:52,912 - INFO - EMIT crude_orderflow_signal: NO TRADE | Entry Score 25
2026-08-13 18:32:52,912 - INFO - EMIT crude_orderflow_signal: PUT BUY ([SIM]) | None
2026-08-13 18:32:53,994 - INFO - EMIT crude_orderflow_signal: NO TRADE | Entry Score 25
2026-08-13 18:32:53,994 - INFO - EMIT crude_orderflow_signal: PUT BUY ([SIM]) | None
2026-08-13 18:32:55,326 - INFO - EMIT crude_orderflow_signal: NO TRADE | Entry Score 25
2026-08-13 18:32:55,326 - INFO - EMIT crude_orderflow_signal: PUT BUY ([SIM]) | None
2026-08-13 18:32:56,425 - INFO - EMIT crude_orderflow_signal: NO TRADE | Entry Score 25
2026-08-13 18:32:56,425 - INFO - EMIT crude_orderflow_signal: PUT BUY ([SIM]) | None
2026-08-13 18:32:57,508 - INFO - EMIT crude_orderflow_signal: NO TRADE | Entry Score 25
2026-08-13 18:32:57,508 - INFO - EMIT crude_orderflow_signal: PUT BUY ([SIM]) | None
2026-08-13 18:32:58,606 - INFO - EMIT crude_orderflow_signal: NO TRADE | Entry Score 25
2026-08-13 18:32:58,606 - INFO - EMIT crude_orderflow_signal: PUT BUY ([SIM]) | None
2026-08-13 18:32:59,704 - INFO - EMIT crude_orderflow_signal: NO TRADE | Entry Score 25
2026-08-13 18:32:59,705 - INFO - EMIT crude_orderflow_signal: PUT BUY ([SIM]) | None
2026-08-13 18:33:00,788 - INFO - EMIT crude_orderflow_signal: NO TRADE | Entry Score 25
2026-08-13 18:33:00,788 - INFO - EMIT crude_orderflow_signal: PUT BUY ([SIM]) | None
2026-08-13 18:33:01,886 - INFO - EMIT crude_orderflow_signal: NO TRADE | Entry Score 25
2026-08-13 18:33:01,886 - INFO - EMIT crude_orderflow_signal: PUT BUY ([SIM]) | None
2026-08-13 18:33:02,985 - INFO - EMIT crude_orderflow_signal: NO TRADE | Entry Score 25
2026-08-13 18:33:02,985 - INFO - EMIT crude_orderflow_signal: PUT BUY ([SIM]) | None
2026-08-13 18:33:04,068 - INFO - EMIT crude_orderflow_signal: NO TRADE | Entry Score 25
2026-08-13 18:33:04,068 - INFO - EMIT crude_orderflow_signal: PUT BUY ([SIM]) | None
2026-08-13 18:33:05,167 - INFO - EMIT crude_orderflow_signal: NO TRADE | Entry Score 25
2026-08-13 18:33:05,167 - INFO - EMIT crude_orderflow_signal: PUT BUY ([SIM]) | None
2026-08-13 18:33:06,249 - INFO - EMIT crude_orderflow_signal: NO TRADE | Entry Score 25
2026-08-13 18:33:06,249 - INFO - EMIT crude_orderflow_signal: PUT BUY ([SIM]) | None
2026-08-13 18:33:07,348 - INFO - EMIT crude_orderflow_signal: NO TRADE | Entry Score 25
2026-08-13 18:33:07,348 - INFO - EMIT crude_orderflow_signal: PUT BUY ([SIM]) | None
2026-08-13 18:33:08,480 - INFO - EMIT crude_orderflow_signal: NO TRADE | Entry Score 25
2026-08-13 18:33:08,481 - INFO - EMIT crude_orderflow_signal: PUT BUY ([SIM]) | None
2026-08-13 18:33:09,563 - INFO - EMIT crude_orderflow_signal: NO TRADE | Entry Score 25
2026-08-13 18:33:09,563 - INFO - EMIT crude_orderflow_signal: PUT BUY ([SIM]) | None
2026-08-13 18:33:10,678 - INFO - EMIT crude_orderflow_signal: NO TRADE | Entry Score 25
2026-08-13 18:33:10,678 - INFO - EMIT crude_orderflow_signal: PUT BUY ([SIM]) | None
2026-08-13 18:33:11,776 - INFO - EMIT crude_orderflow_signal: NO TRADE | Entry Score 25
2026-08-13 18:33:11,777 - INFO - EMIT crude_orderflow_signal: PUT BUY ([SIM]) | None
2026-08-13 18:33:12,875 - INFO - EMIT crude_orderflow_signal: NO TRADE | Entry Score 25
2026-08-13 18:33:12,876 - INFO - EMIT crude_orderflow_signal: PUT BUY ([SIM]) | None
2026-08-13 18:33:13,426 - INFO - EMIT crude_orderflow_signal: NO TRADE | Entry Score 25
2026-08-13 18:33:13,982 - INFO - EMIT crude_orderflow_signal: NO TRADE | Entry Score 25
2026-08-13 18:33:13,982 - INFO - EMIT crude_orderflow_signal: PUT BUY ([SIM]) | None
2026-08-13 18:33:15,057 - INFO - EMIT crude_orderflow_signal: NO TRADE | Entry Score 25
2026-08-13 18:33:15,057 - INFO - EMIT crude_orderflow_signal: PUT BUY ([SIM]) | None
2026-08-13 18:33:16,156 - INFO - EMIT crude_orderflow_signal: NO TRADE | Entry Score 25
2026-08-13 18:33:16,156 - INFO - EMIT crude_orderflow_signal: PUT BUY ([SIM]) | None
2026-08-13 18:33:17,239 - INFO - EMIT crude_orderflow_signal: NO TRADE | Entry Score 25
2026-08-13 18:33:17,239 - INFO - EMIT crude_orderflow_signal: PUT BUY ([SIM]) | None
2026-08-13 18:33:18,354 - INFO - EMIT crude_orderflow_signal: NO TRADE | Entry Score 25
2026-08-13 18:33:18,354 - INFO - EMIT crude_orderflow_signal: PUT BUY ([SIM]) | None
2026-08-13 18:33:19,453 - INFO - EMIT crude_orderflow_signal: NO TRADE | Entry Score 25
2026-08-13 18:33:19,453 - INFO - EMIT crude_orderflow_signal: PUT BUY ([SIM]) | None
2026-08-13 18:33:20,602 - INFO - EMIT crude_orderflow_signal: NO TRADE | Entry Score 25
2026-08-13 18:33:20,602 - INFO - EMIT crude_orderflow_signal: PUT BUY ([SIM]) | None
2026-08-13 18:33:21,701 - INFO - EMIT crude_orderflow_signal: NO TRADE | Entry Score 25
2026-08-13 18:33:21,701 - INFO - EMIT crude_orderflow_signal: PUT BUY ([SIM]) | None
2026-08-13 18:33:22,784 - INFO - EMIT crude_orderflow_signal: NO TRADE | Entry Score 25
2026-08-13 18:33:22,800 - INFO - EMIT crude_orderflow_signal: PUT BUY ([SIM]) | None
2026-08-13 18:33:23,883 - INFO - EMIT crude_orderflow_signal: NO TRADE | Entry Score 25
2026-08-13 18:33:23,883 - INFO - EMIT crude_orderflow_signal: PUT BUY ([SIM]) | None
2026-08-13 18:33:24,982 - INFO - EMIT crude_orderflow_signal: NO TRADE | Entry Score 25
2026-08-13 18:33:24,982 - INFO - EMIT crude_orderflow_signal: PUT BUY ([SIM]) | None
2026-08-13 18:33:26,064 - INFO - EMIT crude_orderflow_signal: NO TRADE | Entry Score 25
2026-08-13 18:33:26,064 - INFO - EMIT crude_orderflow_signal: PUT BUY ([SIM]) | None
2026-08-13 18:33:27,163 - INFO - EMIT crude_orderflow_signal: NO TRADE | Entry Score 25
2026-08-13 18:33:27,163 - INFO - EMIT crude_orderflow_signal: PUT BUY ([SIM]) | None
2026-08-13 18:33:28,262 - INFO - EMIT crude_orderflow_signal: NO TRADE | Entry Score 25
2026-08-13 18:33:28,262 - INFO - EMIT crude_orderflow_signal: PUT BUY ([SIM]) | None
2026-08-13 18:33:29,361 - INFO - EMIT crude_orderflow_signal: NO TRADE | Entry Score 25
2026-08-13 18:33:29,361 - INFO - EMIT crude_orderflow_signal: PUT BUY ([SIM]) | None
2026-08-13 18:33:30,456 - INFO - EMIT crude_orderflow_signal: NO TRADE | Entry Score 25
2026-08-13 18:33:30,456 - INFO - EMIT crude_orderflow_signal: PUT BUY ([SIM]) | None
2026-08-13 18:33:31,542 - INFO - EMIT crude_orderflow_signal: NO TRADE | Entry Score 25
2026-08-13 18:33:31,542 - INFO - EMIT crude_orderflow_signal: PUT BUY ([SIM]) | None
2026-08-13 18:33:32,624 - INFO - EMIT crude_orderflow_signal: NO TRADE | Entry Score 25
2026-08-13 18:33:32,640 - INFO - EMIT crude_orderflow_signal: PUT BUY ([SIM]) | None
2026-08-13 18:33:33,724 - INFO - EMIT crude_orderflow_signal: NO TRADE | Entry Score 25
2026-08-13 18:33:33,724 - INFO - EMIT crude_orderflow_signal: PUT BUY ([SIM]) | None
2026-08-13 18:33:34,822 - INFO - EMIT crude_orderflow_signal: NO TRADE | Entry Score 25
2026-08-13 18:33:34,838 - INFO - EMIT crude_orderflow_signal: PUT BUY ([SIM]) | None
2026-08-13 18:33:35,971 - INFO - EMIT crude_orderflow_signal: NO TRADE | Entry Score 25
2026-08-13 18:33:35,971 - INFO - EMIT crude_orderflow_signal: PUT BUY ([SIM]) | None
2026-08-13 18:33:37,070 - INFO - EMIT crude_orderflow_signal: NO TRADE | Entry Score 25
2026-08-13 18:33:37,070 - INFO - EMIT crude_orderflow_signal: PUT BUY ([SIM]) | None
2026-08-13 18:33:38,171 - INFO - EMIT crude_orderflow_signal: NO TRADE | Entry Score 25
2026-08-13 18:33:38,171 - INFO - EMIT crude_orderflow_signal: PUT BUY ([SIM]) | None
2026-08-13 18:33:39,268 - INFO - EMIT crude_orderflow_signal: NO TRADE | Entry Score 25
2026-08-13 18:33:39,268 - INFO - EMIT crude_orderflow_signal: PUT BUY ([SIM]) | None
2026-08-13 18:33:40,401 - INFO - EMIT crude_orderflow_signal: NO TRADE | Entry Score 25
2026-08-13 18:33:40,401 - INFO - EMIT crude_orderflow_signal: PUT BUY ([SIM]) | None
2026-08-13 18:33:41,483 - INFO - EMIT crude_orderflow_signal: NO TRADE | Entry Score 25
2026-08-13 18:33:41,483 - INFO - EMIT crude_orderflow_signal: PUT BUY ([SIM]) | None
2026-08-13 18:33:42,582 - INFO - EMIT crude_orderflow_signal: NO TRADE | Entry Score 25
2026-08-13 18:33:42,582 - INFO - EMIT crude_orderflow_signal: PUT BUY ([SIM]) | None
2026-08-13 18:33:43,433 - INFO - EMIT crude_orderflow_signal: NO TRADE | Entry Score 25
2026-08-13 18:33:43,681 - INFO - EMIT crude_orderflow_signal: NO TRADE | Entry Score 25
2026-08-13 18:33:43,681 - INFO - EMIT crude_orderflow_signal: PUT BUY ([SIM]) | None
2026-08-13 18:33:44,763 - INFO - EMIT crude_orderflow_signal: NO TRADE | Entry Score 25
2026-08-13 18:33:44,763 - INFO - EMIT crude_orderflow_signal: PUT BUY ([SIM]) | None
2026-08-13 18:33:45,862 - INFO - EMIT crude_orderflow_signal: NO TRADE | Entry Score 25
2026-08-13 18:33:45,862 - INFO - EMIT crude_orderflow_signal: PUT BUY ([SIM]) | None
2026-08-13 18:33:46,944 - INFO - EMIT crude_orderflow_signal: NO TRADE | Entry Score 25
2026-08-13 18:33:46,944 - INFO - EMIT crude_orderflow_signal: PUT BUY ([SIM]) | None
2026-08-13 18:33:48,043 - INFO - EMIT crude_orderflow_signal: NO TRADE | Entry Score 25
2026-08-13 18:33:48,043 - INFO - EMIT crude_orderflow_signal: PUT BUY ([SIM]) | None
2026-08-13 18:33:49,175 - INFO - EMIT crude_orderflow_signal: NO TRADE | Entry Score 45
2026-08-13 18:33:49,175 - INFO - EMIT crude_orderflow_signal: PUT BUY ([SIM]) | None
2026-08-13 18:33:50,258 - INFO - EMIT crude_orderflow_signal: NO TRADE | Entry Score 45
2026-08-13 18:33:50,258 - INFO - EMIT crude_orderflow_signal: PUT BUY ([SIM]) | None
2026-08-13 18:33:51,359 - INFO - EMIT crude_orderflow_signal: NO TRADE | Entry Score 45
2026-08-13 18:33:51,359 - INFO - EMIT crude_orderflow_signal: PUT BUY ([SIM]) | None
2026-08-13 18:33:52,439 - INFO - EMIT crude_orderflow_signal: NO TRADE | Entry Score 45
2026-08-13 18:33:52,439 - INFO - EMIT crude_orderflow_signal: PUT BUY ([SIM]) | None
2026-08-13 18:33:53,538 - INFO - EMIT crude_orderflow_signal: NO TRADE | Entry Score 45
2026-08-13 18:33:53,538 - INFO - EMIT crude_orderflow_signal: PUT BUY ([SIM]) | None
2026-08-13 18:33:54,638 - INFO - EMIT crude_orderflow_signal: NO TRADE | Entry Score 45
2026-08-13 18:33:54,638 - INFO - EMIT crude_orderflow_signal: PUT BUY ([SIM]) | None
2026-08-13 18:33:55,736 - INFO - EMIT crude_orderflow_signal: NO TRADE | Entry Score 45
2026-08-13 18:33:55,736 - INFO - EMIT crude_orderflow_signal: PUT BUY ([SIM]) | None
2026-08-13 18:33:56,835 - INFO - EMIT crude_orderflow_signal: NO TRADE | Entry Score 45
2026-08-13 18:33:56,835 - INFO - EMIT crude_orderflow_signal: PUT BUY ([SIM]) | None
2026-08-13 18:33:57,934 - INFO - EMIT crude_orderflow_signal: NO TRADE | Entry Score 45
2026-08-13 18:33:57,934 - INFO - EMIT crude_orderflow_signal: PUT BUY ([SIM]) | None
2026-08-13 18:33:59,017 - INFO - EMIT crude_orderflow_signal: NO TRADE | Entry Score 45
2026-08-13 18:33:59,017 - INFO - EMIT crude_orderflow_signal: PUT BUY ([SIM]) | None
2026-08-13 18:34:00,115 - INFO - EMIT crude_orderflow_signal: NO TRADE | Entry Score 45
2026-08-13 18:34:00,115 - INFO - EMIT crude_orderflow_signal: PUT BUY ([SIM]) | None
2026-08-13 18:34:01,214 - INFO - EMIT crude_orderflow_signal: NO TRADE | Entry Score 45
2026-08-13 18:34:01,214 - INFO - EMIT crude_orderflow_signal: PUT BUY ([SIM]) | None
2026-08-13 18:34:02,313 - INFO - EMIT crude_orderflow_signal: NO TRADE | Entry Score 45
2026-08-13 18:34:02,313 - INFO - EMIT crude_orderflow_signal: PUT BUY ([SIM]) | None
2026-08-13 18:34:03,396 - INFO - EMIT crude_orderflow_signal: NO TRADE | Entry Score 45
2026-08-13 18:34:03,396 - INFO - EMIT crude_orderflow_signal: PUT BUY ([SIM]) | None
2026-08-13 18:34:04,650 - INFO - EMIT crude_orderflow_signal: NO TRADE | Entry Score 45
2026-08-13 18:34:04,652 - INFO - EMIT crude_orderflow_signal: PUT BUY ([SIM]) | None
2026-08-13 18:34:05,760 - INFO - EMIT crude_orderflow_signal: NO TRADE | Entry Score 45
2026-08-13 18:34:05,760 - INFO - EMIT crude_orderflow_signal: PUT BUY ([SIM]) | None
2026-08-13 18:34:06,925 - INFO - EMIT crude_orderflow_signal: NO TRADE | Entry Score 45
2026-08-13 18:34:06,925 - INFO - EMIT crude_orderflow_signal: PUT BUY ([SIM]) | None
2026-08-13 18:34:08,025 - INFO - EMIT crude_orderflow_signal: NO TRADE | Entry Score 45
2026-08-13 18:34:08,025 - INFO - EMIT crude_orderflow_signal: PUT BUY ([SIM]) | None
2026-08-13 18:34:09,157 - INFO - EMIT crude_orderflow_signal: NO TRADE | Entry Score 45
2026-08-13 18:34:09,157 - INFO - EMIT crude_orderflow_signal: PUT BUY ([SIM]) | None
2026-08-13 18:34:10,256 - INFO - EMIT crude_orderflow_signal: NO TRADE | Entry Score 45
2026-08-13 18:34:10,256 - INFO - EMIT crude_orderflow_signal: PUT BUY ([SIM]) | None
2026-08-13 18:34:11,355 - INFO - EMIT crude_orderflow_signal: NO TRADE | Entry Score 45
2026-08-13 18:34:11,355 - INFO - EMIT crude_orderflow_signal: PUT BUY ([SIM]) | None
2026-08-13 18:34:12,454 - INFO - EMIT crude_orderflow_signal: NO TRADE | Entry Score 45
2026-08-13 18:34:12,454 - INFO - EMIT crude_orderflow_signal: PUT BUY ([SIM]) | None
2026-08-13 18:34:13,436 - INFO - EMIT crude_orderflow_signal: NO TRADE | Entry Score 45
2026-08-13 18:34:13,586 - INFO - EMIT crude_orderflow_signal: NO TRADE | Entry Score 45
2026-08-13 18:34:13,586 - INFO - EMIT crude_orderflow_signal: PUT BUY ([SIM]) | None
2026-08-13 18:34:14,702 - INFO - EMIT crude_orderflow_signal: NO TRADE | Entry Score 45
2026-08-13 18:34:14,702 - INFO - EMIT crude_orderflow_signal: PUT BUY ([SIM]) | None
2026-08-13 18:34:15,784 - INFO - EMIT crude_orderflow_signal: NO TRADE | Entry Score 45
2026-08-13 18:34:15,784 - INFO - EMIT crude_orderflow_signal: PUT BUY ([SIM]) | None
2026-08-13 18:34:16,883 - INFO - EMIT crude_orderflow_signal: NO TRADE | Entry Score 45
2026-08-13 18:34:16,883 - INFO - EMIT crude_orderflow_signal: PUT BUY ([SIM]) | None
2026-08-13 18:34:17,997 - INFO - EMIT crude_orderflow_signal: NO TRADE | Entry Score 45
2026-08-13 18:34:17,999 - INFO - EMIT crude_orderflow_signal: PUT BUY ([SIM]) | None
2026-08-13 18:34:19,081 - INFO - EMIT crude_orderflow_signal: NO TRADE | Entry Score 45
2026-08-13 18:34:19,081 - INFO - EMIT crude_orderflow_signal: PUT BUY ([SIM]) | None
2026-08-13 18:34:20,247 - INFO - EMIT crude_orderflow_signal: NO TRADE | Entry Score 45
2026-08-13 18:34:20,247 - INFO - EMIT crude_orderflow_signal: PUT BUY ([SIM]) | None
2026-08-13 18:34:21,363 - INFO - EMIT crude_orderflow_signal: NO TRADE | Entry Score 45
2026-08-13 18:34:21,363 - INFO - EMIT crude_orderflow_signal: PUT BUY ([SIM]) | None
2026-08-13 18:34:22,478 - INFO - EMIT crude_orderflow_signal: NO TRADE | Entry Score 45
2026-08-13 18:34:22,478 - INFO - EMIT crude_orderflow_signal: PUT BUY ([SIM]) | None
2026-08-13 18:34:23,643 - INFO - EMIT crude_orderflow_signal: NO TRADE | Entry Score 45
2026-08-13 18:34:23,643 - INFO - EMIT crude_orderflow_signal: PUT BUY ([SIM]) | None
2026-08-13 18:34:24,826 - INFO - EMIT crude_orderflow_signal: NO TRADE | Entry Score 45
2026-08-13 18:34:24,826 - INFO - EMIT crude_orderflow_signal: PUT BUY ([SIM]) | None
2026-08-13 18:34:25,991 - INFO - EMIT crude_orderflow_signal: NO TRADE | Entry Score 45
2026-08-13 18:34:25,991 - INFO - EMIT crude_orderflow_signal: PUT BUY ([SIM]) | None
2026-08-13 18:34:27,090 - INFO - EMIT crude_orderflow_signal: NO TRADE | Entry Score 45
2026-08-13 18:34:27,090 - INFO - EMIT crude_orderflow_signal: PUT BUY ([SIM]) | None
2026-08-13 18:34:28,223 - INFO - EMIT crude_orderflow_signal: NO TRADE | Entry Score 45
2026-08-13 18:34:28,223 - INFO - EMIT crude_orderflow_signal: PUT BUY ([SIM]) | None
2026-08-13 18:34:29,404 - INFO - EMIT crude_orderflow_signal: NO TRADE | Entry Score 45
2026-08-13 18:34:29,404 - INFO - EMIT crude_orderflow_signal: PUT BUY ([SIM]) | None
2026-08-13 18:34:30,603 - INFO - EMIT crude_orderflow_signal: NO TRADE | Entry Score 45
2026-08-13 18:34:30,603 - INFO - EMIT crude_orderflow_signal: PUT BUY ([SIM]) | None
2026-08-13 18:34:31,719 - INFO - EMIT crude_orderflow_signal: NO TRADE | Entry Score 45
2026-08-13 18:34:31,719 - INFO - EMIT crude_orderflow_signal: PUT BUY ([SIM]) | None
2026-08-13 18:34:32,801 - INFO - EMIT crude_orderflow_signal: NO TRADE | Entry Score 45
2026-08-13 18:34:32,801 - INFO - EMIT crude_orderflow_signal: PUT BUY ([SIM]) | None
2026-08-13 18:34:33,950 - INFO - EMIT crude_orderflow_signal: NO TRADE | Entry Score 45
2026-08-13 18:34:33,966 - INFO - EMIT crude_orderflow_signal: PUT BUY ([SIM]) | None
2026-08-13 18:34:35,100 - INFO - EMIT crude_orderflow_signal: NO TRADE | Entry Score 45
2026-08-13 18:34:35,100 - INFO - EMIT crude_orderflow_signal: PUT BUY ([SIM]) | None
2026-08-13 18:34:36,215 - INFO - EMIT crude_orderflow_signal: NO TRADE | Entry Score 45
2026-08-13 18:34:36,215 - INFO - EMIT crude_orderflow_signal: PUT BUY ([SIM]) | None
2026-08-13 18:34:37,297 - INFO - EMIT crude_orderflow_signal: NO TRADE | Entry Score 45
2026-08-13 18:34:37,297 - INFO - EMIT crude_orderflow_signal: PUT BUY ([SIM]) | None
2026-08-13 18:34:38,396 - INFO - EMIT crude_orderflow_signal: NO TRADE | Entry Score 45
2026-08-13 18:34:38,396 - INFO - EMIT crude_orderflow_signal: PUT BUY ([SIM]) | None
2026-08-13 18:34:39,479 - INFO - EMIT crude_orderflow_signal: NO TRADE | Entry Score 45
2026-08-13 18:34:39,479 - INFO - EMIT crude_orderflow_signal: PUT BUY ([SIM]) | None
2026-08-13 18:34:40,611 - INFO - EMIT crude_orderflow_signal: NO TRADE | Entry Score 45
2026-08-13 18:34:40,611 - INFO - EMIT crude_orderflow_signal: PUT BUY ([SIM]) | None
2026-08-13 18:34:41,710 - INFO - EMIT crude_orderflow_signal: NO TRADE | Entry Score 45
2026-08-13 18:34:41,710 - INFO - EMIT crude_orderflow_signal: PUT BUY ([SIM]) | None
2026-08-13 18:34:42,809 - INFO - EMIT crude_orderflow_signal: NO TRADE | Entry Score 45
2026-08-13 18:34:42,809 - INFO - EMIT crude_orderflow_signal: PUT BUY ([SIM]) | None
2026-08-13 18:34:43,425 - INFO - EMIT crude_orderflow_signal: NO TRADE | Entry Score 45
2026-08-13 18:34:43,924 - INFO - EMIT crude_orderflow_signal: NO TRADE | Entry Score 45
2026-08-13 18:34:43,924 - INFO - EMIT crude_orderflow_signal: PUT BUY ([SIM]) | None
2026-08-13 18:34:45,023 - INFO - EMIT crude_orderflow_signal: NO TRADE | Entry Score 45
2026-08-13 18:34:45,023 - INFO - EMIT crude_orderflow_signal: PUT BUY ([SIM]) | None
2026-08-13 18:34:46,122 - INFO - EMIT crude_orderflow_signal: NO TRADE | Entry Score 45
2026-08-13 18:34:46,122 - INFO - EMIT crude_orderflow_signal: PUT BUY ([SIM]) | None
2026-08-13 18:34:47,221 - INFO - EMIT crude_orderflow_signal: NO TRADE | Entry Score 45
2026-08-13 18:34:47,221 - INFO - EMIT crude_orderflow_signal: PUT BUY ([SIM]) | None
2026-08-13 18:34:48,370 - INFO - EMIT crude_orderflow_signal: NO TRADE | Entry Score 45
2026-08-13 18:34:48,370 - INFO - EMIT crude_orderflow_signal: PUT BUY ([SIM]) | None
2026-08-13 18:34:49,734 - INFO - EMIT crude_orderflow_signal: NO TRADE | Entry Score 45
2026-08-13 18:34:49,738 - INFO - EMIT crude_orderflow_signal: PUT BUY ([SIM]) | None
2026-08-13 18:34:50,851 - INFO - EMIT crude_orderflow_signal: NO TRADE | Entry Score 45
2026-08-13 18:34:50,851 - INFO - EMIT crude_orderflow_signal: PUT BUY ([SIM]) | None
2026-08-13 18:34:51,983 - INFO - EMIT crude_orderflow_signal: NO TRADE | Entry Score 45
2026-08-13 18:34:51,983 - INFO - EMIT crude_orderflow_signal: PUT BUY ([SIM]) | None
2026-08-13 18:34:53,120 - INFO - EMIT crude_orderflow_signal: NO TRADE | Entry Score 45
2026-08-13 18:34:53,120 - INFO - EMIT crude_orderflow_signal: PUT BUY ([SIM]) | None
2026-08-13 18:34:54,218 - INFO - EMIT crude_orderflow_signal: NO TRADE | Entry Score 45
2026-08-13 18:34:54,218 - INFO - EMIT crude_orderflow_signal: PUT BUY ([SIM]) | None
2026-08-13 18:34:55,317 - INFO - EMIT crude_orderflow_signal: NO TRADE | Entry Score 45
2026-08-13 18:34:55,317 - INFO - EMIT crude_orderflow_signal: PUT BUY ([SIM]) | None
2026-08-13 18:34:56,432 - INFO - EMIT crude_orderflow_signal: NO TRADE | Entry Score 45
2026-08-13 18:34:56,432 - INFO - EMIT crude_orderflow_signal: PUT BUY ([SIM]) | None
2026-08-13 18:34:57,532 - INFO - EMIT crude_orderflow_signal: NO TRADE | Entry Score 45
2026-08-13 18:34:57,532 - INFO - EMIT crude_orderflow_signal: PUT BUY ([SIM]) | None
2026-08-13 18:34:58,631 - INFO - EMIT crude_orderflow_signal: NO TRADE | Entry Score 45
2026-08-13 18:34:58,631 - INFO - EMIT crude_orderflow_signal: PUT BUY ([SIM]) | None
2026-08-13 18:34:59,730 - INFO - EMIT crude_orderflow_signal: NO TRADE | Entry Score 45
2026-08-13 18:34:59,730 - INFO - EMIT crude_orderflow_signal: PUT BUY ([SIM]) | None
2026-08-13 18:35:00,859 - INFO - EMIT crude_orderflow_signal: NO TRADE | Entry Score 45
2026-08-13 18:35:00,860 - INFO - EMIT crude_orderflow_signal: PUT BUY ([SIM]) | None
2026-08-13 18:35:01,961 - INFO - EMIT crude_orderflow_signal: NO TRADE | Entry Score 45
2026-08-13 18:35:01,961 - INFO - EMIT crude_orderflow_signal: PUT BUY ([SIM]) | None
2026-08-13 18:35:03,092 - INFO - EMIT crude_orderflow_signal: NO TRADE | Entry Score 45
2026-08-13 18:35:03,092 - INFO - EMIT crude_orderflow_signal: PUT BUY ([SIM]) | None
2026-08-13 18:35:04,172 - INFO - EMIT crude_orderflow_signal: NO TRADE | Entry Score 45
2026-08-13 18:35:04,189 - INFO - EMIT crude_orderflow_signal: PUT BUY ([SIM]) | None
2026-08-13 18:35:05,359 - INFO - EMIT crude_orderflow_signal: NO TRADE | Entry Score 45
2026-08-13 18:35:05,359 - INFO - EMIT crude_orderflow_signal: PUT BUY ([SIM]) | None
2026-08-13 18:35:06,436 - INFO - EMIT crude_orderflow_signal: NO TRADE | Entry Score 45
2026-08-13 18:35:06,436 - INFO - EMIT crude_orderflow_signal: PUT BUY ([SIM]) | None
2026-08-13 18:35:07,571 - INFO - EMIT crude_orderflow_signal: NO TRADE | Entry Score 45
2026-08-13 18:35:07,571 - INFO - EMIT crude_orderflow_signal: PUT BUY ([SIM]) | None
2026-08-13 18:35:08,655 - INFO - EMIT crude_orderflow_signal: NO TRADE | Entry Score 45
2026-08-13 18:35:08,655 - INFO - EMIT crude_orderflow_signal: PUT BUY ([SIM]) | None
2026-08-13 18:35:09,754 - INFO - EMIT crude_orderflow_signal: NO TRADE | Entry Score 45
2026-08-13 18:35:09,754 - INFO - EMIT crude_orderflow_signal: PUT BUY ([SIM]) | None
2026-08-13 18:35:10,849 - INFO - EMIT crude_orderflow_signal: NO TRADE | Entry Score 45
2026-08-13 18:35:10,851 - INFO - EMIT crude_orderflow_signal: PUT BUY ([SIM]) | None
2026-08-13 18:35:11,935 - INFO - EMIT crude_orderflow_signal: NO TRADE | Entry Score 45
2026-08-13 18:35:11,935 - INFO - EMIT crude_orderflow_signal: PUT BUY ([SIM]) | None
2026-08-13 18:35:13,035 - INFO - EMIT crude_orderflow_signal: NO TRADE | Entry Score 45
2026-08-13 18:35:13,035 - INFO - EMIT crude_orderflow_signal: PUT BUY ([SIM]) | None
2026-08-13 18:35:13,434 - INFO - EMIT crude_orderflow_signal: NO TRADE | Entry Score 45
2026-08-13 18:35:14,179 - INFO - EMIT crude_orderflow_signal: NO TRADE | Entry Score 45
2026-08-13 18:35:14,179 - INFO - EMIT crude_orderflow_signal: PUT BUY ([SIM]) | None
2026-08-13 18:35:15,262 - INFO - EMIT crude_orderflow_signal: NO TRADE | Entry Score 45
2026-08-13 18:35:15,262 - INFO - EMIT crude_orderflow_signal: PUT BUY ([SIM]) | None
2026-08-13 18:35:16,363 - INFO - EMIT crude_orderflow_signal: NO TRADE | Entry Score 45
2026-08-13 18:35:16,363 - INFO - EMIT crude_orderflow_signal: PUT BUY ([SIM]) | None
2026-08-13 18:35:17,443 - INFO - EMIT crude_orderflow_signal: NO TRADE | Entry Score 45
2026-08-13 18:35:17,443 - INFO - EMIT crude_orderflow_signal: PUT BUY ([SIM]) | None
2026-08-13 18:35:18,557 - INFO - EMIT crude_orderflow_signal: NO TRADE | Entry Score 45
2026-08-13 18:35:18,557 - INFO - EMIT crude_orderflow_signal: PUT BUY ([SIM]) | None
2026-08-13 18:35:19,903 - INFO - EMIT crude_orderflow_signal: NO TRADE | Entry Score 35
2026-08-13 18:35:19,907 - INFO - EMIT crude_orderflow_signal: PUT BUY ([SIM]) | None
2026-08-13 18:35:20,990 - INFO - EMIT crude_orderflow_signal: NO TRADE | Entry Score 35
2026-08-13 18:35:20,990 - INFO - EMIT crude_orderflow_signal: PUT BUY ([SIM]) | None
2026-08-13 18:35:22,089 - INFO - EMIT crude_orderflow_signal: NO TRADE | Entry Score 35
2026-08-13 18:35:22,089 - INFO - EMIT crude_orderflow_signal: PUT BUY ([SIM]) | None
2026-08-13 18:35:23,188 - INFO - EMIT crude_orderflow_signal: NO TRADE | Entry Score 35
2026-08-13 18:35:23,188 - INFO - EMIT crude_orderflow_signal: PUT BUY ([SIM]) | None
2026-08-13 18:35:24,287 - INFO - EMIT crude_orderflow_signal: NO TRADE | Entry Score 35
2026-08-13 18:35:24,287 - INFO - EMIT crude_orderflow_signal: PUT BUY ([SIM]) | None
2026-08-13 18:35:25,369 - INFO - EMIT crude_orderflow_signal: NO TRADE | Entry Score 35
2026-08-13 18:35:25,369 - INFO - EMIT crude_orderflow_signal: PUT BUY ([SIM]) | None
2026-08-13 18:35:26,485 - INFO - EMIT crude_orderflow_signal: NO TRADE | Entry Score 35
2026-08-13 18:35:26,485 - INFO - EMIT crude_orderflow_signal: PUT BUY ([SIM]) | None
2026-08-13 18:35:27,583 - INFO - EMIT crude_orderflow_signal: NO TRADE | Entry Score 35
2026-08-13 18:35:27,583 - INFO - EMIT crude_orderflow_signal: PUT BUY ([SIM]) | None
2026-08-13 18:35:28,716 - INFO - EMIT crude_orderflow_signal: NO TRADE | Entry Score 35
2026-08-13 18:35:28,716 - INFO - EMIT crude_orderflow_signal: PUT BUY ([SIM]) | None
2026-08-13 18:35:29,814 - INFO - EMIT crude_orderflow_signal: NO TRADE | Entry Score 35
2026-08-13 18:35:29,815 - INFO - EMIT crude_orderflow_signal: PUT BUY ([SIM]) | None
2026-08-13 18:35:30,947 - INFO - EMIT crude_orderflow_signal: NO TRADE | Entry Score 35
2026-08-13 18:35:30,947 - INFO - EMIT crude_orderflow_signal: PUT BUY ([SIM]) | None
2026-08-13 18:35:32,048 - INFO - EMIT crude_orderflow_signal: NO TRADE | Entry Score 35
2026-08-13 18:35:32,050 - INFO - EMIT crude_orderflow_signal: PUT BUY ([SIM]) | None
2026-08-13 18:35:33,148 - INFO - EMIT crude_orderflow_signal: NO TRADE | Entry Score 35
2026-08-13 18:35:33,148 - INFO - EMIT crude_orderflow_signal: PUT BUY ([SIM]) | None
2026-08-13 18:35:34,244 - INFO - EMIT crude_orderflow_signal: NO TRADE | Entry Score 35
2026-08-13 18:35:34,246 - INFO - EMIT crude_orderflow_signal: PUT BUY ([SIM]) | None
2026-08-13 18:35:35,363 - INFO - EMIT crude_orderflow_signal: NO TRADE | Entry Score 35
2026-08-13 18:35:35,363 - INFO - EMIT crude_orderflow_signal: PUT BUY ([SIM]) | None
2026-08-13 18:35:36,445 - INFO - EMIT crude_orderflow_signal: NO TRADE | Entry Score 35
2026-08-13 18:35:36,445 - INFO - EMIT crude_orderflow_signal: PUT BUY ([SIM]) | None
2026-08-13 18:35:37,544 - INFO - EMIT crude_orderflow_signal: NO TRADE | Entry Score 35
2026-08-13 18:35:37,544 - INFO - EMIT crude_orderflow_signal: PUT BUY ([SIM]) | None
2026-08-13 18:35:38,645 - INFO - EMIT crude_orderflow_signal: NO TRADE | Entry Score 35
2026-08-13 18:35:38,645 - INFO - EMIT crude_orderflow_signal: PUT BUY ([SIM]) | None
2026-08-13 18:35:39,759 - INFO - EMIT crude_orderflow_signal: NO TRADE | Entry Score 35
2026-08-13 18:35:39,759 - INFO - EMIT crude_orderflow_signal: PUT BUY ([SIM]) | None
2026-08-13 18:35:40,859 - INFO - EMIT crude_orderflow_signal: NO TRADE | Entry Score 35
2026-08-13 18:35:40,859 - INFO - EMIT crude_orderflow_signal: PUT BUY ([SIM]) | None
2026-08-13 18:35:41,957 - INFO - EMIT crude_orderflow_signal: NO TRADE | Entry Score 35
2026-08-13 18:35:41,957 - INFO - EMIT crude_orderflow_signal: PUT BUY ([SIM]) | None
2026-08-13 18:35:43,056 - INFO - EMIT crude_orderflow_signal: NO TRADE | Entry Score 35
2026-08-13 18:35:43,056 - INFO - EMIT crude_orderflow_signal: PUT BUY ([SIM]) | None
2026-08-13 18:35:43,439 - INFO - EMIT crude_orderflow_signal: NO TRADE | Entry Score 35
2026-08-13 18:35:44,138 - INFO - EMIT crude_orderflow_signal: NO TRADE | Entry Score 35
2026-08-13 18:35:44,138 - INFO - EMIT crude_orderflow_signal: PUT BUY ([SIM]) | None
2026-08-13 18:35:45,237 - INFO - EMIT crude_orderflow_signal: NO TRADE | Entry Score 35
2026-08-13 18:35:45,237 - INFO - EMIT crude_orderflow_signal: PUT BUY ([SIM]) | None
2026-08-13 18:35:46,318 - INFO - EMIT crude_orderflow_signal: NO TRADE | Entry Score 35
2026-08-13 18:35:46,332 - INFO - EMIT crude_orderflow_signal: PUT BUY ([SIM]) | None
2026-08-13 18:35:47,419 - INFO - EMIT crude_orderflow_signal: NO TRADE | Entry Score 35
2026-08-13 18:35:47,419 - INFO - EMIT crude_orderflow_signal: PUT BUY ([SIM]) | None
2026-08-13 18:35:48,541 - INFO - EMIT crude_orderflow_signal: NO TRADE | Entry Score 35
2026-08-13 18:35:48,542 - INFO - EMIT crude_orderflow_signal: PUT BUY ([SIM]) | None
2026-08-13 18:35:49,629 - INFO - EMIT crude_orderflow_signal: NO TRADE | Entry Score 35
2026-08-13 18:35:49,629 - INFO - EMIT crude_orderflow_signal: PUT BUY ([SIM]) | None
2026-08-13 18:35:50,712 - INFO - EMIT crude_orderflow_signal: NO TRADE | Entry Score 35
2026-08-13 18:35:50,712 - INFO - EMIT crude_orderflow_signal: PUT BUY ([SIM]) | None
2026-08-13 18:35:51,811 - INFO - EMIT crude_orderflow_signal: NO TRADE | Entry Score 35
2026-08-13 18:35:51,811 - INFO - EMIT crude_orderflow_signal: PUT BUY ([SIM]) | None
2026-08-13 18:35:52,910 - INFO - EMIT crude_orderflow_signal: NO TRADE | Entry Score 35
2026-08-13 18:35:52,910 - INFO - EMIT crude_orderflow_signal: PUT BUY ([SIM]) | None
2026-08-13 18:35:54,009 - INFO - EMIT crude_orderflow_signal: NO TRADE | Entry Score 35
2026-08-13 18:35:54,009 - INFO - EMIT crude_orderflow_signal: PUT BUY ([SIM]) | None
2026-08-13 18:35:55,091 - INFO - EMIT crude_orderflow_signal: NO TRADE | Entry Score 35
2026-08-13 18:35:55,091 - INFO - EMIT crude_orderflow_signal: PUT BUY ([SIM]) | None
2026-08-13 18:35:56,190 - INFO - EMIT crude_orderflow_signal: NO TRADE | Entry Score 35
2026-08-13 18:35:56,190 - INFO - EMIT crude_orderflow_signal: PUT BUY ([SIM]) | None
2026-08-13 18:35:57,272 - INFO - EMIT crude_orderflow_signal: NO TRADE | Entry Score 35
2026-08-13 18:35:57,272 - INFO - EMIT crude_orderflow_signal: PUT BUY ([SIM]) | None
2026-08-13 18:35:58,388 - INFO - EMIT crude_orderflow_signal: NO TRADE | Entry Score 35
2026-08-13 18:35:58,388 - INFO - EMIT crude_orderflow_signal: PUT BUY ([SIM]) | None
2026-08-13 18:35:59,470 - INFO - EMIT crude_orderflow_signal: NO TRADE | Entry Score 35
2026-08-13 18:35:59,470 - INFO - EMIT crude_orderflow_signal: PUT BUY ([SIM]) | None
2026-08-13 18:36:00,569 - INFO - EMIT crude_orderflow_signal: NO TRADE | Entry Score 35
2026-08-13 18:36:00,569 - INFO - EMIT crude_orderflow_signal: PUT BUY ([SIM]) | None
2026-08-13 18:36:01,651 - INFO - EMIT crude_orderflow_signal: NO TRADE | Entry Score 35
2026-08-13 18:36:01,651 - INFO - EMIT crude_orderflow_signal: PUT BUY ([SIM]) | None
2026-08-13 18:36:02,768 - INFO - EMIT crude_orderflow_signal: NO TRADE | Entry Score 35
2026-08-13 18:36:02,768 - INFO - EMIT crude_orderflow_signal: PUT BUY ([SIM]) | None
2026-08-13 18:36:03,866 - INFO - EMIT crude_orderflow_signal: NO TRADE | Entry Score 35
2026-08-13 18:36:03,866 - INFO - EMIT crude_orderflow_signal: PUT BUY ([SIM]) | None
2026-08-13 18:36:04,965 - INFO - EMIT crude_orderflow_signal: NO TRADE | Entry Score 35
2026-08-13 18:36:04,965 - INFO - EMIT crude_orderflow_signal: PUT BUY ([SIM]) | None
2026-08-13 18:36:06,047 - INFO - EMIT crude_orderflow_signal: NO TRADE | Entry Score 35
2026-08-13 18:36:06,047 - INFO - EMIT crude_orderflow_signal: PUT BUY ([SIM]) | None
2026-08-13 18:36:07,146 - INFO - EMIT crude_orderflow_signal: NO TRADE | Entry Score 35
2026-08-13 18:36:07,146 - INFO - EMIT crude_orderflow_signal: PUT BUY ([SIM]) | None
2026-08-13 18:36:08,229 - INFO - EMIT crude_orderflow_signal: NO TRADE | Entry Score 35
2026-08-13 18:36:08,229 - INFO - EMIT crude_orderflow_signal: PUT BUY ([SIM]) | None
2026-08-13 18:36:09,328 - INFO - EMIT crude_orderflow_signal: NO TRADE | Entry Score 35
2026-08-13 18:36:09,328 - INFO - EMIT crude_orderflow_signal: PUT BUY ([SIM]) | None
2026-08-13 18:36:10,427 - INFO - EMIT crude_orderflow_signal: NO TRADE | Entry Score 35
2026-08-13 18:36:10,427 - INFO - EMIT crude_orderflow_signal: PUT BUY ([SIM]) | None
2026-08-13 18:36:11,526 - INFO - EMIT crude_orderflow_signal: NO TRADE | Entry Score 35
2026-08-13 18:36:11,526 - INFO - EMIT crude_orderflow_signal: PUT BUY ([SIM]) | None
2026-08-13 18:36:12,625 - INFO - EMIT crude_orderflow_signal: NO TRADE | Entry Score 35
2026-08-13 18:36:12,625 - INFO - EMIT crude_orderflow_signal: PUT BUY ([SIM]) | None
2026-08-13 18:36:13,424 - INFO - EMIT crude_orderflow_signal: NO TRADE | Entry Score 35
2026-08-13 18:36:13,724 - INFO - EMIT crude_orderflow_signal: NO TRADE | Entry Score 35
2026-08-13 18:36:13,724 - INFO - EMIT crude_orderflow_signal: PUT BUY ([SIM]) | None
2026-08-13 18:36:14,823 - INFO - EMIT crude_orderflow_signal: NO TRADE | Entry Score 35
2026-08-13 18:36:14,823 - INFO - EMIT crude_orderflow_signal: PUT BUY ([SIM]) | None
2026-08-13 18:36:15,921 - INFO - EMIT crude_orderflow_signal: NO TRADE | Entry Score 35
2026-08-13 18:36:15,921 - INFO - EMIT crude_orderflow_signal: PUT BUY ([SIM]) | None
2026-08-13 18:36:17,021 - INFO - EMIT crude_orderflow_signal: NO TRADE | Entry Score 35
2026-08-13 18:36:17,021 - INFO - EMIT crude_orderflow_signal: PUT BUY ([SIM]) | None
2026-08-13 18:36:18,103 - INFO - EMIT crude_orderflow_signal: NO TRADE | Entry Score 35
2026-08-13 18:36:18,103 - INFO - EMIT crude_orderflow_signal: PUT BUY ([SIM]) | None
2026-08-13 18:36:19,202 - INFO - EMIT crude_orderflow_signal: NO TRADE | Entry Score 35
2026-08-13 18:36:19,202 - INFO - EMIT crude_orderflow_signal: PUT BUY ([SIM]) | None
2026-08-13 18:36:20,284 - INFO - EMIT crude_orderflow_signal: NO TRADE | Entry Score 35
2026-08-13 18:36:20,284 - INFO - EMIT crude_orderflow_signal: PUT BUY ([SIM]) | None
2026-08-13 18:36:21,416 - INFO - EMIT crude_orderflow_signal: NO TRADE | Entry Score 35
2026-08-13 18:36:21,416 - INFO - EMIT crude_orderflow_signal: PUT BUY ([SIM]) | None
2026-08-13 18:36:22,499 - INFO - EMIT crude_orderflow_signal: NO TRADE | Entry Score 35
2026-08-13 18:36:22,499 - INFO - EMIT crude_orderflow_signal: PUT BUY ([SIM]) | None
2026-08-13 18:36:23,598 - INFO - EMIT crude_orderflow_signal: NO TRADE | Entry Score 35
2026-08-13 18:36:23,598 - INFO - EMIT crude_orderflow_signal: PUT BUY ([SIM]) | None
2026-08-13 18:36:24,684 - INFO - EMIT crude_orderflow_signal: NO TRADE | Entry Score 35
2026-08-13 18:36:24,684 - INFO - EMIT crude_orderflow_signal: PUT BUY ([SIM]) | None
2026-08-13 18:36:25,782 - INFO - EMIT crude_orderflow_signal: NO TRADE | Entry Score 35
2026-08-13 18:36:25,782 - INFO - EMIT crude_orderflow_signal: PUT BUY ([SIM]) | None
2026-08-13 18:36:26,882 - INFO - EMIT crude_orderflow_signal: NO TRADE | Entry Score 35
2026-08-13 18:36:26,882 - INFO - EMIT crude_orderflow_signal: PUT BUY ([SIM]) | None
2026-08-13 18:36:27,980 - INFO - EMIT crude_orderflow_signal: NO TRADE | Entry Score 35
2026-08-13 18:36:27,980 - INFO - EMIT crude_orderflow_signal: PUT BUY ([SIM]) | None
2026-08-13 18:36:29,080 - INFO - EMIT crude_orderflow_signal: NO TRADE | Entry Score 35
2026-08-13 18:36:29,080 - INFO - EMIT crude_orderflow_signal: PUT BUY ([SIM]) | None
2026-08-13 18:36:30,177 - INFO - EMIT crude_orderflow_signal: NO TRADE | Entry Score 35
2026-08-13 18:36:30,177 - INFO - EMIT crude_orderflow_signal: PUT BUY ([SIM]) | None
2026-08-13 18:36:31,257 - INFO - EMIT crude_orderflow_signal: NO TRADE | Entry Score 35
2026-08-13 18:36:31,257 - INFO - EMIT crude_orderflow_signal: PUT BUY ([SIM]) | None
2026-08-13 18:36:32,357 - INFO - EMIT crude_orderflow_signal: NO TRADE | Entry Score 35
2026-08-13 18:36:32,357 - INFO - EMIT crude_orderflow_signal: PUT BUY ([SIM]) | None
2026-08-13 18:36:33,455 - INFO - EMIT crude_orderflow_signal: NO TRADE | Entry Score 35
2026-08-13 18:36:33,455 - INFO - EMIT crude_orderflow_signal: PUT BUY ([SIM]) | None
2026-08-13 18:36:34,554 - INFO - EMIT crude_orderflow_signal: NO TRADE | Entry Score 35
2026-08-13 18:36:34,554 - INFO - EMIT crude_orderflow_signal: PUT BUY ([SIM]) | None
2026-08-13 18:36:35,653 - INFO - EMIT crude_orderflow_signal: NO TRADE | Entry Score 35
2026-08-13 18:36:35,653 - INFO - EMIT crude_orderflow_signal: PUT BUY ([SIM]) | None
2026-08-13 18:36:36,802 - INFO - EMIT crude_orderflow_signal: NO TRADE | Entry Score 35
2026-08-13 18:36:36,802 - INFO - EMIT crude_orderflow_signal: PUT BUY ([SIM]) | None
2026-08-13 18:36:37,884 - INFO - EMIT crude_orderflow_signal: NO TRADE | Entry Score 35
2026-08-13 18:36:37,884 - INFO - EMIT crude_orderflow_signal: PUT BUY ([SIM]) | None
2026-08-13 18:36:38,983 - INFO - EMIT crude_orderflow_signal: NO TRADE | Entry Score 35
2026-08-13 18:36:38,983 - INFO - EMIT crude_orderflow_signal: PUT BUY ([SIM]) | None
2026-08-13 18:36:40,116 - INFO - EMIT crude_orderflow_signal: NO TRADE | Entry Score 35
2026-08-13 18:36:40,116 - INFO - EMIT crude_orderflow_signal: PUT BUY ([SIM]) | None
2026-08-13 18:36:41,198 - INFO - EMIT crude_orderflow_signal: NO TRADE | Entry Score 35
2026-08-13 18:36:41,198 - INFO - EMIT crude_orderflow_signal: PUT BUY ([SIM]) | None
2026-08-13 18:36:42,313 - INFO - EMIT crude_orderflow_signal: NO TRADE | Entry Score 35
2026-08-13 18:36:42,313 - INFO - EMIT crude_orderflow_signal: PUT BUY ([SIM]) | None
2026-08-13 18:36:43,412 - INFO - EMIT crude_orderflow_signal: NO TRADE | Entry Score 35
2026-08-13 18:36:43,412 - INFO - EMIT crude_orderflow_signal: PUT BUY ([SIM]) | None
2026-08-13 18:36:43,429 - INFO - EMIT crude_orderflow_signal: NO TRADE | Entry Score 35
2026-08-13 18:36:44,546 - INFO - EMIT crude_orderflow_signal: NO TRADE | Entry Score 35
2026-08-13 18:36:44,546 - INFO - EMIT crude_orderflow_signal: PUT BUY ([SIM]) | None
2026-08-13 18:36:45,644 - INFO - EMIT crude_orderflow_signal: NO TRADE | Entry Score 35
2026-08-13 18:36:45,644 - INFO - EMIT crude_orderflow_signal: PUT BUY ([SIM]) | None
2026-08-13 18:36:46,776 - INFO - EMIT crude_orderflow_signal: NO TRADE | Entry Score 35
2026-08-13 18:36:46,776 - INFO - EMIT crude_orderflow_signal: PUT BUY ([SIM]) | None
2026-08-13 18:36:47,875 - INFO - EMIT crude_orderflow_signal: NO TRADE | Entry Score 35
2026-08-13 18:36:47,875 - INFO - EMIT crude_orderflow_signal: PUT BUY ([SIM]) | None
2026-08-13 18:36:48,957 - INFO - EMIT crude_orderflow_signal: NO TRADE | Entry Score 35
2026-08-13 18:36:48,957 - INFO - EMIT crude_orderflow_signal: PUT BUY ([SIM]) | None
2026-08-13 18:36:50,090 - INFO - EMIT crude_orderflow_signal: NO TRADE | Entry Score 45
2026-08-13 18:36:50,090 - INFO - EMIT crude_orderflow_signal: PUT BUY ([SIM]) | None
2026-08-13 18:36:51,222 - INFO - EMIT crude_orderflow_signal: NO TRADE | Entry Score 45
2026-08-13 18:36:51,222 - INFO - EMIT crude_orderflow_signal: PUT BUY ([SIM]) | None
2026-08-13 18:36:52,304 - INFO - EMIT crude_orderflow_signal: NO TRADE | Entry Score 45
2026-08-13 18:36:52,304 - INFO - EMIT crude_orderflow_signal: PUT BUY ([SIM]) | None
2026-08-13 18:36:53,486 - INFO - EMIT crude_orderflow_signal: NO TRADE | Entry Score 45
2026-08-13 18:36:53,486 - INFO - EMIT crude_orderflow_signal: PUT BUY ([SIM]) | None
2026-08-13 18:36:54,585 - INFO - EMIT crude_orderflow_signal: NO TRADE | Entry Score 45
2026-08-13 18:36:54,585 - INFO - EMIT crude_orderflow_signal: PUT BUY ([SIM]) | None
2026-08-13 18:36:55,706 - INFO - EMIT crude_orderflow_signal: NO TRADE | Entry Score 45
2026-08-13 18:36:55,707 - INFO - EMIT crude_orderflow_signal: PUT BUY ([SIM]) | None
2026-08-13 18:36:56,800 - INFO - EMIT crude_orderflow_signal: NO TRADE | Entry Score 45
2026-08-13 18:36:56,800 - INFO - EMIT crude_orderflow_signal: PUT BUY ([SIM]) | None
2026-08-13 18:36:57,882 - INFO - EMIT crude_orderflow_signal: NO TRADE | Entry Score 45
2026-08-13 18:36:57,882 - INFO - EMIT crude_orderflow_signal: PUT BUY ([SIM]) | None
2026-08-13 18:36:58,981 - INFO - EMIT crude_orderflow_signal: NO TRADE | Entry Score 45
2026-08-13 18:36:58,981 - INFO - EMIT crude_orderflow_signal: PUT BUY ([SIM]) | None
2026-08-13 18:37:00,097 - INFO - EMIT crude_orderflow_signal: NO TRADE | Entry Score 45
2026-08-13 18:37:00,097 - INFO - EMIT crude_orderflow_signal: PUT BUY ([SIM]) | None
2026-08-13 18:37:01,312 - INFO - EMIT crude_orderflow_signal: NO TRADE | Entry Score 45
2026-08-13 18:37:01,312 - INFO - EMIT crude_orderflow_signal: PUT BUY ([SIM]) | None
2026-08-13 18:37:02,412 - INFO - EMIT crude_orderflow_signal: NO TRADE | Entry Score 45
2026-08-13 18:37:02,412 - INFO - EMIT crude_orderflow_signal: PUT BUY ([SIM]) | None
2026-08-13 18:37:03,514 - INFO - EMIT crude_orderflow_signal: NO TRADE | Entry Score 45
2026-08-13 18:37:03,514 - INFO - EMIT crude_orderflow_signal: PUT BUY ([SIM]) | None
2026-08-13 18:37:04,864 - INFO - EMIT crude_orderflow_signal: NO TRADE | Entry Score 45
2026-08-13 18:37:04,865 - INFO - EMIT crude_orderflow_signal: PUT BUY ([SIM]) | None
2026-08-13 18:37:05,968 - INFO - EMIT crude_orderflow_signal: NO TRADE | Entry Score 45
2026-08-13 18:37:05,969 - INFO - EMIT crude_orderflow_signal: PUT BUY ([SIM]) | None
2026-08-13 18:37:07,061 - INFO - EMIT crude_orderflow_signal: NO TRADE | Entry Score 45
2026-08-13 18:37:07,061 - INFO - EMIT crude_orderflow_signal: PUT BUY ([SIM]) | None
2026-08-13 18:37:08,160 - INFO - EMIT crude_orderflow_signal: NO TRADE | Entry Score 45
2026-08-13 18:37:08,160 - INFO - EMIT crude_orderflow_signal: PUT BUY ([SIM]) | None
2026-08-13 18:37:09,492 - INFO - EMIT crude_orderflow_signal: NO TRADE | Entry Score 45
2026-08-13 18:37:09,492 - INFO - EMIT crude_orderflow_signal: PUT BUY ([SIM]) | None
2026-08-13 18:37:10,841 - INFO - EMIT crude_orderflow_signal: NO TRADE | Entry Score 45
2026-08-13 18:37:10,841 - INFO - EMIT crude_orderflow_signal: PUT BUY ([SIM]) | None
2026-08-13 18:37:11,989 - INFO - EMIT crude_orderflow_signal: NO TRADE | Entry Score 45
2026-08-13 18:37:11,989 - INFO - EMIT crude_orderflow_signal: PUT BUY ([SIM]) | None
2026-08-13 18:37:13,321 - INFO - EMIT crude_orderflow_signal: NO TRADE | Entry Score 45
2026-08-13 18:37:13,321 - INFO - EMIT crude_orderflow_signal: PUT BUY ([SIM]) | None
2026-08-13 18:37:13,439 - INFO - EMIT crude_orderflow_signal: NO TRADE | Entry Score 45
2026-08-13 18:37:14,420 - INFO - EMIT crude_orderflow_signal: NO TRADE | Entry Score 45
2026-08-13 18:37:14,420 - INFO - EMIT crude_orderflow_signal: PUT BUY ([SIM]) | None
2026-08-13 18:37:15,536 - INFO - EMIT crude_orderflow_signal: NO TRADE | Entry Score 45
2026-08-13 18:37:15,536 - INFO - EMIT crude_orderflow_signal: PUT BUY ([SIM]) | None
2026-08-13 18:37:16,718 - INFO - EMIT crude_orderflow_signal: NO TRADE | Entry Score 45
2026-08-13 18:37:16,718 - INFO - EMIT crude_orderflow_signal: PUT BUY ([SIM]) | None
2026-08-13 18:37:17,815 - INFO - EMIT crude_orderflow_signal: NO TRADE | Entry Score 45
2026-08-13 18:37:17,815 - INFO - EMIT crude_orderflow_signal: PUT BUY ([SIM]) | None
2026-08-13 18:37:19,050 - INFO - EMIT crude_orderflow_signal: NO TRADE | Entry Score 45
2026-08-13 18:37:19,052 - INFO - EMIT crude_orderflow_signal: PUT BUY ([SIM]) | None
2026-08-13 18:37:20,408 - INFO - EMIT crude_orderflow_signal: NO TRADE | Entry Score 45
2026-08-13 18:37:20,408 - INFO - EMIT crude_orderflow_signal: PUT BUY ([SIM]) | None
2026-08-13 18:37:21,510 - INFO - EMIT crude_orderflow_signal: NO TRADE | Entry Score 45
2026-08-13 18:37:21,510 - INFO - EMIT crude_orderflow_signal: PUT BUY ([SIM]) | None
2026-08-13 18:37:22,626 - INFO - EMIT crude_orderflow_signal: NO TRADE | Entry Score 45
2026-08-13 18:37:22,626 - INFO - EMIT crude_orderflow_signal: PUT BUY ([SIM]) | None
2026-08-13 18:37:23,742 - INFO - EMIT crude_orderflow_signal: NO TRADE | Entry Score 45
2026-08-13 18:37:23,742 - INFO - EMIT crude_orderflow_signal: PUT BUY ([SIM]) | None
2026-08-13 18:37:24,824 - INFO - EMIT crude_orderflow_signal: NO TRADE | Entry Score 45
2026-08-13 18:37:24,824 - INFO - EMIT crude_orderflow_signal: PUT BUY ([SIM]) | None
2026-08-13 18:37:25,939 - INFO - EMIT crude_orderflow_signal: NO TRADE | Entry Score 45
2026-08-13 18:37:25,939 - INFO - EMIT crude_orderflow_signal: PUT BUY ([SIM]) | None
2026-08-13 18:37:27,038 - INFO - EMIT crude_orderflow_signal: NO TRADE | Entry Score 45
2026-08-13 18:37:27,038 - INFO - EMIT crude_orderflow_signal: PUT BUY ([SIM]) | None
2026-08-13 18:37:28,121 - INFO - EMIT crude_orderflow_signal: NO TRADE | Entry Score 45
2026-08-13 18:37:28,121 - INFO - EMIT crude_orderflow_signal: PUT BUY ([SIM]) | None
2026-08-13 18:37:29,236 - INFO - EMIT crude_orderflow_signal: NO TRADE | Entry Score 45
2026-08-13 18:37:29,236 - INFO - EMIT crude_orderflow_signal: PUT BUY ([SIM]) | None
2026-08-13 18:37:30,335 - INFO - EMIT crude_orderflow_signal: NO TRADE | Entry Score 45
2026-08-13 18:37:30,335 - INFO - EMIT crude_orderflow_signal: PUT BUY ([SIM]) | None
2026-08-13 18:37:31,435 - INFO - EMIT crude_orderflow_signal: NO TRADE | Entry Score 45
2026-08-13 18:37:31,435 - INFO - EMIT crude_orderflow_signal: PUT BUY ([SIM]) | None
2026-08-13 18:37:32,750 - INFO - EMIT crude_orderflow_signal: NO TRADE | Entry Score 45
2026-08-13 18:37:32,750 - INFO - EMIT crude_orderflow_signal: PUT BUY ([SIM]) | None
2026-08-13 18:37:33,849 - INFO - EMIT crude_orderflow_signal: NO TRADE | Entry Score 45
2026-08-13 18:37:33,849 - INFO - EMIT crude_orderflow_signal: PUT BUY ([SIM]) | None
2026-08-13 18:37:35,223 - INFO - EMIT crude_orderflow_signal: NO TRADE | Entry Score 45
2026-08-13 18:37:35,225 - INFO - EMIT crude_orderflow_signal: PUT BUY ([SIM]) | None
2026-08-13 18:37:36,346 - INFO - EMIT crude_orderflow_signal: NO TRADE | Entry Score 45
2026-08-13 18:37:36,346 - INFO - EMIT crude_orderflow_signal: PUT BUY ([SIM]) | None
2026-08-13 18:37:37,445 - INFO - EMIT crude_orderflow_signal: NO TRADE | Entry Score 45
2026-08-13 18:37:37,445 - INFO - EMIT crude_orderflow_signal: PUT BUY ([SIM]) | None
2026-08-13 18:37:38,544 - INFO - EMIT crude_orderflow_signal: NO TRADE | Entry Score 45
2026-08-13 18:37:38,544 - INFO - EMIT crude_orderflow_signal: PUT BUY ([SIM]) | None
2026-08-13 18:37:39,626 - INFO - EMIT crude_orderflow_signal: NO TRADE | Entry Score 45
2026-08-13 18:37:39,642 - INFO - EMIT crude_orderflow_signal: PUT BUY ([SIM]) | None
2026-08-13 18:37:40,759 - INFO - EMIT crude_orderflow_signal: NO TRADE | Entry Score 45
2026-08-13 18:37:40,759 - INFO - EMIT crude_orderflow_signal: PUT BUY ([SIM]) | None
2026-08-13 18:37:41,874 - INFO - EMIT crude_orderflow_signal: NO TRADE | Entry Score 45
2026-08-13 18:37:41,874 - INFO - EMIT crude_orderflow_signal: PUT BUY ([SIM]) | None
2026-08-13 18:37:43,018 - INFO - EMIT crude_orderflow_signal: NO TRADE | Entry Score 45
2026-08-13 18:37:43,018 - INFO - EMIT crude_orderflow_signal: PUT BUY ([SIM]) | None
2026-08-13 18:37:43,423 - INFO - EMIT crude_orderflow_signal: NO TRADE | Entry Score 45
2026-08-13 18:37:44,140 - INFO - EMIT crude_orderflow_signal: NO TRADE | Entry Score 45
2026-08-13 18:37:44,140 - INFO - EMIT crude_orderflow_signal: PUT BUY ([SIM]) | None
2026-08-13 18:37:45,288 - INFO - EMIT crude_orderflow_signal: NO TRADE | Entry Score 45
2026-08-13 18:37:45,288 - INFO - EMIT crude_orderflow_signal: PUT BUY ([SIM]) | None
2026-08-13 18:37:46,387 - INFO - EMIT crude_orderflow_signal: NO TRADE | Entry Score 45
2026-08-13 18:37:46,387 - INFO - EMIT crude_orderflow_signal: PUT BUY ([SIM]) | None
2026-08-13 18:37:47,502 - INFO - EMIT crude_orderflow_signal: NO TRADE | Entry Score 45
2026-08-13 18:37:47,502 - INFO - EMIT crude_orderflow_signal: PUT BUY ([SIM]) | None
2026-08-13 18:37:48,601 - INFO - EMIT crude_orderflow_signal: NO TRADE | Entry Score 45
2026-08-13 18:37:48,601 - INFO - EMIT crude_orderflow_signal: PUT BUY ([SIM]) | None
2026-08-13 18:37:50,007 - INFO - EMIT crude_orderflow_signal: NO TRADE | Entry Score 45
2026-08-13 18:37:50,008 - INFO - EMIT crude_orderflow_signal: PUT BUY ([SIM]) | None
2026-08-13 18:37:51,132 - INFO - EMIT crude_orderflow_signal: NO TRADE | Entry Score 45
2026-08-13 18:37:51,132 - INFO - EMIT crude_orderflow_signal: PUT BUY ([SIM]) | None
2026-08-13 18:37:52,232 - INFO - EMIT crude_orderflow_signal: NO TRADE | Entry Score 45
2026-08-13 18:37:52,244 - INFO - EMIT crude_orderflow_signal: PUT BUY ([SIM]) | None
2026-08-13 18:37:53,347 - INFO - EMIT crude_orderflow_signal: NO TRADE | Entry Score 45
2026-08-13 18:37:53,347 - INFO - EMIT crude_orderflow_signal: PUT BUY ([SIM]) | None
2026-08-13 18:37:54,463 - INFO - EMIT crude_orderflow_signal: NO TRADE | Entry Score 45
2026-08-13 18:37:54,463 - INFO - EMIT crude_orderflow_signal: PUT BUY ([SIM]) | None
2026-08-13 18:37:55,562 - INFO - EMIT crude_orderflow_signal: NO TRADE | Entry Score 45
2026-08-13 18:37:55,562 - INFO - EMIT crude_orderflow_signal: PUT BUY ([SIM]) | None
2026-08-13 18:37:56,660 - INFO - EMIT crude_orderflow_signal: NO TRADE | Entry Score 45
2026-08-13 18:37:56,660 - INFO - EMIT crude_orderflow_signal: PUT BUY ([SIM]) | None
2026-08-13 18:37:57,993 - INFO - EMIT crude_orderflow_signal: NO TRADE | Entry Score 45
2026-08-13 18:37:57,993 - INFO - EMIT crude_orderflow_signal: PUT BUY ([SIM]) | None
2026-08-13 18:37:59,075 - INFO - EMIT crude_orderflow_signal: NO TRADE | Entry Score 45
2026-08-13 18:37:59,091 - INFO - EMIT crude_orderflow_signal: PUT BUY ([SIM]) | None
2026-08-13 18:38:00,191 - INFO - EMIT crude_orderflow_signal: NO TRADE | Entry Score 45
2026-08-13 18:38:00,191 - INFO - EMIT crude_orderflow_signal: PUT BUY ([SIM]) | None
2026-08-13 18:38:01,273 - INFO - EMIT crude_orderflow_signal: NO TRADE | Entry Score 45
2026-08-13 18:38:01,273 - INFO - EMIT crude_orderflow_signal: PUT BUY ([SIM]) | None
2026-08-13 18:38:02,372 - INFO - EMIT crude_orderflow_signal: NO TRADE | Entry Score 45
2026-08-13 18:38:02,372 - INFO - EMIT crude_orderflow_signal: PUT BUY ([SIM]) | None
2026-08-13 18:38:03,471 - INFO - EMIT crude_orderflow_signal: NO TRADE | Entry Score 45
2026-08-13 18:38:03,471 - INFO - EMIT crude_orderflow_signal: PUT BUY ([SIM]) | None
2026-08-13 18:38:05,400 - INFO - EMIT crude_orderflow_signal: NO TRADE | Entry Score 45
2026-08-13 18:38:05,411 - INFO - EMIT crude_orderflow_signal: PUT BUY ([SIM]) | None
2026-08-13 18:38:06,501 - INFO - EMIT crude_orderflow_signal: NO TRADE | Entry Score 45
2026-08-13 18:38:06,501 - INFO - EMIT crude_orderflow_signal: PUT BUY ([SIM]) | None
2026-08-13 18:38:07,617 - INFO - EMIT crude_orderflow_signal: NO TRADE | Entry Score 45
2026-08-13 18:38:07,617 - INFO - EMIT crude_orderflow_signal: PUT BUY ([SIM]) | None
2026-08-13 18:38:08,699 - INFO - EMIT crude_orderflow_signal: NO TRADE | Entry Score 45
2026-08-13 18:38:08,699 - INFO - EMIT crude_orderflow_signal: PUT BUY ([SIM]) | None
2026-08-13 18:38:09,848 - INFO - EMIT crude_orderflow_signal: NO TRADE | Entry Score 45
2026-08-13 18:38:09,848 - INFO - EMIT crude_orderflow_signal: PUT BUY ([SIM]) | None
2026-08-13 18:38:10,964 - INFO - EMIT crude_orderflow_signal: NO TRADE | Entry Score 45
2026-08-13 18:38:10,964 - INFO - EMIT crude_orderflow_signal: PUT BUY ([SIM]) | None
2026-08-13 18:38:12,079 - INFO - EMIT crude_orderflow_signal: NO TRADE | Entry Score 45
2026-08-13 18:38:12,079 - INFO - EMIT crude_orderflow_signal: PUT BUY ([SIM]) | None
2026-08-13 18:38:13,181 - INFO - EMIT crude_orderflow_signal: NO TRADE | Entry Score 45
2026-08-13 18:38:13,181 - INFO - EMIT crude_orderflow_signal: PUT BUY ([SIM]) | None
2026-08-13 18:38:13,428 - INFO - EMIT crude_orderflow_signal: NO TRADE | Entry Score 45
2026-08-13 18:38:14,277 - INFO - EMIT crude_orderflow_signal: NO TRADE | Entry Score 45
2026-08-13 18:38:14,293 - INFO - EMIT crude_orderflow_signal: PUT BUY ([SIM]) | None
2026-08-13 18:38:15,393 - INFO - EMIT crude_orderflow_signal: NO TRADE | Entry Score 45
2026-08-13 18:38:15,393 - INFO - EMIT crude_orderflow_signal: PUT BUY ([SIM]) | None
2026-08-13 18:38:16,492 - INFO - EMIT crude_orderflow_signal: NO TRADE | Entry Score 45
2026-08-13 18:38:16,492 - INFO - EMIT crude_orderflow_signal: PUT BUY ([SIM]) | None
2026-08-13 18:38:17,641 - INFO - EMIT crude_orderflow_signal: NO TRADE | Entry Score 45
2026-08-13 18:38:17,641 - INFO - EMIT crude_orderflow_signal: PUT BUY ([SIM]) | None
2026-08-13 18:38:18,756 - INFO - EMIT crude_orderflow_signal: NO TRADE | Entry Score 45
2026-08-13 18:38:18,757 - INFO - EMIT crude_orderflow_signal: PUT BUY ([SIM]) | None
2026-08-13 18:38:20,131 - INFO - EMIT crude_orderflow_signal: NO TRADE | Entry Score 45
2026-08-13 18:38:20,133 - INFO - EMIT crude_orderflow_signal: PUT BUY ([SIM]) | None
2026-08-13 18:38:21,371 - INFO - EMIT crude_orderflow_signal: NO TRADE | Entry Score 25
2026-08-13 18:38:21,371 - INFO - EMIT crude_orderflow_signal: PUT BUY ([SIM]) | None
2026-08-13 18:38:22,486 - INFO - EMIT crude_orderflow_signal: NO TRADE | Entry Score 25
2026-08-13 18:38:22,486 - INFO - EMIT crude_orderflow_signal: PUT BUY ([SIM]) | None
2026-08-13 18:38:23,635 - INFO - EMIT crude_orderflow_signal: NO TRADE | Entry Score 25
2026-08-13 18:38:23,635 - INFO - EMIT crude_orderflow_signal: PUT BUY ([SIM]) | None
2026-08-13 18:38:24,718 - INFO - EMIT crude_orderflow_signal: NO TRADE | Entry Score 25
2026-08-13 18:38:24,718 - INFO - EMIT crude_orderflow_signal: PUT BUY ([SIM]) | None
2026-08-13 18:38:25,820 - INFO - EMIT crude_orderflow_signal: NO TRADE | Entry Score 25
2026-08-13 18:38:25,820 - INFO - EMIT crude_orderflow_signal: PUT BUY ([SIM]) | None
2026-08-13 18:38:26,919 - INFO - EMIT crude_orderflow_signal: NO TRADE | Entry Score 25
2026-08-13 18:38:26,919 - INFO - EMIT crude_orderflow_signal: PUT BUY ([SIM]) | None
2026-08-13 18:38:28,018 - INFO - EMIT crude_orderflow_signal: NO TRADE | Entry Score 25
2026-08-13 18:38:28,018 - INFO - EMIT crude_orderflow_signal: PUT BUY ([SIM]) | None
2026-08-13 18:38:29,097 - INFO - EMIT crude_orderflow_signal: NO TRADE | Entry Score 25
2026-08-13 18:38:29,097 - INFO - EMIT crude_orderflow_signal: PUT BUY ([SIM]) | None
2026-08-13 18:38:30,212 - INFO - EMIT crude_orderflow_signal: NO TRADE | Entry Score 25
2026-08-13 18:38:30,212 - INFO - EMIT crude_orderflow_signal: PUT BUY ([SIM]) | None
2026-08-13 18:38:31,295 - INFO - EMIT crude_orderflow_signal: NO TRADE | Entry Score 25
2026-08-13 18:38:31,311 - INFO - EMIT crude_orderflow_signal: PUT BUY ([SIM]) | None
2026-08-13 18:38:32,394 - INFO - EMIT crude_orderflow_signal: NO TRADE | Entry Score 25
2026-08-13 18:38:32,394 - INFO - EMIT crude_orderflow_signal: PUT BUY ([SIM]) | None
2026-08-13 18:38:33,510 - INFO - EMIT crude_orderflow_signal: NO TRADE | Entry Score 25
2026-08-13 18:38:33,510 - INFO - EMIT crude_orderflow_signal: PUT BUY ([SIM]) | None
2026-08-13 18:38:35,044 - INFO - EMIT crude_orderflow_signal: NO TRADE | Entry Score 25
2026-08-13 18:38:35,047 - INFO - EMIT crude_orderflow_signal: PUT BUY ([SIM]) | None
2026-08-13 18:38:36,060 - INFO - \U0001f512 [SIM] Breakeven lock engaged | entry 163.9 | peak 181.9 | MFE 18.0 pts
2026-08-13 18:38:36,128 - INFO - EMIT crude_orderflow_signal: NO TRADE | Entry Score 25
2026-08-13 18:38:36,128 - INFO - EMIT crude_orderflow_signal: PUT BUY ([SIM]) | None
2026-08-13 18:38:37,326 - INFO - EMIT crude_orderflow_signal: NO TRADE | Entry Score 25
2026-08-13 18:38:37,326 - INFO - EMIT crude_orderflow_signal: PUT BUY ([SIM]) | None
2026-08-13 18:38:38,509 - INFO - EMIT crude_orderflow_signal: NO TRADE | Entry Score 25
2026-08-13 18:38:38,509 - INFO - EMIT crude_orderflow_signal: PUT BUY ([SIM]) | None
2026-08-13 18:38:39,606 - INFO - EMIT crude_orderflow_signal: NO TRADE | Entry Score 25
2026-08-13 18:38:39,606 - INFO - EMIT crude_orderflow_signal: PUT BUY ([SIM]) | None
2026-08-13 18:38:40,690 - INFO - EMIT crude_orderflow_signal: NO TRADE | Entry Score 25
2026-08-13 18:38:40,690 - INFO - EMIT crude_orderflow_signal: PUT BUY ([SIM]) | None
2026-08-13 18:38:41,789 - INFO - EMIT crude_orderflow_signal: NO TRADE | Entry Score 25
2026-08-13 18:38:41,789 - INFO - EMIT crude_orderflow_signal: PUT BUY ([SIM]) | None
2026-08-13 18:38:42,923 - INFO - EMIT crude_orderflow_signal: NO TRADE | Entry Score 25
2026-08-13 18:38:42,923 - INFO - EMIT crude_orderflow_signal: PUT BUY ([SIM]) | None
2026-08-13 18:38:43,438 - INFO - EMIT crude_orderflow_signal: NO TRADE | Entry Score 25
2026-08-13 18:38:44,037 - INFO - EMIT crude_orderflow_signal: NO TRADE | Entry Score 25
2026-08-13 18:38:44,037 - INFO - EMIT crude_orderflow_signal: PUT BUY ([SIM]) | None
2026-08-13 18:38:45,119 - INFO - EMIT crude_orderflow_signal: NO TRADE | Entry Score 25
2026-08-13 18:38:45,119 - INFO - EMIT crude_orderflow_signal: PUT BUY ([SIM]) | None
2026-08-13 18:38:46,217 - INFO - EMIT crude_orderflow_signal: NO TRADE | Entry Score 25
2026-08-13 18:38:46,217 - INFO - EMIT crude_orderflow_signal: PUT BUY ([SIM]) | None
2026-08-13 18:38:47,317 - INFO - EMIT crude_orderflow_signal: NO TRADE | Entry Score 25
2026-08-13 18:38:47,317 - INFO - EMIT crude_orderflow_signal: PUT BUY ([SIM]) | None
2026-08-13 18:38:48,416 - INFO - EMIT crude_orderflow_signal: NO TRADE | Entry Score 25
2026-08-13 18:38:48,416 - INFO - EMIT crude_orderflow_signal: PUT BUY ([SIM]) | None
2026-08-13 18:38:49,528 - INFO - EMIT crude_orderflow_signal: NO TRADE | Entry Score 25
2026-08-13 18:38:49,530 - INFO - EMIT crude_orderflow_signal: PUT BUY ([SIM]) | None
2026-08-13 18:38:50,614 - INFO - EMIT crude_orderflow_signal: NO TRADE | Entry Score 25
2026-08-13 18:38:50,614 - INFO - EMIT crude_orderflow_signal: PUT BUY ([SIM]) | None
2026-08-13 18:38:51,747 - INFO - EMIT crude_orderflow_signal: NO TRADE | Entry Score 25
2026-08-13 18:38:51,747 - INFO - EMIT crude_orderflow_signal: PUT BUY ([SIM]) | None
2026-08-13 18:38:52,891 - INFO - EMIT crude_orderflow_signal: NO TRADE | Entry Score 25
2026-08-13 18:38:52,891 - INFO - EMIT crude_orderflow_signal: PUT BUY ([SIM]) | None
2026-08-13 18:38:54,007 - INFO - EMIT crude_orderflow_signal: NO TRADE | Entry Score 25
2026-08-13 18:38:54,007 - INFO - EMIT crude_orderflow_signal: PUT BUY ([SIM]) | None
2026-08-13 18:38:55,106 - INFO - EMIT crude_orderflow_signal: NO TRADE | Entry Score 25
2026-08-13 18:38:55,106 - INFO - EMIT crude_orderflow_signal: PUT BUY ([SIM]) | None
2026-08-13 18:38:56,205 - INFO - EMIT crude_orderflow_signal: NO TRADE | Entry Score 25
2026-08-13 18:38:56,205 - INFO - EMIT crude_orderflow_signal: PUT BUY ([SIM]) | None
2026-08-13 18:38:57,320 - INFO - EMIT crude_orderflow_signal: NO TRADE | Entry Score 25
2026-08-13 18:38:57,320 - INFO - EMIT crude_orderflow_signal: PUT BUY ([SIM]) | None
2026-08-13 18:38:58,419 - INFO - EMIT crude_orderflow_signal: NO TRADE | Entry Score 25
2026-08-13 18:38:58,419 - INFO - EMIT crude_orderflow_signal: PUT BUY ([SIM]) | None
2026-08-13 18:38:59,518 - INFO - EMIT crude_orderflow_signal: NO TRADE | Entry Score 25
2026-08-13 18:38:59,534 - INFO - EMIT crude_orderflow_signal: PUT BUY ([SIM]) | None
2026-08-13 18:39:00,634 - INFO - EMIT crude_orderflow_signal: NO TRADE | Entry Score 25
2026-08-13 18:39:00,634 - INFO - EMIT crude_orderflow_signal: PUT BUY ([SIM]) | None
2026-08-13 18:39:01,766 - INFO - EMIT crude_orderflow_signal: NO TRADE | Entry Score 25
2026-08-13 18:39:01,766 - INFO - EMIT crude_orderflow_signal: PUT BUY ([SIM]) | None
2026-08-13 18:39:02,865 - INFO - EMIT crude_orderflow_signal: NO TRADE | Entry Score 25
2026-08-13 18:39:02,865 - INFO - EMIT crude_orderflow_signal: PUT BUY ([SIM]) | None
2026-08-13 18:39:03,981 - INFO - EMIT crude_orderflow_signal: NO TRADE | Entry Score 25
2026-08-13 18:39:03,981 - INFO - EMIT crude_orderflow_signal: PUT BUY ([SIM]) | None
2026-08-13 18:39:05,095 - INFO - EMIT crude_orderflow_signal: NO TRADE | Entry Score 25
2026-08-13 18:39:05,097 - INFO - EMIT crude_orderflow_signal: PUT BUY ([SIM]) | None
2026-08-13 18:39:06,196 - INFO - EMIT crude_orderflow_signal: NO TRADE | Entry Score 25
2026-08-13 18:39:06,196 - INFO - EMIT crude_orderflow_signal: PUT BUY ([SIM]) | None
2026-08-13 18:39:07,328 - INFO - EMIT crude_orderflow_signal: NO TRADE | Entry Score 25
2026-08-13 18:39:07,328 - INFO - EMIT crude_orderflow_signal: PUT BUY ([SIM]) | None
2026-08-13 18:39:08,427 - INFO - EMIT crude_orderflow_signal: NO TRADE | Entry Score 25
2026-08-13 18:39:08,427 - INFO - EMIT crude_orderflow_signal: PUT BUY ([SIM]) | None
2026-08-13 18:39:09,543 - INFO - EMIT crude_orderflow_signal: NO TRADE | Entry Score 25
2026-08-13 18:39:09,543 - INFO - EMIT crude_orderflow_signal: PUT BUY ([SIM]) | None
2026-08-13 18:39:10,641 - INFO - EMIT crude_orderflow_signal: NO TRADE | Entry Score 25
2026-08-13 18:39:10,641 - INFO - EMIT crude_orderflow_signal: PUT BUY ([SIM]) | None
2026-08-13 18:39:11,807 - INFO - EMIT crude_orderflow_signal: NO TRADE | Entry Score 25
2026-08-13 18:39:11,807 - INFO - EMIT crude_orderflow_signal: PUT BUY ([SIM]) | None
2026-08-13 18:39:12,906 - INFO - EMIT crude_orderflow_signal: NO TRADE | Entry Score 25
2026-08-13 18:39:12,906 - INFO - EMIT crude_orderflow_signal: PUT BUY ([SIM]) | None
2026-08-13 18:39:13,422 - INFO - EMIT crude_orderflow_signal: NO TRADE | Entry Score 25
2026-08-13 18:39:14,005 - INFO - EMIT crude_orderflow_signal: NO TRADE | Entry Score 25
2026-08-13 18:39:14,021 - INFO - EMIT crude_orderflow_signal: PUT BUY ([SIM]) | None
2026-08-13 18:39:15,127 - INFO - EMIT crude_orderflow_signal: NO TRADE | Entry Score 25
2026-08-13 18:39:15,128 - INFO - EMIT crude_orderflow_signal: PUT BUY ([SIM]) | None
2026-08-13 18:39:16,219 - INFO - EMIT crude_orderflow_signal: NO TRADE | Entry Score 25
2026-08-13 18:39:16,219 - INFO - EMIT crude_orderflow_signal: PUT BUY ([SIM]) | None
2026-08-13 18:39:17,318 - INFO - EMIT crude_orderflow_signal: NO TRADE | Entry Score 25
2026-08-13 18:39:17,318 - INFO - EMIT crude_orderflow_signal: PUT BUY ([SIM]) | None
2026-08-13 18:39:18,420 - INFO - EMIT crude_orderflow_signal: NO TRADE | Entry Score 25
2026-08-13 18:39:18,420 - INFO - EMIT crude_orderflow_signal: PUT BUY ([SIM]) | None
2026-08-13 18:39:19,516 - INFO - EMIT crude_orderflow_signal: NO TRADE | Entry Score 25
2026-08-13 18:39:19,516 - INFO - EMIT crude_orderflow_signal: PUT BUY ([SIM]) | None
2026-08-13 18:39:20,615 - INFO - EMIT crude_orderflow_signal: NO TRADE | Entry Score 25
2026-08-13 18:39:20,615 - INFO - EMIT crude_orderflow_signal: PUT BUY ([SIM]) | None
2026-08-13 18:39:21,714 - INFO - EMIT crude_orderflow_signal: NO TRADE | Entry Score 25
2026-08-13 18:39:21,714 - INFO - EMIT crude_orderflow_signal: PUT BUY ([SIM]) | None
2026-08-13 18:39:22,813 - INFO - EMIT crude_orderflow_signal: NO TRADE | Entry Score 25
2026-08-13 18:39:22,813 - INFO - EMIT crude_orderflow_signal: PUT BUY ([SIM]) | None
2026-08-13 18:39:23,912 - INFO - EMIT crude_orderflow_signal: NO TRADE | Entry Score 25
2026-08-13 18:39:23,912 - INFO - EMIT crude_orderflow_signal: PUT BUY ([SIM]) | None
2026-08-13 18:39:25,027 - INFO - EMIT crude_orderflow_signal: NO TRADE | Entry Score 25
2026-08-13 18:39:25,028 - INFO - EMIT crude_orderflow_signal: PUT BUY ([SIM]) | None
2026-08-13 18:39:26,127 - INFO - EMIT crude_orderflow_signal: NO TRADE | Entry Score 25
2026-08-13 18:39:26,127 - INFO - EMIT crude_orderflow_signal: PUT BUY ([SIM]) | None
2026-08-13 18:39:27,241 - INFO - EMIT crude_orderflow_signal: NO TRADE | Entry Score 25
2026-08-13 18:39:27,241 - INFO - EMIT crude_orderflow_signal: PUT BUY ([SIM]) | None
2026-08-13 18:39:28,376 - INFO - EMIT crude_orderflow_signal: NO TRADE | Entry Score 25
2026-08-13 18:39:28,376 - INFO - EMIT crude_orderflow_signal: PUT BUY ([SIM]) | None
2026-08-13 18:39:29,507 - INFO - EMIT crude_orderflow_signal: NO TRADE | Entry Score 25
2026-08-13 18:39:29,507 - INFO - EMIT crude_orderflow_signal: PUT BUY ([SIM]) | None
2026-08-13 18:39:30,605 - INFO - EMIT crude_orderflow_signal: NO TRADE | Entry Score 25
2026-08-13 18:39:30,606 - INFO - EMIT crude_orderflow_signal: PUT BUY ([SIM]) | None
2026-08-13 18:39:31,688 - INFO - EMIT crude_orderflow_signal: NO TRADE | Entry Score 25
2026-08-13 18:39:31,688 - INFO - EMIT crude_orderflow_signal: PUT BUY ([SIM]) | None
2026-08-13 18:39:32,821 - INFO - EMIT crude_orderflow_signal: NO TRADE | Entry Score 25
2026-08-13 18:39:32,821 - INFO - EMIT crude_orderflow_signal: PUT BUY ([SIM]) | None
2026-08-13 18:39:33,919 - INFO - EMIT crude_orderflow_signal: NO TRADE | Entry Score 25
2026-08-13 18:39:33,935 - INFO - EMIT crude_orderflow_signal: PUT BUY ([SIM]) | None
2026-08-13 18:39:35,052 - INFO - EMIT crude_orderflow_signal: NO TRADE | Entry Score 25
2026-08-13 18:39:35,052 - INFO - EMIT crude_orderflow_signal: PUT BUY ([SIM]) | None
2026-08-13 18:39:36,151 - INFO - EMIT crude_orderflow_signal: NO TRADE | Entry Score 25
2026-08-13 18:39:36,151 - INFO - EMIT crude_orderflow_signal: PUT BUY ([SIM]) | None
2026-08-13 18:39:37,282 - INFO - EMIT crude_orderflow_signal: NO TRADE | Entry Score 25
2026-08-13 18:39:37,282 - INFO - EMIT crude_orderflow_signal: PUT BUY ([SIM]) | None
2026-08-13 18:39:38,365 - INFO - EMIT crude_orderflow_signal: NO TRADE | Entry Score 25
2026-08-13 18:39:38,365 - INFO - EMIT crude_orderflow_signal: PUT BUY ([SIM]) | None
2026-08-13 18:39:39,530 - INFO - EMIT crude_orderflow_signal: NO TRADE | Entry Score 25
2026-08-13 18:39:39,531 - INFO - EMIT crude_orderflow_signal: PUT BUY ([SIM]) | None
2026-08-13 18:39:40,647 - INFO - EMIT crude_orderflow_signal: NO TRADE | Entry Score 25
2026-08-13 18:39:40,647 - INFO - EMIT crude_orderflow_signal: PUT BUY ([SIM]) | None
2026-08-13 18:39:41,762 - INFO - EMIT crude_orderflow_signal: NO TRADE | Entry Score 25
2026-08-13 18:39:41,762 - INFO - EMIT crude_orderflow_signal: PUT BUY ([SIM]) | None
2026-08-13 18:39:42,878 - INFO - EMIT crude_orderflow_signal: NO TRADE | Entry Score 25
2026-08-13 18:39:42,878 - INFO - EMIT crude_orderflow_signal: PUT BUY ([SIM]) | None
2026-08-13 18:39:43,428 - INFO - EMIT crude_orderflow_signal: NO TRADE | Entry Score 25
2026-08-13 18:39:43,977 - INFO - EMIT crude_orderflow_signal: NO TRADE | Entry Score 25
2026-08-13 18:39:43,977 - INFO - EMIT crude_orderflow_signal: PUT BUY ([SIM]) | None
2026-08-13 18:39:45,076 - INFO - EMIT crude_orderflow_signal: NO TRADE | Entry Score 25
2026-08-13 18:39:45,076 - INFO - EMIT crude_orderflow_signal: PUT BUY ([SIM]) | None
2026-08-13 18:39:46,175 - INFO - EMIT crude_orderflow_signal: NO TRADE | Entry Score 25
2026-08-13 18:39:46,190 - INFO - EMIT crude_orderflow_signal: PUT BUY ([SIM]) | None
2026-08-13 18:39:47,324 - INFO - EMIT crude_orderflow_signal: NO TRADE | Entry Score 25
2026-08-13 18:39:47,324 - INFO - EMIT crude_orderflow_signal: PUT BUY ([SIM]) | None
2026-08-13 18:39:48,439 - INFO - EMIT crude_orderflow_signal: NO TRADE | Entry Score 25
2026-08-13 18:39:48,439 - INFO - EMIT crude_orderflow_signal: PUT BUY ([SIM]) | None
2026-08-13 18:39:49,555 - INFO - EMIT crude_orderflow_signal: NO TRADE | Entry Score 25
2026-08-13 18:39:49,555 - INFO - EMIT crude_orderflow_signal: PUT BUY ([SIM]) | None
2026-08-13 18:39:50,670 - INFO - EMIT crude_orderflow_signal: NO TRADE | Entry Score 25
2026-08-13 18:39:50,670 - INFO - EMIT crude_orderflow_signal: PUT BUY ([SIM]) | None
2026-08-13 18:39:51,819 - INFO - EMIT crude_orderflow_signal: NO TRADE | Entry Score 25
2026-08-13 18:39:51,819 - INFO - EMIT crude_orderflow_signal: PUT BUY ([SIM]) | None
2026-08-13 18:39:52,918 - INFO - EMIT crude_orderflow_signal: NO TRADE | Entry Score 25
2026-08-13 18:39:52,918 - INFO - EMIT crude_orderflow_signal: PUT BUY ([SIM]) | None
2026-08-13 18:39:54,083 - INFO - EMIT crude_orderflow_signal: NO TRADE | Entry Score 25
2026-08-13 18:39:54,083 - INFO - EMIT crude_orderflow_signal: PUT BUY ([SIM]) | None
2026-08-13 18:39:55,233 - INFO - EMIT crude_orderflow_signal: NO TRADE | Entry Score 25
2026-08-13 18:39:55,233 - INFO - EMIT crude_orderflow_signal: PUT BUY ([SIM]) | None
2026-08-13 18:39:56,332 - INFO - EMIT crude_orderflow_signal: NO TRADE | Entry Score 25
2026-08-13 18:39:56,332 - INFO - EMIT crude_orderflow_signal: PUT BUY ([SIM]) | None
2026-08-13 18:39:57,431 - INFO - EMIT crude_orderflow_signal: NO TRADE | Entry Score 25
2026-08-13 18:39:57,431 - INFO - EMIT crude_orderflow_signal: PUT BUY ([SIM]) | None
2026-08-13 18:39:58,565 - INFO - EMIT crude_orderflow_signal: NO TRADE | Entry Score 25
2026-08-13 18:39:58,565 - INFO - EMIT crude_orderflow_signal: PUT BUY ([SIM]) | None
2026-08-13 18:39:59,662 - INFO - EMIT crude_orderflow_signal: NO TRADE | Entry Score 25
2026-08-13 18:39:59,662 - INFO - EMIT crude_orderflow_signal: PUT BUY ([SIM]) | None
2026-08-13 18:40:00,778 - INFO - EMIT crude_orderflow_signal: NO TRADE | Entry Score 25
2026-08-13 18:40:00,778 - INFO - EMIT crude_orderflow_signal: PUT BUY ([SIM]) | None
2026-08-13 18:40:01,895 - INFO - EMIT crude_orderflow_signal: NO TRADE | Entry Score 25
2026-08-13 18:40:01,896 - INFO - EMIT crude_orderflow_signal: PUT BUY ([SIM]) | None
2026-08-13 18:40:03,009 - INFO - EMIT crude_orderflow_signal: NO TRADE | Entry Score 25
2026-08-13 18:40:03,009 - INFO - EMIT crude_orderflow_signal: PUT BUY ([SIM]) | None
2026-08-13 18:40:04,141 - INFO - EMIT crude_orderflow_signal: NO TRADE | Entry Score 25
2026-08-13 18:40:04,141 - INFO - EMIT crude_orderflow_signal: PUT BUY ([SIM]) | None
2026-08-13 18:40:05,257 - INFO - EMIT crude_orderflow_signal: NO TRADE | Entry Score 25
2026-08-13 18:40:05,257 - INFO - EMIT crude_orderflow_signal: PUT BUY ([SIM]) | None
2026-08-13 18:40:06,406 - INFO - EMIT crude_orderflow_signal: NO TRADE | Entry Score 25
2026-08-13 18:40:06,422 - INFO - EMIT crude_orderflow_signal: PUT BUY ([SIM]) | None
2026-08-13 18:40:07,505 - INFO - EMIT crude_orderflow_signal: NO TRADE | Entry Score 25
2026-08-13 18:40:07,505 - INFO - EMIT crude_orderflow_signal: PUT BUY ([SIM]) | None
2026-08-13 18:40:08,620 - INFO - EMIT crude_orderflow_signal: NO TRADE | Entry Score 25
2026-08-13 18:40:08,620 - INFO - EMIT crude_orderflow_signal: PUT BUY ([SIM]) | None
2026-08-13 18:40:09,719 - INFO - EMIT crude_orderflow_signal: NO TRADE | Entry Score 25
2026-08-13 18:40:09,719 - INFO - EMIT crude_orderflow_signal: PUT BUY ([SIM]) | None
2026-08-13 18:40:10,818 - INFO - EMIT crude_orderflow_signal: NO TRADE | Entry Score 25
2026-08-13 18:40:10,818 - INFO - EMIT crude_orderflow_signal: PUT BUY ([SIM]) | None
2026-08-13 18:40:11,934 - INFO - EMIT crude_orderflow_signal: NO TRADE | Entry Score 25
2026-08-13 18:40:11,934 - INFO - EMIT crude_orderflow_signal: PUT BUY ([SIM]) | None
2026-08-13 18:40:13,016 - INFO - EMIT crude_orderflow_signal: NO TRADE | Entry Score 25
2026-08-13 18:40:13,016 - INFO - EMIT crude_orderflow_signal: PUT BUY ([SIM]) | None
2026-08-13 18:40:13,433 - INFO - EMIT crude_orderflow_signal: NO TRADE | Entry Score 25
2026-08-13 18:40:14,312 - INFO - EMIT crude_orderflow_signal: NO TRADE | Entry Score 25
2026-08-13 18:40:14,312 - INFO - EMIT crude_orderflow_signal: PUT BUY ([SIM]) | None
2026-08-13 18:40:15,498 - INFO - EMIT crude_orderflow_signal: NO TRADE | Entry Score 25
2026-08-13 18:40:15,498 - INFO - EMIT crude_orderflow_signal: PUT BUY ([SIM]) | None
2026-08-13 18:40:16,629 - INFO - EMIT crude_orderflow_signal: NO TRADE | Entry Score 25
2026-08-13 18:40:16,629 - INFO - EMIT crude_orderflow_signal: PUT BUY ([SIM]) | None
2026-08-13 18:40:17,728 - INFO - EMIT crude_orderflow_signal: NO TRADE | Entry Score 25
2026-08-13 18:40:17,728 - INFO - EMIT crude_orderflow_signal: PUT BUY ([SIM]) | None
2026-08-13 18:40:18,844 - INFO - EMIT crude_orderflow_signal: NO TRADE | Entry Score 25
2026-08-13 18:40:18,844 - INFO - EMIT crude_orderflow_signal: PUT BUY ([SIM]) | None
2026-08-13 18:40:19,960 - INFO - EMIT crude_orderflow_signal: NO TRADE | Entry Score 25
2026-08-13 18:40:19,960 - INFO - EMIT crude_orderflow_signal: PUT BUY ([SIM]) | None
2026-08-13 18:40:21,125 - INFO - EMIT crude_orderflow_signal: NO TRADE | Entry Score 25
2026-08-13 18:40:21,125 - INFO - EMIT crude_orderflow_signal: PUT BUY ([SIM]) | None
2026-08-13 18:40:22,208 - INFO - EMIT crude_orderflow_signal: NO TRADE | Entry Score 25
2026-08-13 18:40:22,208 - INFO - EMIT crude_orderflow_signal: PUT BUY ([SIM]) | None
2026-08-13 18:40:23,357 - INFO - EMIT crude_orderflow_signal: NO TRADE | Entry Score 25
2026-08-13 18:40:23,357 - INFO - EMIT crude_orderflow_signal: PUT BUY ([SIM]) | None
2026-08-13 18:40:24,473 - INFO - EMIT crude_orderflow_signal: NO TRADE | Entry Score 25
2026-08-13 18:40:24,473 - INFO - EMIT crude_orderflow_signal: PUT BUY ([SIM]) | None
2026-08-13 18:40:25,571 - INFO - EMIT crude_orderflow_signal: NO TRADE | Entry Score 25
2026-08-13 18:40:25,571 - INFO - EMIT crude_orderflow_signal: PUT BUY ([SIM]) | None
2026-08-13 18:40:26,687 - INFO - EMIT crude_orderflow_signal: NO TRADE | Entry Score 25
2026-08-13 18:40:26,687 - INFO - EMIT crude_orderflow_signal: PUT BUY ([SIM]) | None
2026-08-13 18:40:27,861 - INFO - EMIT crude_orderflow_signal: NO TRADE | Entry Score 25
2026-08-13 18:40:27,861 - INFO - EMIT crude_orderflow_signal: PUT BUY ([SIM]) | None
2026-08-13 18:40:28,951 - INFO - EMIT crude_orderflow_signal: NO TRADE | Entry Score 25
2026-08-13 18:40:28,951 - INFO - EMIT crude_orderflow_signal: PUT BUY ([SIM]) | None
2026-08-13 18:40:30,050 - INFO - EMIT crude_orderflow_signal: NO TRADE | Entry Score 25
2026-08-13 18:40:30,050 - INFO - EMIT crude_orderflow_signal: PUT BUY ([SIM]) | None
2026-08-13 18:40:31,183 - INFO - EMIT crude_orderflow_signal: NO TRADE | Entry Score 25
2026-08-13 18:40:31,183 - INFO - EMIT crude_orderflow_signal: PUT BUY ([SIM]) | None
2026-08-13 18:40:32,298 - INFO - EMIT crude_orderflow_signal: NO TRADE | Entry Score 25
2026-08-13 18:40:32,298 - INFO - EMIT crude_orderflow_signal: PUT BUY ([SIM]) | None
2026-08-13 18:40:33,397 - INFO - EMIT crude_orderflow_signal: NO TRADE | Entry Score 25
2026-08-13 18:40:33,397 - INFO - EMIT crude_orderflow_signal: PUT BUY ([SIM]) | None
2026-08-13 18:40:34,546 - INFO - EMIT crude_orderflow_signal: NO TRADE | Entry Score 25
2026-08-13 18:40:34,562 - INFO - EMIT crude_orderflow_signal: PUT BUY ([SIM]) | None
2026-08-13 18:40:35,711 - INFO - EMIT crude_orderflow_signal: NO TRADE | Entry Score 25
2026-08-13 18:40:35,712 - INFO - EMIT crude_orderflow_signal: PUT BUY ([SIM]) | None
2026-08-13 18:40:36,794 - INFO - EMIT crude_orderflow_signal: NO TRADE | Entry Score 25
2026-08-13 18:40:36,794 - INFO - EMIT crude_orderflow_signal: PUT BUY ([SIM]) | None
2026-08-13 18:40:37,893 - INFO - EMIT crude_orderflow_signal: NO TRADE | Entry Score 25
2026-08-13 18:40:37,908 - INFO - EMIT crude_orderflow_signal: PUT BUY ([SIM]) | None
2026-08-13 18:40:39,009 - INFO - EMIT crude_orderflow_signal: NO TRADE | Entry Score 25
2026-08-13 18:40:39,009 - INFO - EMIT crude_orderflow_signal: PUT BUY ([SIM]) | None
2026-08-13 18:40:40,141 - INFO - EMIT crude_orderflow_signal: NO TRADE | Entry Score 25
2026-08-13 18:40:40,141 - INFO - EMIT crude_orderflow_signal: PUT BUY ([SIM]) | None
2026-08-13 18:40:41,240 - INFO - EMIT crude_orderflow_signal: NO TRADE | Entry Score 25
2026-08-13 18:40:41,240 - INFO - EMIT crude_orderflow_signal: PUT BUY ([SIM]) | None
2026-08-13 18:40:42,339 - INFO - EMIT crude_orderflow_signal: NO TRADE | Entry Score 25
2026-08-13 18:40:42,339 - INFO - EMIT crude_orderflow_signal: PUT BUY ([SIM]) | None
2026-08-13 18:40:43,454 - INFO - EMIT crude_orderflow_signal: NO TRADE | Entry Score 25
2026-08-13 18:40:43,454 - INFO - EMIT crude_orderflow_signal: PUT BUY ([SIM]) | None
2026-08-13 18:40:43,454 - INFO - EMIT crude_orderflow_signal: NO TRADE | Entry Score 25
2026-08-13 18:40:44,569 - INFO - EMIT crude_orderflow_signal: NO TRADE | Entry Score 25
2026-08-13 18:40:44,569 - INFO - EMIT crude_orderflow_signal: PUT BUY ([SIM]) | None
2026-08-13 18:40:45,656 - INFO - EMIT crude_orderflow_signal: NO TRADE | Entry Score 25
2026-08-13 18:40:45,656 - INFO - EMIT crude_orderflow_signal: PUT BUY ([SIM]) | None
2026-08-13 18:40:46,755 - INFO - EMIT crude_orderflow_signal: NO TRADE | Entry Score 25
2026-08-13 18:40:46,755 - INFO - EMIT crude_orderflow_signal: PUT BUY ([SIM]) | None
2026-08-13 18:40:47,868 - INFO - EMIT crude_orderflow_signal: NO TRADE | Entry Score 25
2026-08-13 18:40:47,869 - INFO - EMIT crude_orderflow_signal: PUT BUY ([SIM]) | None
2026-08-13 18:40:48,966 - INFO - EMIT crude_orderflow_signal: NO TRADE | Entry Score 25
2026-08-13 18:40:48,966 - INFO - EMIT crude_orderflow_signal: PUT BUY ([SIM]) | None
2026-08-13 18:40:50,065 - INFO - EMIT crude_orderflow_signal: NO TRADE | Entry Score 25
2026-08-13 18:40:50,065 - INFO - EMIT crude_orderflow_signal: PUT BUY ([SIM]) | None
2026-08-13 18:40:51,180 - INFO - EMIT crude_orderflow_signal: NO TRADE | Entry Score 25
2026-08-13 18:40:51,180 - INFO - EMIT crude_orderflow_signal: PUT BUY ([SIM]) | None
2026-08-13 18:40:52,346 - INFO - EMIT crude_orderflow_signal: NO TRADE | Entry Score 25
2026-08-13 18:40:52,346 - INFO - EMIT crude_orderflow_signal: PUT BUY ([SIM]) | None
2026-08-13 18:40:53,445 - INFO - EMIT crude_orderflow_signal: NO TRADE | Entry Score 25
2026-08-13 18:40:53,445 - INFO - EMIT crude_orderflow_signal: PUT BUY ([SIM]) | None
2026-08-13 18:40:54,831 - INFO - EMIT crude_orderflow_signal: NO TRADE | Entry Score 25
2026-08-13 18:40:54,831 - INFO - EMIT crude_orderflow_signal: PUT BUY ([SIM]) | None
2026-08-13 18:40:55,943 - INFO - EMIT crude_orderflow_signal: NO TRADE | Entry Score 25
2026-08-13 18:40:55,943 - INFO - EMIT crude_orderflow_signal: PUT BUY ([SIM]) | None
2026-08-13 18:40:57,059 - INFO - EMIT crude_orderflow_signal: NO TRADE | Entry Score 25
2026-08-13 18:40:57,059 - INFO - EMIT crude_orderflow_signal: PUT BUY ([SIM]) | None
2026-08-13 18:40:58,191 - INFO - EMIT crude_orderflow_signal: NO TRADE | Entry Score 25
2026-08-13 18:40:58,191 - INFO - EMIT crude_orderflow_signal: PUT BUY ([SIM]) | None
2026-08-13 18:40:59,292 - INFO - EMIT crude_orderflow_signal: NO TRADE | Entry Score 25
2026-08-13 18:40:59,292 - INFO - EMIT crude_orderflow_signal: PUT BUY ([SIM]) | None
2026-08-13 18:41:00,407 - INFO - EMIT crude_orderflow_signal: NO TRADE | Entry Score 25
2026-08-13 18:41:00,407 - INFO - EMIT crude_orderflow_signal: PUT BUY ([SIM]) | None
2026-08-13 18:41:01,521 - INFO - EMIT crude_orderflow_signal: NO TRADE | Entry Score 25
2026-08-13 18:41:01,521 - INFO - EMIT crude_orderflow_signal: PUT BUY ([SIM]) | None
2026-08-13 18:41:02,636 - INFO - EMIT crude_orderflow_signal: NO TRADE | Entry Score 25
2026-08-13 18:41:02,636 - INFO - EMIT crude_orderflow_signal: PUT BUY ([SIM]) | None
2026-08-13 18:41:03,736 - INFO - EMIT crude_orderflow_signal: NO TRADE | Entry Score 25
2026-08-13 18:41:03,736 - INFO - EMIT crude_orderflow_signal: PUT BUY ([SIM]) | None
2026-08-13 18:41:04,901 - INFO - EMIT crude_orderflow_signal: NO TRADE | Entry Score 25
2026-08-13 18:41:04,901 - INFO - EMIT crude_orderflow_signal: PUT BUY ([SIM]) | None
2026-08-13 18:41:06,000 - INFO - EMIT crude_orderflow_signal: NO TRADE | Entry Score 25
2026-08-13 18:41:06,000 - INFO - EMIT crude_orderflow_signal: PUT BUY ([SIM]) | None
2026-08-13 18:41:07,099 - INFO - EMIT crude_orderflow_signal: NO TRADE | Entry Score 25
2026-08-13 18:41:07,099 - INFO - EMIT crude_orderflow_signal: PUT BUY ([SIM]) | None
2026-08-13 18:41:08,220 - INFO - EMIT crude_orderflow_signal: NO TRADE | Entry Score 25
2026-08-13 18:41:08,220 - INFO - EMIT crude_orderflow_signal: PUT BUY ([SIM]) | None
2026-08-13 18:41:09,350 - INFO - EMIT crude_orderflow_signal: NO TRADE | Entry Score 25
2026-08-13 18:41:09,350 - INFO - EMIT crude_orderflow_signal: PUT BUY ([SIM]) | None
2026-08-13 18:41:10,446 - INFO - EMIT crude_orderflow_signal: NO TRADE | Entry Score 25
2026-08-13 18:41:10,446 - INFO - EMIT crude_orderflow_signal: PUT BUY ([SIM]) | None
2026-08-13 18:41:11,545 - INFO - EMIT crude_orderflow_signal: NO TRADE | Entry Score 25
2026-08-13 18:41:11,545 - INFO - EMIT crude_orderflow_signal: PUT BUY ([SIM]) | None
2026-08-13 18:41:12,660 - INFO - EMIT crude_orderflow_signal: NO TRADE | Entry Score 25
2026-08-13 18:41:12,660 - INFO - EMIT crude_orderflow_signal: PUT BUY ([SIM]) | None
2026-08-13 18:41:13,427 - INFO - EMIT crude_orderflow_signal: NO TRADE | Entry Score 25
2026-08-13 18:41:13,759 - INFO - EMIT crude_orderflow_signal: NO TRADE | Entry Score 25
2026-08-13 18:41:13,759 - INFO - EMIT crude_orderflow_signal: PUT BUY ([SIM]) | None
2026-08-13 18:41:14,875 - INFO - EMIT crude_orderflow_signal: NO TRADE | Entry Score 25
2026-08-13 18:41:14,875 - INFO - EMIT crude_orderflow_signal: PUT BUY ([SIM]) | None
2026-08-13 18:41:15,978 - INFO - EMIT crude_orderflow_signal: NO TRADE | Entry Score 25
2026-08-13 18:41:15,978 - INFO - EMIT crude_orderflow_signal: PUT BUY ([SIM]) | None
2026-08-13 18:41:17,073 - INFO - EMIT crude_orderflow_signal: NO TRADE | Entry Score 25
2026-08-13 18:41:17,073 - INFO - EMIT crude_orderflow_signal: PUT BUY ([SIM]) | None
2026-08-13 18:41:18,172 - INFO - EMIT crude_orderflow_signal: NO TRADE | Entry Score 25
2026-08-13 18:41:18,172 - INFO - EMIT crude_orderflow_signal: PUT BUY ([SIM]) | None
2026-08-13 18:41:19,321 - INFO - EMIT crude_orderflow_signal: NO TRADE | Entry Score 25
2026-08-13 18:41:19,321 - INFO - EMIT crude_orderflow_signal: PUT BUY ([SIM]) | None
2026-08-13 18:41:20,429 - INFO - EMIT crude_orderflow_signal: NO TRADE | Entry Score 25
2026-08-13 18:41:20,431 - INFO - EMIT crude_orderflow_signal: PUT BUY ([SIM]) | None
2026-08-13 18:41:21,519 - INFO - EMIT crude_orderflow_signal: NO TRADE | Entry Score 25
2026-08-13 18:41:21,519 - INFO - EMIT crude_orderflow_signal: PUT BUY ([SIM]) | None
2026-08-13 18:41:22,718 - INFO - EMIT crude_orderflow_signal: NO TRADE | Entry Score 25
2026-08-13 18:41:22,718 - INFO - EMIT crude_orderflow_signal: PUT BUY ([SIM]) | None
2026-08-13 18:41:23,817 - INFO - EMIT crude_orderflow_signal: NO TRADE | Entry Score 25
2026-08-13 18:41:23,817 - INFO - EMIT crude_orderflow_signal: PUT BUY ([SIM]) | None
2026-08-13 18:41:24,931 - INFO - EMIT crude_orderflow_signal: NO TRADE | Entry Score 25
2026-08-13 18:41:24,931 - INFO - EMIT crude_orderflow_signal: PUT BUY ([SIM]) | None
2026-08-13 18:41:26,031 - INFO - EMIT crude_orderflow_signal: NO TRADE | Entry Score 25
2026-08-13 18:41:26,031 - INFO - EMIT crude_orderflow_signal: PUT BUY ([SIM]) | None
2026-08-13 18:41:27,129 - INFO - EMIT crude_orderflow_signal: NO TRADE | Entry Score 25
2026-08-13 18:41:27,129 - INFO - EMIT crude_orderflow_signal: PUT BUY ([SIM]) | None
2026-08-13 18:41:28,231 - INFO - EMIT crude_orderflow_signal: NO TRADE | Entry Score 25
2026-08-13 18:41:28,233 - INFO - EMIT crude_orderflow_signal: PUT BUY ([SIM]) | None
2026-08-13 18:41:29,345 - INFO - EMIT crude_orderflow_signal: NO TRADE | Entry Score 25
2026-08-13 18:41:29,347 - INFO - EMIT crude_orderflow_signal: PUT BUY ([SIM]) | None
2026-08-13 18:41:30,448 - INFO - EMIT crude_orderflow_signal: NO TRADE | Entry Score 25
2026-08-13 18:41:30,448 - INFO - EMIT crude_orderflow_signal: PUT BUY ([SIM]) | None
2026-08-13 18:41:31,546 - INFO - EMIT crude_orderflow_signal: NO TRADE | Entry Score 25
2026-08-13 18:41:31,546 - INFO - EMIT crude_orderflow_signal: PUT BUY ([SIM]) | None
2026-08-13 18:41:32,646 - INFO - EMIT crude_orderflow_signal: NO TRADE | Entry Score 25
2026-08-13 18:41:32,658 - INFO - EMIT crude_orderflow_signal: PUT BUY ([SIM]) | None
2026-08-13 18:41:33,751 - INFO - EMIT crude_orderflow_signal: NO TRADE | Entry Score 25
2026-08-13 18:41:33,752 - INFO - EMIT crude_orderflow_signal: PUT BUY ([SIM]) | None
2026-08-13 18:41:34,842 - INFO - EMIT crude_orderflow_signal: NO TRADE | Entry Score 25
2026-08-13 18:41:34,855 - INFO - EMIT crude_orderflow_signal: PUT BUY ([SIM]) | None
2026-08-13 18:41:35,939 - INFO - EMIT crude_orderflow_signal: NO TRADE | Entry Score 25
2026-08-13 18:41:35,939 - INFO - EMIT crude_orderflow_signal: PUT BUY ([SIM]) | None
2026-08-13 18:41:37,071 - INFO - EMIT crude_orderflow_signal: NO TRADE | Entry Score 25
2026-08-13 18:41:37,071 - INFO - EMIT crude_orderflow_signal: PUT BUY ([SIM]) | None
2026-08-13 18:41:38,203 - INFO - EMIT crude_orderflow_signal: NO TRADE | Entry Score 25
2026-08-13 18:41:38,203 - INFO - EMIT crude_orderflow_signal: PUT BUY ([SIM]) | None
2026-08-13 18:41:39,304 - INFO - EMIT crude_orderflow_signal: NO TRADE | Entry Score 25
2026-08-13 18:41:39,304 - INFO - EMIT crude_orderflow_signal: PUT BUY ([SIM]) | None
2026-08-13 18:41:40,401 - INFO - EMIT crude_orderflow_signal: NO TRADE | Entry Score 25
2026-08-13 18:41:40,401 - INFO - EMIT crude_orderflow_signal: PUT BUY ([SIM]) | None
2026-08-13 18:41:41,534 - INFO - EMIT crude_orderflow_signal: NO TRADE | Entry Score 25
2026-08-13 18:41:41,534 - INFO - EMIT crude_orderflow_signal: PUT BUY ([SIM]) | None
2026-08-13 18:41:42,632 - INFO - EMIT crude_orderflow_signal: NO TRADE | Entry Score 25
2026-08-13 18:41:42,632 - INFO - EMIT crude_orderflow_signal: PUT BUY ([SIM]) | None
2026-08-13 18:41:43,432 - INFO - EMIT crude_orderflow_signal: NO TRADE | Entry Score 25
2026-08-13 18:41:43,731 - INFO - EMIT crude_orderflow_signal: NO TRADE | Entry Score 25
2026-08-13 18:41:43,731 - INFO - EMIT crude_orderflow_signal: PUT BUY ([SIM]) | None
2026-08-13 18:41:44,847 - INFO - EMIT crude_orderflow_signal: NO TRADE | Entry Score 25
2026-08-13 18:41:44,847 - INFO - EMIT crude_orderflow_signal: PUT BUY ([SIM]) | None
2026-08-13 18:41:45,959 - INFO - EMIT crude_orderflow_signal: NO TRADE | Entry Score 25
2026-08-13 18:41:45,960 - INFO - EMIT crude_orderflow_signal: PUT BUY ([SIM]) | None
2026-08-13 18:41:47,045 - INFO - EMIT crude_orderflow_signal: NO TRADE | Entry Score 25
2026-08-13 18:41:47,045 - INFO - EMIT crude_orderflow_signal: PUT BUY ([SIM]) | None
2026-08-13 18:41:48,144 - INFO - EMIT crude_orderflow_signal: NO TRADE | Entry Score 25
2026-08-13 18:41:48,160 - INFO - EMIT crude_orderflow_signal: PUT BUY ([SIM]) | None
2026-08-13 18:41:49,276 - INFO - EMIT crude_orderflow_signal: NO TRADE | Entry Score 25
2026-08-13 18:41:49,276 - INFO - EMIT crude_orderflow_signal: PUT BUY ([SIM]) | None
2026-08-13 18:41:50,392 - INFO - EMIT crude_orderflow_signal: NO TRADE | Entry Score 25
2026-08-13 18:41:50,392 - INFO - EMIT crude_orderflow_signal: PUT BUY ([SIM]) | None
2026-08-13 18:41:51,524 - INFO - EMIT crude_orderflow_signal: NO TRADE | Entry Score 25
2026-08-13 18:41:51,524 - INFO - EMIT crude_orderflow_signal: PUT BUY ([SIM]) | None
2026-08-13 18:41:52,640 - INFO - EMIT crude_orderflow_signal: NO TRADE | Entry Score 25
2026-08-13 18:41:52,640 - INFO - EMIT crude_orderflow_signal: PUT BUY ([SIM]) | None
2026-08-13 18:41:53,739 - INFO - EMIT crude_orderflow_signal: NO TRADE | Entry Score 25
2026-08-13 18:41:53,739 - INFO - EMIT crude_orderflow_signal: PUT BUY ([SIM]) | None
2026-08-13 18:41:54,854 - INFO - EMIT crude_orderflow_signal: NO TRADE | Entry Score 25
2026-08-13 18:41:54,854 - INFO - EMIT crude_orderflow_signal: PUT BUY ([SIM]) | None
2026-08-13 18:41:55,987 - INFO - EMIT crude_orderflow_signal: NO TRADE | Entry Score 25
2026-08-13 18:41:55,987 - INFO - EMIT crude_orderflow_signal: PUT BUY ([SIM]) | None
2026-08-13 18:41:57,085 - INFO - EMIT crude_orderflow_signal: NO TRADE | Entry Score 25
2026-08-13 18:41:57,085 - INFO - EMIT crude_orderflow_signal: PUT BUY ([SIM]) | None
2026-08-13 18:41:58,218 - INFO - EMIT crude_orderflow_signal: NO TRADE | Entry Score 25
2026-08-13 18:41:58,218 - INFO - EMIT crude_orderflow_signal: PUT BUY ([SIM]) | None
2026-08-13 18:41:59,366 - INFO - EMIT crude_orderflow_signal: NO TRADE | Entry Score 25
2026-08-13 18:41:59,367 - INFO - EMIT crude_orderflow_signal: PUT BUY ([SIM]) | None
2026-08-13 18:42:00,466 - INFO - EMIT crude_orderflow_signal: NO TRADE | Entry Score 25
2026-08-13 18:42:00,466 - INFO - EMIT crude_orderflow_signal: PUT BUY ([SIM]) | None
2026-08-13 18:42:01,664 - INFO - EMIT crude_orderflow_signal: NO TRADE | Entry Score 25
2026-08-13 18:42:01,664 - INFO - EMIT crude_orderflow_signal: PUT BUY ([SIM]) | None
2026-08-13 18:42:02,863 - INFO - EMIT crude_orderflow_signal: NO TRADE | Entry Score 25
2026-08-13 18:42:02,863 - INFO - EMIT crude_orderflow_signal: PUT BUY ([SIM]) | None
2026-08-13 18:42:03,996 - INFO - EMIT crude_orderflow_signal: NO TRADE | Entry Score 25
2026-08-13 18:42:03,996 - INFO - EMIT crude_orderflow_signal: PUT BUY ([SIM]) | None
2026-08-13 18:42:05,128 - INFO - EMIT crude_orderflow_signal: NO TRADE | Entry Score 25
2026-08-13 18:42:05,128 - INFO - EMIT crude_orderflow_signal: PUT BUY ([SIM]) | None
2026-08-13 18:42:06,244 - INFO - EMIT crude_orderflow_signal: NO TRADE | Entry Score 25
2026-08-13 18:42:06,244 - INFO - EMIT crude_orderflow_signal: PUT BUY ([SIM]) | None
2026-08-13 18:42:07,426 - INFO - EMIT crude_orderflow_signal: NO TRADE | Entry Score 25
2026-08-13 18:42:07,426 - INFO - EMIT crude_orderflow_signal: PUT BUY ([SIM]) | None
2026-08-13 18:42:08,591 - INFO - EMIT crude_orderflow_signal: NO TRADE | Entry Score 25
2026-08-13 18:42:08,591 - INFO - EMIT crude_orderflow_signal: PUT BUY ([SIM]) | None
2026-08-13 18:42:09,691 - INFO - EMIT crude_orderflow_signal: NO TRADE | Entry Score 25
2026-08-13 18:42:09,691 - INFO - EMIT crude_orderflow_signal: PUT BUY ([SIM]) | None
2026-08-13 18:42:10,789 - INFO - EMIT crude_orderflow_signal: NO TRADE | Entry Score 25
2026-08-13 18:42:10,789 - INFO - EMIT crude_orderflow_signal: PUT BUY ([SIM]) | None
2026-08-13 18:42:11,888 - INFO - EMIT crude_orderflow_signal: NO TRADE | Entry Score 25
2026-08-13 18:42:11,888 - INFO - EMIT crude_orderflow_signal: PUT BUY ([SIM]) | None
2026-08-13 18:42:13,004 - INFO - EMIT crude_orderflow_signal: NO TRADE | Entry Score 25
2026-08-13 18:42:13,004 - INFO - EMIT crude_orderflow_signal: PUT BUY ([SIM]) | None
2026-08-13 18:42:13,437 - INFO - EMIT crude_orderflow_signal: NO TRADE | Entry Score 25
2026-08-13 18:42:14,120 - INFO - EMIT crude_orderflow_signal: NO TRADE | Entry Score 25
2026-08-13 18:42:14,120 - INFO - EMIT crude_orderflow_signal: PUT BUY ([SIM]) | None
2026-08-13 18:42:15,219 - INFO - EMIT crude_orderflow_signal: NO TRADE | Entry Score 25
2026-08-13 18:42:15,234 - INFO - EMIT crude_orderflow_signal: PUT BUY ([SIM]) | None
2026-08-13 18:42:16,334 - INFO - EMIT crude_orderflow_signal: NO TRADE | Entry Score 25
2026-08-13 18:42:16,334 - INFO - EMIT crude_orderflow_signal: PUT BUY ([SIM]) | None
2026-08-13 18:42:17,517 - INFO - EMIT crude_orderflow_signal: NO TRADE | Entry Score 25
2026-08-13 18:42:17,517 - INFO - EMIT crude_orderflow_signal: PUT BUY ([SIM]) | None
2026-08-13 18:42:18,615 - INFO - EMIT crude_orderflow_signal: NO TRADE | Entry Score 25
2026-08-13 18:42:18,615 - INFO - EMIT crude_orderflow_signal: PUT BUY ([SIM]) | None
2026-08-13 18:42:19,714 - INFO - EMIT crude_orderflow_signal: NO TRADE | Entry Score 25
2026-08-13 18:42:19,714 - INFO - EMIT crude_orderflow_signal: PUT BUY ([SIM]) | None
2026-08-13 18:42:20,813 - INFO - EMIT crude_orderflow_signal: NO TRADE | Entry Score 25
2026-08-13 18:42:20,813 - INFO - EMIT crude_orderflow_signal: PUT BUY ([SIM]) | None
2026-08-13 18:42:21,930 - INFO - EMIT crude_orderflow_signal: NO TRADE | Entry Score 25
2026-08-13 18:42:21,930 - INFO - EMIT crude_orderflow_signal: PUT BUY ([SIM]) | None
2026-08-13 18:42:23,045 - INFO - EMIT crude_orderflow_signal: NO TRADE | Entry Score 25
2026-08-13 18:42:23,045 - INFO - EMIT crude_orderflow_signal: PUT BUY ([SIM]) | None
2026-08-13 18:42:24,177 - INFO - EMIT crude_orderflow_signal: NO TRADE | Entry Score 25
2026-08-13 18:42:24,177 - INFO - EMIT crude_orderflow_signal: PUT BUY ([SIM]) | None
2026-08-13 18:42:25,309 - INFO - EMIT crude_orderflow_signal: NO TRADE | Entry Score 25
2026-08-13 18:42:25,326 - INFO - EMIT crude_orderflow_signal: PUT BUY ([SIM]) | None
2026-08-13 18:42:26,425 - INFO - EMIT crude_orderflow_signal: NO TRADE | Entry Score 25
2026-08-13 18:42:26,425 - INFO - EMIT crude_orderflow_signal: PUT BUY ([SIM]) | None
2026-08-13 18:42:27,540 - INFO - EMIT crude_orderflow_signal: NO TRADE | Entry Score 25
2026-08-13 18:42:27,540 - INFO - EMIT crude_orderflow_signal: PUT BUY ([SIM]) | None
2026-08-13 18:42:28,648 - INFO - EMIT crude_orderflow_signal: NO TRADE | Entry Score 25
2026-08-13 18:42:28,649 - INFO - EMIT crude_orderflow_signal: PUT BUY ([SIM]) | None
2026-08-13 18:42:29,772 - INFO - EMIT crude_orderflow_signal: NO TRADE | Entry Score 25
2026-08-13 18:42:29,772 - INFO - EMIT crude_orderflow_signal: PUT BUY ([SIM]) | None
2026-08-13 18:42:30,871 - INFO - EMIT crude_orderflow_signal: NO TRADE | Entry Score 25
2026-08-13 18:42:30,871 - INFO - EMIT crude_orderflow_signal: PUT BUY ([SIM]) | None
2026-08-13 18:42:31,969 - INFO - EMIT crude_orderflow_signal: NO TRADE | Entry Score 25
2026-08-13 18:42:31,969 - INFO - EMIT crude_orderflow_signal: PUT BUY ([SIM]) | None
2026-08-13 18:42:33,068 - INFO - EMIT crude_orderflow_signal: NO TRADE | Entry Score 25
2026-08-13 18:42:33,068 - INFO - EMIT crude_orderflow_signal: PUT BUY ([SIM]) | None
2026-08-13 18:42:34,167 - INFO - EMIT crude_orderflow_signal: NO TRADE | Entry Score 25
2026-08-13 18:42:34,167 - INFO - EMIT crude_orderflow_signal: PUT BUY ([SIM]) | None
2026-08-13 18:42:35,266 - INFO - EMIT crude_orderflow_signal: NO TRADE | Entry Score 25
2026-08-13 18:42:35,266 - INFO - EMIT crude_orderflow_signal: PUT BUY ([SIM]) | None
2026-08-13 18:42:36,365 - INFO - EMIT crude_orderflow_signal: NO TRADE | Entry Score 25
2026-08-13 18:42:36,365 - INFO - EMIT crude_orderflow_signal: PUT BUY ([SIM]) | None
2026-08-13 18:42:37,481 - INFO - EMIT crude_orderflow_signal: NO TRADE | Entry Score 25
2026-08-13 18:42:37,481 - INFO - EMIT crude_orderflow_signal: PUT BUY ([SIM]) | None
2026-08-13 18:42:38,580 - INFO - EMIT crude_orderflow_signal: NO TRADE | Entry Score 25
2026-08-13 18:42:38,596 - INFO - EMIT crude_orderflow_signal: PUT BUY ([SIM]) | None
2026-08-13 18:42:39,696 - INFO - EMIT crude_orderflow_signal: NO TRADE | Entry Score 25
2026-08-13 18:42:39,696 - INFO - EMIT crude_orderflow_signal: PUT BUY ([SIM]) | None
2026-08-13 18:42:40,795 - INFO - EMIT crude_orderflow_signal: NO TRADE | Entry Score 25
2026-08-13 18:42:40,795 - INFO - EMIT crude_orderflow_signal: PUT BUY ([SIM]) | None
2026-08-13 18:42:41,894 - INFO - EMIT crude_orderflow_signal: NO TRADE | Entry Score 25
2026-08-13 18:42:41,909 - INFO - EMIT crude_orderflow_signal: PUT BUY ([SIM]) | None
2026-08-13 18:42:43,009 - INFO - EMIT crude_orderflow_signal: NO TRADE | Entry Score 25
2026-08-13 18:42:43,009 - INFO - EMIT crude_orderflow_signal: PUT BUY ([SIM]) | None
2026-08-13 18:42:43,426 - INFO - EMIT crude_orderflow_signal: NO TRADE | Entry Score 25
2026-08-13 18:42:44,108 - INFO - EMIT crude_orderflow_signal: NO TRADE | Entry Score 25
2026-08-13 18:42:44,108 - INFO - EMIT crude_orderflow_signal: PUT BUY ([SIM]) | None
2026-08-13 18:42:45,207 - INFO - EMIT crude_orderflow_signal: NO TRADE | Entry Score 25
2026-08-13 18:42:45,207 - INFO - EMIT crude_orderflow_signal: PUT BUY ([SIM]) | None
2026-08-13 18:42:46,373 - INFO - EMIT crude_orderflow_signal: NO TRADE | Entry Score 25
2026-08-13 18:42:46,373 - INFO - EMIT crude_orderflow_signal: PUT BUY ([SIM]) | None
2026-08-13 18:42:47,472 - INFO - EMIT crude_orderflow_signal: NO TRADE | Entry Score 25
2026-08-13 18:42:47,472 - INFO - EMIT crude_orderflow_signal: PUT BUY ([SIM]) | None
2026-08-13 18:42:48,571 - INFO - EMIT crude_orderflow_signal: NO TRADE | Entry Score 25
2026-08-13 18:42:48,571 - INFO - EMIT crude_orderflow_signal: PUT BUY ([SIM]) | None
2026-08-13 18:42:49,686 - INFO - EMIT crude_orderflow_signal: NO TRADE | Entry Score 25
2026-08-13 18:42:49,686 - INFO - EMIT crude_orderflow_signal: PUT BUY ([SIM]) | None
2026-08-13 18:42:50,785 - INFO - EMIT crude_orderflow_signal: NO TRADE | Entry Score 25
2026-08-13 18:42:50,785 - INFO - EMIT crude_orderflow_signal: PUT BUY ([SIM]) | None
2026-08-13 18:42:51,901 - INFO - EMIT crude_orderflow_signal: NO TRADE | Entry Score 25
2026-08-13 18:42:51,901 - INFO - EMIT crude_orderflow_signal: PUT BUY ([SIM]) | None
2026-08-13 18:42:53,049 - INFO - EMIT crude_orderflow_signal: NO TRADE | Entry Score 25
2026-08-13 18:42:53,050 - INFO - EMIT crude_orderflow_signal: PUT BUY ([SIM]) | None
2026-08-13 18:42:54,149 - INFO - EMIT crude_orderflow_signal: NO TRADE | Entry Score 25
2026-08-13 18:42:54,149 - INFO - EMIT crude_orderflow_signal: PUT BUY ([SIM]) | None
2026-08-13 18:42:55,265 - INFO - EMIT crude_orderflow_signal: NO TRADE | Entry Score 25
2026-08-13 18:42:55,265 - INFO - EMIT crude_orderflow_signal: PUT BUY ([SIM]) | None
2026-08-13 18:42:56,363 - INFO - EMIT crude_orderflow_signal: NO TRADE | Entry Score 25
2026-08-13 18:42:56,363 - INFO - EMIT crude_orderflow_signal: PUT BUY ([SIM]) | None
2026-08-13 18:42:57,479 - INFO - EMIT crude_orderflow_signal: NO TRADE | Entry Score 25
2026-08-13 18:42:57,479 - INFO - EMIT crude_orderflow_signal: PUT BUY ([SIM]) | None
2026-08-13 18:42:58,578 - INFO - EMIT crude_orderflow_signal: NO TRADE | Entry Score 25
2026-08-13 18:42:58,578 - INFO - EMIT crude_orderflow_signal: PUT BUY ([SIM]) | None
2026-08-13 18:42:59,694 - INFO - EMIT crude_orderflow_signal: NO TRADE | Entry Score 25
2026-08-13 18:42:59,694 - INFO - EMIT crude_orderflow_signal: PUT BUY ([SIM]) | None
2026-08-13 18:43:00,859 - INFO - EMIT crude_orderflow_signal: NO TRADE | Entry Score 25
2026-08-13 18:43:00,859 - INFO - EMIT crude_orderflow_signal: PUT BUY ([SIM]) | None
2026-08-13 18:43:01,975 - INFO - EMIT crude_orderflow_signal: NO TRADE | Entry Score 25
2026-08-13 18:43:01,975 - INFO - EMIT crude_orderflow_signal: PUT BUY ([SIM]) | None
2026-08-13 18:43:03,074 - INFO - EMIT crude_orderflow_signal: NO TRADE | Entry Score 25
2026-08-13 18:43:03,074 - INFO - EMIT crude_orderflow_signal: PUT BUY ([SIM]) | None
2026-08-13 18:43:04,206 - INFO - EMIT crude_orderflow_signal: NO TRADE | Entry Score 25
2026-08-13 18:43:04,206 - INFO - EMIT crude_orderflow_signal: PUT BUY ([SIM]) | None
2026-08-13 18:43:05,305 - INFO - EMIT crude_orderflow_signal: NO TRADE | Entry Score 25
2026-08-13 18:43:05,305 - INFO - EMIT crude_orderflow_signal: PUT BUY ([SIM]) | None
2026-08-13 18:43:06,404 - INFO - EMIT crude_orderflow_signal: NO TRADE | Entry Score 25
2026-08-13 18:43:06,404 - INFO - EMIT crude_orderflow_signal: PUT BUY ([SIM]) | None
2026-08-13 18:43:07,503 - INFO - EMIT crude_orderflow_signal: NO TRADE | Entry Score 25
2026-08-13 18:43:07,503 - INFO - EMIT crude_orderflow_signal: PUT BUY ([SIM]) | None
2026-08-13 18:43:08,602 - INFO - EMIT crude_orderflow_signal: NO TRADE | Entry Score 25
2026-08-13 18:43:08,602 - INFO - EMIT crude_orderflow_signal: PUT BUY ([SIM]) | None
2026-08-13 18:43:09,717 - INFO - EMIT crude_orderflow_signal: NO TRADE | Entry Score 25
2026-08-13 18:43:09,717 - INFO - EMIT crude_orderflow_signal: PUT BUY ([SIM]) | None
2026-08-13 18:43:10,828 - INFO - EMIT crude_orderflow_signal: NO TRADE | Entry Score 25
2026-08-13 18:43:10,828 - INFO - EMIT crude_orderflow_signal: PUT BUY ([SIM]) | None
2026-08-13 18:43:11,932 - INFO - EMIT crude_orderflow_signal: NO TRADE | Entry Score 25
2026-08-13 18:43:11,932 - INFO - EMIT crude_orderflow_signal: PUT BUY ([SIM]) | None
2026-08-13 18:43:13,031 - INFO - EMIT crude_orderflow_signal: NO TRADE | Entry Score 25
2026-08-13 18:43:13,031 - INFO - EMIT crude_orderflow_signal: PUT BUY ([SIM]) | None
2026-08-13 18:43:13,431 - INFO - EMIT crude_orderflow_signal: NO TRADE | Entry Score 25
2026-08-13 18:43:14,147 - INFO - EMIT crude_orderflow_signal: NO TRADE | Entry Score 25
2026-08-13 18:43:14,147 - INFO - EMIT crude_orderflow_signal: PUT BUY ([SIM]) | None
2026-08-13 18:43:15,246 - INFO - EMIT crude_orderflow_signal: NO TRADE | Entry Score 25
2026-08-13 18:43:15,246 - INFO - EMIT crude_orderflow_signal: PUT BUY ([SIM]) | None
2026-08-13 18:43:16,345 - INFO - EMIT crude_orderflow_signal: NO TRADE | Entry Score 25
2026-08-13 18:43:16,345 - INFO - EMIT crude_orderflow_signal: PUT BUY ([SIM]) | None
2026-08-13 18:43:17,444 - INFO - EMIT crude_orderflow_signal: NO TRADE | Entry Score 25
2026-08-13 18:43:17,444 - INFO - EMIT crude_orderflow_signal: PUT BUY ([SIM]) | None
2026-08-13 18:43:18,543 - INFO - EMIT crude_orderflow_signal: NO TRADE | Entry Score 25
2026-08-13 18:43:18,558 - INFO - EMIT crude_orderflow_signal: PUT BUY ([SIM]) | None
2026-08-13 18:43:19,658 - INFO - EMIT crude_orderflow_signal: NO TRADE | Entry Score 25
2026-08-13 18:43:19,658 - INFO - EMIT crude_orderflow_signal: PUT BUY ([SIM]) | None
2026-08-13 18:43:20,757 - INFO - EMIT crude_orderflow_signal: NO TRADE | Entry Score 25
2026-08-13 18:43:20,757 - INFO - EMIT crude_orderflow_signal: PUT BUY ([SIM]) | None
2026-08-13 18:43:21,856 - INFO - EMIT crude_orderflow_signal: NO TRADE | Entry Score 25
2026-08-13 18:43:21,856 - INFO - EMIT crude_orderflow_signal: PUT BUY ([SIM]) | None
2026-08-13 18:43:22,938 - INFO - [SIM] NEAR-MISS REVERSAL — NEAR-MISS REVERSAL (MFE 18pt, gave back 13pt) — PnL: \u20b9550 | Daily: \u20b9550 | R: 0.34
2026-08-13 18:43:23,143 - INFO - EMIT crude_orderflow_signal: EXIT — NEAR-MISS REVERSAL | Gave back peak gain | PnL: \u20b9550
2026-08-13 18:43:43,440 - INFO - EMIT crude_orderflow_signal: EXIT — NEAR-MISS REVERSAL | Gave back peak gain | PnL: \u20b9550
2026-08-13 18:44:13,426 - INFO - EMIT crude_orderflow_signal: EXIT — NEAR-MISS REVERSAL | Gave back peak gain | PnL: \u20b9550
2026-08-13 18:44:23,145 - INFO - EMIT crude_orderflow_signal: NO TRADE | Cooldown (239s remaining)
2026-08-13 18:44:43,433 - INFO - EMIT crude_orderflow_signal: NO TRADE | Cooldown (239s remaining)
2026-08-13 18:45:13,438 - INFO - EMIT crude_orderflow_signal: NO TRADE | Cooldown (239s remaining)
2026-08-13 18:45:23,146 - INFO - EMIT crude_orderflow_signal: NO TRADE | Cooldown (179s remaining)
2026-08-13 18:45:43,426 - INFO - EMIT crude_orderflow_signal: NO TRADE | Cooldown (179s remaining)
2026-08-13 18:46:13,432 - INFO - EMIT crude_orderflow_signal: NO TRADE | Cooldown (179s remaining)
2026-08-13 18:46:23,148 - INFO - EMIT crude_orderflow_signal: NO TRADE | Cooldown (119s remaining)
2026-08-13 18:46:43,437 - INFO - EMIT crude_orderflow_signal: NO TRADE | Cooldown (119s remaining)
2026-08-13 18:47:14,139 - INFO - EMIT crude_orderflow_signal: NO TRADE | Cooldown (119s remaining)
2026-08-13 18:47:23,149 - INFO - EMIT crude_orderflow_signal: NO TRADE | Cooldown (59s remaining)
2026-08-13 18:47:43,428 - INFO - EMIT crude_orderflow_signal: NO TRADE | Cooldown (59s remaining)
2026-08-13 18:48:14,150 - INFO - EMIT crude_orderflow_signal: NO TRADE | Cooldown (59s remaining)
2026-08-13 18:48:23,268 - INFO - EMIT crude_orderflow_signal: NO TRADE | Entry Score 30
2026-08-13 18:48:44,142 - INFO - EMIT crude_orderflow_signal: NO TRADE | Entry Score 30
2026-08-13 18:49:23,308 - INFO - EMIT crude_orderflow_signal: NO TRADE | Entry Score 30
2026-08-13 18:49:45,150 - INFO - EMIT crude_orderflow_signal: NO TRADE | Entry Score 30
2026-08-13 18:50:23,434 - INFO - EMIT crude_orderflow_signal: NO TRADE | Entry Score 25
2026-08-13 18:50:46,141 - INFO - EMIT crude_orderflow_signal: NO TRADE | Entry Score 25
2026-08-13 18:51:23,478 - INFO - EMIT crude_orderflow_signal: NO TRADE | Entry Score 25
2026-08-13 18:51:47,142 - INFO - EMIT crude_orderflow_signal: NO TRADE | Entry Score 25
2026-08-13 18:52:23,556 - INFO - EMIT crude_orderflow_signal: NO TRADE | Entry Score 30
2026-08-13 18:52:48,141 - INFO - EMIT crude_orderflow_signal: NO TRADE | Entry Score 30
2026-08-13 18:53:23,623 - INFO - EMIT crude_orderflow_signal: NO TRADE | Entry Score 30
2026-08-13 18:53:49,141 - INFO - EMIT crude_orderflow_signal: NO TRADE | Entry Score 30
2026-08-13 18:54:23,704 - INFO - EMIT crude_orderflow_signal: NO TRADE | Entry Score 30
2026-08-13 18:54:50,142 - INFO - EMIT crude_orderflow_signal: NO TRADE | Entry Score 30
2026-08-13 18:55:23,752 - INFO - EMIT crude_orderflow_signal: NO TRADE | Entry Score 30
2026-08-13 18:55:51,151 - INFO - EMIT crude_orderflow_signal: NO TRADE | Entry Score 30
2026-08-13 18:56:23,831 - INFO - EMIT crude_orderflow_signal: NO TRADE | Entry Score 30
2026-08-13 18:56:52,142 - INFO - EMIT crude_orderflow_signal: NO TRADE | Entry Score 30
2026-08-13 18:57:23,879 - INFO - EMIT crude_orderflow_signal: NO TRADE | Entry Score 30
2026-08-13 18:57:53,143 - INFO - EMIT crude_orderflow_signal: NO TRADE | Entry Score 30
2026-08-13 18:58:23,983 - INFO - EMIT crude_orderflow_signal: NO TRADE | Entry Score 30
2026-08-13 18:58:44,065 - INFO - EMIT crude_orderflow_signal: NO TRADE | Entry Score 30
2026-08-13 18:59:14,142 - INFO - EMIT crude_orderflow_signal: NO TRADE | Entry Score 30
2026-08-13 18:59:24,034 - INFO - EMIT crude_orderflow_signal: NO TRADE | Entry Score 30
2026-08-13 18:59:44,143 - INFO - EMIT crude_orderflow_signal: NO TRADE | Entry Score 30
2026-08-13 19:00:24,116 - INFO - EMIT crude_orderflow_signal: NO TRADE | Entry Score 25
2026-08-13 19:00:45,150 - INFO - EMIT crude_orderflow_signal: NO TRADE | Entry Score 25
2026-08-13 19:01:24,159 - INFO - EMIT crude_orderflow_signal: NO TRADE | Entry Score 25
2026-08-13 19:01:46,135 - INFO - EMIT crude_orderflow_signal: NO TRADE | Entry Score 25
2026-08-13 19:02:24,248 - INFO - EMIT crude_orderflow_signal: NO TRADE | Entry Score 30
2026-08-13 19:02:47,148 - INFO - EMIT crude_orderflow_signal: NO TRADE | Entry Score 30
2026-08-13 19:03:24,322 - INFO - EMIT crude_orderflow_signal: NO TRADE | Entry Score 30
2026-08-13 19:03:48,143 - INFO - EMIT crude_orderflow_signal: NO TRADE | Entry Score 30
2026-08-13 19:04:24,402 - INFO - EMIT crude_orderflow_signal: NO TRADE | Entry Score 30
2026-08-13 19:04:49,136 - INFO - EMIT crude_orderflow_signal: NO TRADE | Entry Score 30
2026-08-13 19:05:24,440 - INFO - EMIT crude_orderflow_signal: NO TRADE | Entry Score 30
2026-08-13 19:05:50,146 - INFO - EMIT crude_orderflow_signal: NO TRADE | Entry Score 30
2026-08-13 19:06:24,533 - INFO - EMIT crude_orderflow_signal: NO TRADE | Entry Score 30
2026-08-13 19:06:51,137 - INFO - EMIT crude_orderflow_signal: NO TRADE | Entry Score 30
2026-08-13 19:07:14,150 - INFO - EMIT crude_orderflow_signal: NO TRADE | Entry Score 30
2026-08-13 19:07:24,580 - INFO - EMIT crude_orderflow_signal: NO TRADE | Entry Score 30
2026-08-13 19:07:44,141 - INFO - EMIT crude_orderflow_signal: NO TRADE | Entry Score 30
2026-08-13 19:08:24,683 - INFO - EMIT crude_orderflow_signal: NO TRADE | Entry Score 30
2026-08-13 19:08:45,147 - INFO - EMIT crude_orderflow_signal: NO TRADE | Entry Score 30
2026-08-13 19:09:24,725 - INFO - EMIT crude_orderflow_signal: NO TRADE | Entry Score 30
2026-08-13 19:09:46,141 - INFO - EMIT crude_orderflow_signal: NO TRADE | Entry Score 30
2026-08-13 19:10:24,806 - INFO - EMIT crude_orderflow_signal: NO TRADE | Entry Score 40
2026-08-13 19:10:47,136 - INFO - EMIT crude_orderflow_signal: NO TRADE | Entry Score 40
2026-08-13 19:11:24,850 - INFO - EMIT crude_orderflow_signal: NO TRADE | Entry Score 40
2026-08-13 19:11:48,143 - INFO - EMIT crude_orderflow_signal: NO TRADE | Entry Score 40
2026-08-13 19:12:24,938 - INFO - EMIT crude_orderflow_signal: NO TRADE | Entry Score 50
2026-08-13 19:12:49,138 - INFO - EMIT crude_orderflow_signal: NO TRADE | Entry Score 50
2026-08-13 19:13:25,005 - INFO - EMIT crude_orderflow_signal: NO TRADE | Entry Score 50
2026-08-13 19:13:50,142 - INFO - EMIT crude_orderflow_signal: NO TRADE | Entry Score 50
2026-08-13 19:14:25,107 - INFO - EMIT crude_orderflow_signal: NO TRADE | Entry Score 40
2026-08-13 19:14:51,141 - INFO - EMIT crude_orderflow_signal: NO TRADE | Entry Score 40
2026-08-13 19:15:25,154 - INFO - EMIT crude_orderflow_signal: NO TRADE | Entry Score 40
2026-08-13 19:15:52,141 - INFO - EMIT crude_orderflow_signal: NO TRADE | Entry Score 40
2026-08-13 19:16:25,238 - INFO - EMIT crude_orderflow_signal: NO TRADE | Entry Score 30
2026-08-13 19:16:53,141 - INFO - EMIT crude_orderflow_signal: NO TRADE | Entry Score 30
2026-08-13 19:17:25,282 - INFO - EMIT crude_orderflow_signal: NO TRADE | Entry Score 30
2026-08-13 19:17:54,151 - INFO - EMIT crude_orderflow_signal: NO TRADE | Entry Score 30
2026-08-13 19:18:25,385 - INFO - EMIT crude_orderflow_signal: NO TRADE | Entry Score 30
2026-08-13 19:18:55,142 - INFO - EMIT crude_orderflow_signal: NO TRADE | Entry Score 30
2026-08-13 19:19:25,432 - INFO - EMIT crude_orderflow_signal: NO TRADE | Entry Score 30
2026-08-13 19:19:56,142 - INFO - EMIT crude_orderflow_signal: NO TRADE | Entry Score 30
2026-08-13 19:20:25,510 - INFO - EMIT crude_orderflow_signal: NO TRADE | Entry Score 30
2026-08-13 19:20:56,148 - INFO - EMIT crude_orderflow_signal: NO TRADE | Entry Score 30
2026-08-13 19:21:25,589 - INFO - EMIT crude_orderflow_signal: NO TRADE | Entry Score 30
2026-08-13 19:21:56,142 - INFO - EMIT crude_orderflow_signal: NO TRADE | Entry Score 30
2026-08-13 19:22:25,713 - INFO - EMIT crude_orderflow_signal: NO TRADE | Entry Score 50
2026-08-13 19:22:56,135 - INFO - EMIT crude_orderflow_signal: NO TRADE | Entry Score 50
2026-08-13 19:23:25,800 - INFO - EMIT crude_orderflow_signal: NO TRADE | Entry Score 50
2026-08-13 19:23:56,148 - INFO - EMIT crude_orderflow_signal: NO TRADE | Entry Score 50
2026-08-13 19:24:25,886 - INFO - EMIT crude_orderflow_signal: NO TRADE | Entry Score 50
2026-08-13 19:24:56,136 - INFO - EMIT crude_orderflow_signal: NO TRADE | Entry Score 50
2026-08-13 19:25:25,931 - INFO - EMIT crude_orderflow_signal: NO TRADE | Entry Score 50
2026-08-13 19:25:56,136 - INFO - EMIT crude_orderflow_signal: NO TRADE | Entry Score 50
2026-08-13 19:26:26,026 - INFO - EMIT crude_orderflow_signal: NO TRADE | Entry Score 50
2026-08-13 19:26:56,134 - INFO - EMIT crude_orderflow_signal: NO TRADE | Entry Score 50
2026-08-13 19:27:26,075 - INFO - EMIT crude_orderflow_signal: NO TRADE | Entry Score 50
2026-08-13 19:27:56,136 - INFO - EMIT crude_orderflow_signal: NO TRADE | Entry Score 50
2026-08-13 19:28:26,205 - INFO - EMIT crude_orderflow_signal: NO TRADE | Entry Score 50
2026-08-13 19:28:56,142 - INFO - EMIT crude_orderflow_signal: NO TRADE | Entry Score 50
2026-08-13 19:29:26,252 - INFO - EMIT crude_orderflow_signal: NO TRADE | Entry Score 50
2026-08-13 19:29:56,135 - INFO - EMIT crude_orderflow_signal: NO TRADE | Entry Score 50
2026-08-13 19:30:26,351 - INFO - EMIT crude_orderflow_signal: NO TRADE | Entry Score 50
2026-08-13 19:30:56,135 - INFO - EMIT crude_orderflow_signal: NO TRADE | Entry Score 50
2026-08-13 19:31:26,400 - INFO - EMIT crude_orderflow_signal: NO TRADE | Entry Score 50
2026-08-13 19:31:55,582 - INFO - EMIT crude_orderflow_signal: NO TRADE | Entry Score 50
2026-08-13 19:32:14,135 - INFO - EMIT crude_orderflow_signal: NO TRADE | Entry Score 50
2026-08-13 19:32:26,489 - INFO - EMIT crude_orderflow_signal: NO TRADE | Entry Score 45
2026-08-13 19:32:44,135 - INFO - EMIT crude_orderflow_signal: NO TRADE | Entry Score 45
2026-08-13 19:33:26,568 - INFO - EMIT crude_orderflow_signal: NO TRADE | Entry Score 45
2026-08-13 19:33:45,137 - INFO - EMIT crude_orderflow_signal: NO TRADE | Entry Score 45
2026-08-13 19:34:26,651 - INFO - EMIT crude_orderflow_signal: NO TRADE | Entry Score 25
2026-08-13 19:34:46,133 - INFO - EMIT crude_orderflow_signal: NO TRADE | Entry Score 25
2026-08-13 19:35:26,692 - INFO - EMIT crude_orderflow_signal: NO TRADE | Entry Score 25
2026-08-13 19:35:47,135 - INFO - EMIT crude_orderflow_signal: NO TRADE | Entry Score 25
2026-08-13 19:36:26,776 - INFO - EMIT crude_orderflow_signal: NO TRADE | Entry Score 50
2026-08-13 19:36:48,136 - INFO - EMIT crude_orderflow_signal: NO TRADE | Entry Score 50
2026-08-13 19:37:26,825 - INFO - EMIT crude_orderflow_signal: NO TRADE | Entry Score 50
2026-08-13 19:37:49,134 - INFO - EMIT crude_orderflow_signal: NO TRADE | Entry Score 50
2026-08-13 19:38:26,942 - INFO - EMIT crude_orderflow_signal: NO TRADE | Entry Score 50
2026-08-13 19:38:50,137 - INFO - EMIT crude_orderflow_signal: NO TRADE | Entry Score 50
2026-08-13 19:39:26,993 - INFO - EMIT crude_orderflow_signal: NO TRADE | Entry Score 50
2026-08-13 19:39:51,135 - INFO - EMIT crude_orderflow_signal: NO TRADE | Entry Score 50
2026-08-13 19:40:27,075 - INFO - EMIT crude_orderflow_signal: NO TRADE | Entry Score 50
2026-08-13 19:40:52,136 - INFO - EMIT crude_orderflow_signal: NO TRADE | Entry Score 50
2026-08-13 19:41:27,120 - INFO - EMIT crude_orderflow_signal: NO TRADE | Entry Score 50
2026-08-13 19:41:53,137 - INFO - EMIT crude_orderflow_signal: NO TRADE | Entry Score 50
2026-08-13 19:42:27,204 - INFO - EMIT crude_orderflow_signal: NO TRADE | Entry Score 50
2026-08-13 19:42:54,136 - INFO - EMIT crude_orderflow_signal: NO TRADE | Entry Score 50
2026-08-13 19:43:27,277 - INFO - EMIT crude_orderflow_signal: NO TRADE | Entry Score 50
2026-08-13 19:43:55,135 - INFO - EMIT crude_orderflow_signal: NO TRADE | Entry Score 50
2026-08-13 19:44:27,361 - INFO - EMIT crude_orderflow_signal: NO TRADE | Entry Score 50
2026-08-13 19:44:56,132 - INFO - EMIT crude_orderflow_signal: NO TRADE | Entry Score 50
2026-08-13 19:45:27,397 - INFO - EMIT crude_orderflow_signal: NO TRADE | Entry Score 50
2026-08-13 19:45:47,469 - INFO - EMIT crude_orderflow_signal: NO TRADE | Entry Score 50
2026-08-13 19:46:14,131 - INFO - EMIT crude_orderflow_signal: NO TRADE | Entry Score 50
2026-08-13 19:46:27,485 - INFO - EMIT crude_orderflow_signal: NO TRADE | Entry Score 25
2026-08-13 19:46:44,124 - INFO - EMIT crude_orderflow_signal: NO TRADE | Entry Score 25
2026-08-13 19:47:27,527 - INFO - EMIT crude_orderflow_signal: NO TRADE | Entry Score 25
2026-08-13 19:47:45,120 - INFO - EMIT crude_orderflow_signal: NO TRADE | Entry Score 25
2026-08-13 19:48:27,687 - INFO - EMIT crude_orderflow_signal: NO TRADE | Entry Score 25
2026-08-13 19:48:46,116 - INFO - EMIT crude_orderflow_signal: NO TRADE | Entry Score 25
2026-08-13 19:49:27,722 - INFO - EMIT crude_orderflow_signal: NO TRADE | Entry Score 25
2026-08-13 19:49:47,119 - INFO - EMIT crude_orderflow_signal: NO TRADE | Entry Score 25
2026-08-13 19:50:27,809 - INFO - EMIT crude_orderflow_signal: NO TRADE | Entry Score 25
2026-08-13 19:50:48,107 - INFO - EMIT crude_orderflow_signal: NO TRADE | Entry Score 25
2026-08-13 19:51:27,855 - INFO - EMIT crude_orderflow_signal: NO TRADE | Entry Score 25
2026-08-13 19:51:49,111 - INFO - EMIT crude_orderflow_signal: NO TRADE | Entry Score 25
2026-08-13 19:52:27,920 - INFO - EMIT crude_orderflow_signal: NO TRADE | Entry Score 25
2026-08-13 19:52:50,100 - INFO - EMIT crude_orderflow_signal: NO TRADE | Entry Score 25
2026-08-13 19:53:27,979 - INFO - EMIT crude_orderflow_signal: NO TRADE | Entry Score 25
2026-08-13 19:53:51,099 - INFO - EMIT crude_orderflow_signal: NO TRADE | Entry Score 25
2026-08-13 19:54:17,734 - INFO - EMIT crude_orderflow_signal: NO TRADE | Entry Score 25
2026-08-13 19:54:28,071 - INFO - EMIT crude_orderflow_signal: NO TRADE | Entry Score 25
2026-08-13 19:54:44,098 - INFO - EMIT crude_orderflow_signal: NO TRADE | Entry Score 25
2026-08-13 19:55:14,084 - INFO - EMIT crude_orderflow_signal: NO TRADE | Entry Score 25
2026-08-13 19:55:28,107 - INFO - EMIT crude_orderflow_signal: NO TRADE | Entry Score 25
2026-08-13 19:55:56,096 - INFO - EMIT crude_orderflow_signal: NO TRADE | Entry Score 25
2026-08-13 19:56:28,195 - INFO - EMIT crude_orderflow_signal: NO TRADE | Entry Score 40
2026-08-13 19:56:56,086 - INFO - EMIT crude_orderflow_signal: NO TRADE | Entry Score 40
2026-08-13 19:57:28,234 - INFO - EMIT crude_orderflow_signal: NO TRADE | Entry Score 40
2026-08-13 19:57:56,081 - INFO - EMIT crude_orderflow_signal: NO TRADE | Entry Score 40
2026-08-13 19:58:28,344 - INFO - EMIT crude_orderflow_signal: NO TRADE | Entry Score 40
2026-08-13 19:58:56,081 - INFO - EMIT crude_orderflow_signal: NO TRADE | Entry Score 40
2026-08-13 19:59:17,844 - INFO - EMIT crude_orderflow_signal: NO TRADE | Entry Score 40
2026-08-13 19:59:28,398 - INFO - EMIT crude_orderflow_signal: NO TRADE | Entry Score 40
2026-08-13 19:59:44,064 - INFO - EMIT crude_orderflow_signal: NO TRADE | Entry Score 40
2026-08-13 20:00:14,062 - INFO - EMIT crude_orderflow_signal: NO TRADE | Entry Score 40
2026-08-13 20:00:28,465 - INFO - EMIT crude_orderflow_signal: NO TRADE | Entry Score 40
2026-08-13 20:00:56,061 - INFO - EMIT crude_orderflow_signal: NO TRADE | Entry Score 40
2026-08-13 20:01:28,522 - INFO - EMIT crude_orderflow_signal: NO TRADE | Entry Score 40
2026-08-13 20:01:56,061 - INFO - EMIT crude_orderflow_signal: NO TRADE | Entry Score 40
2026-08-13 20:02:28,589 - INFO - EMIT crude_orderflow_signal: NO TRADE | Entry Score 30
2026-08-13 20:02:56,056 - INFO - EMIT crude_orderflow_signal: NO TRADE | Entry Score 30
2026-08-13 20:03:28,671 - INFO - EMIT crude_orderflow_signal: NO TRADE | Entry Score 30
2026-08-13 20:03:56,054 - INFO - EMIT crude_orderflow_signal: NO TRADE | Entry Score 30
2026-08-13 20:04:28,742 - INFO - EMIT crude_orderflow_signal: NO TRADE | Entry Score 45
2026-08-13 20:04:56,045 - INFO - EMIT crude_orderflow_signal: NO TRADE | Entry Score 45
2026-08-13 20:05:27,862 - INFO - EMIT crude_orderflow_signal: NO TRADE | Entry Score 45
2026-08-13 20:05:28,804 - INFO - EMIT crude_orderflow_signal: NO TRADE | Entry Score 45
2026-08-13 20:05:44,044 - INFO - EMIT crude_orderflow_signal: NO TRADE | Entry Score 45
2026-08-13 20:06:14,045 - INFO - EMIT crude_orderflow_signal: NO TRADE | Entry Score 45
2026-08-13 20:06:28,893 - INFO - EMIT crude_orderflow_signal: NO TRADE | Entry Score 30
2026-08-13 20:06:56,051 - INFO - EMIT crude_orderflow_signal: NO TRADE | Entry Score 30
2026-08-13 20:07:28,938 - INFO - EMIT crude_orderflow_signal: NO TRADE | Entry Score 30
2026-08-13 20:07:56,047 - INFO - EMIT crude_orderflow_signal: NO TRADE | Entry Score 30
2026-08-13 20:08:29,048 - INFO - EMIT crude_orderflow_signal: NO TRADE | Entry Score 45
2026-08-13 20:08:56,045 - INFO - EMIT crude_orderflow_signal: NO TRADE | Entry Score 45
2026-08-13 20:09:29,090 - INFO - EMIT crude_orderflow_signal: NO TRADE | Entry Score 45
2026-08-13 20:09:56,041 - INFO - EMIT crude_orderflow_signal: NO TRADE | Entry Score 45
2026-08-13 20:10:29,156 - INFO - EMIT crude_orderflow_signal: NO TRADE | Entry Score 45
2026-08-13 20:10:56,030 - INFO - EMIT crude_orderflow_signal: NO TRADE | Entry Score 45
2026-08-13 20:11:29,199 - INFO - EMIT crude_orderflow_signal: NO TRADE | Entry Score 45
2026-08-13 20:11:56,032 - INFO - EMIT crude_orderflow_signal: NO TRADE | Entry Score 45
2026-08-13 20:12:29,300 - INFO - EMIT crude_orderflow_signal: NO TRADE | Entry Score 45
2026-08-13 20:12:56,021 - INFO - EMIT crude_orderflow_signal: NO TRADE | Entry Score 45
2026-08-13 20:13:29,366 - INFO - EMIT crude_orderflow_signal: NO TRADE | Entry Score 45
2026-08-13 20:13:56,016 - INFO - EMIT crude_orderflow_signal: NO TRADE | Entry Score 45
2026-08-13 20:14:29,444 - INFO - EMIT crude_orderflow_signal: NO TRADE | Entry Score 45
2026-08-13 20:14:56,019 - INFO - EMIT crude_orderflow_signal: NO TRADE | Entry Score 45
2026-08-13 20:15:29,481 - INFO - EMIT crude_orderflow_signal: NO TRADE | Entry Score 45
2026-08-13 20:15:56,016 - INFO - EMIT crude_orderflow_signal: NO TRADE | Entry Score 45
2026-08-13 20:16:29,574 - INFO - EMIT crude_orderflow_signal: NO TRADE | Entry Score 30
2026-08-13 20:16:56,005 - INFO - EMIT crude_orderflow_signal: NO TRADE | Entry Score 30
2026-08-13 20:17:29,606 - INFO - EMIT crude_orderflow_signal: NO TRADE | Entry Score 30
2026-08-13 20:17:56,013 - INFO - EMIT crude_orderflow_signal: NO TRADE | Entry Score 30
2026-08-13 20:18:29,715 - INFO - EMIT crude_orderflow_signal: NO TRADE | Entry Score 30
2026-08-13 20:18:56,010 - INFO - EMIT crude_orderflow_signal: NO TRADE | Entry Score 30
2026-08-13 20:19:29,761 - INFO - EMIT crude_orderflow_signal: NO TRADE | Entry Score 30
2026-08-13 20:19:56,001 - INFO - EMIT crude_orderflow_signal: NO TRADE | Entry Score 30
2026-08-13 20:20:29,831 - INFO - EMIT crude_orderflow_signal: NO TRADE | Entry Score 40
2026-08-13 20:20:55,999 - INFO - EMIT crude_orderflow_signal: NO TRADE | Entry Score 40
2026-08-13 20:21:29,903 - INFO - EMIT crude_orderflow_signal: NO TRADE | Entry Score 40
2026-08-13 20:21:56,006 - INFO - EMIT crude_orderflow_signal: NO TRADE | Entry Score 40
2026-08-13 20:22:29,984 - INFO - EMIT crude_orderflow_signal: NO TRADE | Entry Score 40
2026-08-13 20:22:56,005 - INFO - EMIT crude_orderflow_signal: NO TRADE | Entry Score 40
2026-08-13 20:23:30,050 - INFO - EMIT crude_orderflow_signal: NO TRADE | Entry Score 40
2026-08-13 20:23:55,993 - INFO - EMIT crude_orderflow_signal: NO TRADE | Entry Score 40
2026-08-13 20:24:30,132 - INFO - EMIT crude_orderflow_signal: NO TRADE | Entry Score 40
2026-08-13 20:24:55,990 - INFO - EMIT crude_orderflow_signal: NO TRADE | Entry Score 40
2026-08-13 20:25:30,184 - INFO - EMIT crude_orderflow_signal: NO TRADE | Entry Score 40
2026-08-13 20:25:55,983 - INFO - EMIT crude_orderflow_signal: NO TRADE | Entry Score 40
2026-08-13 20:26:30,263 - INFO - EMIT crude_orderflow_signal: NO TRADE | Entry Score 40
2026-08-13 20:26:55,983 - INFO - EMIT crude_orderflow_signal: NO TRADE | Entry Score 40
2026-08-13 20:27:30,308 - INFO - EMIT crude_orderflow_signal: NO TRADE | Entry Score 40
2026-08-13 20:27:55,979 - INFO - EMIT crude_orderflow_signal: NO TRADE | Entry Score 40
2026-08-13 20:28:30,418 - INFO - EMIT crude_orderflow_signal: NO TRADE | Entry Score 40
2026-08-13 20:28:55,977 - INFO - EMIT crude_orderflow_signal: NO TRADE | Entry Score 40
2026-08-13 20:29:30,466 - INFO - EMIT crude_orderflow_signal: NO TRADE | Entry Score 40
2026-08-13 20:29:55,975 - INFO - EMIT crude_orderflow_signal: NO TRADE | Entry Score 40
2026-08-13 20:30:30,551 - INFO - EMIT crude_orderflow_signal: NO TRADE | Entry Score 30
2026-08-13 20:30:55,973 - INFO - EMIT crude_orderflow_signal: NO TRADE | Entry Score 30
2026-08-13 20:31:30,599 - INFO - EMIT crude_orderflow_signal: NO TRADE | Entry Score 30
2026-08-13 20:31:55,970 - INFO - EMIT crude_orderflow_signal: NO TRADE | Entry Score 30
2026-08-13 20:32:30,746 - INFO - \U0001f501 [SIM] CRUDE ENTRY: CRUDEOIL26AUG7750PE @ 157.7 | Base: 60 | Total: 65 | ID: a6dbb8a6-0110-4252-8673-b7f22577ba88
2026-08-13 20:32:30,746 - INFO - EMIT crude_orderflow_signal: PUT BUY ([SIM]) | None
2026-08-13 20:32:31,841 - INFO - EMIT crude_orderflow_signal: PUT BUY ([SIM]) | None
2026-08-13 20:32:32,930 - INFO - EMIT crude_orderflow_signal: PUT BUY ([SIM]) | None
2026-08-13 20:32:34,024 - INFO - EMIT crude_orderflow_signal: PUT BUY ([SIM]) | None
2026-08-13 20:32:35,124 - INFO - EMIT crude_orderflow_signal: PUT BUY ([SIM]) | None
2026-08-13 20:32:36,216 - INFO - EMIT crude_orderflow_signal: PUT BUY ([SIM]) | None
2026-08-13 20:32:37,314 - INFO - EMIT crude_orderflow_signal: PUT BUY ([SIM]) | None
2026-08-13 20:32:38,413 - INFO - EMIT crude_orderflow_signal: PUT BUY ([SIM]) | None
2026-08-13 20:32:39,502 - INFO - EMIT crude_orderflow_signal: PUT BUY ([SIM]) | None
2026-08-13 20:32:40,596 - INFO - EMIT crude_orderflow_signal: PUT BUY ([SIM]) | None
2026-08-13 20:32:41,693 - INFO - EMIT crude_orderflow_signal: PUT BUY ([SIM]) | None
2026-08-13 20:32:42,792 - INFO - EMIT crude_orderflow_signal: PUT BUY ([SIM]) | None
2026-08-13 20:32:43,889 - INFO - EMIT crude_orderflow_signal: PUT BUY ([SIM]) | None
2026-08-13 20:32:45,011 - INFO - EMIT crude_orderflow_signal: PUT BUY ([SIM]) | None
2026-08-13 20:32:46,276 - INFO - EMIT crude_orderflow_signal: PUT BUY ([SIM]) | None
2026-08-13 20:32:47,441 - INFO - EMIT crude_orderflow_signal: PUT BUY ([SIM]) | None
2026-08-13 20:32:48,531 - INFO - EMIT crude_orderflow_signal: PUT BUY ([SIM]) | None
2026-08-13 20:32:49,628 - INFO - EMIT crude_orderflow_signal: PUT BUY ([SIM]) | None
2026-08-13 20:32:50,726 - INFO - EMIT crude_orderflow_signal: PUT BUY ([SIM]) | None
2026-08-13 20:32:51,822 - INFO - EMIT crude_orderflow_signal: PUT BUY ([SIM]) | None
2026-08-13 20:32:52,946 - INFO - EMIT crude_orderflow_signal: PUT BUY ([SIM]) | None
2026-08-13 20:32:54,028 - INFO - EMIT crude_orderflow_signal: PUT BUY ([SIM]) | None
2026-08-13 20:32:55,143 - INFO - EMIT crude_orderflow_signal: PUT BUY ([SIM]) | None
2026-08-13 20:32:55,967 - INFO - EMIT crude_orderflow_signal: NO TRADE | Entry Score 30
2026-08-13 20:32:56,227 - INFO - EMIT crude_orderflow_signal: PUT BUY ([SIM]) | None
2026-08-13 20:32:57,308 - INFO - EMIT crude_orderflow_signal: PUT BUY ([SIM]) | None
2026-08-13 20:32:58,395 - INFO - EMIT crude_orderflow_signal: PUT BUY ([SIM]) | None
2026-08-13 20:32:59,475 - INFO - EMIT crude_orderflow_signal: PUT BUY ([SIM]) | None
2026-08-13 20:33:00,555 - INFO - EMIT crude_orderflow_signal: PUT BUY ([SIM]) | None
2026-08-13 20:33:01,642 - INFO - EMIT crude_orderflow_signal: PUT BUY ([SIM]) | None
2026-08-13 20:33:02,726 - INFO - EMIT crude_orderflow_signal: PUT BUY ([SIM]) | None
2026-08-13 20:33:03,811 - INFO - EMIT crude_orderflow_signal: PUT BUY ([SIM]) | None
2026-08-13 20:33:04,887 - INFO - EMIT crude_orderflow_signal: PUT BUY ([SIM]) | None
2026-08-13 20:33:05,968 - INFO - EMIT crude_orderflow_signal: PUT BUY ([SIM]) | None
2026-08-13 20:33:07,049 - INFO - EMIT crude_orderflow_signal: PUT BUY ([SIM]) | None
2026-08-13 20:33:08,135 - INFO - EMIT crude_orderflow_signal: PUT BUY ([SIM]) | None
2026-08-13 20:33:09,215 - INFO - EMIT crude_orderflow_signal: PUT BUY ([SIM]) | None
2026-08-13 20:33:10,295 - INFO - EMIT crude_orderflow_signal: PUT BUY ([SIM]) | None
2026-08-13 20:33:11,378 - INFO - EMIT crude_orderflow_signal: PUT BUY ([SIM]) | None
2026-08-13 20:33:12,462 - INFO - EMIT crude_orderflow_signal: PUT BUY ([SIM]) | None
2026-08-13 20:33:13,546 - INFO - EMIT crude_orderflow_signal: PUT BUY ([SIM]) | None
2026-08-13 20:33:14,631 - INFO - EMIT crude_orderflow_signal: PUT BUY ([SIM]) | None
2026-08-13 20:33:15,714 - INFO - EMIT crude_orderflow_signal: PUT BUY ([SIM]) | None
2026-08-13 20:33:16,798 - INFO - EMIT crude_orderflow_signal: PUT BUY ([SIM]) | None
2026-08-13 20:33:17,877 - INFO - EMIT crude_orderflow_signal: PUT BUY ([SIM]) | None
2026-08-13 20:33:18,956 - INFO - EMIT crude_orderflow_signal: PUT BUY ([SIM]) | None
2026-08-13 20:33:20,036 - INFO - EMIT crude_orderflow_signal: PUT BUY ([SIM]) | None
2026-08-13 20:33:21,125 - INFO - EMIT crude_orderflow_signal: PUT BUY ([SIM]) | None
2026-08-13 20:33:22,208 - INFO - EMIT crude_orderflow_signal: PUT BUY ([SIM]) | None
2026-08-13 20:33:23,289 - INFO - EMIT crude_orderflow_signal: PUT BUY ([SIM]) | None
2026-08-13 20:33:24,373 - INFO - EMIT crude_orderflow_signal: PUT BUY ([SIM]) | None
2026-08-13 20:33:25,454 - INFO - EMIT crude_orderflow_signal: PUT BUY ([SIM]) | None
2026-08-13 20:33:26,534 - INFO - EMIT crude_orderflow_signal: PUT BUY ([SIM]) | None
2026-08-13 20:33:27,634 - INFO - EMIT crude_orderflow_signal: PUT BUY ([SIM]) | None
2026-08-13 20:33:28,717 - INFO - EMIT crude_orderflow_signal: PUT BUY ([SIM]) | None
2026-08-13 20:33:29,796 - INFO - EMIT crude_orderflow_signal: PUT BUY ([SIM]) | None
2026-08-13 20:33:30,906 - INFO - EMIT crude_orderflow_signal: PUT BUY ([SIM]) | None
2026-08-13 20:33:31,989 - INFO - EMIT crude_orderflow_signal: PUT BUY ([SIM]) | None
2026-08-13 20:33:33,068 - INFO - EMIT crude_orderflow_signal: PUT BUY ([SIM]) | None
2026-08-13 20:33:34,154 - INFO - EMIT crude_orderflow_signal: PUT BUY ([SIM]) | None
2026-08-13 20:33:35,231 - INFO - EMIT crude_orderflow_signal: PUT BUY ([SIM]) | None
2026-08-13 20:33:36,315 - INFO - EMIT crude_orderflow_signal: PUT BUY ([SIM]) | None
2026-08-13 20:33:37,399 - INFO - EMIT crude_orderflow_signal: PUT BUY ([SIM]) | None
2026-08-13 20:33:38,480 - INFO - EMIT crude_orderflow_signal: PUT BUY ([SIM]) | None
2026-08-13 20:33:39,562 - INFO - EMIT crude_orderflow_signal: PUT BUY ([SIM]) | None
2026-08-13 20:33:40,644 - INFO - EMIT crude_orderflow_signal: PUT BUY ([SIM]) | None
2026-08-13 20:33:41,728 - INFO - EMIT crude_orderflow_signal: PUT BUY ([SIM]) | None
2026-08-13 20:33:42,813 - INFO - EMIT crude_orderflow_signal: PUT BUY ([SIM]) | None
2026-08-13 20:33:43,899 - INFO - EMIT crude_orderflow_signal: PUT BUY ([SIM]) | None
2026-08-13 20:33:45,050 - INFO - EMIT crude_orderflow_signal: PUT BUY ([SIM]) | None
2026-08-13 20:33:46,137 - INFO - EMIT crude_orderflow_signal: PUT BUY ([SIM]) | None
2026-08-13 20:33:47,243 - INFO - EMIT crude_orderflow_signal: PUT BUY ([SIM]) | None
2026-08-13 20:33:48,384 - INFO - EMIT crude_orderflow_signal: PUT BUY ([SIM]) | None
2026-08-13 20:33:49,475 - INFO - EMIT crude_orderflow_signal: PUT BUY ([SIM]) | None
2026-08-13 20:33:50,556 - INFO - EMIT crude_orderflow_signal: PUT BUY ([SIM]) | None
2026-08-13 20:33:51,642 - INFO - EMIT crude_orderflow_signal: PUT BUY ([SIM]) | None
2026-08-13 20:33:52,724 - INFO - EMIT crude_orderflow_signal: PUT BUY ([SIM]) | None
2026-08-13 20:33:53,809 - INFO - EMIT crude_orderflow_signal: PUT BUY ([SIM]) | None
2026-08-13 20:33:54,889 - INFO - EMIT crude_orderflow_signal: PUT BUY ([SIM]) | None
2026-08-13 20:33:56,000 - INFO - EMIT crude_orderflow_signal: PUT BUY ([SIM]) | None
2026-08-13 20:33:56,001 - INFO - EMIT crude_orderflow_signal: NO TRADE | Entry Score 30
2026-08-13 20:33:57,079 - INFO - EMIT crude_orderflow_signal: PUT BUY ([SIM]) | None
2026-08-13 20:33:58,162 - INFO - EMIT crude_orderflow_signal: PUT BUY ([SIM]) | None
2026-08-13 20:33:59,241 - INFO - EMIT crude_orderflow_signal: PUT BUY ([SIM]) | None
2026-08-13 20:34:00,325 - INFO - EMIT crude_orderflow_signal: PUT BUY ([SIM]) | None
2026-08-13 20:34:01,442 - INFO - EMIT crude_orderflow_signal: PUT BUY ([SIM]) | None
2026-08-13 20:34:02,521 - INFO - EMIT crude_orderflow_signal: PUT BUY ([SIM]) | None
2026-08-13 20:34:03,603 - INFO - EMIT crude_orderflow_signal: PUT BUY ([SIM]) | None
2026-08-13 20:34:04,680 - INFO - EMIT crude_orderflow_signal: PUT BUY ([SIM]) | None
2026-08-13 20:34:05,765 - INFO - EMIT crude_orderflow_signal: PUT BUY ([SIM]) | None
2026-08-13 20:34:06,847 - INFO - EMIT crude_orderflow_signal: PUT BUY ([SIM]) | None
2026-08-13 20:34:07,933 - INFO - EMIT crude_orderflow_signal: PUT BUY ([SIM]) | None
2026-08-13 20:34:09,025 - INFO - EMIT crude_orderflow_signal: PUT BUY ([SIM]) | None
2026-08-13 20:34:10,109 - INFO - EMIT crude_orderflow_signal: PUT BUY ([SIM]) | None
2026-08-13 20:34:11,196 - INFO - EMIT crude_orderflow_signal: PUT BUY ([SIM]) | None
2026-08-13 20:34:12,283 - INFO - EMIT crude_orderflow_signal: PUT BUY ([SIM]) | None
2026-08-13 20:34:13,365 - INFO - EMIT crude_orderflow_signal: PUT BUY ([SIM]) | None
2026-08-13 20:34:14,449 - INFO - EMIT crude_orderflow_signal: PUT BUY ([SIM]) | None
2026-08-13 20:34:15,530 - INFO - EMIT crude_orderflow_signal: PUT BUY ([SIM]) | None
2026-08-13 20:34:16,617 - INFO - EMIT crude_orderflow_signal: PUT BUY ([SIM]) | None
2026-08-13 20:34:17,702 - INFO - EMIT crude_orderflow_signal: PUT BUY ([SIM]) | None
2026-08-13 20:34:18,788 - INFO - EMIT crude_orderflow_signal: PUT BUY ([SIM]) | None
2026-08-13 20:34:19,870 - INFO - EMIT crude_orderflow_signal: PUT BUY ([SIM]) | None
2026-08-13 20:34:20,953 - INFO - EMIT crude_orderflow_signal: PUT BUY ([SIM]) | None
2026-08-13 20:34:22,038 - INFO - EMIT crude_orderflow_signal: PUT BUY ([SIM]) | None
2026-08-13 20:34:23,118 - INFO - EMIT crude_orderflow_signal: PUT BUY ([SIM]) | None
2026-08-13 20:34:24,202 - INFO - EMIT crude_orderflow_signal: PUT BUY ([SIM]) | None
2026-08-13 20:34:25,278 - INFO - EMIT crude_orderflow_signal: PUT BUY ([SIM]) | None
2026-08-13 20:34:26,359 - INFO - EMIT crude_orderflow_signal: PUT BUY ([SIM]) | None
2026-08-13 20:34:27,445 - INFO - EMIT crude_orderflow_signal: PUT BUY ([SIM]) | None
2026-08-13 20:34:28,528 - INFO - EMIT crude_orderflow_signal: PUT BUY ([SIM]) | None
2026-08-13 20:34:29,610 - INFO - EMIT crude_orderflow_signal: PUT BUY ([SIM]) | None
2026-08-13 20:34:30,698 - INFO - EMIT crude_orderflow_signal: PUT BUY ([SIM]) | None
2026-08-13 20:34:31,783 - INFO - EMIT crude_orderflow_signal: PUT BUY ([SIM]) | None
2026-08-13 20:34:32,868 - INFO - EMIT crude_orderflow_signal: PUT BUY ([SIM]) | None
2026-08-13 20:34:33,954 - INFO - EMIT crude_orderflow_signal: PUT BUY ([SIM]) | None
2026-08-13 20:34:35,033 - INFO - EMIT crude_orderflow_signal: PUT BUY ([SIM]) | None
2026-08-13 20:34:36,117 - INFO - EMIT crude_orderflow_signal: PUT BUY ([SIM]) | None
2026-08-13 20:34:37,196 - INFO - EMIT crude_orderflow_signal: PUT BUY ([SIM]) | None
2026-08-13 20:34:38,282 - INFO - EMIT crude_orderflow_signal: PUT BUY ([SIM]) | None
2026-08-13 20:34:39,371 - INFO - EMIT crude_orderflow_signal: PUT BUY ([SIM]) | None
2026-08-13 20:34:40,457 - INFO - EMIT crude_orderflow_signal: PUT BUY ([SIM]) | None
2026-08-13 20:34:41,537 - INFO - EMIT crude_orderflow_signal: PUT BUY ([SIM]) | None
2026-08-13 20:34:42,618 - INFO - EMIT crude_orderflow_signal: PUT BUY ([SIM]) | None
2026-08-13 20:34:43,697 - INFO - EMIT crude_orderflow_signal: PUT BUY ([SIM]) | None
2026-08-13 20:34:44,776 - INFO - EMIT crude_orderflow_signal: PUT BUY ([SIM]) | None
2026-08-13 20:34:45,856 - INFO - EMIT crude_orderflow_signal: PUT BUY ([SIM]) | None
2026-08-13 20:34:46,941 - INFO - EMIT crude_orderflow_signal: PUT BUY ([SIM]) | None
2026-08-13 20:34:48,030 - INFO - EMIT crude_orderflow_signal: PUT BUY ([SIM]) | None
2026-08-13 20:34:49,377 - INFO - EMIT crude_orderflow_signal: PUT BUY ([SIM]) | None
2026-08-13 20:34:50,524 - INFO - EMIT crude_orderflow_signal: PUT BUY ([SIM]) | None
2026-08-13 20:34:51,687 - INFO - EMIT crude_orderflow_signal: PUT BUY ([SIM]) | None
2026-08-13 20:34:52,766 - INFO - EMIT crude_orderflow_signal: PUT BUY ([SIM]) | None
2026-08-13 20:34:53,846 - INFO - EMIT crude_orderflow_signal: PUT BUY ([SIM]) | None
2026-08-13 20:34:54,932 - INFO - EMIT crude_orderflow_signal: PUT BUY ([SIM]) | None
2026-08-13 20:34:56,012 - INFO - EMIT crude_orderflow_signal: PUT BUY ([SIM]) | None
2026-08-13 20:34:56,015 - INFO - EMIT crude_orderflow_signal: NO TRADE | Entry Score 30
2026-08-13 20:34:57,094 - INFO - EMIT crude_orderflow_signal: PUT BUY ([SIM]) | None
2026-08-13 20:34:58,184 - INFO - EMIT crude_orderflow_signal: PUT BUY ([SIM]) | None
2026-08-13 20:34:59,268 - INFO - EMIT crude_orderflow_signal: PUT BUY ([SIM]) | None
2026-08-13 20:35:00,350 - INFO - EMIT crude_orderflow_signal: PUT BUY ([SIM]) | None
2026-08-13 20:35:01,435 - INFO - EMIT crude_orderflow_signal: PUT BUY ([SIM]) | None
2026-08-13 20:35:02,517 - INFO - EMIT crude_orderflow_signal: PUT BUY ([SIM]) | None
2026-08-13 20:35:03,600 - INFO - EMIT crude_orderflow_signal: PUT BUY ([SIM]) | None
2026-08-13 20:35:04,676 - INFO - EMIT crude_orderflow_signal: PUT BUY ([SIM]) | None
2026-08-13 20:35:05,752 - INFO - EMIT crude_orderflow_signal: PUT BUY ([SIM]) | None
2026-08-13 20:35:06,832 - INFO - EMIT crude_orderflow_signal: PUT BUY ([SIM]) | None
2026-08-13 20:35:07,917 - INFO - EMIT crude_orderflow_signal: PUT BUY ([SIM]) | None
2026-08-13 20:35:09,035 - INFO - EMIT crude_orderflow_signal: PUT BUY ([SIM]) | None
2026-08-13 20:35:10,117 - INFO - EMIT crude_orderflow_signal: PUT BUY ([SIM]) | None
2026-08-13 20:35:11,193 - INFO - EMIT crude_orderflow_signal: PUT BUY ([SIM]) | None
2026-08-13 20:35:12,280 - INFO - EMIT crude_orderflow_signal: PUT BUY ([SIM]) | None
2026-08-13 20:35:13,363 - INFO - EMIT crude_orderflow_signal: PUT BUY ([SIM]) | None
2026-08-13 20:35:14,447 - INFO - EMIT crude_orderflow_signal: PUT BUY ([SIM]) | None
2026-08-13 20:35:15,533 - INFO - EMIT crude_orderflow_signal: PUT BUY ([SIM]) | None
2026-08-13 20:35:16,620 - INFO - EMIT crude_orderflow_signal: PUT BUY ([SIM]) | None
2026-08-13 20:35:17,703 - INFO - EMIT crude_orderflow_signal: PUT BUY ([SIM]) | None
2026-08-13 20:35:18,792 - INFO - EMIT crude_orderflow_signal: PUT BUY ([SIM]) | None
2026-08-13 20:35:19,877 - INFO - EMIT crude_orderflow_signal: PUT BUY ([SIM]) | None
2026-08-13 20:35:20,958 - INFO - EMIT crude_orderflow_signal: PUT BUY ([SIM]) | None
2026-08-13 20:35:22,039 - INFO - EMIT crude_orderflow_signal: PUT BUY ([SIM]) | None
2026-08-13 20:35:23,126 - INFO - EMIT crude_orderflow_signal: PUT BUY ([SIM]) | None
2026-08-13 20:35:24,208 - INFO - EMIT crude_orderflow_signal: PUT BUY ([SIM]) | None
2026-08-13 20:35:25,293 - INFO - EMIT crude_orderflow_signal: PUT BUY ([SIM]) | None
2026-08-13 20:35:26,381 - INFO - EMIT crude_orderflow_signal: PUT BUY ([SIM]) | None
2026-08-13 20:35:27,462 - INFO - EMIT crude_orderflow_signal: PUT BUY ([SIM]) | None
2026-08-13 20:35:28,549 - INFO - EMIT crude_orderflow_signal: PUT BUY ([SIM]) | None
2026-08-13 20:35:29,645 - INFO - EMIT crude_orderflow_signal: PUT BUY ([SIM]) | None
2026-08-13 20:35:30,801 - INFO - EMIT crude_orderflow_signal: PUT BUY ([SIM]) | None
2026-08-13 20:35:31,986 - INFO - EMIT crude_orderflow_signal: NO TRADE | Entry Score 55
2026-08-13 20:35:31,987 - INFO - EMIT crude_orderflow_signal: PUT BUY ([SIM]) | None
2026-08-13 20:35:33,064 - INFO - EMIT crude_orderflow_signal: NO TRADE | Entry Score 55
2026-08-13 20:35:33,064 - INFO - EMIT crude_orderflow_signal: PUT BUY ([SIM]) | None
2026-08-13 20:35:34,144 - INFO - EMIT crude_orderflow_signal: NO TRADE | Entry Score 55
2026-08-13 20:35:34,146 - INFO - EMIT crude_orderflow_signal: PUT BUY ([SIM]) | None
2026-08-13 20:35:35,233 - INFO - EMIT crude_orderflow_signal: NO TRADE | Entry Score 55
2026-08-13 20:35:35,234 - INFO - EMIT crude_orderflow_signal: PUT BUY ([SIM]) | None
2026-08-13 20:35:36,312 - INFO - EMIT crude_orderflow_signal: NO TRADE | Entry Score 55
2026-08-13 20:35:36,313 - INFO - EMIT crude_orderflow_signal: PUT BUY ([SIM]) | None
2026-08-13 20:35:37,391 - INFO - EMIT crude_orderflow_signal: NO TRADE | Entry Score 55
2026-08-13 20:35:37,391 - INFO - EMIT crude_orderflow_signal: PUT BUY ([SIM]) | None
2026-08-13 20:35:38,471 - INFO - EMIT crude_orderflow_signal: NO TRADE | Entry Score 55
2026-08-13 20:35:38,471 - INFO - EMIT crude_orderflow_signal: PUT BUY ([SIM]) | None
2026-08-13 20:35:39,551 - INFO - EMIT crude_orderflow_signal: NO TRADE | Entry Score 55
2026-08-13 20:35:39,553 - INFO - EMIT crude_orderflow_signal: PUT BUY ([SIM]) | None
2026-08-13 20:35:40,628 - INFO - EMIT crude_orderflow_signal: NO TRADE | Entry Score 55
2026-08-13 20:35:40,630 - INFO - EMIT crude_orderflow_signal: PUT BUY ([SIM]) | None
2026-08-13 20:35:41,707 - INFO - EMIT crude_orderflow_signal: NO TRADE | Entry Score 55
2026-08-13 20:35:41,708 - INFO - EMIT crude_orderflow_signal: PUT BUY ([SIM]) | None
2026-08-13 20:35:42,792 - INFO - EMIT crude_orderflow_signal: NO TRADE | Entry Score 55
2026-08-13 20:35:42,792 - INFO - EMIT crude_orderflow_signal: PUT BUY ([SIM]) | None
2026-08-13 20:35:43,875 - INFO - EMIT crude_orderflow_signal: NO TRADE | Entry Score 55
2026-08-13 20:35:43,876 - INFO - EMIT crude_orderflow_signal: PUT BUY ([SIM]) | None
2026-08-13 20:35:44,955 - INFO - EMIT crude_orderflow_signal: NO TRADE | Entry Score 55
2026-08-13 20:35:44,955 - INFO - EMIT crude_orderflow_signal: PUT BUY ([SIM]) | None
2026-08-13 20:35:46,050 - INFO - EMIT crude_orderflow_signal: NO TRADE | Entry Score 55
2026-08-13 20:35:46,050 - INFO - EMIT crude_orderflow_signal: PUT BUY ([SIM]) | None
2026-08-13 20:35:47,131 - INFO - EMIT crude_orderflow_signal: NO TRADE | Entry Score 55
2026-08-13 20:35:47,132 - INFO - EMIT crude_orderflow_signal: PUT BUY ([SIM]) | None
2026-08-13 20:35:48,214 - INFO - EMIT crude_orderflow_signal: NO TRADE | Entry Score 55
2026-08-13 20:35:48,214 - INFO - EMIT crude_orderflow_signal: PUT BUY ([SIM]) | None
2026-08-13 20:35:49,295 - INFO - EMIT crude_orderflow_signal: NO TRADE | Entry Score 55
2026-08-13 20:35:49,296 - INFO - EMIT crude_orderflow_signal: PUT BUY ([SIM]) | None
2026-08-13 20:35:50,378 - INFO - EMIT crude_orderflow_signal: NO TRADE | Entry Score 55
2026-08-13 20:35:50,378 - INFO - EMIT crude_orderflow_signal: PUT BUY ([SIM]) | None
2026-08-13 20:35:51,457 - INFO - EMIT crude_orderflow_signal: NO TRADE | Entry Score 55
2026-08-13 20:35:51,457 - INFO - EMIT crude_orderflow_signal: PUT BUY ([SIM]) | None
2026-08-13 20:35:52,535 - INFO - EMIT crude_orderflow_signal: NO TRADE | Entry Score 55
2026-08-13 20:35:52,538 - INFO - EMIT crude_orderflow_signal: PUT BUY ([SIM]) | None
2026-08-13 20:35:53,617 - INFO - EMIT crude_orderflow_signal: NO TRADE | Entry Score 55
2026-08-13 20:35:53,617 - INFO - EMIT crude_orderflow_signal: PUT BUY ([SIM]) | None
2026-08-13 20:35:54,701 - INFO - EMIT crude_orderflow_signal: NO TRADE | Entry Score 55
2026-08-13 20:35:54,701 - INFO - EMIT crude_orderflow_signal: PUT BUY ([SIM]) | None
2026-08-13 20:35:55,775 - INFO - EMIT crude_orderflow_signal: NO TRADE | Entry Score 55
2026-08-13 20:35:55,776 - INFO - EMIT crude_orderflow_signal: PUT BUY ([SIM]) | None
2026-08-13 20:35:55,962 - INFO - EMIT crude_orderflow_signal: NO TRADE | Entry Score 55
2026-08-13 20:35:56,867 - INFO - EMIT crude_orderflow_signal: NO TRADE | Entry Score 55
2026-08-13 20:35:56,867 - INFO - EMIT crude_orderflow_signal: PUT BUY ([SIM]) | None
2026-08-13 20:35:57,948 - INFO - EMIT crude_orderflow_signal: NO TRADE | Entry Score 55
2026-08-13 20:35:57,949 - INFO - EMIT crude_orderflow_signal: PUT BUY ([SIM]) | None
2026-08-13 20:35:59,026 - INFO - EMIT crude_orderflow_signal: NO TRADE | Entry Score 55
2026-08-13 20:35:59,027 - INFO - EMIT crude_orderflow_signal: PUT BUY ([SIM]) | None
2026-08-13 20:36:00,109 - INFO - EMIT crude_orderflow_signal: NO TRADE | Entry Score 55
2026-08-13 20:36:00,109 - INFO - EMIT crude_orderflow_signal: PUT BUY ([SIM]) | None
2026-08-13 20:36:01,199 - INFO - EMIT crude_orderflow_signal: NO TRADE | Entry Score 55
2026-08-13 20:36:01,202 - INFO - EMIT crude_orderflow_signal: PUT BUY ([SIM]) | None
2026-08-13 20:36:02,290 - INFO - EMIT crude_orderflow_signal: NO TRADE | Entry Score 55
2026-08-13 20:36:02,290 - INFO - EMIT crude_orderflow_signal: PUT BUY ([SIM]) | None
2026-08-13 20:36:03,372 - INFO - EMIT crude_orderflow_signal: NO TRADE | Entry Score 55
2026-08-13 20:36:03,372 - INFO - EMIT crude_orderflow_signal: PUT BUY ([SIM]) | None
2026-08-13 20:36:04,460 - INFO - EMIT crude_orderflow_signal: NO TRADE | Entry Score 55
2026-08-13 20:36:04,460 - INFO - EMIT crude_orderflow_signal: PUT BUY ([SIM]) | None
2026-08-13 20:36:05,540 - INFO - EMIT crude_orderflow_signal: NO TRADE | Entry Score 55
2026-08-13 20:36:05,541 - INFO - EMIT crude_orderflow_signal: PUT BUY ([SIM]) | None
2026-08-13 20:36:06,622 - INFO - EMIT crude_orderflow_signal: NO TRADE | Entry Score 55
2026-08-13 20:36:06,622 - INFO - EMIT crude_orderflow_signal: PUT BUY ([SIM]) | None
2026-08-13 20:36:07,699 - INFO - EMIT crude_orderflow_signal: NO TRADE | Entry Score 55
2026-08-13 20:36:07,699 - INFO - EMIT crude_orderflow_signal: PUT BUY ([SIM]) | None
2026-08-13 20:36:08,778 - INFO - EMIT crude_orderflow_signal: NO TRADE | Entry Score 55
2026-08-13 20:36:08,778 - INFO - EMIT crude_orderflow_signal: PUT BUY ([SIM]) | None
2026-08-13 20:36:09,856 - INFO - EMIT crude_orderflow_signal: NO TRADE | Entry Score 55
2026-08-13 20:36:09,858 - INFO - EMIT crude_orderflow_signal: PUT BUY ([SIM]) | None
2026-08-13 20:36:10,936 - INFO - EMIT crude_orderflow_signal: NO TRADE | Entry Score 55
2026-08-13 20:36:10,936 - INFO - EMIT crude_orderflow_signal: PUT BUY ([SIM]) | None
2026-08-13 20:36:12,018 - INFO - EMIT crude_orderflow_signal: NO TRADE | Entry Score 55
2026-08-13 20:36:12,019 - INFO - EMIT crude_orderflow_signal: PUT BUY ([SIM]) | None
2026-08-13 20:36:13,102 - INFO - EMIT crude_orderflow_signal: NO TRADE | Entry Score 55
2026-08-13 20:36:13,102 - INFO - EMIT crude_orderflow_signal: PUT BUY ([SIM]) | None
2026-08-13 20:36:14,186 - INFO - EMIT crude_orderflow_signal: NO TRADE | Entry Score 55
2026-08-13 20:36:14,186 - INFO - EMIT crude_orderflow_signal: PUT BUY ([SIM]) | None
2026-08-13 20:36:15,264 - INFO - EMIT crude_orderflow_signal: NO TRADE | Entry Score 55
2026-08-13 20:36:15,264 - INFO - EMIT crude_orderflow_signal: PUT BUY ([SIM]) | None
2026-08-13 20:36:16,349 - INFO - EMIT crude_orderflow_signal: NO TRADE | Entry Score 55
2026-08-13 20:36:16,349 - INFO - EMIT crude_orderflow_signal: PUT BUY ([SIM]) | None
2026-08-13 20:36:17,430 - INFO - EMIT crude_orderflow_signal: NO TRADE | Entry Score 55
2026-08-13 20:36:17,431 - INFO - EMIT crude_orderflow_signal: PUT BUY ([SIM]) | None
2026-08-13 20:36:18,510 - INFO - EMIT crude_orderflow_signal: NO TRADE | Entry Score 55
2026-08-13 20:36:18,510 - INFO - EMIT crude_orderflow_signal: PUT BUY ([SIM]) | None
2026-08-13 20:36:19,589 - INFO - EMIT crude_orderflow_signal: NO TRADE | Entry Score 55
2026-08-13 20:36:19,590 - INFO - EMIT crude_orderflow_signal: PUT BUY ([SIM]) | None
2026-08-13 20:36:20,673 - INFO - EMIT crude_orderflow_signal: NO TRADE | Entry Score 55
2026-08-13 20:36:20,673 - INFO - EMIT crude_orderflow_signal: PUT BUY ([SIM]) | None
2026-08-13 20:36:21,752 - INFO - EMIT crude_orderflow_signal: NO TRADE | Entry Score 55
2026-08-13 20:36:21,752 - INFO - EMIT crude_orderflow_signal: PUT BUY ([SIM]) | None
2026-08-13 20:36:22,830 - INFO - EMIT crude_orderflow_signal: NO TRADE | Entry Score 55
2026-08-13 20:36:22,830 - INFO - EMIT crude_orderflow_signal: PUT BUY ([SIM]) | None
2026-08-13 20:36:23,915 - INFO - EMIT crude_orderflow_signal: NO TRADE | Entry Score 55
2026-08-13 20:36:23,915 - INFO - EMIT crude_orderflow_signal: PUT BUY ([SIM]) | None
2026-08-13 20:36:24,992 - INFO - EMIT crude_orderflow_signal: NO TRADE | Entry Score 55
2026-08-13 20:36:24,992 - INFO - EMIT crude_orderflow_signal: PUT BUY ([SIM]) | None
2026-08-13 20:36:26,066 - INFO - EMIT crude_orderflow_signal: NO TRADE | Entry Score 55
2026-08-13 20:36:26,067 - INFO - EMIT crude_orderflow_signal: PUT BUY ([SIM]) | None
2026-08-13 20:36:27,147 - INFO - EMIT crude_orderflow_signal: NO TRADE | Entry Score 55
2026-08-13 20:36:27,147 - INFO - EMIT crude_orderflow_signal: PUT BUY ([SIM]) | None
2026-08-13 20:36:28,229 - INFO - EMIT crude_orderflow_signal: NO TRADE | Entry Score 55
2026-08-13 20:36:28,229 - INFO - EMIT crude_orderflow_signal: PUT BUY ([SIM]) | None
2026-08-13 20:36:29,307 - INFO - EMIT crude_orderflow_signal: NO TRADE | Entry Score 55
2026-08-13 20:36:29,307 - INFO - EMIT crude_orderflow_signal: PUT BUY ([SIM]) | None
2026-08-13 20:36:30,389 - INFO - EMIT crude_orderflow_signal: NO TRADE | Entry Score 55
2026-08-13 20:36:30,389 - INFO - EMIT crude_orderflow_signal: PUT BUY ([SIM]) | None
2026-08-13 20:36:31,467 - INFO - EMIT crude_orderflow_signal: NO TRADE | Entry Score 55
2026-08-13 20:36:31,469 - INFO - EMIT crude_orderflow_signal: PUT BUY ([SIM]) | None
2026-08-13 20:36:32,546 - INFO - EMIT crude_orderflow_signal: NO TRADE | Entry Score 55
2026-08-13 20:36:32,546 - INFO - EMIT crude_orderflow_signal: PUT BUY ([SIM]) | None
2026-08-13 20:36:33,629 - INFO - EMIT crude_orderflow_signal: NO TRADE | Entry Score 55
2026-08-13 20:36:33,629 - INFO - EMIT crude_orderflow_signal: PUT BUY ([SIM]) | None
2026-08-13 20:36:34,707 - INFO - EMIT crude_orderflow_signal: NO TRADE | Entry Score 55
2026-08-13 20:36:34,707 - INFO - EMIT crude_orderflow_signal: PUT BUY ([SIM]) | None
2026-08-13 20:36:35,789 - INFO - EMIT crude_orderflow_signal: NO TRADE | Entry Score 55
2026-08-13 20:36:35,790 - INFO - EMIT crude_orderflow_signal: PUT BUY ([SIM]) | None
2026-08-13 20:36:36,865 - INFO - EMIT crude_orderflow_signal: NO TRADE | Entry Score 55
2026-08-13 20:36:36,866 - INFO - EMIT crude_orderflow_signal: PUT BUY ([SIM]) | None
2026-08-13 20:36:37,948 - INFO - EMIT crude_orderflow_signal: NO TRADE | Entry Score 55
2026-08-13 20:36:37,948 - INFO - EMIT crude_orderflow_signal: PUT BUY ([SIM]) | None
2026-08-13 20:36:39,030 - INFO - EMIT crude_orderflow_signal: NO TRADE | Entry Score 55
2026-08-13 20:36:39,030 - INFO - EMIT crude_orderflow_signal: PUT BUY ([SIM]) | None
2026-08-13 20:36:40,110 - INFO - EMIT crude_orderflow_signal: NO TRADE | Entry Score 55
2026-08-13 20:36:40,110 - INFO - EMIT crude_orderflow_signal: PUT BUY ([SIM]) | None
2026-08-13 20:36:41,203 - INFO - EMIT crude_orderflow_signal: NO TRADE | Entry Score 55
2026-08-13 20:36:41,203 - INFO - EMIT crude_orderflow_signal: PUT BUY ([SIM]) | None
2026-08-13 20:36:42,283 - INFO - EMIT crude_orderflow_signal: NO TRADE | Entry Score 55
2026-08-13 20:36:42,283 - INFO - EMIT crude_orderflow_signal: PUT BUY ([SIM]) | None
2026-08-13 20:36:43,368 - INFO - EMIT crude_orderflow_signal: NO TRADE | Entry Score 55
2026-08-13 20:36:43,368 - INFO - EMIT crude_orderflow_signal: PUT BUY ([SIM]) | None
2026-08-13 20:36:44,446 - INFO - EMIT crude_orderflow_signal: NO TRADE | Entry Score 55
2026-08-13 20:36:44,447 - INFO - EMIT crude_orderflow_signal: PUT BUY ([SIM]) | None
2026-08-13 20:36:45,526 - INFO - EMIT crude_orderflow_signal: NO TRADE | Entry Score 55
2026-08-13 20:36:45,527 - INFO - EMIT crude_orderflow_signal: PUT BUY ([SIM]) | None
2026-08-13 20:36:46,608 - INFO - EMIT crude_orderflow_signal: NO TRADE | Entry Score 55
2026-08-13 20:36:46,609 - INFO - EMIT crude_orderflow_signal: PUT BUY ([SIM]) | None
2026-08-13 20:36:47,694 - INFO - EMIT crude_orderflow_signal: NO TRADE | Entry Score 55
2026-08-13 20:36:47,696 - INFO - EMIT crude_orderflow_signal: PUT BUY ([SIM]) | None
2026-08-13 20:36:48,776 - INFO - EMIT crude_orderflow_signal: NO TRADE | Entry Score 55
2026-08-13 20:36:48,776 - INFO - EMIT crude_orderflow_signal: PUT BUY ([SIM]) | None
2026-08-13 20:36:50,078 - INFO - EMIT crude_orderflow_signal: NO TRADE | Entry Score 55
2026-08-13 20:36:50,078 - INFO - EMIT crude_orderflow_signal: PUT BUY ([SIM]) | None
2026-08-13 20:36:51,160 - INFO - EMIT crude_orderflow_signal: NO TRADE | Entry Score 55
2026-08-13 20:36:51,160 - INFO - EMIT crude_orderflow_signal: PUT BUY ([SIM]) | None
2026-08-13 20:36:52,240 - INFO - EMIT crude_orderflow_signal: NO TRADE | Entry Score 55
2026-08-13 20:36:52,242 - INFO - EMIT crude_orderflow_signal: PUT BUY ([SIM]) | None
2026-08-13 20:36:53,318 - INFO - EMIT crude_orderflow_signal: NO TRADE | Entry Score 55
2026-08-13 20:36:53,319 - INFO - EMIT crude_orderflow_signal: PUT BUY ([SIM]) | None
2026-08-13 20:36:54,401 - INFO - EMIT crude_orderflow_signal: NO TRADE | Entry Score 55
2026-08-13 20:36:54,402 - INFO - EMIT crude_orderflow_signal: PUT BUY ([SIM]) | None
2026-08-13 20:36:55,480 - INFO - EMIT crude_orderflow_signal: NO TRADE | Entry Score 55
2026-08-13 20:36:55,483 - INFO - EMIT crude_orderflow_signal: PUT BUY ([SIM]) | None
2026-08-13 20:36:55,959 - INFO - EMIT crude_orderflow_signal: NO TRADE | Entry Score 55
2026-08-13 20:36:56,565 - INFO - EMIT crude_orderflow_signal: NO TRADE | Entry Score 55
2026-08-13 20:36:56,566 - INFO - EMIT crude_orderflow_signal: PUT BUY ([SIM]) | None
2026-08-13 20:36:57,646 - INFO - EMIT crude_orderflow_signal: NO TRADE | Entry Score 55
2026-08-13 20:36:57,646 - INFO - EMIT crude_orderflow_signal: PUT BUY ([SIM]) | None
2026-08-13 20:36:58,724 - INFO - EMIT crude_orderflow_signal: NO TRADE | Entry Score 55
2026-08-13 20:36:58,725 - INFO - EMIT crude_orderflow_signal: PUT BUY ([SIM]) | None
2026-08-13 20:36:59,809 - INFO - EMIT crude_orderflow_signal: NO TRADE | Entry Score 55
2026-08-13 20:36:59,812 - INFO - EMIT crude_orderflow_signal: PUT BUY ([SIM]) | None
2026-08-13 20:37:00,889 - INFO - EMIT crude_orderflow_signal: NO TRADE | Entry Score 55
2026-08-13 20:37:00,891 - INFO - EMIT crude_orderflow_signal: PUT BUY ([SIM]) | None
2026-08-13 20:37:02,000 - INFO - EMIT crude_orderflow_signal: NO TRADE | Entry Score 55
2026-08-13 20:37:02,001 - INFO - EMIT crude_orderflow_signal: PUT BUY ([SIM]) | None
2026-08-13 20:37:03,081 - INFO - EMIT crude_orderflow_signal: NO TRADE | Entry Score 55
2026-08-13 20:37:03,082 - INFO - EMIT crude_orderflow_signal: PUT BUY ([SIM]) | None
2026-08-13 20:37:04,156 - INFO - EMIT crude_orderflow_signal: NO TRADE | Entry Score 55
2026-08-13 20:37:04,156 - INFO - EMIT crude_orderflow_signal: PUT BUY ([SIM]) | None
2026-08-13 20:37:05,232 - INFO - EMIT crude_orderflow_signal: NO TRADE | Entry Score 55
2026-08-13 20:37:05,232 - INFO - EMIT crude_orderflow_signal: PUT BUY ([SIM]) | None
2026-08-13 20:37:06,309 - INFO - EMIT crude_orderflow_signal: NO TRADE | Entry Score 55
2026-08-13 20:37:06,309 - INFO - EMIT crude_orderflow_signal: PUT BUY ([SIM]) | None
2026-08-13 20:37:07,387 - INFO - EMIT crude_orderflow_signal: NO TRADE | Entry Score 55
2026-08-13 20:37:07,387 - INFO - EMIT crude_orderflow_signal: PUT BUY ([SIM]) | None
2026-08-13 20:37:08,468 - INFO - EMIT crude_orderflow_signal: NO TRADE | Entry Score 55
2026-08-13 20:37:08,468 - INFO - EMIT crude_orderflow_signal: PUT BUY ([SIM]) | None
2026-08-13 20:37:09,546 - INFO - EMIT crude_orderflow_signal: NO TRADE | Entry Score 55
2026-08-13 20:37:09,546 - INFO - EMIT crude_orderflow_signal: PUT BUY ([SIM]) | None
2026-08-13 20:37:10,626 - INFO - EMIT crude_orderflow_signal: NO TRADE | Entry Score 55
2026-08-13 20:37:10,626 - INFO - EMIT crude_orderflow_signal: PUT BUY ([SIM]) | None
2026-08-13 20:37:11,702 - INFO - EMIT crude_orderflow_signal: NO TRADE | Entry Score 55
2026-08-13 20:37:11,702 - INFO - EMIT crude_orderflow_signal: PUT BUY ([SIM]) | None
2026-08-13 20:37:12,779 - INFO - EMIT crude_orderflow_signal: NO TRADE | Entry Score 55
2026-08-13 20:37:12,779 - INFO - EMIT crude_orderflow_signal: PUT BUY ([SIM]) | None
2026-08-13 20:37:13,858 - INFO - EMIT crude_orderflow_signal: NO TRADE | Entry Score 55
2026-08-13 20:37:13,858 - INFO - EMIT crude_orderflow_signal: PUT BUY ([SIM]) | None
2026-08-13 20:37:14,936 - INFO - EMIT crude_orderflow_signal: NO TRADE | Entry Score 55
2026-08-13 20:37:14,936 - INFO - EMIT crude_orderflow_signal: PUT BUY ([SIM]) | None
2026-08-13 20:37:16,017 - INFO - EMIT crude_orderflow_signal: NO TRADE | Entry Score 55
2026-08-13 20:37:16,017 - INFO - EMIT crude_orderflow_signal: PUT BUY ([SIM]) | None
2026-08-13 20:37:17,096 - INFO - EMIT crude_orderflow_signal: NO TRADE | Entry Score 55
2026-08-13 20:37:17,096 - INFO - EMIT crude_orderflow_signal: PUT BUY ([SIM]) | None
2026-08-13 20:37:18,191 - INFO - EMIT crude_orderflow_signal: NO TRADE | Entry Score 55
2026-08-13 20:37:18,191 - INFO - EMIT crude_orderflow_signal: PUT BUY ([SIM]) | None
2026-08-13 20:37:19,271 - INFO - EMIT crude_orderflow_signal: NO TRADE | Entry Score 55
2026-08-13 20:37:19,271 - INFO - EMIT crude_orderflow_signal: PUT BUY ([SIM]) | None
2026-08-13 20:37:20,348 - INFO - EMIT crude_orderflow_signal: NO TRADE | Entry Score 55
2026-08-13 20:37:20,348 - INFO - EMIT crude_orderflow_signal: PUT BUY ([SIM]) | None
2026-08-13 20:37:21,436 - INFO - EMIT crude_orderflow_signal: NO TRADE | Entry Score 55
2026-08-13 20:37:21,436 - INFO - EMIT crude_orderflow_signal: PUT BUY ([SIM]) | None
2026-08-13 20:37:22,511 - INFO - EMIT crude_orderflow_signal: NO TRADE | Entry Score 55
2026-08-13 20:37:22,514 - INFO - EMIT crude_orderflow_signal: PUT BUY ([SIM]) | None
2026-08-13 20:37:23,589 - INFO - EMIT crude_orderflow_signal: NO TRADE | Entry Score 55
2026-08-13 20:37:23,589 - INFO - EMIT crude_orderflow_signal: PUT BUY ([SIM]) | None
2026-08-13 20:37:24,668 - INFO - EMIT crude_orderflow_signal: NO TRADE | Entry Score 55
2026-08-13 20:37:24,668 - INFO - EMIT crude_orderflow_signal: PUT BUY ([SIM]) | None
2026-08-13 20:37:25,751 - INFO - EMIT crude_orderflow_signal: NO TRADE | Entry Score 55
2026-08-13 20:37:25,751 - INFO - EMIT crude_orderflow_signal: PUT BUY ([SIM]) | None
2026-08-13 20:37:26,834 - INFO - EMIT crude_orderflow_signal: NO TRADE | Entry Score 55
2026-08-13 20:37:26,834 - INFO - EMIT crude_orderflow_signal: PUT BUY ([SIM]) | None
2026-08-13 20:37:27,911 - INFO - EMIT crude_orderflow_signal: NO TRADE | Entry Score 55
2026-08-13 20:37:27,914 - INFO - EMIT crude_orderflow_signal: PUT BUY ([SIM]) | None
2026-08-13 20:37:28,992 - INFO - EMIT crude_orderflow_signal: NO TRADE | Entry Score 55
2026-08-13 20:37:28,992 - INFO - EMIT crude_orderflow_signal: PUT BUY ([SIM]) | None
2026-08-13 20:37:30,068 - INFO - EMIT crude_orderflow_signal: NO TRADE | Entry Score 55
2026-08-13 20:37:30,068 - INFO - EMIT crude_orderflow_signal: PUT BUY ([SIM]) | None
2026-08-13 20:37:31,157 - INFO - EMIT crude_orderflow_signal: NO TRADE | Entry Score 55
2026-08-13 20:37:31,157 - INFO - EMIT crude_orderflow_signal: PUT BUY ([SIM]) | None
2026-08-13 20:37:32,239 - INFO - EMIT crude_orderflow_signal: NO TRADE | Entry Score 55
2026-08-13 20:37:32,240 - INFO - EMIT crude_orderflow_signal: PUT BUY ([SIM]) | None
2026-08-13 20:37:33,313 - INFO - EMIT crude_orderflow_signal: NO TRADE | Entry Score 55
2026-08-13 20:37:33,313 - INFO - EMIT crude_orderflow_signal: PUT BUY ([SIM]) | None
2026-08-13 20:37:34,388 - INFO - EMIT crude_orderflow_signal: NO TRADE | Entry Score 55
2026-08-13 20:37:34,391 - INFO - EMIT crude_orderflow_signal: PUT BUY ([SIM]) | None
2026-08-13 20:37:35,467 - INFO - EMIT crude_orderflow_signal: NO TRADE | Entry Score 55
2026-08-13 20:37:35,467 - INFO - EMIT crude_orderflow_signal: PUT BUY ([SIM]) | None
2026-08-13 20:37:36,548 - INFO - EMIT crude_orderflow_signal: NO TRADE | Entry Score 55
2026-08-13 20:37:36,551 - INFO - EMIT crude_orderflow_signal: PUT BUY ([SIM]) | None
2026-08-13 20:37:37,626 - INFO - EMIT crude_orderflow_signal: NO TRADE | Entry Score 55
2026-08-13 20:37:37,626 - INFO - EMIT crude_orderflow_signal: PUT BUY ([SIM]) | None
2026-08-13 20:37:38,705 - INFO - EMIT crude_orderflow_signal: NO TRADE | Entry Score 55
2026-08-13 20:37:38,705 - INFO - EMIT crude_orderflow_signal: PUT BUY ([SIM]) | None
2026-08-13 20:37:39,785 - INFO - EMIT crude_orderflow_signal: NO TRADE | Entry Score 55
2026-08-13 20:37:39,785 - INFO - EMIT crude_orderflow_signal: PUT BUY ([SIM]) | None
2026-08-13 20:37:40,865 - INFO - EMIT crude_orderflow_signal: NO TRADE | Entry Score 55
2026-08-13 20:37:40,865 - INFO - EMIT crude_orderflow_signal: PUT BUY ([SIM]) | None
2026-08-13 20:37:41,945 - INFO - EMIT crude_orderflow_signal: NO TRADE | Entry Score 55
2026-08-13 20:37:41,946 - INFO - EMIT crude_orderflow_signal: PUT BUY ([SIM]) | None
2026-08-13 20:37:43,024 - INFO - EMIT crude_orderflow_signal: NO TRADE | Entry Score 55
2026-08-13 20:37:43,025 - INFO - EMIT crude_orderflow_signal: PUT BUY ([SIM]) | None
2026-08-13 20:37:44,100 - INFO - EMIT crude_orderflow_signal: NO TRADE | Entry Score 55
2026-08-13 20:37:44,102 - INFO - EMIT crude_orderflow_signal: PUT BUY ([SIM]) | None
2026-08-13 20:37:45,202 - INFO - EMIT crude_orderflow_signal: NO TRADE | Entry Score 55
2026-08-13 20:37:45,202 - INFO - EMIT crude_orderflow_signal: PUT BUY ([SIM]) | None
2026-08-13 20:37:46,282 - INFO - EMIT crude_orderflow_signal: NO TRADE | Entry Score 55
2026-08-13 20:37:46,282 - INFO - EMIT crude_orderflow_signal: PUT BUY ([SIM]) | None
2026-08-13 20:37:47,367 - INFO - EMIT crude_orderflow_signal: NO TRADE | Entry Score 55
2026-08-13 20:37:47,367 - INFO - EMIT crude_orderflow_signal: PUT BUY ([SIM]) | None
2026-08-13 20:37:48,444 - INFO - EMIT crude_orderflow_signal: NO TRADE | Entry Score 55
2026-08-13 20:37:48,445 - INFO - EMIT crude_orderflow_signal: PUT BUY ([SIM]) | None
2026-08-13 20:37:49,523 - INFO - EMIT crude_orderflow_signal: NO TRADE | Entry Score 55
2026-08-13 20:37:49,523 - INFO - EMIT crude_orderflow_signal: PUT BUY ([SIM]) | None
2026-08-13 20:37:50,605 - INFO - EMIT crude_orderflow_signal: NO TRADE | Entry Score 55
2026-08-13 20:37:50,605 - INFO - EMIT crude_orderflow_signal: PUT BUY ([SIM]) | None
2026-08-13 20:37:51,684 - INFO - EMIT crude_orderflow_signal: NO TRADE | Entry Score 55
2026-08-13 20:37:51,685 - INFO - EMIT crude_orderflow_signal: PUT BUY ([SIM]) | None
2026-08-13 20:37:52,777 - INFO - EMIT crude_orderflow_signal: NO TRADE | Entry Score 55
2026-08-13 20:37:52,780 - INFO - EMIT crude_orderflow_signal: PUT BUY ([SIM]) | None
2026-08-13 20:37:53,866 - INFO - EMIT crude_orderflow_signal: NO TRADE | Entry Score 55
2026-08-13 20:37:53,866 - INFO - EMIT crude_orderflow_signal: PUT BUY ([SIM]) | None
2026-08-13 20:37:54,948 - INFO - EMIT crude_orderflow_signal: NO TRADE | Entry Score 55
2026-08-13 20:37:54,948 - INFO - EMIT crude_orderflow_signal: PUT BUY ([SIM]) | None
2026-08-13 20:37:56,039 - INFO - EMIT crude_orderflow_signal: NO TRADE | Entry Score 55
2026-08-13 20:37:56,039 - INFO - EMIT crude_orderflow_signal: PUT BUY ([SIM]) | None
2026-08-13 20:37:56,039 - INFO - EMIT crude_orderflow_signal: NO TRADE | Entry Score 55
2026-08-13 20:37:57,118 - INFO - EMIT crude_orderflow_signal: NO TRADE | Entry Score 55
2026-08-13 20:37:57,118 - INFO - EMIT crude_orderflow_signal: PUT BUY ([SIM]) | None
2026-08-13 20:37:58,195 - INFO - EMIT crude_orderflow_signal: NO TRADE | Entry Score 55
2026-08-13 20:37:58,195 - INFO - EMIT crude_orderflow_signal: PUT BUY ([SIM]) | None
2026-08-13 20:37:59,277 - INFO - EMIT crude_orderflow_signal: NO TRADE | Entry Score 55
2026-08-13 20:37:59,277 - INFO - EMIT crude_orderflow_signal: PUT BUY ([SIM]) | None
2026-08-13 20:38:00,370 - INFO - EMIT crude_orderflow_signal: NO TRADE | Entry Score 55
2026-08-13 20:38:00,370 - INFO - EMIT crude_orderflow_signal: PUT BUY ([SIM]) | None
2026-08-13 20:38:01,450 - INFO - EMIT crude_orderflow_signal: NO TRADE | Entry Score 55
2026-08-13 20:38:01,450 - INFO - EMIT crude_orderflow_signal: PUT BUY ([SIM]) | None
2026-08-13 20:38:02,527 - INFO - EMIT crude_orderflow_signal: NO TRADE | Entry Score 55
2026-08-13 20:38:02,527 - INFO - EMIT crude_orderflow_signal: PUT BUY ([SIM]) | None
2026-08-13 20:38:03,609 - INFO - EMIT crude_orderflow_signal: NO TRADE | Entry Score 55
2026-08-13 20:38:03,609 - INFO - EMIT crude_orderflow_signal: PUT BUY ([SIM]) | None
2026-08-13 20:38:04,691 - INFO - EMIT crude_orderflow_signal: NO TRADE | Entry Score 55
2026-08-13 20:38:04,691 - INFO - EMIT crude_orderflow_signal: PUT BUY ([SIM]) | None
2026-08-13 20:38:05,771 - INFO - EMIT crude_orderflow_signal: NO TRADE | Entry Score 55
2026-08-13 20:38:05,771 - INFO - EMIT crude_orderflow_signal: PUT BUY ([SIM]) | None
2026-08-13 20:38:06,849 - INFO - EMIT crude_orderflow_signal: NO TRADE | Entry Score 55
2026-08-13 20:38:06,849 - INFO - EMIT crude_orderflow_signal: PUT BUY ([SIM]) | None
2026-08-13 20:38:07,927 - INFO - EMIT crude_orderflow_signal: NO TRADE | Entry Score 55
2026-08-13 20:38:07,928 - INFO - EMIT crude_orderflow_signal: PUT BUY ([SIM]) | None
2026-08-13 20:38:09,007 - INFO - EMIT crude_orderflow_signal: NO TRADE | Entry Score 55
2026-08-13 20:38:09,007 - INFO - EMIT crude_orderflow_signal: PUT BUY ([SIM]) | None
2026-08-13 20:38:10,080 - INFO - EMIT crude_orderflow_signal: NO TRADE | Entry Score 55
2026-08-13 20:38:10,082 - INFO - EMIT crude_orderflow_signal: PUT BUY ([SIM]) | None
2026-08-13 20:38:11,157 - INFO - EMIT crude_orderflow_signal: NO TRADE | Entry Score 55
2026-08-13 20:38:11,157 - INFO - EMIT crude_orderflow_signal: PUT BUY ([SIM]) | None
2026-08-13 20:38:12,236 - INFO - EMIT crude_orderflow_signal: NO TRADE | Entry Score 55
2026-08-13 20:38:12,236 - INFO - EMIT crude_orderflow_signal: PUT BUY ([SIM]) | None
2026-08-13 20:38:13,327 - INFO - EMIT crude_orderflow_signal: NO TRADE | Entry Score 55
2026-08-13 20:38:13,329 - INFO - EMIT crude_orderflow_signal: PUT BUY ([SIM]) | None
2026-08-13 20:38:14,470 - INFO - EMIT crude_orderflow_signal: NO TRADE | Entry Score 55
2026-08-13 20:38:14,470 - INFO - EMIT crude_orderflow_signal: PUT BUY ([SIM]) | None
2026-08-13 20:38:15,564 - INFO - EMIT crude_orderflow_signal: NO TRADE | Entry Score 55
2026-08-13 20:38:15,564 - INFO - EMIT crude_orderflow_signal: PUT BUY ([SIM]) | None
2026-08-13 20:38:16,646 - INFO - EMIT crude_orderflow_signal: NO TRADE | Entry Score 55
2026-08-13 20:38:16,646 - INFO - EMIT crude_orderflow_signal: PUT BUY ([SIM]) | None
2026-08-13 20:38:17,758 - INFO - EMIT crude_orderflow_signal: NO TRADE | Entry Score 55
2026-08-13 20:38:17,758 - INFO - EMIT crude_orderflow_signal: PUT BUY ([SIM]) | None
2026-08-13 20:38:18,837 - INFO - EMIT crude_orderflow_signal: NO TRADE | Entry Score 55
2026-08-13 20:38:18,837 - INFO - EMIT crude_orderflow_signal: PUT BUY ([SIM]) | None
2026-08-13 20:38:19,917 - INFO - EMIT crude_orderflow_signal: NO TRADE | Entry Score 55
2026-08-13 20:38:19,917 - INFO - EMIT crude_orderflow_signal: PUT BUY ([SIM]) | None
2026-08-13 20:38:20,992 - INFO - EMIT crude_orderflow_signal: NO TRADE | Entry Score 55
2026-08-13 20:38:20,994 - INFO - EMIT crude_orderflow_signal: PUT BUY ([SIM]) | None
2026-08-13 20:38:22,074 - INFO - EMIT crude_orderflow_signal: NO TRADE | Entry Score 55
2026-08-13 20:38:22,074 - INFO - EMIT crude_orderflow_signal: PUT BUY ([SIM]) | None
2026-08-13 20:38:23,156 - INFO - EMIT crude_orderflow_signal: NO TRADE | Entry Score 55
2026-08-13 20:38:23,156 - INFO - EMIT crude_orderflow_signal: PUT BUY ([SIM]) | None
2026-08-13 20:38:24,231 - INFO - EMIT crude_orderflow_signal: NO TRADE | Entry Score 55
2026-08-13 20:38:24,234 - INFO - EMIT crude_orderflow_signal: PUT BUY ([SIM]) | None
2026-08-13 20:38:25,314 - INFO - EMIT crude_orderflow_signal: NO TRADE | Entry Score 55
2026-08-13 20:38:25,314 - INFO - EMIT crude_orderflow_signal: PUT BUY ([SIM]) | None
2026-08-13 20:38:26,389 - INFO - EMIT crude_orderflow_signal: NO TRADE | Entry Score 55
2026-08-13 20:38:26,389 - INFO - EMIT crude_orderflow_signal: PUT BUY ([SIM]) | None
2026-08-13 20:38:27,466 - INFO - EMIT crude_orderflow_signal: NO TRADE | Entry Score 55
2026-08-13 20:38:27,466 - INFO - EMIT crude_orderflow_signal: PUT BUY ([SIM]) | None
2026-08-13 20:38:28,547 - INFO - EMIT crude_orderflow_signal: NO TRADE | Entry Score 55
2026-08-13 20:38:28,547 - INFO - EMIT crude_orderflow_signal: PUT BUY ([SIM]) | None
2026-08-13 20:38:29,627 - INFO - EMIT crude_orderflow_signal: NO TRADE | Entry Score 55
2026-08-13 20:38:29,627 - INFO - EMIT crude_orderflow_signal: PUT BUY ([SIM]) | None
2026-08-13 20:38:30,703 - INFO - EMIT crude_orderflow_signal: NO TRADE | Entry Score 55
2026-08-13 20:38:30,706 - INFO - EMIT crude_orderflow_signal: PUT BUY ([SIM]) | None
2026-08-13 20:38:31,809 - INFO - EMIT crude_orderflow_signal: NO TRADE | Entry Score 55
2026-08-13 20:38:31,809 - INFO - EMIT crude_orderflow_signal: PUT BUY ([SIM]) | None
2026-08-13 20:38:32,946 - INFO - \U0001f534 HTF mismatch (PUT vs CALL). Hard reject — no entry.
2026-08-13 20:38:32,955 - INFO - EMIT crude_orderflow_signal: NO TRADE | HTF mismatch (PUT vs CALL) — hard reject
2026-08-13 20:38:34,033 - INFO - \U0001f534 HTF mismatch (PUT vs CALL). Hard reject — no entry.
2026-08-13 20:38:34,036 - INFO - EMIT crude_orderflow_signal: NO TRADE | HTF mismatch (PUT vs CALL) — hard reject
2026-08-13 20:38:35,116 - INFO - \U0001f534 HTF mismatch (PUT vs CALL). Hard reject — no entry.
2026-08-13 20:38:35,119 - INFO - EMIT crude_orderflow_signal: NO TRADE | HTF mismatch (PUT vs CALL) — hard reject
2026-08-13 20:38:36,196 - INFO - \U0001f534 HTF mismatch (PUT vs CALL). Hard reject — no entry.
2026-08-13 20:38:36,196 - INFO - EMIT crude_orderflow_signal: NO TRADE | HTF mismatch (PUT vs CALL) — hard reject
2026-08-13 20:38:37,276 - INFO - \U0001f534 HTF mismatch (PUT vs CALL). Hard reject — no entry.
2026-08-13 20:38:37,279 - INFO - EMIT crude_orderflow_signal: NO TRADE | HTF mismatch (PUT vs CALL) — hard reject
2026-08-13 20:38:38,356 - INFO - \U0001f534 HTF mismatch (PUT vs CALL). Hard reject — no entry.
2026-08-13 20:38:38,356 - INFO - EMIT crude_orderflow_signal: NO TRADE | HTF mismatch (PUT vs CALL) — hard reject
2026-08-13 20:38:39,436 - INFO - \U0001f534 HTF mismatch (PUT vs CALL). Hard reject — no entry.
2026-08-13 20:38:39,437 - INFO - EMIT crude_orderflow_signal: NO TRADE | HTF mismatch (PUT vs CALL) — hard reject
2026-08-13 20:38:40,513 - INFO - \U0001f534 HTF mismatch (PUT vs CALL). Hard reject — no entry.
2026-08-13 20:38:40,516 - INFO - EMIT crude_orderflow_signal: NO TRADE | HTF mismatch (PUT vs CALL) — hard reject
2026-08-13 20:38:41,593 - INFO - \U0001f534 HTF mismatch (PUT vs CALL). Hard reject — no entry.
2026-08-13 20:38:41,593 - INFO - EMIT crude_orderflow_signal: NO TRADE | HTF mismatch (PUT vs CALL) — hard reject
2026-08-13 20:38:42,673 - INFO - \U0001f534 HTF mismatch (PUT vs CALL). Hard reject — no entry.
2026-08-13 20:38:42,673 - INFO - EMIT crude_orderflow_signal: NO TRADE | HTF mismatch (PUT vs CALL) — hard reject
2026-08-13 20:38:43,754 - INFO - \U0001f534 HTF mismatch (PUT vs CALL). Hard reject — no entry.
2026-08-13 20:38:43,754 - INFO - EMIT crude_orderflow_signal: NO TRADE | HTF mismatch (PUT vs CALL) — hard reject
2026-08-13 20:38:44,831 - INFO - \U0001f534 HTF mismatch (PUT vs CALL). Hard reject — no entry.
2026-08-13 20:38:44,833 - INFO - EMIT crude_orderflow_signal: NO TRADE | HTF mismatch (PUT vs CALL) — hard reject
2026-08-13 20:38:45,909 - INFO - \U0001f534 HTF mismatch (PUT vs CALL). Hard reject — no entry.
2026-08-13 20:38:45,911 - INFO - EMIT crude_orderflow_signal: NO TRADE | HTF mismatch (PUT vs CALL) — hard reject
2026-08-13 20:38:46,989 - INFO - \U0001f534 HTF mismatch (PUT vs CALL). Hard reject — no entry.
2026-08-13 20:38:46,989 - INFO - EMIT crude_orderflow_signal: NO TRADE | HTF mismatch (PUT vs CALL) — hard reject
2026-08-13 20:38:48,065 - INFO - \U0001f534 HTF mismatch (PUT vs CALL). Hard reject — no entry.
2026-08-13 20:38:48,067 - INFO - EMIT crude_orderflow_signal: NO TRADE | HTF mismatch (PUT vs CALL) — hard reject
2026-08-13 20:38:49,149 - INFO - \U0001f534 HTF mismatch (PUT vs CALL). Hard reject — no entry.
2026-08-13 20:38:49,151 - INFO - EMIT crude_orderflow_signal: NO TRADE | HTF mismatch (PUT vs CALL) — hard reject
2026-08-13 20:38:50,233 - INFO - \U0001f534 HTF mismatch (PUT vs CALL). Hard reject — no entry.
2026-08-13 20:38:50,235 - INFO - EMIT crude_orderflow_signal: NO TRADE | HTF mismatch (PUT vs CALL) — hard reject
2026-08-13 20:38:51,313 - INFO - \U0001f534 HTF mismatch (PUT vs CALL). Hard reject — no entry.
2026-08-13 20:38:51,313 - INFO - EMIT crude_orderflow_signal: NO TRADE | HTF mismatch (PUT vs CALL) — hard reject
2026-08-13 20:38:52,430 - INFO - \U0001f534 HTF mismatch (PUT vs CALL). Hard reject — no entry.
2026-08-13 20:38:52,433 - INFO - EMIT crude_orderflow_signal: NO TRADE | HTF mismatch (PUT vs CALL) — hard reject
2026-08-13 20:38:53,518 - INFO - \U0001f534 HTF mismatch (PUT vs CALL). Hard reject — no entry.
2026-08-13 20:38:53,519 - INFO - EMIT crude_orderflow_signal: NO TRADE | HTF mismatch (PUT vs CALL) — hard reject
2026-08-13 20:38:54,613 - INFO - \U0001f534 HTF mismatch (PUT vs CALL). Hard reject — no entry.
2026-08-13 20:38:54,613 - INFO - EMIT crude_orderflow_signal: NO TRADE | HTF mismatch (PUT vs CALL) — hard reject
2026-08-13 20:38:55,703 - INFO - \U0001f534 HTF mismatch (PUT vs CALL). Hard reject — no entry.
2026-08-13 20:38:55,705 - INFO - EMIT crude_orderflow_signal: NO TRADE | HTF mismatch (PUT vs CALL) — hard reject
2026-08-13 20:38:55,957 - INFO - EMIT crude_orderflow_signal: NO TRADE | HTF mismatch (PUT vs CALL) — hard reject
2026-08-13 20:38:56,794 - INFO - \U0001f534 HTF mismatch (PUT vs CALL). Hard reject — no entry.
2026-08-13 20:38:56,797 - INFO - EMIT crude_orderflow_signal: NO TRADE | HTF mismatch (PUT vs CALL) — hard reject
2026-08-13 20:38:57,890 - INFO - \U0001f534 HTF mismatch (PUT vs CALL). Hard reject — no entry.
2026-08-13 20:38:57,890 - INFO - EMIT crude_orderflow_signal: NO TRADE | HTF mismatch (PUT vs CALL) — hard reject
2026-08-13 20:38:58,976 - INFO - \U0001f534 HTF mismatch (PUT vs CALL). Hard reject — no entry.
2026-08-13 20:38:58,978 - INFO - EMIT crude_orderflow_signal: NO TRADE | HTF mismatch (PUT vs CALL) — hard reject
2026-08-13 20:39:00,064 - INFO - \U0001f534 HTF mismatch (PUT vs CALL). Hard reject — no entry.
2026-08-13 20:39:00,064 - INFO - EMIT crude_orderflow_signal: NO TRADE | HTF mismatch (PUT vs CALL) — hard reject
2026-08-13 20:39:01,171 - INFO - \U0001f534 HTF mismatch (PUT vs CALL). Hard reject — no entry.
2026-08-13 20:39:01,171 - INFO - EMIT crude_orderflow_signal: NO TRADE | HTF mismatch (PUT vs CALL) — hard reject
2026-08-13 20:39:02,258 - INFO - \U0001f534 HTF mismatch (PUT vs CALL). Hard reject — no entry.
2026-08-13 20:39:02,260 - INFO - EMIT crude_orderflow_signal: NO TRADE | HTF mismatch (PUT vs CALL) — hard reject
2026-08-13 20:39:03,343 - INFO - \U0001f534 HTF mismatch (PUT vs CALL). Hard reject — no entry.
2026-08-13 20:39:03,343 - INFO - EMIT crude_orderflow_signal: NO TRADE | HTF mismatch (PUT vs CALL) — hard reject
2026-08-13 20:39:04,438 - INFO - \U0001f534 HTF mismatch (PUT vs CALL). Hard reject — no entry.
2026-08-13 20:39:04,444 - INFO - EMIT crude_orderflow_signal: NO TRADE | HTF mismatch (PUT vs CALL) — hard reject
2026-08-13 20:39:05,528 - INFO - \U0001f534 HTF mismatch (PUT vs CALL). Hard reject — no entry.
2026-08-13 20:39:05,528 - INFO - EMIT crude_orderflow_signal: NO TRADE | HTF mismatch (PUT vs CALL) — hard reject
2026-08-13 20:39:06,618 - INFO - \U0001f534 HTF mismatch (PUT vs CALL). Hard reject — no entry.
2026-08-13 20:39:06,618 - INFO - EMIT crude_orderflow_signal: NO TRADE | HTF mismatch (PUT vs CALL) — hard reject
2026-08-13 20:39:07,705 - INFO - \U0001f534 HTF mismatch (PUT vs CALL). Hard reject — no entry.
2026-08-13 20:39:07,705 - INFO - EMIT crude_orderflow_signal: NO TRADE | HTF mismatch (PUT vs CALL) — hard reject
2026-08-13 20:39:08,804 - INFO - \U0001f534 HTF mismatch (PUT vs CALL). Hard reject — no entry.
2026-08-13 20:39:08,807 - INFO - EMIT crude_orderflow_signal: NO TRADE | HTF mismatch (PUT vs CALL) — hard reject
2026-08-13 20:39:09,895 - INFO - \U0001f534 HTF mismatch (PUT vs CALL). Hard reject — no entry.
2026-08-13 20:39:09,898 - INFO - EMIT crude_orderflow_signal: NO TRADE | HTF mismatch (PUT vs CALL) — hard reject
2026-08-13 20:39:10,994 - INFO - \U0001f534 HTF mismatch (PUT vs CALL). Hard reject — no entry.
2026-08-13 20:39:10,996 - INFO - EMIT crude_orderflow_signal: NO TRADE | HTF mismatch (PUT vs CALL) — hard reject
2026-08-13 20:39:12,078 - INFO - \U0001f534 HTF mismatch (PUT vs CALL). Hard reject — no entry.
2026-08-13 20:39:12,078 - INFO - EMIT crude_orderflow_signal: NO TRADE | HTF mismatch (PUT vs CALL) — hard reject
2026-08-13 20:39:13,168 - INFO - \U0001f534 HTF mismatch (PUT vs CALL). Hard reject — no entry.
2026-08-13 20:39:13,170 - INFO - EMIT crude_orderflow_signal: NO TRADE | HTF mismatch (PUT vs CALL) — hard reject
2026-08-13 20:39:14,275 - INFO - \U0001f534 HTF mismatch (PUT vs CALL). Hard reject — no entry.
2026-08-13 20:39:14,278 - INFO - EMIT crude_orderflow_signal: NO TRADE | HTF mismatch (PUT vs CALL) — hard reject
2026-08-13 20:39:15,382 - INFO - \U0001f534 HTF mismatch (PUT vs CALL). Hard reject — no entry.
2026-08-13 20:39:15,385 - INFO - EMIT crude_orderflow_signal: NO TRADE | HTF mismatch (PUT vs CALL) — hard reject
2026-08-13 20:39:16,469 - INFO - \U0001f534 HTF mismatch (PUT vs CALL). Hard reject — no entry.
2026-08-13 20:39:16,472 - INFO - EMIT crude_orderflow_signal: NO TRADE | HTF mismatch (PUT vs CALL) — hard reject
2026-08-13 20:39:17,557 - INFO - \U0001f534 HTF mismatch (PUT vs CALL). Hard reject — no entry.
2026-08-13 20:39:17,559 - INFO - EMIT crude_orderflow_signal: NO TRADE | HTF mismatch (PUT vs CALL) — hard reject
2026-08-13 20:39:18,642 - INFO - \U0001f534 HTF mismatch (PUT vs CALL). Hard reject — no entry.
2026-08-13 20:39:18,645 - INFO - EMIT crude_orderflow_signal: NO TRADE | HTF mismatch (PUT vs CALL) — hard reject
2026-08-13 20:39:19,732 - INFO - \U0001f534 HTF mismatch (PUT vs CALL). Hard reject — no entry.
2026-08-13 20:39:19,734 - INFO - EMIT crude_orderflow_signal: NO TRADE | HTF mismatch (PUT vs CALL) — hard reject
2026-08-13 20:39:20,838 - INFO - \U0001f534 HTF mismatch (PUT vs CALL). Hard reject — no entry.
2026-08-13 20:39:20,842 - INFO - EMIT crude_orderflow_signal: NO TRADE | HTF mismatch (PUT vs CALL) — hard reject
2026-08-13 20:39:21,928 - INFO - \U0001f534 HTF mismatch (PUT vs CALL). Hard reject — no entry.
2026-08-13 20:39:21,929 - INFO - EMIT crude_orderflow_signal: NO TRADE | HTF mismatch (PUT vs CALL) — hard reject
2026-08-13 20:39:23,016 - INFO - \U0001f534 HTF mismatch (PUT vs CALL). Hard reject — no entry.
2026-08-13 20:39:23,019 - INFO - EMIT crude_orderflow_signal: NO TRADE | HTF mismatch (PUT vs CALL) — hard reject
2026-08-13 20:39:24,102 - INFO - \U0001f534 HTF mismatch (PUT vs CALL). Hard reject — no entry.
2026-08-13 20:39:24,102 - INFO - EMIT crude_orderflow_signal: NO TRADE | HTF mismatch (PUT vs CALL) — hard reject
2026-08-13 20:39:25,187 - INFO - \U0001f534 HTF mismatch (PUT vs CALL). Hard reject — no entry.
2026-08-13 20:39:25,187 - INFO - EMIT crude_orderflow_signal: NO TRADE | HTF mismatch (PUT vs CALL) — hard reject
2026-08-13 20:39:26,279 - INFO - \U0001f534 HTF mismatch (PUT vs CALL). Hard reject — no entry.
2026-08-13 20:39:26,282 - INFO - EMIT crude_orderflow_signal: NO TRADE | HTF mismatch (PUT vs CALL) — hard reject
2026-08-13 20:39:27,376 - INFO - \U0001f534 HTF mismatch (PUT vs CALL). Hard reject — no entry.
2026-08-13 20:39:27,379 - INFO - EMIT crude_orderflow_signal: NO TRADE | HTF mismatch (PUT vs CALL) — hard reject
2026-08-13 20:39:28,458 - INFO - \U0001f534 HTF mismatch (PUT vs CALL). Hard reject — no entry.
2026-08-13 20:39:28,461 - INFO - EMIT crude_orderflow_signal: NO TRADE | HTF mismatch (PUT vs CALL) — hard reject
2026-08-13 20:39:29,584 - INFO - \U0001f534 HTF mismatch (PUT vs CALL). Hard reject — no entry.
2026-08-13 20:39:29,585 - INFO - EMIT crude_orderflow_signal: NO TRADE | HTF mismatch (PUT vs CALL) — hard reject
2026-08-13 20:39:30,680 - INFO - \U0001f534 HTF mismatch (PUT vs CALL). Hard reject — no entry.
2026-08-13 20:39:30,680 - INFO - EMIT crude_orderflow_signal: NO TRADE | HTF mismatch (PUT vs CALL) — hard reject
2026-08-13 20:39:31,776 - INFO - \U0001f534 HTF mismatch (PUT vs CALL). Hard reject — no entry.
2026-08-13 20:39:31,778 - INFO - EMIT crude_orderflow_signal: NO TRADE | HTF mismatch (PUT vs CALL) — hard reject
2026-08-13 20:39:32,875 - INFO - \U0001f534 HTF mismatch (PUT vs CALL). Hard reject — no entry.
2026-08-13 20:39:32,875 - INFO - EMIT crude_orderflow_signal: NO TRADE | HTF mismatch (PUT vs CALL) — hard reject
2026-08-13 20:39:33,965 - INFO - \U0001f534 HTF mismatch (PUT vs CALL). Hard reject — no entry.
2026-08-13 20:39:33,966 - INFO - EMIT crude_orderflow_signal: NO TRADE | HTF mismatch (PUT vs CALL) — hard reject
2026-08-13 20:39:35,050 - INFO - \U0001f534 HTF mismatch (PUT vs CALL). Hard reject — no entry.
2026-08-13 20:39:35,053 - INFO - EMIT crude_orderflow_signal: NO TRADE | HTF mismatch (PUT vs CALL) — hard reject
2026-08-13 20:39:36,136 - INFO - \U0001f534 HTF mismatch (PUT vs CALL). Hard reject — no entry.
2026-08-13 20:39:36,136 - INFO - EMIT crude_orderflow_signal: NO TRADE | HTF mismatch (PUT vs CALL) — hard reject
2026-08-13 20:39:37,222 - INFO - \U0001f534 HTF mismatch (PUT vs CALL). Hard reject — no entry.
2026-08-13 20:39:37,222 - INFO - EMIT crude_orderflow_signal: NO TRADE | HTF mismatch (PUT vs CALL) — hard reject
2026-08-13 20:39:38,304 - INFO - \U0001f534 HTF mismatch (PUT vs CALL). Hard reject — no entry.
2026-08-13 20:39:38,308 - INFO - EMIT crude_orderflow_signal: NO TRADE | HTF mismatch (PUT vs CALL) — hard reject
2026-08-13 20:39:39,392 - INFO - \U0001f534 HTF mismatch (PUT vs CALL). Hard reject — no entry.
2026-08-13 20:39:39,393 - INFO - EMIT crude_orderflow_signal: NO TRADE | HTF mismatch (PUT vs CALL) — hard reject
2026-08-13 20:39:40,482 - INFO - \U0001f534 HTF mismatch (PUT vs CALL). Hard reject — no entry.
2026-08-13 20:39:40,482 - INFO - EMIT crude_orderflow_signal: NO TRADE | HTF mismatch (PUT vs CALL) — hard reject
2026-08-13 20:39:41,572 - INFO - \U0001f534 HTF mismatch (PUT vs CALL). Hard reject — no entry.
2026-08-13 20:39:41,573 - INFO - EMIT crude_orderflow_signal: NO TRADE | HTF mismatch (PUT vs CALL) — hard reject
2026-08-13 20:39:42,678 - INFO - \U0001f534 HTF mismatch (PUT vs CALL). Hard reject — no entry.
2026-08-13 20:39:42,681 - INFO - EMIT crude_orderflow_signal: NO TRADE | HTF mismatch (PUT vs CALL) — hard reject
2026-08-13 20:39:43,774 - INFO - \U0001f534 HTF mismatch (PUT vs CALL). Hard reject — no entry.
2026-08-13 20:39:43,777 - INFO - EMIT crude_orderflow_signal: NO TRADE | HTF mismatch (PUT vs CALL) — hard reject
2026-08-13 20:39:44,865 - INFO - \U0001f534 HTF mismatch (PUT vs CALL). Hard reject — no entry.
2026-08-13 20:39:44,867 - INFO - EMIT crude_orderflow_signal: NO TRADE | HTF mismatch (PUT vs CALL) — hard reject
2026-08-13 20:39:45,954 - INFO - \U0001f534 HTF mismatch (PUT vs CALL). Hard reject — no entry.
2026-08-13 20:39:45,958 - INFO - EMIT crude_orderflow_signal: NO TRADE | HTF mismatch (PUT vs CALL) — hard reject
2026-08-13 20:39:47,049 - INFO - \U0001f534 HTF mismatch (PUT vs CALL). Hard reject — no entry.
2026-08-13 20:39:47,049 - INFO - EMIT crude_orderflow_signal: NO TRADE | HTF mismatch (PUT vs CALL) — hard reject
2026-08-13 20:39:48,153 - INFO - \U0001f534 HTF mismatch (PUT vs CALL). Hard reject — no entry.
2026-08-13 20:39:48,155 - INFO - EMIT crude_orderflow_signal: NO TRADE | HTF mismatch (PUT vs CALL) — hard reject
2026-08-13 20:39:49,246 - INFO - \U0001f534 HTF mismatch (PUT vs CALL). Hard reject — no entry.
2026-08-13 20:39:49,246 - INFO - EMIT crude_orderflow_signal: NO TRADE | HTF mismatch (PUT vs CALL) — hard reject
2026-08-13 20:39:50,334 - INFO - \U0001f534 HTF mismatch (PUT vs CALL). Hard reject — no entry.
2026-08-13 20:39:50,336 - INFO - EMIT crude_orderflow_signal: NO TRADE | HTF mismatch (PUT vs CALL) — hard reject
2026-08-13 20:39:51,427 - INFO - \U0001f534 HTF mismatch (PUT vs CALL). Hard reject — no entry.
2026-08-13 20:39:51,427 - INFO - EMIT crude_orderflow_signal: NO TRADE | HTF mismatch (PUT vs CALL) — hard reject
2026-08-13 20:39:52,517 - INFO - \U0001f534 HTF mismatch (PUT vs CALL). Hard reject — no entry.
2026-08-13 20:39:52,519 - INFO - EMIT crude_orderflow_signal: NO TRADE | HTF mismatch (PUT vs CALL) — hard reject
2026-08-13 20:39:53,609 - INFO - \U0001f534 HTF mismatch (PUT vs CALL). Hard reject — no entry.
2026-08-13 20:39:53,609 - INFO - EMIT crude_orderflow_signal: NO TRADE | HTF mismatch (PUT vs CALL) — hard reject
2026-08-13 20:39:54,696 - INFO - \U0001f534 HTF mismatch (PUT vs CALL). Hard reject — no entry.
2026-08-13 20:39:54,699 - INFO - EMIT crude_orderflow_signal: NO TRADE | HTF mismatch (PUT vs CALL) — hard reject
2026-08-13 20:39:55,786 - INFO - \U0001f534 HTF mismatch (PUT vs CALL). Hard reject — no entry.
2026-08-13 20:39:55,786 - INFO - EMIT crude_orderflow_signal: NO TRADE | HTF mismatch (PUT vs CALL) — hard reject
2026-08-13 20:39:55,955 - INFO - EMIT crude_orderflow_signal: NO TRADE | HTF mismatch (PUT vs CALL) — hard reject
2026-08-13 20:39:56,874 - INFO - \U0001f534 HTF mismatch (PUT vs CALL). Hard reject — no entry.
2026-08-13 20:39:56,877 - INFO - EMIT crude_orderflow_signal: NO TRADE | HTF mismatch (PUT vs CALL) — hard reject
2026-08-13 20:39:57,966 - INFO - \U0001f534 HTF mismatch (PUT vs CALL). Hard reject — no entry.
2026-08-13 20:39:57,969 - INFO - EMIT crude_orderflow_signal: NO TRADE | HTF mismatch (PUT vs CALL) — hard reject
2026-08-13 20:39:59,056 - INFO - \U0001f534 HTF mismatch (PUT vs CALL). Hard reject — no entry.
2026-08-13 20:39:59,056 - INFO - EMIT crude_orderflow_signal: NO TRADE | HTF mismatch (PUT vs CALL) — hard reject
2026-08-13 20:40:00,149 - INFO - \U0001f534 HTF mismatch (PUT vs CALL). Hard reject — no entry.
2026-08-13 20:40:00,149 - INFO - EMIT crude_orderflow_signal: NO TRADE | HTF mismatch (PUT vs CALL) — hard reject
2026-08-13 20:40:01,266 - INFO - \U0001f534 HTF mismatch (PUT vs CALL). Hard reject — no entry.
2026-08-13 20:40:01,268 - INFO - EMIT crude_orderflow_signal: NO TRADE | HTF mismatch (PUT vs CALL) — hard reject
2026-08-13 20:40:02,361 - INFO - \U0001f534 HTF mismatch (PUT vs CALL). Hard reject — no entry.
2026-08-13 20:40:02,361 - INFO - EMIT crude_orderflow_signal: NO TRADE | HTF mismatch (PUT vs CALL) — hard reject
2026-08-13 20:40:03,488 - INFO - \U0001f534 HTF mismatch (PUT vs CALL). Hard reject — no entry.
2026-08-13 20:40:03,491 - INFO - EMIT crude_orderflow_signal: NO TRADE | HTF mismatch (PUT vs CALL) — hard reject
2026-08-13 20:40:04,648 - INFO - \U0001f534 HTF mismatch (PUT vs CALL). Hard reject — no entry.
2026-08-13 20:40:04,651 - INFO - EMIT crude_orderflow_signal: NO TRADE | HTF mismatch (PUT vs CALL) — hard reject
2026-08-13 20:40:05,734 - INFO - \U0001f534 HTF mismatch (PUT vs CALL). Hard reject — no entry.
2026-08-13 20:40:05,736 - INFO - EMIT crude_orderflow_signal: NO TRADE | HTF mismatch (PUT vs CALL) — hard reject
2026-08-13 20:40:06,824 - INFO - \U0001f534 HTF mismatch (PUT vs CALL). Hard reject — no entry.
2026-08-13 20:40:06,824 - INFO - EMIT crude_orderflow_signal: NO TRADE | HTF mismatch (PUT vs CALL) — hard reject
2026-08-13 20:40:07,911 - INFO - \U0001f534 HTF mismatch (PUT vs CALL). Hard reject — no entry.
2026-08-13 20:40:07,914 - INFO - EMIT crude_orderflow_signal: NO TRADE | HTF mismatch (PUT vs CALL) — hard reject
2026-08-13 20:40:09,003 - INFO - \U0001f534 HTF mismatch (PUT vs CALL). Hard reject — no entry.
2026-08-13 20:40:09,005 - INFO - EMIT crude_orderflow_signal: NO TRADE | HTF mismatch (PUT vs CALL) — hard reject
2026-08-13 20:40:10,121 - INFO - \U0001f534 HTF mismatch (PUT vs CALL). Hard reject — no entry.
2026-08-13 20:40:10,122 - INFO - EMIT crude_orderflow_signal: NO TRADE | HTF mismatch (PUT vs CALL) — hard reject
2026-08-13 20:40:11,223 - INFO - \U0001f534 HTF mismatch (PUT vs CALL). Hard reject — no entry.
2026-08-13 20:40:11,225 - INFO - EMIT crude_orderflow_signal: NO TRADE | HTF mismatch (PUT vs CALL) — hard reject
2026-08-13 20:40:12,313 - INFO - \U0001f534 HTF mismatch (PUT vs CALL). Hard reject — no entry.
2026-08-13 20:40:12,315 - INFO - EMIT crude_orderflow_signal: NO TRADE | HTF mismatch (PUT vs CALL) — hard reject
2026-08-13 20:40:13,408 - INFO - \U0001f534 HTF mismatch (PUT vs CALL). Hard reject — no entry.
2026-08-13 20:40:13,410 - INFO - EMIT crude_orderflow_signal: NO TRADE | HTF mismatch (PUT vs CALL) — hard reject
2026-08-13 20:40:14,518 - INFO - \U0001f534 HTF mismatch (PUT vs CALL). Hard reject — no entry.
2026-08-13 20:40:14,518 - INFO - EMIT crude_orderflow_signal: NO TRADE | HTF mismatch (PUT vs CALL) — hard reject
2026-08-13 20:40:15,606 - INFO - \U0001f534 HTF mismatch (PUT vs CALL). Hard reject — no entry.
2026-08-13 20:40:15,610 - INFO - EMIT crude_orderflow_signal: NO TRADE | HTF mismatch (PUT vs CALL) — hard reject
2026-08-13 20:40:16,795 - INFO - \U0001f534 HTF mismatch (PUT vs CALL). Hard reject — no entry.
2026-08-13 20:40:16,798 - INFO - EMIT crude_orderflow_signal: NO TRADE | HTF mismatch (PUT vs CALL) — hard reject
2026-08-13 20:40:17,886 - INFO - \U0001f534 HTF mismatch (PUT vs CALL). Hard reject — no entry.
2026-08-13 20:40:17,886 - INFO - EMIT crude_orderflow_signal: NO TRADE | HTF mismatch (PUT vs CALL) — hard reject
2026-08-13 20:40:18,972 - INFO - \U0001f534 HTF mismatch (PUT vs CALL). Hard reject — no entry.
2026-08-13 20:40:18,975 - INFO - EMIT crude_orderflow_signal: NO TRADE | HTF mismatch (PUT vs CALL) — hard reject
2026-08-13 20:40:20,062 - INFO - \U0001f534 HTF mismatch (PUT vs CALL). Hard reject — no entry.
2026-08-13 20:40:20,064 - INFO - EMIT crude_orderflow_signal: NO TRADE | HTF mismatch (PUT vs CALL) — hard reject
2026-08-13 20:40:21,150 - INFO - \U0001f534 HTF mismatch (PUT vs CALL). Hard reject — no entry.
2026-08-13 20:40:21,153 - INFO - EMIT crude_orderflow_signal: NO TRADE | HTF mismatch (PUT vs CALL) — hard reject
2026-08-13 20:40:22,240 - INFO - \U0001f534 HTF mismatch (PUT vs CALL). Hard reject — no entry.
2026-08-13 20:40:22,242 - INFO - EMIT crude_orderflow_signal: NO TRADE | HTF mismatch (PUT vs CALL) — hard reject
2026-08-13 20:40:23,337 - INFO - \U0001f534 HTF mismatch (PUT vs CALL). Hard reject — no entry.
2026-08-13 20:40:23,337 - INFO - EMIT crude_orderflow_signal: NO TRADE | HTF mismatch (PUT vs CALL) — hard reject
2026-08-13 20:40:24,427 - INFO - \U0001f534 HTF mismatch (PUT vs CALL). Hard reject — no entry.
2026-08-13 20:40:24,430 - INFO - EMIT crude_orderflow_signal: NO TRADE | HTF mismatch (PUT vs CALL) — hard reject
2026-08-13 20:40:25,516 - INFO - \U0001f534 HTF mismatch (PUT vs CALL). Hard reject — no entry.
2026-08-13 20:40:25,518 - INFO - EMIT crude_orderflow_signal: NO TRADE | HTF mismatch (PUT vs CALL) — hard reject
2026-08-13 20:40:26,613 - INFO - \U0001f534 HTF mismatch (PUT vs CALL). Hard reject — no entry.
2026-08-13 20:40:26,616 - INFO - EMIT crude_orderflow_signal: NO TRADE | HTF mismatch (PUT vs CALL) — hard reject
2026-08-13 20:40:27,723 - INFO - \U0001f534 HTF mismatch (PUT vs CALL). Hard reject — no entry.
2026-08-13 20:40:27,725 - INFO - EMIT crude_orderflow_signal: NO TRADE | HTF mismatch (PUT vs CALL) — hard reject
2026-08-13 20:40:28,809 - INFO - \U0001f534 HTF mismatch (PUT vs CALL). Hard reject — no entry.
2026-08-13 20:40:28,810 - INFO - EMIT crude_orderflow_signal: NO TRADE | HTF mismatch (PUT vs CALL) — hard reject
2026-08-13 20:40:29,892 - INFO - \U0001f534 HTF mismatch (PUT vs CALL). Hard reject — no entry.
2026-08-13 20:40:29,895 - INFO - EMIT crude_orderflow_signal: NO TRADE | HTF mismatch (PUT vs CALL) — hard reject
2026-08-13 20:40:30,980 - INFO - \U0001f534 HTF mismatch (PUT vs CALL). Hard reject — no entry.
2026-08-13 20:40:30,981 - INFO - EMIT crude_orderflow_signal: NO TRADE | HTF mismatch (PUT vs CALL) — hard reject
2026-08-13 20:40:32,070 - INFO - \U0001f534 HTF mismatch (PUT vs CALL). Hard reject — no entry.
2026-08-13 20:40:32,070 - INFO - EMIT crude_orderflow_signal: NO TRADE | HTF mismatch (PUT vs CALL) — hard reject
2026-08-13 20:40:33,159 - INFO - \U0001f534 HTF mismatch (PUT vs CALL). Hard reject — no entry.
2026-08-13 20:40:33,160 - INFO - EMIT crude_orderflow_signal: NO TRADE | HTF mismatch (PUT vs CALL) — hard reject
2026-08-13 20:40:34,249 - INFO - \U0001f534 HTF mismatch (PUT vs CALL). Hard reject — no entry.
2026-08-13 20:40:34,250 - INFO - EMIT crude_orderflow_signal: NO TRADE | HTF mismatch (PUT vs CALL) — hard reject
2026-08-13 20:40:35,338 - INFO - \U0001f534 HTF mismatch (PUT vs CALL). Hard reject — no entry.
2026-08-13 20:40:35,340 - INFO - EMIT crude_orderflow_signal: NO TRADE | HTF mismatch (PUT vs CALL) — hard reject
2026-08-13 20:40:36,458 - INFO - \U0001f534 HTF mismatch (PUT vs CALL). Hard reject — no entry.
2026-08-13 20:40:36,458 - INFO - EMIT crude_orderflow_signal: NO TRADE | HTF mismatch (PUT vs CALL) — hard reject
2026-08-13 20:40:37,556 - INFO - \U0001f534 HTF mismatch (PUT vs CALL). Hard reject — no entry.
2026-08-13 20:40:37,556 - INFO - EMIT crude_orderflow_signal: NO TRADE | HTF mismatch (PUT vs CALL) — hard reject
2026-08-13 20:40:38,645 - INFO - \U0001f534 HTF mismatch (PUT vs CALL). Hard reject — no entry.
2026-08-13 20:40:38,645 - INFO - EMIT crude_orderflow_signal: NO TRADE | HTF mismatch (PUT vs CALL) — hard reject
2026-08-13 20:40:39,750 - INFO - \U0001f534 HTF mismatch (PUT vs CALL). Hard reject — no entry.
2026-08-13 20:40:39,750 - INFO - EMIT crude_orderflow_signal: NO TRADE | HTF mismatch (PUT vs CALL) — hard reject
2026-08-13 20:40:40,846 - INFO - \U0001f534 HTF mismatch (PUT vs CALL). Hard reject — no entry.
2026-08-13 20:40:40,847 - INFO - EMIT crude_orderflow_signal: NO TRADE | HTF mismatch (PUT vs CALL) — hard reject
2026-08-13 20:40:41,947 - INFO - \U0001f534 HTF mismatch (PUT vs CALL). Hard reject — no entry.
2026-08-13 20:40:41,950 - INFO - EMIT crude_orderflow_signal: NO TRADE | HTF mismatch (PUT vs CALL) — hard reject
2026-08-13 20:40:43,041 - INFO - \U0001f534 HTF mismatch (PUT vs CALL). Hard reject — no entry.
2026-08-13 20:40:43,043 - INFO - EMIT crude_orderflow_signal: NO TRADE | HTF mismatch (PUT vs CALL) — hard reject
2026-08-13 20:40:44,125 - INFO - \U0001f534 HTF mismatch (PUT vs CALL). Hard reject — no entry.
2026-08-13 20:40:44,128 - INFO - EMIT crude_orderflow_signal: NO TRADE | HTF mismatch (PUT vs CALL) — hard reject
2026-08-13 20:40:45,208 - INFO - \U0001f534 HTF mismatch (PUT vs CALL). Hard reject — no entry.
2026-08-13 20:40:45,210 - INFO - EMIT crude_orderflow_signal: NO TRADE | HTF mismatch (PUT vs CALL) — hard reject
2026-08-13 20:40:46,309 - INFO - \U0001f534 HTF mismatch (PUT vs CALL). Hard reject — no entry.
2026-08-13 20:40:46,309 - INFO - EMIT crude_orderflow_signal: NO TRADE | HTF mismatch (PUT vs CALL) — hard reject
2026-08-13 20:40:47,397 - INFO - \U0001f534 HTF mismatch (PUT vs CALL). Hard reject — no entry.
2026-08-13 20:40:47,397 - INFO - EMIT crude_orderflow_signal: NO TRADE | HTF mismatch (PUT vs CALL) — hard reject
2026-08-13 20:40:48,486 - INFO - \U0001f534 HTF mismatch (PUT vs CALL). Hard reject — no entry.
2026-08-13 20:40:48,490 - INFO - EMIT crude_orderflow_signal: NO TRADE | HTF mismatch (PUT vs CALL) — hard reject
2026-08-13 20:40:49,570 - INFO - \U0001f534 HTF mismatch (PUT vs CALL). Hard reject — no entry.
2026-08-13 20:40:49,571 - INFO - EMIT crude_orderflow_signal: NO TRADE | HTF mismatch (PUT vs CALL) — hard reject
2026-08-13 20:40:50,661 - INFO - \U0001f534 HTF mismatch (PUT vs CALL). Hard reject — no entry.
2026-08-13 20:40:50,661 - INFO - EMIT crude_orderflow_signal: NO TRADE | HTF mismatch (PUT vs CALL) — hard reject
2026-08-13 20:40:51,755 - INFO - \U0001f534 HTF mismatch (PUT vs CALL). Hard reject — no entry.
2026-08-13 20:40:51,758 - INFO - EMIT crude_orderflow_signal: NO TRADE | HTF mismatch (PUT vs CALL) — hard reject
2026-08-13 20:40:52,861 - INFO - \U0001f534 HTF mismatch (PUT vs CALL). Hard reject — no entry.
2026-08-13 20:40:52,861 - INFO - EMIT crude_orderflow_signal: NO TRADE | HTF mismatch (PUT vs CALL) — hard reject
2026-08-13 20:40:53,945 - INFO - \U0001f534 HTF mismatch (PUT vs CALL). Hard reject — no entry.
2026-08-13 20:40:53,945 - INFO - EMIT crude_orderflow_signal: NO TRADE | HTF mismatch (PUT vs CALL) — hard reject
2026-08-13 20:40:55,026 - INFO - \U0001f534 HTF mismatch (PUT vs CALL). Hard reject — no entry.
2026-08-13 20:40:55,028 - INFO - EMIT crude_orderflow_signal: NO TRADE | HTF mismatch (PUT vs CALL) — hard reject
2026-08-13 20:40:55,954 - INFO - EMIT crude_orderflow_signal: NO TRADE | HTF mismatch (PUT vs CALL) — hard reject
2026-08-13 20:40:56,109 - INFO - \U0001f534 HTF mismatch (PUT vs CALL). Hard reject — no entry.
2026-08-13 20:40:56,111 - INFO - EMIT crude_orderflow_signal: NO TRADE | HTF mismatch (PUT vs CALL) — hard reject
2026-08-13 20:40:57,195 - INFO - \U0001f534 HTF mismatch (PUT vs CALL). Hard reject — no entry.
2026-08-13 20:40:57,195 - INFO - EMIT crude_orderflow_signal: NO TRADE | HTF mismatch (PUT vs CALL) — hard reject
2026-08-13 20:40:58,279 - INFO - \U0001f534 HTF mismatch (PUT vs CALL). Hard reject — no entry.
2026-08-13 20:40:58,279 - INFO - EMIT crude_orderflow_signal: NO TRADE | HTF mismatch (PUT vs CALL) — hard reject
2026-08-13 20:40:59,365 - INFO - \U0001f534 HTF mismatch (PUT vs CALL). Hard reject — no entry.
2026-08-13 20:40:59,368 - INFO - EMIT crude_orderflow_signal: NO TRADE | HTF mismatch (PUT vs CALL) — hard reject
2026-08-13 20:41:00,456 - INFO - \U0001f534 HTF mismatch (PUT vs CALL). Hard reject — no entry.
2026-08-13 20:41:00,459 - INFO - EMIT crude_orderflow_signal: NO TRADE | HTF mismatch (PUT vs CALL) — hard reject
2026-08-13 20:41:01,552 - INFO - \U0001f534 HTF mismatch (PUT vs CALL). Hard reject — no entry.
2026-08-13 20:41:01,552 - INFO - EMIT crude_orderflow_signal: NO TRADE | HTF mismatch (PUT vs CALL) — hard reject
2026-08-13 20:41:02,642 - INFO - \U0001f534 HTF mismatch (PUT vs CALL). Hard reject — no entry.
2026-08-13 20:41:02,644 - INFO - EMIT crude_orderflow_signal: NO TRADE | HTF mismatch (PUT vs CALL) — hard reject
2026-08-13 20:41:03,734 - INFO - \U0001f534 HTF mismatch (PUT vs CALL). Hard reject — no entry.
2026-08-13 20:41:03,737 - INFO - EMIT crude_orderflow_signal: NO TRADE | HTF mismatch (PUT vs CALL) — hard reject
2026-08-13 20:41:04,827 - INFO - \U0001f534 HTF mismatch (PUT vs CALL). Hard reject — no entry.
2026-08-13 20:41:04,829 - INFO - EMIT crude_orderflow_signal: NO TRADE | HTF mismatch (PUT vs CALL) — hard reject
2026-08-13 20:41:05,914 - INFO - \U0001f534 HTF mismatch (PUT vs CALL). Hard reject — no entry.
2026-08-13 20:41:05,917 - INFO - EMIT crude_orderflow_signal: NO TRADE | HTF mismatch (PUT vs CALL) — hard reject
2026-08-13 20:41:07,012 - INFO - \U0001f534 HTF mismatch (PUT vs CALL). Hard reject — no entry.
2026-08-13 20:41:07,012 - INFO - EMIT crude_orderflow_signal: NO TRADE | HTF mismatch (PUT vs CALL) — hard reject
2026-08-13 20:41:08,104 - INFO - \U0001f534 HTF mismatch (PUT vs CALL). Hard reject — no entry.
2026-08-13 20:41:08,107 - INFO - EMIT crude_orderflow_signal: NO TRADE | HTF mismatch (PUT vs CALL) — hard reject
2026-08-13 20:41:09,219 - INFO - \U0001f534 HTF mismatch (PUT vs CALL). Hard reject — no entry.
2026-08-13 20:41:09,220 - INFO - EMIT crude_orderflow_signal: NO TRADE | HTF mismatch (PUT vs CALL) — hard reject
2026-08-13 20:41:10,449 - INFO - \U0001f534 HTF mismatch (PUT vs CALL). Hard reject — no entry.
2026-08-13 20:41:10,452 - INFO - EMIT crude_orderflow_signal: NO TRADE | HTF mismatch (PUT vs CALL) — hard reject
2026-08-13 20:41:11,576 - INFO - \U0001f534 HTF mismatch (PUT vs CALL). Hard reject — no entry.
2026-08-13 20:41:11,578 - INFO - EMIT crude_orderflow_signal: NO TRADE | HTF mismatch (PUT vs CALL) — hard reject
2026-08-13 20:41:12,669 - INFO - \U0001f534 HTF mismatch (PUT vs CALL). Hard reject — no entry.
2026-08-13 20:41:12,669 - INFO - EMIT crude_orderflow_signal: NO TRADE | HTF mismatch (PUT vs CALL) — hard reject
2026-08-13 20:41:13,773 - INFO - \U0001f534 HTF mismatch (PUT vs CALL). Hard reject — no entry.
2026-08-13 20:41:13,774 - INFO - EMIT crude_orderflow_signal: NO TRADE | HTF mismatch (PUT vs CALL) — hard reject
2026-08-13 20:41:14,862 - INFO - \U0001f534 HTF mismatch (PUT vs CALL). Hard reject — no entry.
2026-08-13 20:41:14,862 - INFO - EMIT crude_orderflow_signal: NO TRADE | HTF mismatch (PUT vs CALL) — hard reject
2026-08-13 20:41:15,956 - INFO - \U0001f534 HTF mismatch (PUT vs CALL). Hard reject — no entry.
2026-08-13 20:41:15,956 - INFO - EMIT crude_orderflow_signal: NO TRADE | HTF mismatch (PUT vs CALL) — hard reject
2026-08-13 20:41:17,048 - INFO - \U0001f534 HTF mismatch (PUT vs CALL). Hard reject — no entry.
2026-08-13 20:41:17,048 - INFO - EMIT crude_orderflow_signal: NO TRADE | HTF mismatch (PUT vs CALL) — hard reject
2026-08-13 20:41:18,171 - INFO - \U0001f534 HTF mismatch (PUT vs CALL). Hard reject — no entry.
2026-08-13 20:41:18,174 - INFO - EMIT crude_orderflow_signal: NO TRADE | HTF mismatch (PUT vs CALL) — hard reject
2026-08-13 20:41:19,264 - INFO - \U0001f534 HTF mismatch (PUT vs CALL). Hard reject — no entry.
2026-08-13 20:41:19,264 - INFO - EMIT crude_orderflow_signal: NO TRADE | HTF mismatch (PUT vs CALL) — hard reject
2026-08-13 20:41:20,353 - INFO - \U0001f534 HTF mismatch (PUT vs CALL). Hard reject — no entry.
2026-08-13 20:41:20,353 - INFO - EMIT crude_orderflow_signal: NO TRADE | HTF mismatch (PUT vs CALL) — hard reject
2026-08-13 20:41:21,444 - INFO - \U0001f534 HTF mismatch (PUT vs CALL). Hard reject — no entry.
2026-08-13 20:41:21,444 - INFO - EMIT crude_orderflow_signal: NO TRADE | HTF mismatch (PUT vs CALL) — hard reject
2026-08-13 20:41:22,531 - INFO - \U0001f534 HTF mismatch (PUT vs CALL). Hard reject — no entry.
2026-08-13 20:41:22,531 - INFO - EMIT crude_orderflow_signal: NO TRADE | HTF mismatch (PUT vs CALL) — hard reject
2026-08-13 20:41:23,624 - INFO - \U0001f534 HTF mismatch (PUT vs CALL). Hard reject — no entry.
2026-08-13 20:41:23,626 - INFO - EMIT crude_orderflow_signal: NO TRADE | HTF mismatch (PUT vs CALL) — hard reject
2026-08-13 20:41:24,711 - INFO - \U0001f534 HTF mismatch (PUT vs CALL). Hard reject — no entry.
2026-08-13 20:41:24,714 - INFO - EMIT crude_orderflow_signal: NO TRADE | HTF mismatch (PUT vs CALL) — hard reject
2026-08-13 20:41:25,800 - INFO - \U0001f534 HTF mismatch (PUT vs CALL). Hard reject — no entry.
2026-08-13 20:41:25,802 - INFO - EMIT crude_orderflow_signal: NO TRADE | HTF mismatch (PUT vs CALL) — hard reject
2026-08-13 20:41:26,894 - INFO - \U0001f534 HTF mismatch (PUT vs CALL). Hard reject — no entry.
2026-08-13 20:41:26,896 - INFO - EMIT crude_orderflow_signal: NO TRADE | HTF mismatch (PUT vs CALL) — hard reject
2026-08-13 20:41:27,981 - INFO - \U0001f534 HTF mismatch (PUT vs CALL). Hard reject — no entry.
2026-08-13 20:41:27,981 - INFO - EMIT crude_orderflow_signal: NO TRADE | HTF mismatch (PUT vs CALL) — hard reject
2026-08-13 20:41:29,076 - INFO - \U0001f534 HTF mismatch (PUT vs CALL). Hard reject — no entry.
2026-08-13 20:41:29,076 - INFO - EMIT crude_orderflow_signal: NO TRADE | HTF mismatch (PUT vs CALL) — hard reject
2026-08-13 20:41:30,164 - INFO - \U0001f534 HTF mismatch (PUT vs CALL). Hard reject — no entry.
2026-08-13 20:41:30,166 - INFO - EMIT crude_orderflow_signal: NO TRADE | HTF mismatch (PUT vs CALL) — hard reject
2026-08-13 20:41:31,262 - INFO - \U0001f534 HTF mismatch (PUT vs CALL). Hard reject — no entry.
2026-08-13 20:41:31,262 - INFO - EMIT crude_orderflow_signal: NO TRADE | HTF mismatch (PUT vs CALL) — hard reject
2026-08-13 20:41:32,354 - INFO - \U0001f534 HTF mismatch (PUT vs CALL). Hard reject — no entry.
2026-08-13 20:41:32,354 - INFO - EMIT crude_orderflow_signal: NO TRADE | HTF mismatch (PUT vs CALL) — hard reject
2026-08-13 20:41:33,545 - INFO - \U0001f534 HTF mismatch (PUT vs CALL). Hard reject — no entry.
2026-08-13 20:41:33,545 - INFO - EMIT crude_orderflow_signal: NO TRADE | HTF mismatch (PUT vs CALL) — hard reject
2026-08-13 20:41:34,634 - INFO - \U0001f534 HTF mismatch (PUT vs CALL). Hard reject — no entry.
2026-08-13 20:41:34,636 - INFO - EMIT crude_orderflow_signal: NO TRADE | HTF mismatch (PUT vs CALL) — hard reject
2026-08-13 20:41:35,728 - INFO - \U0001f534 HTF mismatch (PUT vs CALL). Hard reject — no entry.
2026-08-13 20:41:35,728 - INFO - EMIT crude_orderflow_signal: NO TRADE | HTF mismatch (PUT vs CALL) — hard reject
2026-08-13 20:41:36,824 - INFO - \U0001f534 HTF mismatch (PUT vs CALL). Hard reject — no entry.
2026-08-13 20:41:36,824 - INFO - EMIT crude_orderflow_signal: NO TRADE | HTF mismatch (PUT vs CALL) — hard reject
2026-08-13 20:41:37,908 - INFO - \U0001f534 HTF mismatch (PUT vs CALL). Hard reject — no entry.
2026-08-13 20:41:37,908 - INFO - EMIT crude_orderflow_signal: NO TRADE | HTF mismatch (PUT vs CALL) — hard reject
2026-08-13 20:41:39,006 - INFO - \U0001f534 HTF mismatch (PUT vs CALL). Hard reject — no entry.
2026-08-13 20:41:39,006 - INFO - EMIT crude_orderflow_signal: NO TRADE | HTF mismatch (PUT vs CALL) — hard reject
2026-08-13 20:41:40,102 - INFO - \U0001f534 HTF mismatch (PUT vs CALL). Hard reject — no entry.
2026-08-13 20:41:40,105 - INFO - EMIT crude_orderflow_signal: NO TRADE | HTF mismatch (PUT vs CALL) — hard reject
2026-08-13 20:41:41,193 - INFO - \U0001f534 HTF mismatch (PUT vs CALL). Hard reject — no entry.
2026-08-13 20:41:41,193 - INFO - EMIT crude_orderflow_signal: NO TRADE | HTF mismatch (PUT vs CALL) — hard reject
2026-08-13 20:41:42,278 - INFO - \U0001f534 HTF mismatch (PUT vs CALL). Hard reject — no entry.
2026-08-13 20:41:42,281 - INFO - EMIT crude_orderflow_signal: NO TRADE | HTF mismatch (PUT vs CALL) — hard reject
2026-08-13 20:41:43,368 - INFO - \U0001f534 HTF mismatch (PUT vs CALL). Hard reject — no entry.
2026-08-13 20:41:43,369 - INFO - EMIT crude_orderflow_signal: NO TRADE | HTF mismatch (PUT vs CALL) — hard reject
2026-08-13 20:41:44,453 - INFO - \U0001f534 HTF mismatch (PUT vs CALL). Hard reject — no entry.
2026-08-13 20:41:44,456 - INFO - EMIT crude_orderflow_signal: NO TRADE | HTF mismatch (PUT vs CALL) — hard reject
2026-08-13 20:41:45,542 - INFO - \U0001f534 HTF mismatch (PUT vs CALL). Hard reject — no entry.
2026-08-13 20:41:45,542 - INFO - EMIT crude_orderflow_signal: NO TRADE | HTF mismatch (PUT vs CALL) — hard reject
2026-08-13 20:41:46,631 - INFO - \U0001f534 HTF mismatch (PUT vs CALL). Hard reject — no entry.
2026-08-13 20:41:46,633 - INFO - EMIT crude_orderflow_signal: NO TRADE | HTF mismatch (PUT vs CALL) — hard reject
2026-08-13 20:41:47,717 - INFO - \U0001f534 HTF mismatch (PUT vs CALL). Hard reject — no entry.
2026-08-13 20:41:47,718 - INFO - EMIT crude_orderflow_signal: NO TRADE | HTF mismatch (PUT vs CALL) — hard reject
2026-08-13 20:41:48,801 - INFO - \U0001f534 HTF mismatch (PUT vs CALL). Hard reject — no entry.
2026-08-13 20:41:48,801 - INFO - EMIT crude_orderflow_signal: NO TRADE | HTF mismatch (PUT vs CALL) — hard reject
2026-08-13 20:41:49,898 - INFO - \U0001f534 HTF mismatch (PUT vs CALL). Hard reject — no entry.
2026-08-13 20:41:49,898 - INFO - EMIT crude_orderflow_signal: NO TRADE | HTF mismatch (PUT vs CALL) — hard reject
2026-08-13 20:41:50,983 - INFO - \U0001f534 HTF mismatch (PUT vs CALL). Hard reject — no entry.
2026-08-13 20:41:50,986 - INFO - EMIT crude_orderflow_signal: NO TRADE | HTF mismatch (PUT vs CALL) — hard reject
2026-08-13 20:41:52,074 - INFO - \U0001f534 HTF mismatch (PUT vs CALL). Hard reject — no entry.
2026-08-13 20:41:52,074 - INFO - EMIT crude_orderflow_signal: NO TRADE | HTF mismatch (PUT vs CALL) — hard reject
2026-08-13 20:41:53,168 - INFO - \U0001f534 HTF mismatch (PUT vs CALL). Hard reject — no entry.
2026-08-13 20:41:53,168 - INFO - EMIT crude_orderflow_signal: NO TRADE | HTF mismatch (PUT vs CALL) — hard reject
2026-08-13 20:41:54,257 - INFO - \U0001f534 HTF mismatch (PUT vs CALL). Hard reject — no entry.
2026-08-13 20:41:54,260 - INFO - EMIT crude_orderflow_signal: NO TRADE | HTF mismatch (PUT vs CALL) — hard reject
2026-08-13 20:41:55,345 - INFO - \U0001f534 HTF mismatch (PUT vs CALL). Hard reject — no entry.
2026-08-13 20:41:55,347 - INFO - EMIT crude_orderflow_signal: NO TRADE | HTF mismatch (PUT vs CALL) — hard reject
2026-08-13 20:41:55,952 - INFO - EMIT crude_orderflow_signal: NO TRADE | HTF mismatch (PUT vs CALL) — hard reject
2026-08-13 20:41:56,440 - INFO - \U0001f534 HTF mismatch (PUT vs CALL). Hard reject — no entry.
2026-08-13 20:41:56,443 - INFO - EMIT crude_orderflow_signal: NO TRADE | HTF mismatch (PUT vs CALL) — hard reject
2026-08-13 20:41:57,524 - INFO - \U0001f534 HTF mismatch (PUT vs CALL). Hard reject — no entry.
2026-08-13 20:41:57,526 - INFO - EMIT crude_orderflow_signal: NO TRADE | HTF mismatch (PUT vs CALL) — hard reject
2026-08-13 20:41:58,610 - INFO - \U0001f534 HTF mismatch (PUT vs CALL). Hard reject — no entry.
2026-08-13 20:41:58,610 - INFO - EMIT crude_orderflow_signal: NO TRADE | HTF mismatch (PUT vs CALL) — hard reject
2026-08-13 20:41:59,704 - INFO - \U0001f534 HTF mismatch (PUT vs CALL). Hard reject — no entry.
2026-08-13 20:41:59,704 - INFO - EMIT crude_orderflow_signal: NO TRADE | HTF mismatch (PUT vs CALL) — hard reject
2026-08-13 20:42:00,793 - INFO - \U0001f534 HTF mismatch (PUT vs CALL). Hard reject — no entry.
2026-08-13 20:42:00,793 - INFO - EMIT crude_orderflow_signal: NO TRADE | HTF mismatch (PUT vs CALL) — hard reject
2026-08-13 20:42:01,884 - INFO - \U0001f534 HTF mismatch (PUT vs CALL). Hard reject — no entry.
2026-08-13 20:42:01,884 - INFO - EMIT crude_orderflow_signal: NO TRADE | HTF mismatch (PUT vs CALL) — hard reject
2026-08-13 20:42:02,964 - INFO - \U0001f534 HTF mismatch (PUT vs CALL). Hard reject — no entry.
2026-08-13 20:42:02,964 - INFO - EMIT crude_orderflow_signal: NO TRADE | HTF mismatch (PUT vs CALL) — hard reject
2026-08-13 20:42:04,051 - INFO - \U0001f534 HTF mismatch (PUT vs CALL). Hard reject — no entry.
2026-08-13 20:42:04,051 - INFO - EMIT crude_orderflow_signal: NO TRADE | HTF mismatch (PUT vs CALL) — hard reject
2026-08-13 20:42:05,140 - INFO - \U0001f534 HTF mismatch (PUT vs CALL). Hard reject — no entry.
2026-08-13 20:42:05,140 - INFO - EMIT crude_orderflow_signal: NO TRADE | HTF mismatch (PUT vs CALL) — hard reject
2026-08-13 20:42:06,227 - INFO - \U0001f534 HTF mismatch (PUT vs CALL). Hard reject — no entry.
2026-08-13 20:42:06,227 - INFO - EMIT crude_orderflow_signal: NO TRADE | HTF mismatch (PUT vs CALL) — hard reject
2026-08-13 20:42:07,315 - INFO - \U0001f534 HTF mismatch (PUT vs CALL). Hard reject — no entry.
2026-08-13 20:42:07,315 - INFO - EMIT crude_orderflow_signal: NO TRADE | HTF mismatch (PUT vs CALL) — hard reject
2026-08-13 20:42:08,397 - INFO - \U0001f534 HTF mismatch (PUT vs CALL). Hard reject — no entry.
2026-08-13 20:42:08,399 - INFO - EMIT crude_orderflow_signal: NO TRADE | HTF mismatch (PUT vs CALL) — hard reject
2026-08-13 20:42:09,482 - INFO - \U0001f534 HTF mismatch (PUT vs CALL). Hard reject — no entry.
2026-08-13 20:42:09,485 - INFO - EMIT crude_orderflow_signal: NO TRADE | HTF mismatch (PUT vs CALL) — hard reject
2026-08-13 20:42:10,582 - INFO - \U0001f534 HTF mismatch (PUT vs CALL). Hard reject — no entry.
2026-08-13 20:42:10,585 - INFO - EMIT crude_orderflow_signal: NO TRADE | HTF mismatch (PUT vs CALL) — hard reject
2026-08-13 20:42:11,668 - INFO - \U0001f534 HTF mismatch (PUT vs CALL). Hard reject — no entry.
2026-08-13 20:42:11,670 - INFO - EMIT crude_orderflow_signal: NO TRADE | HTF mismatch (PUT vs CALL) — hard reject
2026-08-13 20:42:12,757 - INFO - \U0001f534 HTF mismatch (PUT vs CALL). Hard reject — no entry.
2026-08-13 20:42:12,757 - INFO - EMIT crude_orderflow_signal: NO TRADE | HTF mismatch (PUT vs CALL) — hard reject
2026-08-13 20:42:13,843 - INFO - \U0001f534 HTF mismatch (PUT vs CALL). Hard reject — no entry.
2026-08-13 20:42:13,846 - INFO - EMIT crude_orderflow_signal: NO TRADE | HTF mismatch (PUT vs CALL) — hard reject
2026-08-13 20:42:14,930 - INFO - \U0001f534 HTF mismatch (PUT vs CALL). Hard reject — no entry.
2026-08-13 20:42:14,932 - INFO - EMIT crude_orderflow_signal: NO TRADE | HTF mismatch (PUT vs CALL) — hard reject
2026-08-13 20:42:16,042 - INFO - \U0001f534 HTF mismatch (PUT vs CALL). Hard reject — no entry.
2026-08-13 20:42:16,042 - INFO - EMIT crude_orderflow_signal: NO TRADE | HTF mismatch (PUT vs CALL) — hard reject
2026-08-13 20:42:17,137 - INFO - \U0001f534 HTF mismatch (PUT vs CALL). Hard reject — no entry.
2026-08-13 20:42:17,137 - INFO - EMIT crude_orderflow_signal: NO TRADE | HTF mismatch (PUT vs CALL) — hard reject
2026-08-13 20:42:18,222 - INFO - \U0001f534 HTF mismatch (PUT vs CALL). Hard reject — no entry.
2026-08-13 20:42:18,222 - INFO - EMIT crude_orderflow_signal: NO TRADE | HTF mismatch (PUT vs CALL) — hard reject
2026-08-13 20:42:19,313 - INFO - \U0001f534 HTF mismatch (PUT vs CALL). Hard reject — no entry.
2026-08-13 20:42:19,315 - INFO - EMIT crude_orderflow_signal: NO TRADE | HTF mismatch (PUT vs CALL) — hard reject
2026-08-13 20:42:20,404 - INFO - \U0001f534 HTF mismatch (PUT vs CALL). Hard reject — no entry.
2026-08-13 20:42:20,407 - INFO - EMIT crude_orderflow_signal: NO TRADE | HTF mismatch (PUT vs CALL) — hard reject
2026-08-13 20:42:21,495 - INFO - \U0001f534 HTF mismatch (PUT vs CALL). Hard reject — no entry.
2026-08-13 20:42:21,495 - INFO - EMIT crude_orderflow_signal: NO TRADE | HTF mismatch (PUT vs CALL) — hard reject
2026-08-13 20:42:22,579 - INFO - \U0001f534 HTF mismatch (PUT vs CALL). Hard reject — no entry.
2026-08-13 20:42:22,579 - INFO - EMIT crude_orderflow_signal: NO TRADE | HTF mismatch (PUT vs CALL) — hard reject
2026-08-13 20:42:23,659 - INFO - \U0001f534 HTF mismatch (PUT vs CALL). Hard reject — no entry.
2026-08-13 20:42:23,659 - INFO - EMIT crude_orderflow_signal: NO TRADE | HTF mismatch (PUT vs CALL) — hard reject
2026-08-13 20:42:24,753 - INFO - \U0001f534 HTF mismatch (PUT vs CALL). Hard reject — no entry.
2026-08-13 20:42:24,755 - INFO - EMIT crude_orderflow_signal: NO TRADE | HTF mismatch (PUT vs CALL) — hard reject
2026-08-13 20:42:25,842 - INFO - \U0001f534 HTF mismatch (PUT vs CALL). Hard reject — no entry.
2026-08-13 20:42:25,842 - INFO - EMIT crude_orderflow_signal: NO TRADE | HTF mismatch (PUT vs CALL) — hard reject
2026-08-13 20:42:26,929 - INFO - \U0001f534 HTF mismatch (PUT vs CALL). Hard reject — no entry.
2026-08-13 20:42:26,932 - INFO - EMIT crude_orderflow_signal: NO TRADE | HTF mismatch (PUT vs CALL) — hard reject
2026-08-13 20:42:28,024 - INFO - \U0001f534 HTF mismatch (PUT vs CALL). Hard reject — no entry.
2026-08-13 20:42:28,024 - INFO - EMIT crude_orderflow_signal: NO TRADE | HTF mismatch (PUT vs CALL) — hard reject
2026-08-13 20:42:29,128 - INFO - \U0001f534 HTF mismatch (PUT vs CALL). Hard reject — no entry.
2026-08-13 20:42:29,129 - INFO - EMIT crude_orderflow_signal: NO TRADE | HTF mismatch (PUT vs CALL) — hard reject
2026-08-13 20:42:30,213 - INFO - \U0001f534 HTF mismatch (PUT vs CALL). Hard reject — no entry.
2026-08-13 20:42:30,216 - INFO - EMIT crude_orderflow_signal: NO TRADE | HTF mismatch (PUT vs CALL) — hard reject
2026-08-13 20:42:31,314 - INFO - \U0001f534 HTF mismatch (PUT vs CALL). Hard reject — no entry.
2026-08-13 20:42:31,316 - INFO - EMIT crude_orderflow_signal: NO TRADE | HTF mismatch (PUT vs CALL) — hard reject
2026-08-13 20:42:32,402 - INFO - \U0001f534 HTF mismatch (PUT vs CALL). Hard reject — no entry.
2026-08-13 20:42:32,402 - INFO - EMIT crude_orderflow_signal: NO TRADE | HTF mismatch (PUT vs CALL) — hard reject
2026-08-13 20:42:33,493 - INFO - \U0001f534 HTF mismatch (PUT vs CALL). Hard reject — no entry.
2026-08-13 20:42:33,496 - INFO - EMIT crude_orderflow_signal: NO TRADE | HTF mismatch (PUT vs CALL) — hard reject
2026-08-13 20:42:34,814 - INFO - \U0001f534 HTF mismatch (PUT vs CALL). Hard reject — no entry.
2026-08-13 20:42:34,814 - INFO - EMIT crude_orderflow_signal: NO TRADE | HTF mismatch (PUT vs CALL) — hard reject
2026-08-13 20:42:35,913 - INFO - \U0001f534 HTF mismatch (PUT vs CALL). Hard reject — no entry.
2026-08-13 20:42:35,915 - INFO - EMIT crude_orderflow_signal: NO TRADE | HTF mismatch (PUT vs CALL) — hard reject
2026-08-13 20:42:37,011 - INFO - \U0001f534 HTF mismatch (PUT vs CALL). Hard reject — no entry.
2026-08-13 20:42:37,011 - INFO - EMIT crude_orderflow_signal: NO TRADE | HTF mismatch (PUT vs CALL) — hard reject
2026-08-13 20:42:38,098 - INFO - \U0001f534 HTF mismatch (PUT vs CALL). Hard reject — no entry.
2026-08-13 20:42:38,098 - INFO - EMIT crude_orderflow_signal: NO TRADE | HTF mismatch (PUT vs CALL) — hard reject
2026-08-13 20:42:39,181 - INFO - \U0001f534 HTF mismatch (PUT vs CALL). Hard reject — no entry.
2026-08-13 20:42:39,181 - INFO - EMIT crude_orderflow_signal: NO TRADE | HTF mismatch (PUT vs CALL) — hard reject
2026-08-13 20:42:40,299 - INFO - \U0001f534 HTF mismatch (PUT vs CALL). Hard reject — no entry.
2026-08-13 20:42:40,299 - INFO - EMIT crude_orderflow_signal: NO TRADE | HTF mismatch (PUT vs CALL) — hard reject
2026-08-13 20:42:41,394 - INFO - \U0001f534 HTF mismatch (PUT vs CALL). Hard reject — no entry.
2026-08-13 20:42:41,394 - INFO - EMIT crude_orderflow_signal: NO TRADE | HTF mismatch (PUT vs CALL) — hard reject
2026-08-13 20:42:42,476 - INFO - \U0001f534 HTF mismatch (PUT vs CALL). Hard reject — no entry.
2026-08-13 20:42:42,476 - INFO - EMIT crude_orderflow_signal: NO TRADE | HTF mismatch (PUT vs CALL) — hard reject
2026-08-13 20:42:43,566 - INFO - \U0001f534 HTF mismatch (PUT vs CALL). Hard reject — no entry.
2026-08-13 20:42:43,569 - INFO - EMIT crude_orderflow_signal: NO TRADE | HTF mismatch (PUT vs CALL) — hard reject
2026-08-13 20:42:44,661 - INFO - \U0001f534 HTF mismatch (PUT vs CALL). Hard reject — no entry.
2026-08-13 20:42:44,663 - INFO - EMIT crude_orderflow_signal: NO TRADE | HTF mismatch (PUT vs CALL) — hard reject
2026-08-13 20:42:45,754 - INFO - \U0001f534 HTF mismatch (PUT vs CALL). Hard reject — no entry.
2026-08-13 20:42:45,756 - INFO - EMIT crude_orderflow_signal: NO TRADE | HTF mismatch (PUT vs CALL) — hard reject
2026-08-13 20:42:46,842 - INFO - \U0001f534 HTF mismatch (PUT vs CALL). Hard reject — no entry.
2026-08-13 20:42:46,842 - INFO - EMIT crude_orderflow_signal: NO TRADE | HTF mismatch (PUT vs CALL) — hard reject
2026-08-13 20:42:47,941 - INFO - \U0001f534 HTF mismatch (PUT vs CALL). Hard reject — no entry.
2026-08-13 20:42:47,941 - INFO - EMIT crude_orderflow_signal: NO TRADE | HTF mismatch (PUT vs CALL) — hard reject
2026-08-13 20:42:49,026 - INFO - \U0001f534 HTF mismatch (PUT vs CALL). Hard reject — no entry.
2026-08-13 20:42:49,029 - INFO - EMIT crude_orderflow_signal: NO TRADE | HTF mismatch (PUT vs CALL) — hard reject
2026-08-13 20:42:50,119 - INFO - \U0001f534 HTF mismatch (PUT vs CALL). Hard reject — no entry.
2026-08-13 20:42:50,119 - INFO - EMIT crude_orderflow_signal: NO TRADE | HTF mismatch (PUT vs CALL) — hard reject
2026-08-13 20:42:51,214 - INFO - \U0001f534 HTF mismatch (PUT vs CALL). Hard reject — no entry.
2026-08-13 20:42:51,216 - INFO - EMIT crude_orderflow_signal: NO TRADE | HTF mismatch (PUT vs CALL) — hard reject
2026-08-13 20:42:52,334 - INFO - \U0001f534 HTF mismatch (PUT vs CALL). Hard reject — no entry.
2026-08-13 20:42:52,334 - INFO - EMIT crude_orderflow_signal: NO TRADE | HTF mismatch (PUT vs CALL) — hard reject
2026-08-13 20:42:53,420 - INFO - \U0001f534 HTF mismatch (PUT vs CALL). Hard reject — no entry.
2026-08-13 20:42:53,422 - INFO - EMIT crude_orderflow_signal: NO TRADE | HTF mismatch (PUT vs CALL) — hard reject
2026-08-13 20:42:54,502 - INFO - \U0001f534 HTF mismatch (PUT vs CALL). Hard reject — no entry.
2026-08-13 20:42:54,505 - INFO - EMIT crude_orderflow_signal: NO TRADE | HTF mismatch (PUT vs CALL) — hard reject
2026-08-13 20:42:55,590 - INFO - \U0001f534 HTF mismatch (PUT vs CALL). Hard reject — no entry.
2026-08-13 20:42:55,590 - INFO - EMIT crude_orderflow_signal: NO TRADE | HTF mismatch (PUT vs CALL) — hard reject
2026-08-13 20:42:55,950 - INFO - EMIT crude_orderflow_signal: NO TRADE | HTF mismatch (PUT vs CALL) — hard reject
2026-08-13 20:42:56,676 - INFO - \U0001f534 HTF mismatch (PUT vs CALL). Hard reject — no entry.
2026-08-13 20:42:56,677 - INFO - EMIT crude_orderflow_signal: NO TRADE | HTF mismatch (PUT vs CALL) — hard reject
2026-08-13 20:42:57,770 - INFO - \U0001f534 HTF mismatch (PUT vs CALL). Hard reject — no entry.
2026-08-13 20:42:57,771 - INFO - EMIT crude_orderflow_signal: NO TRADE | HTF mismatch (PUT vs CALL) — hard reject
2026-08-13 20:42:58,858 - INFO - \U0001f534 HTF mismatch (PUT vs CALL). Hard reject — no entry.
2026-08-13 20:42:58,858 - INFO - EMIT crude_orderflow_signal: NO TRADE | HTF mismatch (PUT vs CALL) — hard reject
2026-08-13 20:42:59,953 - INFO - \U0001f534 HTF mismatch (PUT vs CALL). Hard reject — no entry.
2026-08-13 20:42:59,953 - INFO - EMIT crude_orderflow_signal: NO TRADE | HTF mismatch (PUT vs CALL) — hard reject
2026-08-13 20:43:01,041 - INFO - \U0001f534 HTF mismatch (PUT vs CALL). Hard reject — no entry.
2026-08-13 20:43:01,043 - INFO - EMIT crude_orderflow_signal: NO TRADE | HTF mismatch (PUT vs CALL) — hard reject
2026-08-13 20:43:02,131 - INFO - \U0001f534 HTF mismatch (PUT vs CALL). Hard reject — no entry.
2026-08-13 20:43:02,131 - INFO - EMIT crude_orderflow_signal: NO TRADE | HTF mismatch (PUT vs CALL) — hard reject
2026-08-13 20:43:03,223 - INFO - \U0001f534 HTF mismatch (PUT vs CALL). Hard reject — no entry.
2026-08-13 20:43:03,225 - INFO - EMIT crude_orderflow_signal: NO TRADE | HTF mismatch (PUT vs CALL) — hard reject
2026-08-13 20:43:04,348 - INFO - \U0001f534 HTF mismatch (PUT vs CALL). Hard reject — no entry.
2026-08-13 20:43:04,348 - INFO - EMIT crude_orderflow_signal: NO TRADE | HTF mismatch (PUT vs CALL) — hard reject
2026-08-13 20:43:05,432 - INFO - \U0001f534 HTF mismatch (PUT vs CALL). Hard reject — no entry.
2026-08-13 20:43:05,435 - INFO - EMIT crude_orderflow_signal: NO TRADE | HTF mismatch (PUT vs CALL) — hard reject
2026-08-13 20:43:06,522 - INFO - \U0001f534 HTF mismatch (PUT vs CALL). Hard reject — no entry.
2026-08-13 20:43:06,524 - INFO - EMIT crude_orderflow_signal: NO TRADE | HTF mismatch (PUT vs CALL) — hard reject
2026-08-13 20:43:07,613 - INFO - \U0001f534 HTF mismatch (PUT vs CALL). Hard reject — no entry.
2026-08-13 20:43:07,613 - INFO - EMIT crude_orderflow_signal: NO TRADE | HTF mismatch (PUT vs CALL) — hard reject
2026-08-13 20:43:08,702 - INFO - \U0001f534 HTF mismatch (PUT vs CALL). Hard reject — no entry.
2026-08-13 20:43:08,702 - INFO - EMIT crude_orderflow_signal: NO TRADE | HTF mismatch (PUT vs CALL) — hard reject
2026-08-13 20:43:09,793 - INFO - \U0001f534 HTF mismatch (PUT vs CALL). Hard reject — no entry.
2026-08-13 20:43:09,793 - INFO - EMIT crude_orderflow_signal: NO TRADE | HTF mismatch (PUT vs CALL) — hard reject
2026-08-13 20:43:10,887 - INFO - \U0001f534 HTF mismatch (PUT vs CALL). Hard reject — no entry.
2026-08-13 20:43:10,887 - INFO - EMIT crude_orderflow_signal: NO TRADE | HTF mismatch (PUT vs CALL) — hard reject
2026-08-13 20:43:11,978 - INFO - \U0001f534 HTF mismatch (PUT vs CALL). Hard reject — no entry.
2026-08-13 20:43:11,981 - INFO - EMIT crude_orderflow_signal: NO TRADE | HTF mismatch (PUT vs CALL) — hard reject
2026-08-13 20:43:13,065 - INFO - \U0001f534 HTF mismatch (PUT vs CALL). Hard reject — no entry.
2026-08-13 20:43:13,068 - INFO - EMIT crude_orderflow_signal: NO TRADE | HTF mismatch (PUT vs CALL) — hard reject
2026-08-13 20:43:14,161 - INFO - \U0001f534 HTF mismatch (PUT vs CALL). Hard reject — no entry.
2026-08-13 20:43:14,161 - INFO - EMIT crude_orderflow_signal: NO TRADE | HTF mismatch (PUT vs CALL) — hard reject
2026-08-13 20:43:15,252 - INFO - \U0001f534 HTF mismatch (PUT vs CALL). Hard reject — no entry.
2026-08-13 20:43:15,252 - INFO - EMIT crude_orderflow_signal: NO TRADE | HTF mismatch (PUT vs CALL) — hard reject
2026-08-13 20:43:16,347 - INFO - \U0001f534 HTF mismatch (PUT vs CALL). Hard reject — no entry.
2026-08-13 20:43:16,349 - INFO - EMIT crude_orderflow_signal: NO TRADE | HTF mismatch (PUT vs CALL) — hard reject
2026-08-13 20:43:17,431 - INFO - \U0001f534 HTF mismatch (PUT vs CALL). Hard reject — no entry.
2026-08-13 20:43:17,431 - INFO - EMIT crude_orderflow_signal: NO TRADE | HTF mismatch (PUT vs CALL) — hard reject
2026-08-13 20:43:18,517 - INFO - \U0001f534 HTF mismatch (PUT vs CALL). Hard reject — no entry.
2026-08-13 20:43:18,519 - INFO - EMIT crude_orderflow_signal: NO TRADE | HTF mismatch (PUT vs CALL) — hard reject
2026-08-13 20:43:19,610 - INFO - \U0001f534 HTF mismatch (PUT vs CALL). Hard reject — no entry.
2026-08-13 20:43:19,610 - INFO - EMIT crude_orderflow_signal: NO TRADE | HTF mismatch (PUT vs CALL) — hard reject
2026-08-13 20:43:20,697 - INFO - \U0001f534 HTF mismatch (PUT vs CALL). Hard reject — no entry.
2026-08-13 20:43:20,699 - INFO - EMIT crude_orderflow_signal: NO TRADE | HTF mismatch (PUT vs CALL) — hard reject
2026-08-13 20:43:21,801 - INFO - \U0001f534 HTF mismatch (PUT vs CALL). Hard reject — no entry.
2026-08-13 20:43:21,803 - INFO - EMIT crude_orderflow_signal: NO TRADE | HTF mismatch (PUT vs CALL) — hard reject
2026-08-13 20:43:22,888 - INFO - \U0001f534 HTF mismatch (PUT vs CALL). Hard reject — no entry.
2026-08-13 20:43:22,888 - INFO - EMIT crude_orderflow_signal: NO TRADE | HTF mismatch (PUT vs CALL) — hard reject
2026-08-13 20:43:23,976 - INFO - \U0001f534 HTF mismatch (PUT vs CALL). Hard reject — no entry.
2026-08-13 20:43:23,979 - INFO - EMIT crude_orderflow_signal: NO TRADE | HTF mismatch (PUT vs CALL) — hard reject
2026-08-13 20:43:25,060 - INFO - \U0001f534 HTF mismatch (PUT vs CALL). Hard reject — no entry.
2026-08-13 20:43:25,063 - INFO - EMIT crude_orderflow_signal: NO TRADE | HTF mismatch (PUT vs CALL) — hard reject
2026-08-13 20:43:26,158 - INFO - \U0001f534 HTF mismatch (PUT vs CALL). Hard reject — no entry.
2026-08-13 20:43:26,158 - INFO - EMIT crude_orderflow_signal: NO TRADE | HTF mismatch (PUT vs CALL) — hard reject
2026-08-13 20:43:27,243 - INFO - \U0001f534 HTF mismatch (PUT vs CALL). Hard reject — no entry.
2026-08-13 20:43:27,243 - INFO - EMIT crude_orderflow_signal: NO TRADE | HTF mismatch (PUT vs CALL) — hard reject
2026-08-13 20:43:28,332 - INFO - \U0001f534 HTF mismatch (PUT vs CALL). Hard reject — no entry.
2026-08-13 20:43:28,332 - INFO - EMIT crude_orderflow_signal: NO TRADE | HTF mismatch (PUT vs CALL) — hard reject
2026-08-13 20:43:29,440 - INFO - \U0001f534 HTF mismatch (PUT vs CALL). Hard reject — no entry.
2026-08-13 20:43:29,440 - INFO - EMIT crude_orderflow_signal: NO TRADE | HTF mismatch (PUT vs CALL) — hard reject
2026-08-13 20:43:30,529 - INFO - \U0001f534 HTF mismatch (PUT vs CALL). Hard reject — no entry.
2026-08-13 20:43:30,529 - INFO - EMIT crude_orderflow_signal: NO TRADE | HTF mismatch (PUT vs CALL) — hard reject
2026-08-13 20:43:31,624 - INFO - \U0001f534 HTF mismatch (PUT vs CALL). Hard reject — no entry.
2026-08-13 20:43:31,626 - INFO - EMIT crude_orderflow_signal: NO TRADE | HTF mismatch (PUT vs CALL) — hard reject
2026-08-13 20:43:32,737 - INFO - \U0001f534 HTF mismatch (PUT vs CALL). Hard reject — no entry.
2026-08-13 20:43:32,737 - INFO - EMIT crude_orderflow_signal: NO TRADE | HTF mismatch (PUT vs CALL) — hard reject
2026-08-13 20:43:33,828 - INFO - \U0001f534 HTF mismatch (PUT vs CALL). Hard reject — no entry.
2026-08-13 20:43:33,828 - INFO - EMIT crude_orderflow_signal: NO TRADE | HTF mismatch (PUT vs CALL) — hard reject
2026-08-13 20:43:34,911 - INFO - \U0001f534 HTF mismatch (PUT vs CALL). Hard reject — no entry.
2026-08-13 20:43:34,911 - INFO - EMIT crude_orderflow_signal: NO TRADE | HTF mismatch (PUT vs CALL) — hard reject
2026-08-13 20:43:35,999 - INFO - \U0001f534 HTF mismatch (PUT vs CALL). Hard reject — no entry.
2026-08-13 20:43:36,002 - INFO - EMIT crude_orderflow_signal: NO TRADE | HTF mismatch (PUT vs CALL) — hard reject
2026-08-13 20:43:37,084 - INFO - \U0001f534 HTF mismatch (PUT vs CALL). Hard reject — no entry.
2026-08-13 20:43:37,085 - INFO - EMIT crude_orderflow_signal: NO TRADE | HTF mismatch (PUT vs CALL) — hard reject
2026-08-13 20:43:38,171 - INFO - \U0001f534 HTF mismatch (PUT vs CALL). Hard reject — no entry.
2026-08-13 20:43:38,171 - INFO - EMIT crude_orderflow_signal: NO TRADE | HTF mismatch (PUT vs CALL) — hard reject
2026-08-13 20:43:39,277 - INFO - \U0001f534 HTF mismatch (PUT vs CALL). Hard reject — no entry.
2026-08-13 20:43:39,279 - INFO - EMIT crude_orderflow_signal: NO TRADE | HTF mismatch (PUT vs CALL) — hard reject
2026-08-13 20:43:40,377 - INFO - \U0001f534 HTF mismatch (PUT vs CALL). Hard reject — no entry.
2026-08-13 20:43:40,379 - INFO - EMIT crude_orderflow_signal: NO TRADE | HTF mismatch (PUT vs CALL) — hard reject
2026-08-13 20:43:41,469 - INFO - \U0001f534 HTF mismatch (PUT vs CALL). Hard reject — no entry.
2026-08-13 20:43:41,469 - INFO - EMIT crude_orderflow_signal: NO TRADE | HTF mismatch (PUT vs CALL) — hard reject
2026-08-13 20:43:42,558 - INFO - \U0001f534 HTF mismatch (PUT vs CALL). Hard reject — no entry.
2026-08-13 20:43:42,560 - INFO - EMIT crude_orderflow_signal: NO TRADE | HTF mismatch (PUT vs CALL) — hard reject
2026-08-13 20:43:43,654 - INFO - \U0001f534 HTF mismatch (PUT vs CALL). Hard reject — no entry.
2026-08-13 20:43:43,656 - INFO - EMIT crude_orderflow_signal: NO TRADE | HTF mismatch (PUT vs CALL) — hard reject
2026-08-13 20:43:44,754 - INFO - \U0001f534 HTF mismatch (PUT vs CALL). Hard reject — no entry.
2026-08-13 20:43:44,754 - INFO - EMIT crude_orderflow_signal: NO TRADE | HTF mismatch (PUT vs CALL) — hard reject
2026-08-13 20:43:45,842 - INFO - \U0001f534 HTF mismatch (PUT vs CALL). Hard reject — no entry.
2026-08-13 20:43:45,842 - INFO - EMIT crude_orderflow_signal: NO TRADE | HTF mismatch (PUT vs CALL) — hard reject
2026-08-13 20:43:46,933 - INFO - \U0001f534 HTF mismatch (PUT vs CALL). Hard reject — no entry.
2026-08-13 20:43:46,934 - INFO - EMIT crude_orderflow_signal: NO TRADE | HTF mismatch (PUT vs CALL) — hard reject
2026-08-13 20:43:48,016 - INFO - \U0001f534 HTF mismatch (PUT vs CALL). Hard reject — no entry.
2026-08-13 20:43:48,016 - INFO - EMIT crude_orderflow_signal: NO TRADE | HTF mismatch (PUT vs CALL) — hard reject
2026-08-13 20:43:49,124 - INFO - \U0001f534 HTF mismatch (PUT vs CALL). Hard reject — no entry.
2026-08-13 20:43:49,124 - INFO - EMIT crude_orderflow_signal: NO TRADE | HTF mismatch (PUT vs CALL) — hard reject
2026-08-13 20:43:50,252 - INFO - \U0001f534 HTF mismatch (PUT vs CALL). Hard reject — no entry.
2026-08-13 20:43:50,252 - INFO - EMIT crude_orderflow_signal: NO TRADE | HTF mismatch (PUT vs CALL) — hard reject
2026-08-13 20:43:51,315 - INFO - [SIM] STOP LOSS — SL HIT (\u20b916) — PnL: \u20b9-1590 | Daily: \u20b9-1040 | R: -1.01
2026-08-13 20:43:51,391 - INFO - EMIT crude_orderflow_signal: EXIT — STOP LOSS | SL hit | PnL: \u20b9-1590
2026-08-13 20:43:55,948 - INFO - EMIT crude_orderflow_signal: EXIT — STOP LOSS | SL hit | PnL: \u20b9-1590
2026-08-13 20:44:51,392 - INFO - EMIT crude_orderflow_signal: NO TRADE | Cooldown (239s remaining)
2026-08-13 20:44:55,945 - INFO - EMIT crude_orderflow_signal: NO TRADE | Cooldown (239s remaining)
2026-08-13 20:45:51,391 - INFO - EMIT crude_orderflow_signal: NO TRADE | Cooldown (179s remaining)
2026-08-13 20:45:55,945 - INFO - EMIT crude_orderflow_signal: NO TRADE | Cooldown (179s remaining)
2026-08-13 20:46:51,391 - INFO - EMIT crude_orderflow_signal: NO TRADE | Cooldown (119s remaining)
2026-08-13 20:46:55,942 - INFO - EMIT crude_orderflow_signal: NO TRADE | Cooldown (119s remaining)
2026-08-13 20:47:51,391 - INFO - EMIT crude_orderflow_signal: NO TRADE | Cooldown (59s remaining)
2026-08-13 20:47:55,941 - INFO - EMIT crude_orderflow_signal: NO TRADE | Cooldown (59s remaining)
2026-08-13 20:48:51,508 - INFO - EMIT crude_orderflow_signal: NO TRADE | Entry Score 50
2026-08-13 20:48:55,940 - INFO - EMIT crude_orderflow_signal: NO TRADE | Entry Score 50
2026-08-13 20:49:51,559 - INFO - EMIT crude_orderflow_signal: NO TRADE | Entry Score 50
2026-08-13 20:49:55,938 - INFO - EMIT crude_orderflow_signal: NO TRADE | Entry Score 50
2026-08-13 20:50:51,644 - INFO - EMIT crude_orderflow_signal: NO TRADE | Entry Score 50
2026-08-13 20:50:55,936 - INFO - EMIT crude_orderflow_signal: NO TRADE | Entry Score 50
2026-08-13 20:51:51,690 - INFO - EMIT crude_orderflow_signal: NO TRADE | Entry Score 50
2026-08-13 20:51:55,934 - INFO - EMIT crude_orderflow_signal: NO TRADE | Entry Score 50
2026-08-13 20:52:51,771 - INFO - EMIT crude_orderflow_signal: NO TRADE | Entry Score 50
2026-08-13 20:52:55,932 - INFO - EMIT crude_orderflow_signal: NO TRADE | Entry Score 50
2026-08-13 20:53:51,842 - INFO - EMIT crude_orderflow_signal: NO TRADE | Entry Score 50
2026-08-13 20:53:55,931 - INFO - EMIT crude_orderflow_signal: NO TRADE | Entry Score 50
2026-08-13 20:54:51,918 - INFO - EMIT crude_orderflow_signal: NO TRADE | Entry Score 50
2026-08-13 20:54:55,929 - INFO - EMIT crude_orderflow_signal: NO TRADE | Entry Score 50
2026-08-13 20:55:51,961 - INFO - EMIT crude_orderflow_signal: NO TRADE | Entry Score 50
2026-08-13 20:55:55,930 - INFO - EMIT crude_orderflow_signal: NO TRADE | Entry Score 50
2026-08-13 20:56:52,056 - INFO - EMIT crude_orderflow_signal: NO TRADE | Entry Score 55
2026-08-13 20:56:55,929 - INFO - EMIT crude_orderflow_signal: NO TRADE | Entry Score 55
2026-08-13 20:57:52,107 - INFO - EMIT crude_orderflow_signal: NO TRADE | Entry Score 55
2026-08-13 20:57:55,926 - INFO - EMIT crude_orderflow_signal: NO TRADE | Entry Score 55
2026-08-13 20:58:52,217 - INFO - EMIT crude_orderflow_signal: NO TRADE | Entry Score 50
2026-08-13 20:58:55,927 - INFO - EMIT crude_orderflow_signal: NO TRADE | Entry Score 50
2026-08-13 20:59:52,265 - INFO - EMIT crude_orderflow_signal: NO TRADE | Entry Score 50
2026-08-13 20:59:55,927 - INFO - EMIT crude_orderflow_signal: NO TRADE | Entry Score 50
2026-08-13 20:59:59,498 - INFO - 127.0.0.1 - - [13/Aug/2026 20:59:59] "GET /socket.io/?EIO=4&transport=websocket&sid=3PeKUDeT1s0EGVw_AAAC HTTP/1.1" 200 -
