2026-09-01 10:29:25,348 - INFO - [31m[1mWARNING: This is a development server. Do not use it in a production deployment. Use a production WSGI server instead.[0m
 * Running on all addresses (0.0.0.0)
 * Running on http://127.0.0.1:8063
 * Running on http://192.168.1.202:8063
2026-09-01 10:29:25,348 - INFO - [33mPress CTRL+C to quit[0m
2026-09-01 10:29:26,949 - WARNING - \u26a0\ufe0f Nifty spot/futures candle length mismatch — VWAP/key-levels falling back to spot candles (volume likely zero)
2026-09-01 10:29:26,949 - INFO - \u2705 [SIM] Resolved expiry: 2026-09-01
2026-09-01 10:29:27,079 - INFO - \u2691 weak_trend_flag would fire: adx=15.1, score=15, rvol=0
2026-09-01 10:29:27,109 - INFO - HTF sanity check: fut_instrument=NIFTY26SEPFUT, ht_candles_volume_sum=20821970
2026-09-01 10:29:27,109 - INFO - \U0001f534 HTF mismatch (CALL vs NEUTRAL). Hard reject — no entry.
2026-09-01 10:29:27,109 - INFO - EMIT nifty_orderflow_signal: NO TRADE | HTF mismatch (CALL vs NEUTRAL) — hard reject
2026-09-01 10:29:41,460 - INFO - 127.0.0.1 - - [01/Sep/2026 10:29:41] "GET / HTTP/1.1" 200 -
2026-09-01 10:29:41,516 - INFO - 127.0.0.1 - - [01/Sep/2026 10:29:41] "GET /socket.io/?EIO=4&transport=polling&t=Q1RLbn8 HTTP/1.1" 200 -
2026-09-01 10:29:41,692 - INFO - 127.0.0.1 - - [01/Sep/2026 10:29:41] "POST /socket.io/?EIO=4&transport=polling&t=Q1RLbpw&sid=-Dcodc5Ad1n2EGtKAAAA HTTP/1.1" 200 -
2026-09-01 10:29:42,015 - INFO - 127.0.0.1 - - [01/Sep/2026 10:29:42] "GET /socket.io/?EIO=4&transport=polling&t=Q1RLbq1&sid=-Dcodc5Ad1n2EGtKAAAA HTTP/1.1" 200 -
2026-09-01 10:29:42,039 - INFO - 127.0.0.1 - - [01/Sep/2026 10:29:42] "[33mGET /favicon.ico HTTP/1.1[0m" 404 -
2026-09-01 10:29:42,272 - INFO - 127.0.0.1 - - [01/Sep/2026 10:29:42] "GET /socket.io/?EIO=4&transport=polling&t=Q1RLbvK&sid=-Dcodc5Ad1n2EGtKAAAA HTTP/1.1" 200 -
2026-09-01 10:29:42,342 - INFO - EMIT nifty_orderflow_signal: NO TRADE | HTF mismatch (CALL vs NEUTRAL) — hard reject
2026-09-01 10:29:42,342 - INFO - 127.0.0.1 - - [01/Sep/2026 10:29:42] "POST /socket.io/?EIO=4&transport=polling&t=Q1RLbvQ&sid=-Dcodc5Ad1n2EGtKAAAA HTTP/1.1" 200 -
2026-09-01 10:29:42,342 - INFO - EMIT nifty_orderflow_signal: NO TRADE | HTF mismatch (CALL vs NEUTRAL) — hard reject
2026-09-01 10:30:12,139 - INFO - EMIT nifty_orderflow_signal: NO TRADE | HTF mismatch (CALL vs NEUTRAL) — hard reject
2026-09-01 10:30:27,212 - WARNING - \u26a0\ufe0f Nifty spot/futures candle length mismatch — VWAP/key-levels falling back to spot candles (volume likely zero)
2026-09-01 10:30:27,216 - INFO - \u2705 [SIM] Resolved expiry: 2026-09-01
2026-09-01 10:30:27,232 - INFO - \u2691 weak_trend_flag would fire: adx=15.1, score=15, rvol=2.86
2026-09-01 10:30:27,236 - INFO - HTF sanity check: fut_instrument=NIFTY26SEPFUT, ht_candles_volume_sum=20821970
2026-09-01 10:30:27,236 - INFO - \U0001f534 HTF mismatch (CALL vs NEUTRAL). Hard reject — no entry.
2026-09-01 10:30:27,236 - INFO - EMIT nifty_orderflow_signal: NO TRADE | HTF mismatch (CALL vs NEUTRAL) — hard reject
2026-09-01 10:30:41,523 - INFO - EMIT nifty_orderflow_signal: NO TRADE | HTF mismatch (CALL vs NEUTRAL) — hard reject
2026-09-01 10:31:11,796 - INFO - EMIT nifty_orderflow_signal: NO TRADE | HTF mismatch (CALL vs NEUTRAL) — hard reject
2026-09-01 10:31:27,442 - WARNING - \u26a0\ufe0f Nifty spot/futures candle length mismatch — VWAP/key-levels falling back to spot candles (volume likely zero)
2026-09-01 10:31:27,449 - INFO - \u2705 [SIM] Resolved expiry: 2026-09-01
2026-09-01 10:31:27,510 - INFO - \u2691 weak_trend_flag would fire: adx=15.2, score=15, rvol=0
2026-09-01 10:31:27,518 - INFO - HTF sanity check: fut_instrument=NIFTY26SEPFUT, ht_candles_volume_sum=20821970
2026-09-01 10:31:27,520 - INFO - \U0001f534 HTF mismatch (CALL vs NEUTRAL). Hard reject — no entry.
2026-09-01 10:31:27,523 - INFO - EMIT nifty_orderflow_signal: NO TRADE | HTF mismatch (CALL vs NEUTRAL) — hard reject
2026-09-01 10:31:42,133 - INFO - EMIT nifty_orderflow_signal: NO TRADE | HTF mismatch (CALL vs NEUTRAL) — hard reject
2026-09-01 10:32:12,134 - INFO - EMIT nifty_orderflow_signal: NO TRADE | HTF mismatch (CALL vs NEUTRAL) — hard reject
2026-09-01 10:32:27,614 - WARNING - \u26a0\ufe0f Nifty spot/futures candle length mismatch — VWAP/key-levels falling back to spot candles (volume likely zero)
2026-09-01 10:32:27,621 - INFO - \u2705 [SIM] Resolved expiry: 2026-09-01
2026-09-01 10:32:27,639 - INFO - \u2691 weak_trend_flag would fire: adx=15.2, score=15, rvol=0
2026-09-01 10:32:27,664 - INFO - HTF sanity check: fut_instrument=NIFTY26SEPFUT, ht_candles_volume_sum=20844460
2026-09-01 10:32:27,665 - INFO - \U0001f534 HTF mismatch (CALL vs NEUTRAL). Hard reject — no entry.
2026-09-01 10:32:27,666 - INFO - EMIT nifty_orderflow_signal: NO TRADE | HTF mismatch (CALL vs NEUTRAL) — hard reject
2026-09-01 10:32:42,133 - INFO - EMIT nifty_orderflow_signal: NO TRADE | HTF mismatch (CALL vs NEUTRAL) — hard reject
2026-09-01 10:33:12,133 - INFO - EMIT nifty_orderflow_signal: NO TRADE | HTF mismatch (CALL vs NEUTRAL) — hard reject
2026-09-01 10:33:27,809 - WARNING - \u26a0\ufe0f Nifty spot/futures candle length mismatch — VWAP/key-levels falling back to spot candles (volume likely zero)
2026-09-01 10:33:27,812 - INFO - \u2705 [SIM] Resolved expiry: 2026-09-01
2026-09-01 10:33:27,863 - INFO - \u2691 weak_trend_flag would fire: adx=15.3, score=15, rvol=3.56
2026-09-01 10:33:27,870 - INFO - HTF sanity check: fut_instrument=NIFTY26SEPFUT, ht_candles_volume_sum=20844460
2026-09-01 10:33:27,872 - INFO - \U0001f534 HTF mismatch (CALL vs NEUTRAL). Hard reject — no entry.
2026-09-01 10:33:27,874 - INFO - EMIT nifty_orderflow_signal: NO TRADE | HTF mismatch (CALL vs NEUTRAL) — hard reject
2026-09-01 10:33:50,134 - INFO - EMIT nifty_orderflow_signal: NO TRADE | HTF mismatch (CALL vs NEUTRAL) — hard reject
2026-09-01 10:34:27,995 - WARNING - \u26a0\ufe0f Nifty spot/futures candle length mismatch — VWAP/key-levels falling back to spot candles (volume likely zero)
2026-09-01 10:34:28,001 - INFO - \u2705 [SIM] Resolved expiry: 2026-09-01
2026-09-01 10:34:28,035 - INFO - \u2691 weak_trend_flag would fire: adx=15.3, score=30, rvol=8.15
2026-09-01 10:34:28,041 - INFO - HTF sanity check: fut_instrument=NIFTY26SEPFUT, ht_candles_volume_sum=20844460
2026-09-01 10:34:28,045 - INFO - EMIT nifty_orderflow_signal: NO TRADE | Entry Score 30 (gate 60, VIX 11.05)
2026-09-01 10:34:50,133 - INFO - EMIT nifty_orderflow_signal: NO TRADE | Entry Score 30 (gate 60, VIX 11.05)
2026-09-01 10:35:28,190 - WARNING - \u26a0\ufe0f Nifty spot/futures candle length mismatch — VWAP/key-levels falling back to spot candles (volume likely zero)
2026-09-01 10:35:28,196 - INFO - \u2705 [SIM] Resolved expiry: 2026-09-01
2026-09-01 10:35:28,242 - INFO - \u2691 weak_trend_flag would fire: adx=15.3, score=33, rvol=13.59
2026-09-01 10:35:28,271 - INFO - HTF sanity check: fut_instrument=NIFTY26SEPFUT, ht_candles_volume_sum=20862205
2026-09-01 10:35:28,273 - INFO - EMIT nifty_orderflow_signal: NO TRADE | Entry Score 33 (gate 60, VIX 11.03)
2026-09-01 10:35:50,134 - INFO - EMIT nifty_orderflow_signal: NO TRADE | Entry Score 33 (gate 60, VIX 11.03)
2026-09-01 10:36:28,369 - WARNING - \u26a0\ufe0f Nifty spot/futures candle length mismatch — VWAP/key-levels falling back to spot candles (volume likely zero)
2026-09-01 10:36:28,372 - INFO - \u2705 [SIM] Resolved expiry: 2026-09-01
2026-09-01 10:36:28,389 - INFO - \u2691 weak_trend_flag would fire: adx=15.3, score=30, rvol=0
2026-09-01 10:36:28,394 - INFO - HTF sanity check: fut_instrument=NIFTY26SEPFUT, ht_candles_volume_sum=20862205
2026-09-01 10:36:28,397 - INFO - EMIT nifty_orderflow_signal: NO TRADE | RVOL 0.13 below 0.5 floor
2026-09-01 10:36:50,133 - INFO - EMIT nifty_orderflow_signal: NO TRADE | RVOL 0.13 below 0.5 floor
2026-09-01 10:37:28,558 - WARNING - \u26a0\ufe0f Nifty spot/futures candle length mismatch — VWAP/key-levels falling back to spot candles (volume likely zero)
2026-09-01 10:37:28,565 - INFO - \u2705 [SIM] Resolved expiry: 2026-09-01
2026-09-01 10:37:28,625 - INFO - \u2691 weak_trend_flag would fire: adx=15.3, score=15, rvol=0
2026-09-01 10:37:28,632 - INFO - HTF sanity check: fut_instrument=NIFTY26SEPFUT, ht_candles_volume_sum=20862205
2026-09-01 10:37:28,635 - INFO - \U0001f534 HTF mismatch (CALL vs NEUTRAL). Hard reject — no entry.
2026-09-01 10:37:28,638 - INFO - EMIT nifty_orderflow_signal: NO TRADE | HTF mismatch (CALL vs NEUTRAL) — hard reject
2026-09-01 10:37:32,073 - INFO - EMIT nifty_orderflow_signal: NO TRADE | HTF mismatch (CALL vs NEUTRAL) — hard reject
2026-09-01 10:37:42,132 - INFO - EMIT nifty_orderflow_signal: NO TRADE | HTF mismatch (CALL vs NEUTRAL) — hard reject
2026-09-01 10:38:12,135 - INFO - EMIT nifty_orderflow_signal: NO TRADE | HTF mismatch (CALL vs NEUTRAL) — hard reject
2026-09-01 10:38:28,733 - WARNING - \u26a0\ufe0f Nifty spot/futures candle length mismatch — VWAP/key-levels falling back to spot candles (volume likely zero)
2026-09-01 10:38:28,739 - INFO - \u2705 [SIM] Resolved expiry: 2026-09-01
2026-09-01 10:38:28,756 - INFO - \u2691 weak_trend_flag would fire: adx=15.3, score=15, rvol=0
2026-09-01 10:38:28,782 - INFO - HTF sanity check: fut_instrument=NIFTY26SEPFUT, ht_candles_volume_sum=20872540
2026-09-01 10:38:28,785 - INFO - \U0001f534 HTF mismatch (CALL vs NEUTRAL). Hard reject — no entry.
2026-09-01 10:38:28,786 - INFO - EMIT nifty_orderflow_signal: NO TRADE | HTF mismatch (CALL vs NEUTRAL) — hard reject
2026-09-01 10:38:50,134 - INFO - EMIT nifty_orderflow_signal: NO TRADE | HTF mismatch (CALL vs NEUTRAL) — hard reject
2026-09-01 10:39:29,056 - WARNING - \u26a0\ufe0f Nifty spot/futures candle length mismatch — VWAP/key-levels falling back to spot candles (volume likely zero)
2026-09-01 10:39:29,063 - INFO - \u2705 [SIM] Resolved expiry: 2026-09-01
2026-09-01 10:39:29,142 - INFO - \u2691 weak_trend_flag would fire: adx=15.3, score=30, rvol=0
2026-09-01 10:39:29,147 - INFO - HTF sanity check: fut_instrument=NIFTY26SEPFUT, ht_candles_volume_sum=20872540
2026-09-01 10:39:29,149 - INFO - EMIT nifty_orderflow_signal: NO TRADE | RVOL 0.45 below 0.5 floor
2026-09-01 10:39:50,132 - INFO - EMIT nifty_orderflow_signal: NO TRADE | RVOL 0.45 below 0.5 floor
2026-09-01 10:40:29,256 - WARNING - \u26a0\ufe0f Nifty spot/futures candle length mismatch — VWAP/key-levels falling back to spot candles (volume likely zero)
2026-09-01 10:40:29,259 - INFO - \u2705 [SIM] Resolved expiry: 2026-09-01
2026-09-01 10:40:29,279 - INFO - \u2691 weak_trend_flag would fire: adx=15.3, score=30, rvol=0
2026-09-01 10:40:29,285 - INFO - HTF sanity check: fut_instrument=NIFTY26SEPFUT, ht_candles_volume_sum=20872540
2026-09-01 10:40:29,287 - INFO - EMIT nifty_orderflow_signal: NO TRADE | Entry Score 30 (gate 60, VIX 11.06)
2026-09-01 10:40:50,133 - INFO - EMIT nifty_orderflow_signal: NO TRADE | Entry Score 30 (gate 60, VIX 11.06)
2026-09-01 10:41:29,433 - WARNING - \u26a0\ufe0f Nifty spot/futures candle length mismatch — VWAP/key-levels falling back to spot candles (volume likely zero)
2026-09-01 10:41:29,440 - INFO - \u2705 [SIM] Resolved expiry: 2026-09-01
2026-09-01 10:41:29,488 - INFO - \u2691 weak_trend_flag would fire: adx=15.3, score=30, rvol=0
2026-09-01 10:41:29,518 - INFO - HTF sanity check: fut_instrument=NIFTY26SEPFUT, ht_candles_volume_sum=20883525
2026-09-01 10:41:29,520 - INFO - EMIT nifty_orderflow_signal: NO TRADE | RVOL 0.13 below 0.5 floor
2026-09-01 10:41:50,133 - INFO - EMIT nifty_orderflow_signal: NO TRADE | RVOL 0.13 below 0.5 floor
2026-09-01 10:42:12,132 - INFO - EMIT nifty_orderflow_signal: NO TRADE | RVOL 0.13 below 0.5 floor
2026-09-01 10:42:29,640 - WARNING - \u26a0\ufe0f Nifty spot/futures candle length mismatch — VWAP/key-levels falling back to spot candles (volume likely zero)
2026-09-01 10:42:29,646 - INFO - \u2705 [SIM] Resolved expiry: 2026-09-01
2026-09-01 10:42:29,665 - INFO - \u2691 weak_trend_flag would fire: adx=15.3, score=30, rvol=0
2026-09-01 10:42:29,671 - INFO - HTF sanity check: fut_instrument=NIFTY26SEPFUT, ht_candles_volume_sum=20883525
2026-09-01 10:42:29,673 - INFO - EMIT nifty_orderflow_signal: NO TRADE | RVOL 0.28 below 0.5 floor
2026-09-01 10:42:41,518 - INFO - EMIT nifty_orderflow_signal: NO TRADE | RVOL 0.28 below 0.5 floor
2026-09-01 10:43:12,133 - INFO - EMIT nifty_orderflow_signal: NO TRADE | RVOL 0.28 below 0.5 floor
2026-09-01 10:43:29,818 - WARNING - \u26a0\ufe0f Nifty spot/futures candle length mismatch — VWAP/key-levels falling back to spot candles (volume likely zero)
2026-09-01 10:43:29,824 - INFO - \u2705 [SIM] Resolved expiry: 2026-09-01
2026-09-01 10:43:29,874 - INFO - \u2691 weak_trend_flag would fire: adx=15.3, score=30, rvol=0
2026-09-01 10:43:29,879 - INFO - HTF sanity check: fut_instrument=NIFTY26SEPFUT, ht_candles_volume_sum=20883525
2026-09-01 10:43:29,880 - INFO - EMIT nifty_orderflow_signal: NO TRADE | RVOL 0.43 below 0.5 floor
2026-09-01 10:43:42,133 - INFO - EMIT nifty_orderflow_signal: NO TRADE | RVOL 0.43 below 0.5 floor
2026-09-01 10:44:29,999 - WARNING - \u26a0\ufe0f Nifty spot/futures candle length mismatch — VWAP/key-levels falling back to spot candles (volume likely zero)
2026-09-01 10:44:30,002 - INFO - \u2705 [SIM] Resolved expiry: 2026-09-01
2026-09-01 10:44:30,035 - INFO - \u2691 weak_trend_flag would fire: adx=15.3, score=30, rvol=0
2026-09-01 10:44:30,061 - INFO - HTF sanity check: fut_instrument=NIFTY26SEPFUT, ht_candles_volume_sum=20894900
2026-09-01 10:44:30,063 - INFO - EMIT nifty_orderflow_signal: NO TRADE | Entry Score 30 (gate 60, VIX 11.08)
2026-09-01 10:44:43,136 - INFO - EMIT nifty_orderflow_signal: NO TRADE | Entry Score 30 (gate 60, VIX 11.08)
2026-09-01 10:45:30,291 - WARNING - \u26a0\ufe0f Nifty spot/futures candle length mismatch — VWAP/key-levels falling back to spot candles (volume likely zero)
2026-09-01 10:45:30,298 - INFO - \u2705 [SIM] Resolved expiry: 2026-09-01
2026-09-01 10:45:30,343 - INFO - \u2691 weak_trend_flag would fire: adx=15.3, score=30, rvol=0
2026-09-01 10:45:30,350 - INFO - HTF sanity check: fut_instrument=NIFTY26SEPFUT, ht_candles_volume_sum=20894900
2026-09-01 10:45:30,352 - INFO - EMIT nifty_orderflow_signal: NO TRADE | Entry Score 30 (gate 60, VIX 11.08)
2026-09-01 10:45:44,132 - INFO - EMIT nifty_orderflow_signal: NO TRADE | Entry Score 30 (gate 60, VIX 11.08)
2026-09-01 10:46:30,463 - WARNING - \u26a0\ufe0f Nifty spot/futures candle length mismatch — VWAP/key-levels falling back to spot candles (volume likely zero)
2026-09-01 10:46:30,471 - INFO - \u2705 [SIM] Resolved expiry: 2026-09-01
2026-09-01 10:46:30,488 - INFO - \u2691 weak_trend_flag would fire: adx=15.3, score=30, rvol=0
2026-09-01 10:46:30,493 - INFO - HTF sanity check: fut_instrument=NIFTY26SEPFUT, ht_candles_volume_sum=20894900
2026-09-01 10:46:30,495 - INFO - EMIT nifty_orderflow_signal: NO TRADE | RVOL 0.27 below 0.5 floor
2026-09-01 10:46:45,133 - INFO - EMIT nifty_orderflow_signal: NO TRADE | RVOL 0.27 below 0.5 floor
2026-09-01 10:47:30,696 - WARNING - \u26a0\ufe0f Nifty spot/futures candle length mismatch — VWAP/key-levels falling back to spot candles (volume likely zero)
2026-09-01 10:47:30,702 - INFO - \u2705 [SIM] Resolved expiry: 2026-09-01
2026-09-01 10:47:30,752 - INFO - \u2691 weak_trend_flag would fire: adx=15.4, score=30, rvol=0
2026-09-01 10:47:30,780 - INFO - HTF sanity check: fut_instrument=NIFTY26SEPFUT, ht_candles_volume_sum=20916285
2026-09-01 10:47:30,783 - INFO - EMIT nifty_orderflow_signal: NO TRADE | Entry Score 30 (gate 60, VIX 11.13)
2026-09-01 10:47:46,133 - INFO - EMIT nifty_orderflow_signal: NO TRADE | Entry Score 30 (gate 60, VIX 11.13)
2026-09-01 10:48:30,875 - WARNING - \u26a0\ufe0f Nifty spot/futures candle length mismatch — VWAP/key-levels falling back to spot candles (volume likely zero)
2026-09-01 10:48:30,882 - INFO - \u2705 [SIM] Resolved expiry: 2026-09-01
2026-09-01 10:48:30,897 - INFO - \u2691 weak_trend_flag would fire: adx=15.4, score=30, rvol=0
2026-09-01 10:48:30,903 - INFO - HTF sanity check: fut_instrument=NIFTY26SEPFUT, ht_candles_volume_sum=20916285
2026-09-01 10:48:30,905 - INFO - EMIT nifty_orderflow_signal: NO TRADE | Entry Score 30 (gate 60, VIX 11.15)
2026-09-01 10:48:47,136 - INFO - EMIT nifty_orderflow_signal: NO TRADE | Entry Score 30 (gate 60, VIX 11.15)
2026-09-01 10:49:31,075 - WARNING - \u26a0\ufe0f Nifty spot/futures candle length mismatch — VWAP/key-levels falling back to spot candles (volume likely zero)
2026-09-01 10:49:31,078 - INFO - \u2705 [SIM] Resolved expiry: 2026-09-01
2026-09-01 10:49:31,144 - INFO - \u2691 weak_trend_flag would fire: adx=15.4, score=30, rvol=4.63
2026-09-01 10:49:31,150 - INFO - HTF sanity check: fut_instrument=NIFTY26SEPFUT, ht_candles_volume_sum=20916285
2026-09-01 10:49:31,152 - INFO - EMIT nifty_orderflow_signal: NO TRADE | Entry Score 30 (gate 60, VIX 11.14)
2026-09-01 10:49:48,134 - INFO - EMIT nifty_orderflow_signal: NO TRADE | Entry Score 30 (gate 60, VIX 11.14)
2026-09-01 10:50:31,247 - WARNING - \u26a0\ufe0f Nifty spot/futures candle length mismatch — VWAP/key-levels falling back to spot candles (volume likely zero)
2026-09-01 10:50:31,253 - INFO - \u2705 [SIM] Resolved expiry: 2026-09-01
2026-09-01 10:50:31,268 - INFO - \u2691 weak_trend_flag would fire: adx=15.4, score=30, rvol=0
2026-09-01 10:50:31,294 - INFO - HTF sanity check: fut_instrument=NIFTY26SEPFUT, ht_candles_volume_sum=20941830
2026-09-01 10:50:31,298 - INFO - EMIT nifty_orderflow_signal: NO TRADE | Entry Score 30 (gate 60, VIX 11.12)
2026-09-01 10:50:49,143 - INFO - EMIT nifty_orderflow_signal: NO TRADE | Entry Score 30 (gate 60, VIX 11.12)
2026-09-01 10:51:31,455 - WARNING - \u26a0\ufe0f Nifty spot/futures candle length mismatch — VWAP/key-levels falling back to spot candles (volume likely zero)
2026-09-01 10:51:31,462 - INFO - \u2705 [SIM] Resolved expiry: 2026-09-01
2026-09-01 10:51:31,516 - INFO - \u2691 weak_trend_flag would fire: adx=15.5, score=30, rvol=3.62
2026-09-01 10:51:31,525 - INFO - HTF sanity check: fut_instrument=NIFTY26SEPFUT, ht_candles_volume_sum=20941830
2026-09-01 10:51:31,528 - INFO - EMIT nifty_orderflow_signal: NO TRADE | Entry Score 30 (gate 60, VIX 11.08)
2026-09-01 10:51:50,141 - INFO - EMIT nifty_orderflow_signal: NO TRADE | Entry Score 30 (gate 60, VIX 11.08)
2026-09-01 10:52:30,235 - INFO - EMIT nifty_orderflow_signal: NO TRADE | Entry Score 30 (gate 60, VIX 11.08)
2026-09-01 10:52:31,675 - WARNING - \u26a0\ufe0f Nifty spot/futures candle length mismatch — VWAP/key-levels falling back to spot candles (volume likely zero)
2026-09-01 10:52:31,682 - INFO - \u2705 [SIM] Resolved expiry: 2026-09-01
2026-09-01 10:52:31,706 - INFO - \u2691 weak_trend_flag would fire: adx=15.5, score=30, rvol=7.53
2026-09-01 10:52:31,714 - INFO - HTF sanity check: fut_instrument=NIFTY26SEPFUT, ht_candles_volume_sum=20941830
2026-09-01 10:52:31,719 - INFO - EMIT nifty_orderflow_signal: NO TRADE | Entry Score 30 (gate 60, VIX 11.08)
2026-09-01 10:52:41,520 - INFO - EMIT nifty_orderflow_signal: NO TRADE | Entry Score 30 (gate 60, VIX 11.08)
2026-09-01 10:53:12,136 - INFO - EMIT nifty_orderflow_signal: NO TRADE | Entry Score 30 (gate 60, VIX 11.08)
2026-09-01 10:53:31,867 - WARNING - \u26a0\ufe0f Nifty spot/futures candle length mismatch — VWAP/key-levels falling back to spot candles (volume likely zero)
2026-09-01 10:53:31,873 - INFO - \u2705 [SIM] Resolved expiry: 2026-09-01
2026-09-01 10:53:31,924 - INFO - \u2691 weak_trend_flag would fire: adx=15.9, score=25, rvol=8.11
2026-09-01 10:53:31,954 - INFO - HTF sanity check: fut_instrument=NIFTY26SEPFUT, ht_candles_volume_sum=20976670
2026-09-01 10:53:31,957 - INFO - EMIT nifty_orderflow_signal: NO TRADE | Entry Score 25 (gate 60, VIX 11.07)
2026-09-01 10:53:42,133 - INFO - EMIT nifty_orderflow_signal: NO TRADE | Entry Score 25 (gate 60, VIX 11.07)
2026-09-01 10:54:32,072 - WARNING - \u26a0\ufe0f Nifty spot/futures candle length mismatch — VWAP/key-levels falling back to spot candles (volume likely zero)
2026-09-01 10:54:32,077 - INFO - \u2705 [SIM] Resolved expiry: 2026-09-01
2026-09-01 10:54:32,114 - INFO - \u2691 weak_trend_flag would fire: adx=15.9, score=28, rvol=16.41
2026-09-01 10:54:32,120 - INFO - HTF sanity check: fut_instrument=NIFTY26SEPFUT, ht_candles_volume_sum=20976670
2026-09-01 10:54:32,122 - INFO - EMIT nifty_orderflow_signal: NO TRADE | Entry Score 28 (gate 60, VIX 11.03)
2026-09-01 10:54:43,134 - INFO - EMIT nifty_orderflow_signal: NO TRADE | Entry Score 28 (gate 60, VIX 11.03)
2026-09-01 10:55:32,265 - WARNING - \u26a0\ufe0f Nifty spot/futures candle length mismatch — VWAP/key-levels falling back to spot candles (volume likely zero)
2026-09-01 10:55:32,265 - INFO - \u2705 [SIM] Resolved expiry: 2026-09-01
2026-09-01 10:55:32,314 - INFO - \u2691 weak_trend_flag would fire: adx=16.0, score=15, rvol=0
2026-09-01 10:55:32,329 - INFO - HTF sanity check: fut_instrument=NIFTY26SEPFUT, ht_candles_volume_sum=20976670
2026-09-01 10:55:32,329 - INFO - \U0001f534 HTF mismatch (CALL vs NEUTRAL). Hard reject — no entry.
2026-09-01 10:55:32,329 - INFO - EMIT nifty_orderflow_signal: NO TRADE | HTF mismatch (CALL vs NEUTRAL) — hard reject
2026-09-01 10:55:44,147 - INFO - EMIT nifty_orderflow_signal: NO TRADE | HTF mismatch (CALL vs NEUTRAL) — hard reject
2026-09-01 10:56:32,418 - WARNING - \u26a0\ufe0f Nifty spot/futures candle length mismatch — VWAP/key-levels falling back to spot candles (volume likely zero)
2026-09-01 10:56:32,418 - INFO - \u2705 [SIM] Resolved expiry: 2026-09-01
2026-09-01 10:56:32,444 - INFO - \u2691 weak_trend_flag would fire: adx=16.0, score=15, rvol=0
2026-09-01 10:56:32,469 - INFO - HTF sanity check: fut_instrument=NIFTY26SEPFUT, ht_candles_volume_sum=20995455
2026-09-01 10:56:32,469 - INFO - \U0001f534 HTF mismatch (CALL vs NEUTRAL). Hard reject — no entry.
2026-09-01 10:56:32,469 - INFO - EMIT nifty_orderflow_signal: NO TRADE | HTF mismatch (CALL vs NEUTRAL) — hard reject
2026-09-01 10:56:45,144 - INFO - EMIT nifty_orderflow_signal: NO TRADE | HTF mismatch (CALL vs NEUTRAL) — hard reject
2026-09-01 10:57:32,633 - WARNING - \u26a0\ufe0f Nifty spot/futures candle length mismatch — VWAP/key-levels falling back to spot candles (volume likely zero)
2026-09-01 10:57:32,637 - INFO - \u2705 [SIM] Resolved expiry: 2026-09-01
2026-09-01 10:57:32,681 - INFO - \u2691 weak_trend_flag would fire: adx=16.0, score=25, rvol=0
2026-09-01 10:57:32,697 - INFO - HTF sanity check: fut_instrument=NIFTY26SEPFUT, ht_candles_volume_sum=20995455
2026-09-01 10:57:32,697 - INFO - EMIT nifty_orderflow_signal: NO TRADE | RVOL 0.39 below 0.5 floor
2026-09-01 10:57:46,137 - INFO - EMIT nifty_orderflow_signal: NO TRADE | RVOL 0.39 below 0.5 floor
2026-09-01 10:58:23,251 - INFO - EMIT nifty_orderflow_signal: NO TRADE | RVOL 0.39 below 0.5 floor
2026-09-01 10:58:32,877 - WARNING - \u26a0\ufe0f Nifty spot/futures candle length mismatch — VWAP/key-levels falling back to spot candles (volume likely zero)
2026-09-01 10:58:32,886 - INFO - \u2705 [SIM] Resolved expiry: 2026-09-01
2026-09-01 10:58:32,957 - INFO - \u2691 weak_trend_flag would fire: adx=16.0, score=25, rvol=0
2026-09-01 10:58:32,975 - INFO - HTF sanity check: fut_instrument=NIFTY26SEPFUT, ht_candles_volume_sum=20995455
2026-09-01 10:58:32,984 - INFO - EMIT nifty_orderflow_signal: NO TRADE | Entry Score 25 (gate 60, VIX 11.04)
2026-09-01 10:58:42,134 - INFO - EMIT nifty_orderflow_signal: NO TRADE | Entry Score 25 (gate 60, VIX 11.04)
2026-09-01 10:59:12,142 - INFO - EMIT nifty_orderflow_signal: NO TRADE | Entry Score 25 (gate 60, VIX 11.04)
2026-09-01 10:59:33,179 - WARNING - \u26a0\ufe0f Nifty spot/futures candle length mismatch — VWAP/key-levels falling back to spot candles (volume likely zero)
2026-09-01 10:59:33,188 - INFO - \u2705 [SIM] Resolved expiry: 2026-09-01
2026-09-01 10:59:33,275 - INFO - \u2691 weak_trend_flag would fire: adx=16.0, score=25, rvol=0
2026-09-01 10:59:33,307 - INFO - HTF sanity check: fut_instrument=NIFTY26SEPFUT, ht_candles_volume_sum=21010665
2026-09-01 10:59:33,310 - INFO - EMIT nifty_orderflow_signal: NO TRADE | Entry Score 25 (gate 60, VIX 11.02)
2026-09-01 10:59:50,134 - INFO - EMIT nifty_orderflow_signal: NO TRADE | Entry Score 25 (gate 60, VIX 11.02)
2026-09-01 11:00:33,407 - WARNING - \u26a0\ufe0f Nifty spot/futures candle length mismatch — VWAP/key-levels falling back to spot candles (volume likely zero)
2026-09-01 11:00:33,413 - INFO - \u2705 [SIM] Resolved expiry: 2026-09-01
2026-09-01 11:00:33,430 - INFO - \u2691 weak_trend_flag would fire: adx=16.0, score=25, rvol=0
2026-09-01 11:00:33,435 - INFO - HTF sanity check: fut_instrument=NIFTY26SEPFUT, ht_candles_volume_sum=21010665
2026-09-01 11:00:33,437 - INFO - EMIT nifty_orderflow_signal: NO TRADE | RVOL 0.05 below 0.5 floor
2026-09-01 11:00:50,133 - INFO - EMIT nifty_orderflow_signal: NO TRADE | RVOL 0.05 below 0.5 floor
2026-09-01 11:01:33,588 - WARNING - \u26a0\ufe0f Nifty spot/futures candle length mismatch — VWAP/key-levels falling back to spot candles (volume likely zero)
2026-09-01 11:01:33,593 - INFO - \u2705 [SIM] Resolved expiry: 2026-09-01
2026-09-01 11:01:33,650 - INFO - \u2691 weak_trend_flag would fire: adx=16.6, score=30, rvol=0
2026-09-01 11:01:33,655 - INFO - HTF sanity check: fut_instrument=NIFTY26SEPFUT, ht_candles_volume_sum=21010665
2026-09-01 11:01:33,658 - INFO - EMIT nifty_orderflow_signal: NO TRADE | RVOL 0.24 below 0.5 floor
2026-09-01 11:01:50,134 - INFO - EMIT nifty_orderflow_signal: NO TRADE | RVOL 0.24 below 0.5 floor
2026-09-01 11:02:33,752 - WARNING - \u26a0\ufe0f Nifty spot/futures candle length mismatch — VWAP/key-levels falling back to spot candles (volume likely zero)
2026-09-01 11:02:33,759 - INFO - \u2705 [SIM] Resolved expiry: 2026-09-01
2026-09-01 11:02:33,776 - INFO - \u2691 weak_trend_flag would fire: adx=16.6, score=30, rvol=0
2026-09-01 11:02:33,806 - INFO - HTF sanity check: fut_instrument=NIFTY26SEPFUT, ht_candles_volume_sum=21023210
2026-09-01 11:02:33,808 - INFO - EMIT nifty_orderflow_signal: NO TRADE | RVOL 0.30 below 0.5 floor
2026-09-01 11:02:50,132 - INFO - EMIT nifty_orderflow_signal: NO TRADE | RVOL 0.30 below 0.5 floor
2026-09-01 11:03:12,137 - INFO - EMIT nifty_orderflow_signal: NO TRADE | RVOL 0.30 below 0.5 floor
2026-09-01 11:03:33,951 - WARNING - \u26a0\ufe0f Nifty spot/futures candle length mismatch — VWAP/key-levels falling back to spot candles (volume likely zero)
2026-09-01 11:03:33,955 - INFO - \u2705 [SIM] Resolved expiry: 2026-09-01
2026-09-01 11:03:34,009 - INFO - \u2691 weak_trend_flag would fire: adx=16.6, score=30, rvol=0
2026-09-01 11:03:34,014 - INFO - HTF sanity check: fut_instrument=NIFTY26SEPFUT, ht_candles_volume_sum=21023210
2026-09-01 11:03:34,015 - INFO - \U0001f534 HTF mismatch (CALL vs PUT). Hard reject — no entry.
2026-09-01 11:03:34,016 - INFO - EMIT nifty_orderflow_signal: NO TRADE | HTF mismatch (CALL vs PUT) — hard reject
2026-09-01 11:03:42,145 - INFO - EMIT nifty_orderflow_signal: NO TRADE | HTF mismatch (CALL vs PUT) — hard reject
2026-09-01 11:04:34,136 - WARNING - \u26a0\ufe0f Nifty spot/futures candle length mismatch — VWAP/key-levels falling back to spot candles (volume likely zero)
2026-09-01 11:04:34,136 - INFO - \u2705 [SIM] Resolved expiry: 2026-09-01
2026-09-01 11:04:34,178 - INFO - \u2691 weak_trend_flag would fire: adx=16.6, score=30, rvol=0
2026-09-01 11:04:34,183 - INFO - HTF sanity check: fut_instrument=NIFTY26SEPFUT, ht_candles_volume_sum=21023210
2026-09-01 11:04:34,185 - INFO - \U0001f534 HTF mismatch (CALL vs PUT). Hard reject — no entry.
2026-09-01 11:04:34,185 - INFO - EMIT nifty_orderflow_signal: NO TRADE | HTF mismatch (CALL vs PUT) — hard reject
2026-09-01 11:04:43,140 - INFO - EMIT nifty_orderflow_signal: NO TRADE | HTF mismatch (CALL vs PUT) — hard reject
2026-09-01 11:05:12,175 - INFO - EMIT nifty_orderflow_signal: NO TRADE | HTF mismatch (CALL vs PUT) — hard reject
2026-09-01 11:05:34,336 - WARNING - \u26a0\ufe0f Nifty spot/futures candle length mismatch — VWAP/key-levels falling back to spot candles (volume likely zero)
2026-09-01 11:05:34,336 - INFO - \u2705 [SIM] Resolved expiry: 2026-09-01
2026-09-01 11:05:34,399 - INFO - \u2691 weak_trend_flag would fire: adx=16.6, score=30, rvol=0
2026-09-01 11:05:34,431 - INFO - HTF sanity check: fut_instrument=NIFTY26SEPFUT, ht_candles_volume_sum=21032960
2026-09-01 11:05:34,431 - INFO - \U0001f534 HTF mismatch (CALL vs PUT). Hard reject — no entry.
2026-09-01 11:05:34,431 - INFO - EMIT nifty_orderflow_signal: NO TRADE | HTF mismatch (CALL vs PUT) — hard reject
2026-09-01 11:05:42,134 - INFO - EMIT nifty_orderflow_signal: NO TRADE | HTF mismatch (CALL vs PUT) — hard reject
2026-09-01 11:06:34,547 - WARNING - \u26a0\ufe0f Nifty spot/futures candle length mismatch — VWAP/key-levels falling back to spot candles (volume likely zero)
2026-09-01 11:06:34,554 - INFO - \u2705 [SIM] Resolved expiry: 2026-09-01
2026-09-01 11:06:34,589 - INFO - \u2691 weak_trend_flag would fire: adx=16.6, score=30, rvol=0
2026-09-01 11:06:34,601 - INFO - HTF sanity check: fut_instrument=NIFTY26SEPFUT, ht_candles_volume_sum=21032960
2026-09-01 11:06:34,604 - INFO - \U0001f534 HTF mismatch (CALL vs PUT). Hard reject — no entry.
2026-09-01 11:06:34,606 - INFO - EMIT nifty_orderflow_signal: NO TRADE | HTF mismatch (CALL vs PUT) — hard reject
2026-09-01 11:06:43,135 - INFO - EMIT nifty_orderflow_signal: NO TRADE | HTF mismatch (CALL vs PUT) — hard reject
2026-09-01 11:07:12,133 - INFO - EMIT nifty_orderflow_signal: NO TRADE | HTF mismatch (CALL vs PUT) — hard reject
2026-09-01 11:07:34,742 - WARNING - \u26a0\ufe0f Nifty spot/futures candle length mismatch — VWAP/key-levels falling back to spot candles (volume likely zero)
2026-09-01 11:07:34,747 - INFO - \u2705 [SIM] Resolved expiry: 2026-09-01
2026-09-01 11:07:34,795 - INFO - \u2691 weak_trend_flag would fire: adx=16.6, score=30, rvol=0
2026-09-01 11:07:34,799 - INFO - HTF sanity check: fut_instrument=NIFTY26SEPFUT, ht_candles_volume_sum=21032960
2026-09-01 11:07:34,803 - INFO - \U0001f534 HTF mismatch (CALL vs PUT). Hard reject — no entry.
2026-09-01 11:07:34,805 - INFO - EMIT nifty_orderflow_signal: NO TRADE | HTF mismatch (CALL vs PUT) — hard reject
2026-09-01 11:07:42,139 - INFO - EMIT nifty_orderflow_signal: NO TRADE | HTF mismatch (CALL vs PUT) — hard reject
2026-09-01 11:08:35,132 - WARNING - \u26a0\ufe0f Nifty spot/futures candle length mismatch — VWAP/key-levels falling back to spot candles (volume likely zero)
2026-09-01 11:08:35,138 - INFO - \u2705 [SIM] Resolved expiry: 2026-09-01
2026-09-01 11:08:35,208 - INFO - \u2691 weak_trend_flag would fire: adx=16.6, score=35, rvol=0
2026-09-01 11:08:35,250 - INFO - HTF sanity check: fut_instrument=NIFTY26SEPFUT, ht_candles_volume_sum=21045960
2026-09-01 11:08:35,266 - INFO - \U0001f534 HTF mismatch (CALL vs PUT). Hard reject — no entry.
2026-09-01 11:08:35,266 - INFO - EMIT nifty_orderflow_signal: NO TRADE | HTF mismatch (CALL vs PUT) — hard reject
2026-09-01 11:08:43,147 - INFO - EMIT nifty_orderflow_signal: NO TRADE | HTF mismatch (CALL vs PUT) — hard reject
2026-09-01 11:09:35,432 - WARNING - \u26a0\ufe0f Nifty spot/futures candle length mismatch — VWAP/key-levels falling back to spot candles (volume likely zero)
2026-09-01 11:09:35,446 - INFO - \u2705 [SIM] Resolved expiry: 2026-09-01
2026-09-01 11:09:35,506 - INFO - \u2691 weak_trend_flag would fire: adx=16.7, score=25, rvol=10.8
2026-09-01 11:09:35,506 - INFO - HTF sanity check: fut_instrument=NIFTY26SEPFUT, ht_candles_volume_sum=21045960
2026-09-01 11:09:35,506 - INFO - EMIT nifty_orderflow_signal: NO TRADE | Entry Score 25 (gate 60, VIX 11.05)
2026-09-01 11:09:44,147 - INFO - EMIT nifty_orderflow_signal: NO TRADE | Entry Score 25 (gate 60, VIX 11.05)
2026-09-01 11:10:35,622 - WARNING - \u26a0\ufe0f Nifty spot/futures candle length mismatch — VWAP/key-levels falling back to spot candles (volume likely zero)
2026-09-01 11:10:35,628 - INFO - \u2705 [SIM] Resolved expiry: 2026-09-01
2026-09-01 11:10:35,646 - INFO - \u2691 weak_trend_flag would fire: adx=16.7, score=25, rvol=0
2026-09-01 11:10:35,653 - INFO - HTF sanity check: fut_instrument=NIFTY26SEPFUT, ht_candles_volume_sum=21045960
2026-09-01 11:10:35,655 - INFO - EMIT nifty_orderflow_signal: NO TRADE | RVOL 0.09 below 0.5 floor
2026-09-01 11:10:40,119 - INFO - EMIT nifty_orderflow_signal: NO TRADE | RVOL 0.09 below 0.5 floor
2026-09-01 11:11:12,133 - INFO - EMIT nifty_orderflow_signal: NO TRADE | RVOL 0.09 below 0.5 floor
2026-09-01 11:11:35,849 - WARNING - \u26a0\ufe0f Nifty spot/futures candle length mismatch — VWAP/key-levels falling back to spot candles (volume likely zero)
2026-09-01 11:11:35,853 - INFO - \u2705 [SIM] Resolved expiry: 2026-09-01
2026-09-01 11:11:35,917 - INFO - \u2691 weak_trend_flag would fire: adx=17.0, score=30, rvol=0
2026-09-01 11:11:35,948 - INFO - HTF sanity check: fut_instrument=NIFTY26SEPFUT, ht_candles_volume_sum=21108750
2026-09-01 11:11:35,951 - INFO - EMIT nifty_orderflow_signal: NO TRADE | Entry Score 30 (gate 60, VIX 10.92)
2026-09-01 11:11:42,133 - INFO - EMIT nifty_orderflow_signal: NO TRADE | Entry Score 30 (gate 60, VIX 10.92)
2026-09-01 11:12:36,057 - WARNING - \u26a0\ufe0f Nifty spot/futures candle length mismatch — VWAP/key-levels falling back to spot candles (volume likely zero)
2026-09-01 11:12:36,063 - INFO - \u2705 [SIM] Resolved expiry: 2026-09-01
2026-09-01 11:12:36,083 - INFO - \u2691 weak_trend_flag would fire: adx=17.0, score=30, rvol=0
2026-09-01 11:12:36,091 - INFO - HTF sanity check: fut_instrument=NIFTY26SEPFUT, ht_candles_volume_sum=21108750
2026-09-01 11:12:36,095 - INFO - EMIT nifty_orderflow_signal: NO TRADE | Entry Score 30 (gate 60, VIX 10.91)
2026-09-01 11:12:43,298 - INFO - EMIT nifty_orderflow_signal: NO TRADE | Entry Score 30 (gate 60, VIX 10.91)
2026-09-01 11:13:36,313 - WARNING - \u26a0\ufe0f Nifty spot/futures candle length mismatch — VWAP/key-levels falling back to spot candles (volume likely zero)
2026-09-01 11:13:36,320 - INFO - \u2705 [SIM] Resolved expiry: 2026-09-01
2026-09-01 11:13:36,416 - INFO - \u2691 weak_trend_flag would fire: adx=17.1, score=30, rvol=4.44
2026-09-01 11:13:36,424 - INFO - HTF sanity check: fut_instrument=NIFTY26SEPFUT, ht_candles_volume_sum=21108750
2026-09-01 11:13:36,426 - INFO - EMIT nifty_orderflow_signal: NO TRADE | Entry Score 30 (gate 60, VIX 10.93)
2026-09-01 11:13:44,133 - INFO - EMIT nifty_orderflow_signal: NO TRADE | Entry Score 30 (gate 60, VIX 10.93)
2026-09-01 11:14:36,545 - WARNING - \u26a0\ufe0f Nifty spot/futures candle length mismatch — VWAP/key-levels falling back to spot candles (volume likely zero)
2026-09-01 11:14:36,550 - INFO - \u2705 [SIM] Resolved expiry: 2026-09-01
2026-09-01 11:14:36,587 - INFO - \u2691 weak_trend_flag would fire: adx=17.1, score=30, rvol=6.68
2026-09-01 11:14:36,616 - INFO - HTF sanity check: fut_instrument=NIFTY26SEPFUT, ht_candles_volume_sum=21126430
2026-09-01 11:14:36,618 - INFO - EMIT nifty_orderflow_signal: NO TRADE | Entry Score 30 (gate 60, VIX 10.93)
2026-09-01 11:14:45,132 - INFO - EMIT nifty_orderflow_signal: NO TRADE | Entry Score 30 (gate 60, VIX 10.93)
2026-09-01 11:15:12,133 - INFO - EMIT nifty_orderflow_signal: NO TRADE | Entry Score 30 (gate 60, VIX 10.93)
2026-09-01 11:15:36,764 - WARNING - \u26a0\ufe0f Nifty spot/futures candle length mismatch — VWAP/key-levels falling back to spot candles (volume likely zero)
2026-09-01 11:15:36,769 - INFO - \u2705 [SIM] Resolved expiry: 2026-09-01
2026-09-01 11:15:36,822 - INFO - \u2691 weak_trend_flag would fire: adx=18.2, score=40, rvol=0
2026-09-01 11:15:36,827 - INFO - HTF sanity check: fut_instrument=NIFTY26SEPFUT, ht_candles_volume_sum=21126430
2026-09-01 11:15:36,829 - INFO - EMIT nifty_orderflow_signal: NO TRADE | RVOL 0.21 below 0.5 floor
2026-09-01 11:15:42,132 - INFO - EMIT nifty_orderflow_signal: NO TRADE | RVOL 0.21 below 0.5 floor
2026-09-01 11:16:36,925 - WARNING - \u26a0\ufe0f Nifty spot/futures candle length mismatch — VWAP/key-levels falling back to spot candles (volume likely zero)
2026-09-01 11:16:36,930 - INFO - \u2705 [SIM] Resolved expiry: 2026-09-01
2026-09-01 11:16:36,947 - INFO - \u2691 weak_trend_flag would fire: adx=18.2, score=40, rvol=0
2026-09-01 11:16:36,951 - INFO - HTF sanity check: fut_instrument=NIFTY26SEPFUT, ht_candles_volume_sum=21126430
2026-09-01 11:16:36,954 - INFO - EMIT nifty_orderflow_signal: NO TRADE | Entry Score 40 (gate 60, VIX 10.94)
2026-09-01 11:16:43,132 - INFO - EMIT nifty_orderflow_signal: NO TRADE | Entry Score 40 (gate 60, VIX 10.94)
2026-09-01 11:17:37,096 - WARNING - \u26a0\ufe0f Nifty spot/futures candle length mismatch — VWAP/key-levels falling back to spot candles (volume likely zero)
2026-09-01 11:17:37,102 - INFO - \u2705 [SIM] Resolved expiry: 2026-09-01
2026-09-01 11:17:37,152 - INFO - \u2691 weak_trend_flag would fire: adx=18.4, score=30, rvol=0
2026-09-01 11:17:37,179 - INFO - HTF sanity check: fut_instrument=NIFTY26SEPFUT, ht_candles_volume_sum=21158995
2026-09-01 11:17:37,183 - INFO - EMIT nifty_orderflow_signal: NO TRADE | Entry Score 30 (gate 60, VIX 10.95)
2026-09-01 11:17:44,132 - INFO - EMIT nifty_orderflow_signal: NO TRADE | Entry Score 30 (gate 60, VIX 10.95)
2026-09-01 11:18:27,936 - INFO - EMIT nifty_orderflow_signal: NO TRADE | Entry Score 30 (gate 60, VIX 10.95)
2026-09-01 11:18:37,282 - WARNING - \u26a0\ufe0f Nifty spot/futures candle length mismatch — VWAP/key-levels falling back to spot candles (volume likely zero)
2026-09-01 11:18:37,286 - INFO - \u2705 [SIM] Resolved expiry: 2026-09-01
2026-09-01 11:18:37,304 - INFO - \u2691 weak_trend_flag would fire: adx=18.4, score=30, rvol=5.95
2026-09-01 11:18:37,309 - INFO - HTF sanity check: fut_instrument=NIFTY26SEPFUT, ht_candles_volume_sum=21158995
2026-09-01 11:18:37,312 - INFO - EMIT nifty_orderflow_signal: NO TRADE | Entry Score 30 (gate 60, VIX 10.93)
2026-09-01 11:18:42,133 - INFO - EMIT nifty_orderflow_signal: NO TRADE | Entry Score 30 (gate 60, VIX 10.93)
2026-09-01 11:19:12,133 - INFO - EMIT nifty_orderflow_signal: NO TRADE | Entry Score 30 (gate 60, VIX 10.93)
2026-09-01 11:19:37,478 - WARNING - \u26a0\ufe0f Nifty spot/futures candle length mismatch — VWAP/key-levels falling back to spot candles (volume likely zero)
2026-09-01 11:19:37,481 - INFO - \u2705 [SIM] Resolved expiry: 2026-09-01
2026-09-01 11:19:37,549 - INFO - \u2691 weak_trend_flag would fire: adx=18.4, score=35, rvol=17.65
2026-09-01 11:19:37,554 - INFO - HTF sanity check: fut_instrument=NIFTY26SEPFUT, ht_candles_volume_sum=21158995
2026-09-01 11:19:37,556 - INFO - EMIT nifty_orderflow_signal: NO TRADE | Entry Score 35 (gate 60, VIX 10.97)
2026-09-01 11:19:50,133 - INFO - EMIT nifty_orderflow_signal: NO TRADE | Entry Score 35 (gate 60, VIX 10.97)
2026-09-01 11:20:37,660 - WARNING - \u26a0\ufe0f Nifty spot/futures candle length mismatch — VWAP/key-levels falling back to spot candles (volume likely zero)
2026-09-01 11:20:37,666 - INFO - \u2705 [SIM] Resolved expiry: 2026-09-01
2026-09-01 11:20:37,681 - INFO - \u2691 weak_trend_flag would fire: adx=18.4, score=30, rvol=0
2026-09-01 11:20:37,708 - INFO - HTF sanity check: fut_instrument=NIFTY26SEPFUT, ht_candles_volume_sum=21200075
2026-09-01 11:20:37,711 - INFO - EMIT nifty_orderflow_signal: NO TRADE | RVOL 0.17 below 0.5 floor
2026-09-01 11:20:50,132 - INFO - EMIT nifty_orderflow_signal: NO TRADE | RVOL 0.17 below 0.5 floor
2026-09-01 11:21:37,858 - WARNING - \u26a0\ufe0f Nifty spot/futures candle length mismatch — VWAP/key-levels falling back to spot candles (volume likely zero)
2026-09-01 11:21:37,865 - INFO - \u2705 [SIM] Resolved expiry: 2026-09-01
2026-09-01 11:21:37,912 - INFO - \u2691 weak_trend_flag would fire: adx=18.6, score=30, rvol=0
2026-09-01 11:21:37,920 - INFO - HTF sanity check: fut_instrument=NIFTY26SEPFUT, ht_candles_volume_sum=21200075
2026-09-01 11:21:37,922 - INFO - EMIT nifty_orderflow_signal: NO TRADE | RVOL 0.38 below 0.5 floor
2026-09-01 11:21:50,133 - INFO - EMIT nifty_orderflow_signal: NO TRADE | RVOL 0.38 below 0.5 floor
2026-09-01 11:22:38,012 - WARNING - \u26a0\ufe0f Nifty spot/futures candle length mismatch — VWAP/key-levels falling back to spot candles (volume likely zero)
2026-09-01 11:22:38,018 - INFO - \u2705 [SIM] Resolved expiry: 2026-09-01
2026-09-01 11:22:38,034 - INFO - \u2691 weak_trend_flag would fire: adx=18.6, score=30, rvol=0
2026-09-01 11:22:38,042 - INFO - HTF sanity check: fut_instrument=NIFTY26SEPFUT, ht_candles_volume_sum=21200075
2026-09-01 11:22:38,044 - INFO - EMIT nifty_orderflow_signal: NO TRADE | RVOL 0.50 below 0.5 floor
2026-09-01 11:22:50,133 - INFO - EMIT nifty_orderflow_signal: NO TRADE | RVOL 0.50 below 0.5 floor
2026-09-01 11:23:38,195 - WARNING - \u26a0\ufe0f Nifty spot/futures candle length mismatch — VWAP/key-levels falling back to spot candles (volume likely zero)
2026-09-01 11:23:38,201 - INFO - \u2705 [SIM] Resolved expiry: 2026-09-01
2026-09-01 11:23:38,247 - INFO - \u2691 weak_trend_flag would fire: adx=18.6, score=30, rvol=0
2026-09-01 11:23:38,275 - INFO - HTF sanity check: fut_instrument=NIFTY26SEPFUT, ht_candles_volume_sum=21217625
2026-09-01 11:23:38,278 - INFO - EMIT nifty_orderflow_signal: NO TRADE | Entry Score 30 (gate 60, VIX 10.94)
2026-09-01 11:23:50,134 - INFO - EMIT nifty_orderflow_signal: NO TRADE | Entry Score 30 (gate 60, VIX 10.94)
2026-09-01 11:24:38,403 - WARNING - \u26a0\ufe0f Nifty spot/futures candle length mismatch — VWAP/key-levels falling back to spot candles (volume likely zero)
2026-09-01 11:24:38,409 - INFO - \u2705 [SIM] Resolved expiry: 2026-09-01
2026-09-01 11:24:38,454 - INFO - \u2691 weak_trend_flag would fire: adx=18.6, score=30, rvol=0
2026-09-01 11:24:38,459 - INFO - HTF sanity check: fut_instrument=NIFTY26SEPFUT, ht_candles_volume_sum=21217625
2026-09-01 11:24:38,461 - INFO - EMIT nifty_orderflow_signal: NO TRADE | Entry Score 30 (gate 60, VIX 10.93)
2026-09-01 11:24:50,132 - INFO - EMIT nifty_orderflow_signal: NO TRADE | Entry Score 30 (gate 60, VIX 10.93)
2026-09-01 11:25:38,605 - WARNING - \u26a0\ufe0f Nifty spot/futures candle length mismatch — VWAP/key-levels falling back to spot candles (volume likely zero)
2026-09-01 11:25:38,610 - INFO - \u2705 [SIM] Resolved expiry: 2026-09-01
2026-09-01 11:25:38,660 - INFO - \u2691 weak_trend_flag would fire: adx=18.6, score=30, rvol=0
2026-09-01 11:25:38,665 - INFO - HTF sanity check: fut_instrument=NIFTY26SEPFUT, ht_candles_volume_sum=21217625
2026-09-01 11:25:38,667 - INFO - EMIT nifty_orderflow_signal: NO TRADE | RVOL 0.03 below 0.5 floor
2026-09-01 11:25:50,132 - INFO - EMIT nifty_orderflow_signal: NO TRADE | RVOL 0.03 below 0.5 floor
2026-09-01 11:26:31,606 - INFO - EMIT nifty_orderflow_signal: NO TRADE | RVOL 0.03 below 0.5 floor
2026-09-01 11:26:38,767 - WARNING - \u26a0\ufe0f Nifty spot/futures candle length mismatch — VWAP/key-levels falling back to spot candles (volume likely zero)
2026-09-01 11:26:38,773 - INFO - \u2705 [SIM] Resolved expiry: 2026-09-01
2026-09-01 11:26:38,788 - INFO - \u2691 weak_trend_flag would fire: adx=18.6, score=30, rvol=0
2026-09-01 11:26:38,814 - INFO - HTF sanity check: fut_instrument=NIFTY26SEPFUT, ht_candles_volume_sum=21231275
2026-09-01 11:26:38,817 - INFO - EMIT nifty_orderflow_signal: NO TRADE | RVOL 0.15 below 0.5 floor
2026-09-01 11:26:42,132 - INFO - EMIT nifty_orderflow_signal: NO TRADE | RVOL 0.15 below 0.5 floor
2026-09-01 11:27:12,134 - INFO - EMIT nifty_orderflow_signal: NO TRADE | RVOL 0.15 below 0.5 floor
2026-09-01 11:27:38,959 - WARNING - \u26a0\ufe0f Nifty spot/futures candle length mismatch — VWAP/key-levels falling back to spot candles (volume likely zero)
2026-09-01 11:27:38,965 - INFO - \u2705 [SIM] Resolved expiry: 2026-09-01
2026-09-01 11:27:39,013 - INFO - \u2691 weak_trend_flag would fire: adx=18.6, score=30, rvol=0
2026-09-01 11:27:39,020 - INFO - HTF sanity check: fut_instrument=NIFTY26SEPFUT, ht_candles_volume_sum=21231275
2026-09-01 11:27:39,023 - INFO - EMIT nifty_orderflow_signal: NO TRADE | RVOL 0.23 below 0.5 floor
2026-09-01 11:27:50,134 - INFO - EMIT nifty_orderflow_signal: NO TRADE | RVOL 0.23 below 0.5 floor
2026-09-01 11:28:39,124 - WARNING - \u26a0\ufe0f Nifty spot/futures candle length mismatch — VWAP/key-levels falling back to spot candles (volume likely zero)
2026-09-01 11:28:39,127 - INFO - \u2705 [SIM] Resolved expiry: 2026-09-01
2026-09-01 11:28:39,145 - INFO - \u2691 weak_trend_flag would fire: adx=18.6, score=30, rvol=0
2026-09-01 11:28:39,151 - INFO - HTF sanity check: fut_instrument=NIFTY26SEPFUT, ht_candles_volume_sum=21231275
2026-09-01 11:28:39,153 - INFO - EMIT nifty_orderflow_signal: NO TRADE | Entry Score 30 (gate 60, VIX 10.97)
2026-09-01 11:28:50,134 - INFO - EMIT nifty_orderflow_signal: NO TRADE | Entry Score 30 (gate 60, VIX 10.97)
2026-09-01 11:29:40,463 - WARNING - \u26a0\ufe0f Nifty spot/futures candle length mismatch — VWAP/key-levels falling back to spot candles (volume likely zero)
2026-09-01 11:29:40,470 - INFO - \u2705 [SIM] Resolved expiry: 2026-09-01
2026-09-01 11:29:40,542 - INFO - \u2691 weak_trend_flag would fire: adx=18.7, score=20, rvol=0
2026-09-01 11:29:40,584 - INFO - HTF sanity check: fut_instrument=NIFTY26SEPFUT, ht_candles_volume_sum=21257210
2026-09-01 11:29:40,586 - INFO - EMIT nifty_orderflow_signal: NO TRADE | Entry Score 20 (gate 60, VIX 10.95)
2026-09-01 11:29:50,133 - INFO - EMIT nifty_orderflow_signal: NO TRADE | Entry Score 20 (gate 60, VIX 10.95)
2026-09-01 11:30:40,686 - WARNING - \u26a0\ufe0f Nifty spot/futures candle length mismatch — VWAP/key-levels falling back to spot candles (volume likely zero)
2026-09-01 11:30:40,690 - INFO - \u2705 [SIM] Resolved expiry: 2026-09-01
2026-09-01 11:30:40,708 - INFO - \u2691 weak_trend_flag would fire: adx=18.7, score=20, rvol=0
2026-09-01 11:30:40,713 - INFO - HTF sanity check: fut_instrument=NIFTY26SEPFUT, ht_candles_volume_sum=21257210
2026-09-01 11:30:40,715 - INFO - EMIT nifty_orderflow_signal: NO TRADE | Entry Score 20 (gate 60, VIX 10.93)
2026-09-01 11:30:50,132 - INFO - EMIT nifty_orderflow_signal: NO TRADE | Entry Score 20 (gate 60, VIX 10.93)
2026-09-01 11:31:26,388 - INFO - EMIT nifty_orderflow_signal: NO TRADE | Entry Score 20 (gate 60, VIX 10.93)
2026-09-01 11:31:40,864 - WARNING - \u26a0\ufe0f Nifty spot/futures candle length mismatch — VWAP/key-levels falling back to spot candles (volume likely zero)
2026-09-01 11:31:40,867 - INFO - \u2705 [SIM] Resolved expiry: 2026-09-01
2026-09-01 11:31:40,918 - INFO - \u2691 weak_trend_flag would fire: adx=20.4, score=33, rvol=15.74
2026-09-01 11:31:40,923 - INFO - HTF sanity check: fut_instrument=NIFTY26SEPFUT, ht_candles_volume_sum=21257210
2026-09-01 11:31:40,926 - INFO - EMIT nifty_orderflow_signal: NO TRADE | Entry Score 33 (gate 60, VIX 10.98)
2026-09-01 11:31:42,132 - INFO - EMIT nifty_orderflow_signal: NO TRADE | Entry Score 33 (gate 60, VIX 10.98)
2026-09-01 11:32:12,134 - INFO - EMIT nifty_orderflow_signal: NO TRADE | Entry Score 33 (gate 60, VIX 10.98)
2026-09-01 11:32:41,020 - WARNING - \u26a0\ufe0f Nifty spot/futures candle length mismatch — VWAP/key-levels falling back to spot candles (volume likely zero)
2026-09-01 11:32:41,026 - INFO - \u2705 [SIM] Resolved expiry: 2026-09-01
2026-09-01 11:32:41,041 - INFO - \u2691 weak_trend_flag would fire: adx=20.4, score=38, rvol=19.36
2026-09-01 11:32:41,067 - INFO - HTF sanity check: fut_instrument=NIFTY26SEPFUT, ht_candles_volume_sum=21333910
2026-09-01 11:32:41,071 - INFO - EMIT nifty_orderflow_signal: NO TRADE | Entry Score 38 (gate 60, VIX 11.01)
2026-09-01 11:32:42,133 - INFO - EMIT nifty_orderflow_signal: NO TRADE | Entry Score 38 (gate 60, VIX 11.01)
2026-09-01 11:33:41,215 - WARNING - \u26a0\ufe0f Nifty spot/futures candle length mismatch — VWAP/key-levels falling back to spot candles (volume likely zero)
2026-09-01 11:33:41,219 - INFO - \u2705 [SIM] Resolved expiry: 2026-09-01
2026-09-01 11:33:41,293 - INFO - \u2691 weak_trend_flag would fire: adx=20.4, score=38, rvol=20
2026-09-01 11:33:41,298 - INFO - HTF sanity check: fut_instrument=NIFTY26SEPFUT, ht_candles_volume_sum=21333910
2026-09-01 11:33:41,300 - INFO - EMIT nifty_orderflow_signal: NO TRADE | Entry Score 38 (gate 60, VIX 10.98)
2026-09-01 11:33:43,132 - INFO - EMIT nifty_orderflow_signal: NO TRADE | Entry Score 38 (gate 60, VIX 10.98)
2026-09-01 11:34:41,420 - WARNING - \u26a0\ufe0f Nifty spot/futures candle length mismatch — VWAP/key-levels falling back to spot candles (volume likely zero)
2026-09-01 11:34:41,427 - INFO - \u2705 [SIM] Resolved expiry: 2026-09-01
2026-09-01 11:34:41,457 - INFO - \u2691 weak_trend_flag would fire: adx=20.4, score=35, rvol=20
2026-09-01 11:34:41,462 - INFO - HTF sanity check: fut_instrument=NIFTY26SEPFUT, ht_candles_volume_sum=21333910
2026-09-01 11:34:41,465 - INFO - EMIT nifty_orderflow_signal: NO TRADE | Entry Score 35 (gate 60, VIX 11.01)
2026-09-01 11:34:44,135 - INFO - EMIT nifty_orderflow_signal: NO TRADE | Entry Score 35 (gate 60, VIX 11.01)
2026-09-01 11:35:41,618 - WARNING - \u26a0\ufe0f Nifty spot/futures candle length mismatch — VWAP/key-levels falling back to spot candles (volume likely zero)
2026-09-01 11:35:41,622 - INFO - \u2705 [SIM] Resolved expiry: 2026-09-01
2026-09-01 11:35:41,670 - INFO - \u2691 weak_trend_flag would fire: adx=20.4, score=50, rvol=0
2026-09-01 11:35:41,700 - INFO - HTF sanity check: fut_instrument=NIFTY26SEPFUT, ht_candles_volume_sum=21344115
2026-09-01 11:35:41,703 - INFO - \U0001f534 HTF mismatch (CALL vs PUT). Hard reject — no entry.
2026-09-01 11:35:41,706 - INFO - EMIT nifty_orderflow_signal: NO TRADE | HTF mismatch (CALL vs PUT) — hard reject
2026-09-01 11:35:45,133 - INFO - EMIT nifty_orderflow_signal: NO TRADE | HTF mismatch (CALL vs PUT) — hard reject
2026-09-01 11:36:41,807 - WARNING - \u26a0\ufe0f Nifty spot/futures candle length mismatch — VWAP/key-levels falling back to spot candles (volume likely zero)
2026-09-01 11:36:41,814 - INFO - \u2705 [SIM] Resolved expiry: 2026-09-01
2026-09-01 11:36:41,830 - INFO - \u2691 weak_trend_flag would fire: adx=20.4, score=50, rvol=0
2026-09-01 11:36:41,835 - INFO - HTF sanity check: fut_instrument=NIFTY26SEPFUT, ht_candles_volume_sum=21344115
2026-09-01 11:36:41,837 - INFO - \U0001f534 HTF mismatch (CALL vs PUT). Hard reject — no entry.
2026-09-01 11:36:41,839 - INFO - EMIT nifty_orderflow_signal: NO TRADE | HTF mismatch (CALL vs PUT) — hard reject
2026-09-01 11:36:46,133 - INFO - EMIT nifty_orderflow_signal: NO TRADE | HTF mismatch (CALL vs PUT) — hard reject
2026-09-01 11:37:41,987 - WARNING - \u26a0\ufe0f Nifty spot/futures candle length mismatch — VWAP/key-levels falling back to spot candles (volume likely zero)
2026-09-01 11:37:41,990 - INFO - \u2705 [SIM] Resolved expiry: 2026-09-01
2026-09-01 11:37:42,041 - INFO - \u2691 weak_trend_flag would fire: adx=20.4, score=50, rvol=0
2026-09-01 11:37:42,048 - INFO - HTF sanity check: fut_instrument=NIFTY26SEPFUT, ht_candles_volume_sum=21344115
2026-09-01 11:37:42,049 - INFO - \U0001f534 HTF mismatch (CALL vs PUT). Hard reject — no entry.
2026-09-01 11:37:42,051 - INFO - EMIT nifty_orderflow_signal: NO TRADE | HTF mismatch (CALL vs PUT) — hard reject
2026-09-01 11:37:47,132 - INFO - EMIT nifty_orderflow_signal: NO TRADE | HTF mismatch (CALL vs PUT) — hard reject
2026-09-01 11:38:35,315 - INFO - EMIT nifty_orderflow_signal: NO TRADE | HTF mismatch (CALL vs PUT) — hard reject
2026-09-01 11:38:42,145 - WARNING - \u26a0\ufe0f Nifty spot/futures candle length mismatch — VWAP/key-levels falling back to spot candles (volume likely zero)
2026-09-01 11:38:42,150 - INFO - \u2705 [SIM] Resolved expiry: 2026-09-01
2026-09-01 11:38:42,167 - INFO - \u2691 weak_trend_flag would fire: adx=20.4, score=50, rvol=0
2026-09-01 11:38:42,192 - INFO - HTF sanity check: fut_instrument=NIFTY26SEPFUT, ht_candles_volume_sum=21352110
2026-09-01 11:38:42,194 - INFO - \U0001f534 HTF mismatch (CALL vs PUT). Hard reject — no entry.
2026-09-01 11:38:42,195 - INFO - EMIT nifty_orderflow_signal: NO TRADE | HTF mismatch (CALL vs PUT) — hard reject
2026-09-01 11:38:42,196 - INFO - EMIT nifty_orderflow_signal: NO TRADE | HTF mismatch (CALL vs PUT) — hard reject
2026-09-01 11:39:12,132 - INFO - EMIT nifty_orderflow_signal: NO TRADE | HTF mismatch (CALL vs PUT) — hard reject
2026-09-01 11:39:42,354 - WARNING - \u26a0\ufe0f Nifty spot/futures candle length mismatch — VWAP/key-levels falling back to spot candles (volume likely zero)
2026-09-01 11:39:42,358 - INFO - \u2705 [SIM] Resolved expiry: 2026-09-01
2026-09-01 11:39:42,427 - INFO - \u2691 weak_trend_flag would fire: adx=20.4, score=50, rvol=0
2026-09-01 11:39:42,432 - INFO - HTF sanity check: fut_instrument=NIFTY26SEPFUT, ht_candles_volume_sum=21352110
2026-09-01 11:39:42,434 - INFO - \U0001f534 HTF mismatch (CALL vs PUT). Hard reject — no entry.
2026-09-01 11:39:42,435 - INFO - EMIT nifty_orderflow_signal: NO TRADE | HTF mismatch (CALL vs PUT) — hard reject
2026-09-01 11:39:50,133 - INFO - EMIT nifty_orderflow_signal: NO TRADE | HTF mismatch (CALL vs PUT) — hard reject
2026-09-01 11:40:42,533 - WARNING - \u26a0\ufe0f Nifty spot/futures candle length mismatch — VWAP/key-levels falling back to spot candles (volume likely zero)
2026-09-01 11:40:42,537 - INFO - \u2705 [SIM] Resolved expiry: 2026-09-01
2026-09-01 11:40:42,555 - INFO - \u2691 weak_trend_flag would fire: adx=20.4, score=50, rvol=0
2026-09-01 11:40:42,560 - INFO - HTF sanity check: fut_instrument=NIFTY26SEPFUT, ht_candles_volume_sum=21352110
2026-09-01 11:40:42,562 - INFO - \U0001f534 HTF mismatch (CALL vs PUT). Hard reject — no entry.
2026-09-01 11:40:42,563 - INFO - EMIT nifty_orderflow_signal: NO TRADE | HTF mismatch (CALL vs PUT) — hard reject
2026-09-01 11:40:50,133 - INFO - EMIT nifty_orderflow_signal: NO TRADE | HTF mismatch (CALL vs PUT) — hard reject
2026-09-01 11:41:42,708 - WARNING - \u26a0\ufe0f Nifty spot/futures candle length mismatch — VWAP/key-levels falling back to spot candles (volume likely zero)
2026-09-01 11:41:42,712 - INFO - \u2705 [SIM] Resolved expiry: 2026-09-01
2026-09-01 11:41:42,761 - INFO - \u2691 weak_trend_flag would fire: adx=20.4, score=50, rvol=0
2026-09-01 11:41:42,790 - INFO - HTF sanity check: fut_instrument=NIFTY26SEPFUT, ht_candles_volume_sum=21359910
2026-09-01 11:41:42,793 - INFO - \U0001f534 HTF mismatch (CALL vs PUT). Hard reject — no entry.
2026-09-01 11:41:42,794 - INFO - EMIT nifty_orderflow_signal: NO TRADE | HTF mismatch (CALL vs PUT) — hard reject
2026-09-01 11:41:50,133 - INFO - EMIT nifty_orderflow_signal: NO TRADE | HTF mismatch (CALL vs PUT) — hard reject
2026-09-01 11:42:42,897 - WARNING - \u26a0\ufe0f Nifty spot/futures candle length mismatch — VWAP/key-levels falling back to spot candles (volume likely zero)
2026-09-01 11:42:42,904 - INFO - \u2705 [SIM] Resolved expiry: 2026-09-01
2026-09-01 11:42:42,918 - INFO - \u2691 weak_trend_flag would fire: adx=20.4, score=50, rvol=0
2026-09-01 11:42:42,923 - INFO - HTF sanity check: fut_instrument=NIFTY26SEPFUT, ht_candles_volume_sum=21359910
2026-09-01 11:42:42,926 - INFO - \U0001f534 HTF mismatch (CALL vs PUT). Hard reject — no entry.
2026-09-01 11:42:42,929 - INFO - EMIT nifty_orderflow_signal: NO TRADE | HTF mismatch (CALL vs PUT) — hard reject
2026-09-01 11:42:50,132 - INFO - EMIT nifty_orderflow_signal: NO TRADE | HTF mismatch (CALL vs PUT) — hard reject
2026-09-01 11:43:43,081 - WARNING - \u26a0\ufe0f Nifty spot/futures candle length mismatch — VWAP/key-levels falling back to spot candles (volume likely zero)
2026-09-01 11:43:43,086 - INFO - \u2705 [SIM] Resolved expiry: 2026-09-01
2026-09-01 11:43:43,138 - INFO - \u2691 weak_trend_flag would fire: adx=20.4, score=50, rvol=0
2026-09-01 11:43:43,143 - INFO - HTF sanity check: fut_instrument=NIFTY26SEPFUT, ht_candles_volume_sum=21359910
2026-09-01 11:43:43,145 - INFO - \U0001f534 HTF mismatch (CALL vs PUT). Hard reject — no entry.
2026-09-01 11:43:43,146 - INFO - EMIT nifty_orderflow_signal: NO TRADE | HTF mismatch (CALL vs PUT) — hard reject
2026-09-01 11:43:50,132 - INFO - EMIT nifty_orderflow_signal: NO TRADE | HTF mismatch (CALL vs PUT) — hard reject
2026-09-01 11:44:43,267 - WARNING - \u26a0\ufe0f Nifty spot/futures candle length mismatch — VWAP/key-levels falling back to spot candles (volume likely zero)
2026-09-01 11:44:43,271 - INFO - \u2705 [SIM] Resolved expiry: 2026-09-01
2026-09-01 11:44:43,306 - INFO - \u2691 weak_trend_flag would fire: adx=20.4, score=50, rvol=0
2026-09-01 11:44:43,331 - INFO - HTF sanity check: fut_instrument=NIFTY26SEPFUT, ht_candles_volume_sum=21368360
2026-09-01 11:44:43,335 - INFO - \U0001f534 HTF mismatch (CALL vs PUT). Hard reject — no entry.
2026-09-01 11:44:43,336 - INFO - EMIT nifty_orderflow_signal: NO TRADE | HTF mismatch (CALL vs PUT) — hard reject
2026-09-01 11:44:50,132 - INFO - EMIT nifty_orderflow_signal: NO TRADE | HTF mismatch (CALL vs PUT) — hard reject
2026-09-01 11:45:43,529 - WARNING - \u26a0\ufe0f Nifty spot/futures candle length mismatch — VWAP/key-levels falling back to spot candles (volume likely zero)
2026-09-01 11:45:43,537 - INFO - \u2705 [SIM] Resolved expiry: 2026-09-01
2026-09-01 11:45:43,610 - INFO - \u2691 weak_trend_flag would fire: adx=21.9, score=40, rvol=0
2026-09-01 11:45:43,620 - INFO - HTF sanity check: fut_instrument=NIFTY26SEPFUT, ht_candles_volume_sum=21368360
2026-09-01 11:45:43,623 - INFO - EMIT nifty_orderflow_signal: NO TRADE | RVOL 0.04 below 0.5 floor
2026-09-01 11:45:45,327 - INFO - EMIT nifty_orderflow_signal: NO TRADE | RVOL 0.04 below 0.5 floor
2026-09-01 11:46:12,133 - INFO - EMIT nifty_orderflow_signal: NO TRADE | RVOL 0.04 below 0.5 floor
2026-09-01 11:46:42,132 - INFO - EMIT nifty_orderflow_signal: NO TRADE | RVOL 0.04 below 0.5 floor
2026-09-01 11:46:43,715 - WARNING - \u26a0\ufe0f Nifty spot/futures candle length mismatch — VWAP/key-levels falling back to spot candles (volume likely zero)
2026-09-01 11:46:43,722 - INFO - \u2705 [SIM] Resolved expiry: 2026-09-01
2026-09-01 11:46:43,735 - INFO - \u2691 weak_trend_flag would fire: adx=21.9, score=40, rvol=0
2026-09-01 11:46:43,741 - INFO - HTF sanity check: fut_instrument=NIFTY26SEPFUT, ht_candles_volume_sum=21368360
2026-09-01 11:46:43,743 - INFO - EMIT nifty_orderflow_signal: NO TRADE | RVOL 0.45 below 0.5 floor
2026-09-01 11:47:43,132 - INFO - EMIT nifty_orderflow_signal: NO TRADE | RVOL 0.45 below 0.5 floor
2026-09-01 11:47:43,884 - WARNING - \u26a0\ufe0f Nifty spot/futures candle length mismatch — VWAP/key-levels falling back to spot candles (volume likely zero)
2026-09-01 11:47:43,891 - INFO - \u2705 [SIM] Resolved expiry: 2026-09-01
2026-09-01 11:47:43,939 - INFO - \u2691 weak_trend_flag would fire: adx=21.9, score=40, rvol=0
2026-09-01 11:47:43,966 - INFO - HTF sanity check: fut_instrument=NIFTY26SEPFUT, ht_candles_volume_sum=21387730
2026-09-01 11:47:43,968 - INFO - \U0001f534 HTF mismatch (CALL vs PUT). Hard reject — no entry.
2026-09-01 11:47:43,969 - INFO - EMIT nifty_orderflow_signal: NO TRADE | HTF mismatch (CALL vs PUT) — hard reject
2026-09-01 11:48:44,061 - WARNING - \u26a0\ufe0f Nifty spot/futures candle length mismatch — VWAP/key-levels falling back to spot candles (volume likely zero)
2026-09-01 11:48:44,067 - INFO - \u2705 [SIM] Resolved expiry: 2026-09-01
2026-09-01 11:48:44,083 - INFO - \u2691 weak_trend_flag would fire: adx=21.9, score=40, rvol=0
2026-09-01 11:48:44,088 - INFO - HTF sanity check: fut_instrument=NIFTY26SEPFUT, ht_candles_volume_sum=21387730
2026-09-01 11:48:44,090 - INFO - \U0001f534 HTF mismatch (CALL vs PUT). Hard reject — no entry.
2026-09-01 11:48:44,091 - INFO - EMIT nifty_orderflow_signal: NO TRADE | HTF mismatch (CALL vs PUT) — hard reject
2026-09-01 11:48:44,132 - INFO - EMIT nifty_orderflow_signal: NO TRADE | HTF mismatch (CALL vs PUT) — hard reject
2026-09-01 11:49:44,263 - WARNING - \u26a0\ufe0f Nifty spot/futures candle length mismatch — VWAP/key-levels falling back to spot candles (volume likely zero)
2026-09-01 11:49:44,266 - INFO - \u2705 [SIM] Resolved expiry: 2026-09-01
2026-09-01 11:49:44,333 - INFO - \u2691 weak_trend_flag would fire: adx=21.9, score=40, rvol=0
2026-09-01 11:49:44,333 - INFO - HTF sanity check: fut_instrument=NIFTY26SEPFUT, ht_candles_volume_sum=21387730
2026-09-01 11:49:44,333 - INFO - \U0001f534 HTF mismatch (CALL vs PUT). Hard reject — no entry.
2026-09-01 11:49:44,333 - INFO - EMIT nifty_orderflow_signal: NO TRADE | HTF mismatch (CALL vs PUT) — hard reject
2026-09-01 11:49:45,138 - INFO - EMIT nifty_orderflow_signal: NO TRADE | HTF mismatch (CALL vs PUT) — hard reject
2026-09-01 11:50:17,017 - INFO - EMIT nifty_orderflow_signal: NO TRADE | HTF mismatch (CALL vs PUT) — hard reject
2026-09-01 11:50:42,133 - INFO - EMIT nifty_orderflow_signal: NO TRADE | HTF mismatch (CALL vs PUT) — hard reject
2026-09-01 11:50:44,466 - WARNING - \u26a0\ufe0f Nifty spot/futures candle length mismatch — VWAP/key-levels falling back to spot candles (volume likely zero)
2026-09-01 11:50:44,472 - INFO - \u2705 [SIM] Resolved expiry: 2026-09-01
2026-09-01 11:50:44,503 - INFO - \u2691 weak_trend_flag would fire: adx=21.9, score=40, rvol=0
2026-09-01 11:50:44,536 - INFO - HTF sanity check: fut_instrument=NIFTY26SEPFUT, ht_candles_volume_sum=21396570
2026-09-01 11:50:44,539 - INFO - \U0001f534 HTF mismatch (CALL vs PUT). Hard reject — no entry.
2026-09-01 11:50:44,540 - INFO - EMIT nifty_orderflow_signal: NO TRADE | HTF mismatch (CALL vs PUT) — hard reject
2026-09-01 11:51:12,140 - INFO - EMIT nifty_orderflow_signal: NO TRADE | HTF mismatch (CALL vs PUT) — hard reject
2026-09-01 11:51:44,746 - WARNING - \u26a0\ufe0f Nifty spot/futures candle length mismatch — VWAP/key-levels falling back to spot candles (volume likely zero)
2026-09-01 11:51:44,752 - INFO - \u2705 [SIM] Resolved expiry: 2026-09-01
2026-09-01 11:51:44,850 - INFO - \u2691 weak_trend_flag would fire: adx=21.9, score=40, rvol=0
2026-09-01 11:51:44,875 - INFO - HTF sanity check: fut_instrument=NIFTY26SEPFUT, ht_candles_volume_sum=21396570
2026-09-01 11:51:44,881 - INFO - \U0001f534 HTF mismatch (CALL vs PUT). Hard reject — no entry.
2026-09-01 11:51:44,883 - INFO - EMIT nifty_orderflow_signal: NO TRADE | HTF mismatch (CALL vs PUT) — hard reject
2026-09-01 11:51:50,135 - INFO - EMIT nifty_orderflow_signal: NO TRADE | HTF mismatch (CALL vs PUT) — hard reject
2026-09-01 11:52:45,211 - WARNING - \u26a0\ufe0f Nifty spot/futures candle length mismatch — VWAP/key-levels falling back to spot candles (volume likely zero)
2026-09-01 11:52:45,217 - INFO - \u2705 [SIM] Resolved expiry: 2026-09-01
2026-09-01 11:52:45,242 - INFO - \u2691 weak_trend_flag would fire: adx=21.9, score=40, rvol=0
2026-09-01 11:52:45,252 - INFO - HTF sanity check: fut_instrument=NIFTY26SEPFUT, ht_candles_volume_sum=21396570
2026-09-01 11:52:45,255 - INFO - \U0001f534 HTF mismatch (CALL vs PUT). Hard reject — no entry.
2026-09-01 11:52:45,256 - INFO - EMIT nifty_orderflow_signal: NO TRADE | HTF mismatch (CALL vs PUT) — hard reject
2026-09-01 11:52:50,134 - INFO - EMIT nifty_orderflow_signal: NO TRADE | HTF mismatch (CALL vs PUT) — hard reject
2026-09-01 11:53:45,444 - WARNING - \u26a0\ufe0f Nifty spot/futures candle length mismatch — VWAP/key-levels falling back to spot candles (volume likely zero)
2026-09-01 11:53:45,453 - INFO - \u2705 [SIM] Resolved expiry: 2026-09-01
2026-09-01 11:53:45,515 - INFO - \u2691 weak_trend_flag would fire: adx=21.9, score=40, rvol=0
2026-09-01 11:53:45,547 - INFO - HTF sanity check: fut_instrument=NIFTY26SEPFUT, ht_candles_volume_sum=21402420
2026-09-01 11:53:45,549 - INFO - \U0001f534 HTF mismatch (CALL vs PUT). Hard reject — no entry.
2026-09-01 11:53:45,551 - INFO - EMIT nifty_orderflow_signal: NO TRADE | HTF mismatch (CALL vs PUT) — hard reject
2026-09-01 11:53:50,147 - INFO - EMIT nifty_orderflow_signal: NO TRADE | HTF mismatch (CALL vs PUT) — hard reject
2026-09-01 11:54:45,667 - WARNING - \u26a0\ufe0f Nifty spot/futures candle length mismatch — VWAP/key-levels falling back to spot candles (volume likely zero)
2026-09-01 11:54:45,674 - INFO - \u2705 [SIM] Resolved expiry: 2026-09-01
2026-09-01 11:54:45,708 - INFO - \u2691 weak_trend_flag would fire: adx=21.9, score=40, rvol=0
2026-09-01 11:54:45,713 - INFO - HTF sanity check: fut_instrument=NIFTY26SEPFUT, ht_candles_volume_sum=21402420
2026-09-01 11:54:45,715 - INFO - \U0001f534 HTF mismatch (CALL vs PUT). Hard reject — no entry.
2026-09-01 11:54:45,716 - INFO - EMIT nifty_orderflow_signal: NO TRADE | HTF mismatch (CALL vs PUT) — hard reject
2026-09-01 11:54:50,132 - INFO - EMIT nifty_orderflow_signal: NO TRADE | HTF mismatch (CALL vs PUT) — hard reject
2026-09-01 11:55:45,857 - WARNING - \u26a0\ufe0f Nifty spot/futures candle length mismatch — VWAP/key-levels falling back to spot candles (volume likely zero)
2026-09-01 11:55:45,863 - INFO - \u2705 [SIM] Resolved expiry: 2026-09-01
2026-09-01 11:55:45,914 - INFO - \u2691 weak_trend_flag would fire: adx=21.9, score=40, rvol=0
2026-09-01 11:55:45,919 - INFO - HTF sanity check: fut_instrument=NIFTY26SEPFUT, ht_candles_volume_sum=21402420
2026-09-01 11:55:45,920 - INFO - \U0001f534 HTF mismatch (CALL vs PUT). Hard reject — no entry.
2026-09-01 11:55:45,921 - INFO - EMIT nifty_orderflow_signal: NO TRADE | HTF mismatch (CALL vs PUT) — hard reject
2026-09-01 11:55:50,133 - INFO - EMIT nifty_orderflow_signal: NO TRADE | HTF mismatch (CALL vs PUT) — hard reject
2026-09-01 11:56:46,018 - WARNING - \u26a0\ufe0f Nifty spot/futures candle length mismatch — VWAP/key-levels falling back to spot candles (volume likely zero)
2026-09-01 11:56:46,025 - INFO - \u2705 [SIM] Resolved expiry: 2026-09-01
2026-09-01 11:56:46,039 - INFO - \u2691 weak_trend_flag would fire: adx=21.9, score=40, rvol=0
2026-09-01 11:56:46,067 - INFO - HTF sanity check: fut_instrument=NIFTY26SEPFUT, ht_candles_volume_sum=21413340
2026-09-01 11:56:46,069 - INFO - \U0001f534 HTF mismatch (CALL vs PUT). Hard reject — no entry.
2026-09-01 11:56:46,070 - INFO - EMIT nifty_orderflow_signal: NO TRADE | HTF mismatch (CALL vs PUT) — hard reject
2026-09-01 11:56:50,133 - INFO - EMIT nifty_orderflow_signal: NO TRADE | HTF mismatch (CALL vs PUT) — hard reject
2026-09-01 11:57:46,212 - WARNING - \u26a0\ufe0f Nifty spot/futures candle length mismatch — VWAP/key-levels falling back to spot candles (volume likely zero)
2026-09-01 11:57:46,218 - INFO - \u2705 [SIM] Resolved expiry: 2026-09-01
2026-09-01 11:57:46,268 - INFO - \u2691 weak_trend_flag would fire: adx=21.9, score=40, rvol=0
2026-09-01 11:57:46,273 - INFO - HTF sanity check: fut_instrument=NIFTY26SEPFUT, ht_candles_volume_sum=21413340
2026-09-01 11:57:46,275 - INFO - EMIT nifty_orderflow_signal: NO TRADE | RVOL 0.32 below 0.5 floor
2026-09-01 11:57:50,133 - INFO - EMIT nifty_orderflow_signal: NO TRADE | RVOL 0.32 below 0.5 floor
2026-09-01 11:58:46,368 - WARNING - \u26a0\ufe0f Nifty spot/futures candle length mismatch — VWAP/key-levels falling back to spot candles (volume likely zero)
2026-09-01 11:58:46,373 - INFO - \u2705 [SIM] Resolved expiry: 2026-09-01
2026-09-01 11:58:46,390 - INFO - \u2691 weak_trend_flag would fire: adx=21.9, score=40, rvol=0
2026-09-01 11:58:46,395 - INFO - HTF sanity check: fut_instrument=NIFTY26SEPFUT, ht_candles_volume_sum=21413340
2026-09-01 11:58:46,396 - INFO - EMIT nifty_orderflow_signal: NO TRADE | RVOL 0.37 below 0.5 floor
2026-09-01 11:58:50,133 - INFO - EMIT nifty_orderflow_signal: NO TRADE | RVOL 0.37 below 0.5 floor
2026-09-01 11:59:46,558 - WARNING - \u26a0\ufe0f Nifty spot/futures candle length mismatch — VWAP/key-levels falling back to spot candles (volume likely zero)
2026-09-01 11:59:46,562 - INFO - \u2705 [SIM] Resolved expiry: 2026-09-01
2026-09-01 11:59:46,635 - INFO - \u2691 weak_trend_flag would fire: adx=21.9, score=40, rvol=0
2026-09-01 11:59:46,660 - INFO - HTF sanity check: fut_instrument=NIFTY26SEPFUT, ht_candles_volume_sum=21417825
2026-09-01 11:59:46,663 - INFO - EMIT nifty_orderflow_signal: NO TRADE | RVOL 0.43 below 0.5 floor
2026-09-01 11:59:50,133 - INFO - EMIT nifty_orderflow_signal: NO TRADE | RVOL 0.43 below 0.5 floor
2026-09-01 12:00:46,758 - WARNING - \u26a0\ufe0f Nifty spot/futures candle length mismatch — VWAP/key-levels falling back to spot candles (volume likely zero)
2026-09-01 12:00:46,762 - INFO - \u2705 [SIM] Resolved expiry: 2026-09-01
2026-09-01 12:00:46,781 - INFO - \u2691 weak_trend_flag would fire: adx=21.9, score=40, rvol=0
2026-09-01 12:00:46,787 - INFO - HTF sanity check: fut_instrument=NIFTY26SEPFUT, ht_candles_volume_sum=21417825
2026-09-01 12:00:46,789 - INFO - EMIT nifty_orderflow_signal: NO TRADE | RVOL 0.06 below 0.5 floor
2026-09-01 12:00:50,133 - INFO - EMIT nifty_orderflow_signal: NO TRADE | RVOL 0.06 below 0.5 floor
2026-09-01 12:01:46,933 - WARNING - \u26a0\ufe0f Nifty spot/futures candle length mismatch — VWAP/key-levels falling back to spot candles (volume likely zero)
2026-09-01 12:01:46,940 - INFO - \u2705 [SIM] Resolved expiry: 2026-09-01
2026-09-01 12:01:46,991 - INFO - HTF sanity check: fut_instrument=NIFTY26SEPFUT, ht_candles_volume_sum=21417825
2026-09-01 12:01:46,994 - INFO - \U0001f534 HTF mismatch (CALL vs PUT). Hard reject — no entry.
2026-09-01 12:01:46,996 - INFO - EMIT nifty_orderflow_signal: NO TRADE | HTF mismatch (CALL vs PUT) — hard reject
2026-09-01 12:01:50,133 - INFO - EMIT nifty_orderflow_signal: NO TRADE | HTF mismatch (CALL vs PUT) — hard reject
2026-09-01 12:02:47,096 - WARNING - \u26a0\ufe0f Nifty spot/futures candle length mismatch — VWAP/key-levels falling back to spot candles (volume likely zero)
2026-09-01 12:02:47,103 - INFO - \u2705 [SIM] Resolved expiry: 2026-09-01
2026-09-01 12:02:47,147 - INFO - HTF sanity check: fut_instrument=NIFTY26SEPFUT, ht_candles_volume_sum=21425105
2026-09-01 12:02:47,148 - INFO - \U0001f534 HTF mismatch (CALL vs PUT). Hard reject — no entry.
2026-09-01 12:02:47,150 - INFO - EMIT nifty_orderflow_signal: NO TRADE | HTF mismatch (CALL vs PUT) — hard reject
2026-09-01 12:02:50,134 - INFO - EMIT nifty_orderflow_signal: NO TRADE | HTF mismatch (CALL vs PUT) — hard reject
2026-09-01 12:03:47,290 - WARNING - \u26a0\ufe0f Nifty spot/futures candle length mismatch — VWAP/key-levels falling back to spot candles (volume likely zero)
2026-09-01 12:03:47,295 - INFO - \u2705 [SIM] Resolved expiry: 2026-09-01
2026-09-01 12:03:47,349 - INFO - HTF sanity check: fut_instrument=NIFTY26SEPFUT, ht_candles_volume_sum=21425105
2026-09-01 12:03:47,354 - INFO - EMIT nifty_orderflow_signal: NO TRADE | RVOL 0.49 below 0.5 floor
2026-09-01 12:03:50,133 - INFO - EMIT nifty_orderflow_signal: NO TRADE | RVOL 0.49 below 0.5 floor
2026-09-01 12:04:12,134 - INFO - EMIT nifty_orderflow_signal: NO TRADE | RVOL 0.49 below 0.5 floor
2026-09-01 12:04:42,133 - INFO - EMIT nifty_orderflow_signal: NO TRADE | RVOL 0.49 below 0.5 floor
2026-09-01 12:04:47,477 - WARNING - \u26a0\ufe0f Nifty spot/futures candle length mismatch — VWAP/key-levels falling back to spot candles (volume likely zero)
2026-09-01 12:04:47,480 - INFO - \u2705 [SIM] Resolved expiry: 2026-09-01
2026-09-01 12:04:47,520 - INFO - HTF sanity check: fut_instrument=NIFTY26SEPFUT, ht_candles_volume_sum=21425105
2026-09-01 12:04:47,522 - INFO - EMIT nifty_orderflow_signal: NO TRADE | Entry Score 40 (gate 60, VIX 10.96)
2026-09-01 12:05:43,133 - INFO - EMIT nifty_orderflow_signal: NO TRADE | Entry Score 40 (gate 60, VIX 10.96)
2026-09-01 12:05:47,670 - WARNING - \u26a0\ufe0f Nifty spot/futures candle length mismatch — VWAP/key-levels falling back to spot candles (volume likely zero)
2026-09-01 12:05:47,676 - INFO - \u2705 [SIM] Resolved expiry: 2026-09-01
2026-09-01 12:05:47,752 - INFO - HTF sanity check: fut_instrument=NIFTY26SEPFUT, ht_candles_volume_sum=21429265
2026-09-01 12:05:47,755 - INFO - EMIT nifty_orderflow_signal: NO TRADE | RVOL 0.03 below 0.5 floor
2026-09-01 12:06:44,133 - INFO - EMIT nifty_orderflow_signal: NO TRADE | RVOL 0.03 below 0.5 floor
2026-09-01 12:06:47,869 - WARNING - \u26a0\ufe0f Nifty spot/futures candle length mismatch — VWAP/key-levels falling back to spot candles (volume likely zero)
2026-09-01 12:06:47,875 - INFO - \u2705 [SIM] Resolved expiry: 2026-09-01
2026-09-01 12:06:47,904 - INFO - HTF sanity check: fut_instrument=NIFTY26SEPFUT, ht_candles_volume_sum=21429265
2026-09-01 12:06:47,907 - INFO - EMIT nifty_orderflow_signal: NO TRADE | RVOL 0.20 below 0.5 floor
2026-09-01 12:07:45,133 - INFO - EMIT nifty_orderflow_signal: NO TRADE | RVOL 0.20 below 0.5 floor
2026-09-01 12:07:48,054 - WARNING - \u26a0\ufe0f Nifty spot/futures candle length mismatch — VWAP/key-levels falling back to spot candles (volume likely zero)
2026-09-01 12:07:48,060 - INFO - \u2705 [SIM] Resolved expiry: 2026-09-01
2026-09-01 12:07:48,113 - INFO - HTF sanity check: fut_instrument=NIFTY26SEPFUT, ht_candles_volume_sum=21429265
2026-09-01 12:07:48,115 - INFO - EMIT nifty_orderflow_signal: NO TRADE | RVOL 0.32 below 0.5 floor
2026-09-01 12:08:46,133 - INFO - EMIT nifty_orderflow_signal: NO TRADE | RVOL 0.32 below 0.5 floor
2026-09-01 12:08:48,215 - WARNING - \u26a0\ufe0f Nifty spot/futures candle length mismatch — VWAP/key-levels falling back to spot candles (volume likely zero)
2026-09-01 12:08:48,220 - INFO - \u2705 [SIM] Resolved expiry: 2026-09-01
2026-09-01 12:08:48,262 - INFO - HTF sanity check: fut_instrument=NIFTY26SEPFUT, ht_candles_volume_sum=21436025
2026-09-01 12:08:48,264 - INFO - EMIT nifty_orderflow_signal: NO TRADE | RVOL 0.46 below 0.5 floor
2026-09-01 12:09:47,133 - INFO - EMIT nifty_orderflow_signal: NO TRADE | RVOL 0.46 below 0.5 floor
2026-09-01 12:09:48,436 - WARNING - \u26a0\ufe0f Nifty spot/futures candle length mismatch — VWAP/key-levels falling back to spot candles (volume likely zero)
2026-09-01 12:09:48,442 - INFO - \u2705 [SIM] Resolved expiry: 2026-09-01
2026-09-01 12:09:48,511 - INFO - HTF sanity check: fut_instrument=NIFTY26SEPFUT, ht_candles_volume_sum=21436025
2026-09-01 12:09:48,514 - INFO - EMIT nifty_orderflow_signal: NO TRADE | Entry Score 30 (gate 60, VIX 10.95)
2026-09-01 12:10:48,132 - INFO - EMIT nifty_orderflow_signal: NO TRADE | Entry Score 30 (gate 60, VIX 10.95)
2026-09-01 12:10:48,608 - WARNING - \u26a0\ufe0f Nifty spot/futures candle length mismatch — VWAP/key-levels falling back to spot candles (volume likely zero)
2026-09-01 12:10:48,612 - INFO - \u2705 [SIM] Resolved expiry: 2026-09-01
2026-09-01 12:10:48,635 - INFO - HTF sanity check: fut_instrument=NIFTY26SEPFUT, ht_candles_volume_sum=21436025
2026-09-01 12:10:48,638 - INFO - EMIT nifty_orderflow_signal: NO TRADE | RVOL 0.09 below 0.5 floor
2026-09-01 12:11:48,791 - WARNING - \u26a0\ufe0f Nifty spot/futures candle length mismatch — VWAP/key-levels falling back to spot candles (volume likely zero)
2026-09-01 12:11:48,795 - INFO - \u2705 [SIM] Resolved expiry: 2026-09-01
2026-09-01 12:11:48,860 - INFO - HTF sanity check: fut_instrument=NIFTY26SEPFUT, ht_candles_volume_sum=21448115
2026-09-01 12:11:48,860 - INFO - EMIT nifty_orderflow_signal: NO TRADE | Entry Score 30 (gate 60, VIX 10.98)
2026-09-01 12:11:49,144 - INFO - EMIT nifty_orderflow_signal: NO TRADE | Entry Score 30 (gate 60, VIX 10.98)
2026-09-01 12:12:22,999 - INFO - EMIT nifty_orderflow_signal: NO TRADE | Entry Score 30 (gate 60, VIX 10.98)
2026-09-01 12:12:42,134 - INFO - EMIT nifty_orderflow_signal: NO TRADE | Entry Score 30 (gate 60, VIX 10.98)
2026-09-01 12:12:48,990 - WARNING - \u26a0\ufe0f Nifty spot/futures candle length mismatch — VWAP/key-levels falling back to spot candles (volume likely zero)
2026-09-01 12:12:48,995 - INFO - \u2705 [SIM] Resolved expiry: 2026-09-01
2026-09-01 12:12:49,027 - INFO - HTF sanity check: fut_instrument=NIFTY26SEPFUT, ht_candles_volume_sum=21448115
2026-09-01 12:12:49,030 - INFO - EMIT nifty_orderflow_signal: NO TRADE | Entry Score 30 (gate 60, VIX 10.98)
2026-09-01 12:13:12,135 - INFO - EMIT nifty_orderflow_signal: NO TRADE | Entry Score 30 (gate 60, VIX 10.98)
2026-09-01 12:13:49,201 - WARNING - \u26a0\ufe0f Nifty spot/futures candle length mismatch — VWAP/key-levels falling back to spot candles (volume likely zero)
2026-09-01 12:13:49,208 - INFO - \u2705 [SIM] Resolved expiry: 2026-09-01
2026-09-01 12:13:49,277 - INFO - HTF sanity check: fut_instrument=NIFTY26SEPFUT, ht_candles_volume_sum=21448115
2026-09-01 12:13:49,278 - INFO - EMIT nifty_orderflow_signal: NO TRADE | Entry Score 45 (gate 60, VIX 10.94)
2026-09-01 12:13:50,134 - INFO - EMIT nifty_orderflow_signal: NO TRADE | Entry Score 45 (gate 60, VIX 10.94)
2026-09-01 12:14:49,406 - WARNING - \u26a0\ufe0f Nifty spot/futures candle length mismatch — VWAP/key-levels falling back to spot candles (volume likely zero)
2026-09-01 12:14:49,414 - INFO - \u2705 [SIM] Resolved expiry: 2026-09-01
2026-09-01 12:14:49,485 - INFO - HTF sanity check: fut_instrument=NIFTY26SEPFUT, ht_candles_volume_sum=21463325
2026-09-01 12:14:49,488 - INFO - EMIT nifty_orderflow_signal: NO TRADE | Entry Score 45 (gate 60, VIX 10.93)
2026-09-01 12:14:50,133 - INFO - EMIT nifty_orderflow_signal: NO TRADE | Entry Score 45 (gate 60, VIX 10.93)
2026-09-01 12:15:49,661 - WARNING - \u26a0\ufe0f Nifty spot/futures candle length mismatch — VWAP/key-levels falling back to spot candles (volume likely zero)
2026-09-01 12:15:49,669 - INFO - \u2705 [SIM] Resolved expiry: 2026-09-01
2026-09-01 12:15:49,750 - INFO - HTF sanity check: fut_instrument=NIFTY26SEPFUT, ht_candles_volume_sum=21463325
2026-09-01 12:15:49,753 - INFO - \U0001f534 HTF mismatch (CALL vs PUT). Hard reject — no entry.
2026-09-01 12:15:49,757 - INFO - EMIT nifty_orderflow_signal: NO TRADE | HTF mismatch (CALL vs PUT) — hard reject
2026-09-01 12:15:50,134 - INFO - EMIT nifty_orderflow_signal: NO TRADE | HTF mismatch (CALL vs PUT) — hard reject
2026-09-01 12:16:49,889 - WARNING - \u26a0\ufe0f Nifty spot/futures candle length mismatch — VWAP/key-levels falling back to spot candles (volume likely zero)
2026-09-01 12:16:49,893 - INFO - \u2705 [SIM] Resolved expiry: 2026-09-01
2026-09-01 12:16:49,944 - INFO - HTF sanity check: fut_instrument=NIFTY26SEPFUT, ht_candles_volume_sum=21463325
2026-09-01 12:16:49,946 - INFO - \U0001f534 HTF mismatch (CALL vs PUT). Hard reject — no entry.
2026-09-01 12:16:49,952 - INFO - EMIT nifty_orderflow_signal: NO TRADE | HTF mismatch (CALL vs PUT) — hard reject
2026-09-01 12:16:50,135 - INFO - EMIT nifty_orderflow_signal: NO TRADE | HTF mismatch (CALL vs PUT) — hard reject
2026-09-01 12:17:50,126 - WARNING - \u26a0\ufe0f Nifty spot/futures candle length mismatch — VWAP/key-levels falling back to spot candles (volume likely zero)
2026-09-01 12:17:50,136 - INFO - \u2705 [SIM] Resolved expiry: 2026-09-01
2026-09-01 12:17:50,266 - INFO - HTF sanity check: fut_instrument=NIFTY26SEPFUT, ht_candles_volume_sum=21469565
2026-09-01 12:17:50,271 - INFO - \U0001f534 HTF mismatch (CALL vs PUT). Hard reject — no entry.
2026-09-01 12:17:50,273 - INFO - EMIT nifty_orderflow_signal: NO TRADE | HTF mismatch (CALL vs PUT) — hard reject
2026-09-01 12:17:50,275 - INFO - EMIT nifty_orderflow_signal: NO TRADE | HTF mismatch (CALL vs PUT) — hard reject
2026-09-01 12:18:50,132 - INFO - EMIT nifty_orderflow_signal: NO TRADE | HTF mismatch (CALL vs PUT) — hard reject
2026-09-01 12:18:50,443 - WARNING - \u26a0\ufe0f Nifty spot/futures candle length mismatch — VWAP/key-levels falling back to spot candles (volume likely zero)
2026-09-01 12:18:50,454 - INFO - \u2705 [SIM] Resolved expiry: 2026-09-01
2026-09-01 12:18:50,537 - INFO - HTF sanity check: fut_instrument=NIFTY26SEPFUT, ht_candles_volume_sum=21469565
2026-09-01 12:18:50,543 - INFO - \U0001f534 HTF mismatch (CALL vs PUT). Hard reject — no entry.
2026-09-01 12:18:50,545 - INFO - EMIT nifty_orderflow_signal: NO TRADE | HTF mismatch (CALL vs PUT) — hard reject
2026-09-01 12:19:50,134 - INFO - EMIT nifty_orderflow_signal: NO TRADE | HTF mismatch (CALL vs PUT) — hard reject
2026-09-01 12:19:50,856 - WARNING - \u26a0\ufe0f Nifty spot/futures candle length mismatch — VWAP/key-levels falling back to spot candles (volume likely zero)
2026-09-01 12:19:50,870 - INFO - \u2705 [SIM] Resolved expiry: 2026-09-01
2026-09-01 12:19:51,056 - INFO - HTF sanity check: fut_instrument=NIFTY26SEPFUT, ht_candles_volume_sum=21469565
2026-09-01 12:19:51,059 - INFO - \U0001f534 HTF mismatch (CALL vs PUT). Hard reject — no entry.
2026-09-01 12:19:51,067 - INFO - EMIT nifty_orderflow_signal: NO TRADE | HTF mismatch (CALL vs PUT) — hard reject
2026-09-01 12:20:50,133 - INFO - EMIT nifty_orderflow_signal: NO TRADE | HTF mismatch (CALL vs PUT) — hard reject
2026-09-01 12:20:51,215 - WARNING - \u26a0\ufe0f Nifty spot/futures candle length mismatch — VWAP/key-levels falling back to spot candles (volume likely zero)
2026-09-01 12:20:51,225 - INFO - \u2705 [SIM] Resolved expiry: 2026-09-01
2026-09-01 12:20:51,315 - INFO - HTF sanity check: fut_instrument=NIFTY26SEPFUT, ht_candles_volume_sum=21481200
2026-09-01 12:20:51,318 - INFO - \U0001f534 HTF mismatch (CALL vs PUT). Hard reject — no entry.
2026-09-01 12:20:51,327 - INFO - EMIT nifty_orderflow_signal: NO TRADE | HTF mismatch (CALL vs PUT) — hard reject
2026-09-01 12:21:50,143 - INFO - EMIT nifty_orderflow_signal: NO TRADE | HTF mismatch (CALL vs PUT) — hard reject
2026-09-01 12:21:52,271 - WARNING - \u26a0\ufe0f Nifty spot/futures candle length mismatch — VWAP/key-levels falling back to spot candles (volume likely zero)
2026-09-01 12:21:52,277 - INFO - \u2705 [SIM] Resolved expiry: 2026-09-01
2026-09-01 12:21:52,395 - INFO - HTF sanity check: fut_instrument=NIFTY26SEPFUT, ht_candles_volume_sum=21481200
2026-09-01 12:21:52,401 - INFO - \U0001f534 HTF mismatch (CALL vs PUT). Hard reject — no entry.
2026-09-01 12:21:52,404 - INFO - EMIT nifty_orderflow_signal: NO TRADE | HTF mismatch (CALL vs PUT) — hard reject
2026-09-01 12:22:50,133 - INFO - EMIT nifty_orderflow_signal: NO TRADE | HTF mismatch (CALL vs PUT) — hard reject
2026-09-01 12:22:52,551 - WARNING - \u26a0\ufe0f Nifty spot/futures candle length mismatch — VWAP/key-levels falling back to spot candles (volume likely zero)
2026-09-01 12:22:52,555 - INFO - \u2705 [SIM] Resolved expiry: 2026-09-01
2026-09-01 12:22:52,595 - INFO - HTF sanity check: fut_instrument=NIFTY26SEPFUT, ht_candles_volume_sum=21481200
2026-09-01 12:22:52,598 - INFO - \U0001f534 HTF mismatch (CALL vs PUT). Hard reject — no entry.
2026-09-01 12:22:52,603 - INFO - EMIT nifty_orderflow_signal: NO TRADE | HTF mismatch (CALL vs PUT) — hard reject
2026-09-01 12:23:50,133 - INFO - EMIT nifty_orderflow_signal: NO TRADE | HTF mismatch (CALL vs PUT) — hard reject
2026-09-01 12:23:52,770 - WARNING - \u26a0\ufe0f Nifty spot/futures candle length mismatch — VWAP/key-levels falling back to spot candles (volume likely zero)
2026-09-01 12:23:52,775 - INFO - \u2705 [SIM] Resolved expiry: 2026-09-01
2026-09-01 12:23:52,902 - INFO - HTF sanity check: fut_instrument=NIFTY26SEPFUT, ht_candles_volume_sum=21501350
2026-09-01 12:23:52,906 - INFO - \U0001f534 HTF mismatch (CALL vs PUT). Hard reject — no entry.
2026-09-01 12:23:52,907 - INFO - EMIT nifty_orderflow_signal: NO TRADE | HTF mismatch (CALL vs PUT) — hard reject
2026-09-01 12:24:14,203 - INFO - EMIT nifty_orderflow_signal: NO TRADE | HTF mismatch (CALL vs PUT) — hard reject
2026-09-01 12:24:42,133 - INFO - EMIT nifty_orderflow_signal: NO TRADE | HTF mismatch (CALL vs PUT) — hard reject
2026-09-01 12:24:53,032 - WARNING - \u26a0\ufe0f Nifty spot/futures candle length mismatch — VWAP/key-levels falling back to spot candles (volume likely zero)
2026-09-01 12:24:53,037 - INFO - \u2705 [SIM] Resolved expiry: 2026-09-01
2026-09-01 12:24:53,078 - INFO - HTF sanity check: fut_instrument=NIFTY26SEPFUT, ht_candles_volume_sum=21501350
2026-09-01 12:24:53,080 - INFO - \U0001f534 HTF mismatch (CALL vs PUT). Hard reject — no entry.
2026-09-01 12:24:53,082 - INFO - EMIT nifty_orderflow_signal: NO TRADE | HTF mismatch (CALL vs PUT) — hard reject
2026-09-01 12:25:12,132 - INFO - EMIT nifty_orderflow_signal: NO TRADE | HTF mismatch (CALL vs PUT) — hard reject
2026-09-01 12:25:50,133 - INFO - EMIT nifty_orderflow_signal: NO TRADE | HTF mismatch (CALL vs PUT) — hard reject
2026-09-01 12:25:53,237 - WARNING - \u26a0\ufe0f Nifty spot/futures candle length mismatch — VWAP/key-levels falling back to spot candles (volume likely zero)
2026-09-01 12:25:53,244 - INFO - \u2705 [SIM] Resolved expiry: 2026-09-01
2026-09-01 12:25:53,299 - INFO - HTF sanity check: fut_instrument=NIFTY26SEPFUT, ht_candles_volume_sum=21501350
2026-09-01 12:25:53,301 - INFO - \U0001f534 HTF mismatch (CALL vs PUT). Hard reject — no entry.
2026-09-01 12:25:53,304 - INFO - EMIT nifty_orderflow_signal: NO TRADE | HTF mismatch (CALL vs PUT) — hard reject
2026-09-01 12:26:50,133 - INFO - EMIT nifty_orderflow_signal: NO TRADE | HTF mismatch (CALL vs PUT) — hard reject
2026-09-01 12:26:53,399 - WARNING - \u26a0\ufe0f Nifty spot/futures candle length mismatch — VWAP/key-levels falling back to spot candles (volume likely zero)
2026-09-01 12:26:53,405 - INFO - \u2705 [SIM] Resolved expiry: 2026-09-01
2026-09-01 12:26:53,448 - INFO - HTF sanity check: fut_instrument=NIFTY26SEPFUT, ht_candles_volume_sum=21514480
2026-09-01 12:26:53,451 - INFO - \U0001f534 HTF mismatch (CALL vs PUT). Hard reject — no entry.
2026-09-01 12:26:53,452 - INFO - EMIT nifty_orderflow_signal: NO TRADE | HTF mismatch (CALL vs PUT) — hard reject
2026-09-01 12:27:50,132 - INFO - EMIT nifty_orderflow_signal: NO TRADE | HTF mismatch (CALL vs PUT) — hard reject
2026-09-01 12:27:53,601 - WARNING - \u26a0\ufe0f Nifty spot/futures candle length mismatch — VWAP/key-levels falling back to spot candles (volume likely zero)
2026-09-01 12:27:53,606 - INFO - \u2705 [SIM] Resolved expiry: 2026-09-01
2026-09-01 12:27:53,656 - INFO - HTF sanity check: fut_instrument=NIFTY26SEPFUT, ht_candles_volume_sum=21514480
2026-09-01 12:27:53,657 - INFO - \U0001f534 HTF mismatch (CALL vs PUT). Hard reject — no entry.
2026-09-01 12:27:53,658 - INFO - EMIT nifty_orderflow_signal: NO TRADE | HTF mismatch (CALL vs PUT) — hard reject
2026-09-01 12:28:50,133 - INFO - EMIT nifty_orderflow_signal: NO TRADE | HTF mismatch (CALL vs PUT) — hard reject
2026-09-01 12:28:53,759 - WARNING - \u26a0\ufe0f Nifty spot/futures candle length mismatch — VWAP/key-levels falling back to spot candles (volume likely zero)
2026-09-01 12:28:53,764 - INFO - \u2705 [SIM] Resolved expiry: 2026-09-01
2026-09-01 12:28:53,788 - INFO - HTF sanity check: fut_instrument=NIFTY26SEPFUT, ht_candles_volume_sum=21514480
2026-09-01 12:28:53,790 - INFO - \U0001f534 HTF mismatch (CALL vs PUT). Hard reject — no entry.
2026-09-01 12:28:53,791 - INFO - EMIT nifty_orderflow_signal: NO TRADE | HTF mismatch (CALL vs PUT) — hard reject
2026-09-01 12:29:50,133 - INFO - EMIT nifty_orderflow_signal: NO TRADE | HTF mismatch (CALL vs PUT) — hard reject
2026-09-01 12:29:55,298 - WARNING - \u26a0\ufe0f Nifty spot/futures candle length mismatch — VWAP/key-levels falling back to spot candles (volume likely zero)
2026-09-01 12:29:55,302 - INFO - \u2705 [SIM] Resolved expiry: 2026-09-01
2026-09-01 12:29:55,397 - INFO - HTF sanity check: fut_instrument=NIFTY26SEPFUT, ht_candles_volume_sum=21517730
2026-09-01 12:29:55,400 - INFO - \U0001f534 HTF mismatch (CALL vs PUT). Hard reject — no entry.
2026-09-01 12:29:55,401 - INFO - EMIT nifty_orderflow_signal: NO TRADE | HTF mismatch (CALL vs PUT) — hard reject
2026-09-01 12:30:50,133 - INFO - EMIT nifty_orderflow_signal: NO TRADE | HTF mismatch (CALL vs PUT) — hard reject
2026-09-01 12:30:55,499 - WARNING - \u26a0\ufe0f Nifty spot/futures candle length mismatch — VWAP/key-levels falling back to spot candles (volume likely zero)
2026-09-01 12:30:55,503 - INFO - \u2705 [SIM] Resolved expiry: 2026-09-01
2026-09-01 12:30:55,526 - INFO - HTF sanity check: fut_instrument=NIFTY26SEPFUT, ht_candles_volume_sum=21517730
2026-09-01 12:30:55,533 - INFO - \U0001f534 HTF mismatch (CALL vs PUT). Hard reject — no entry.
2026-09-01 12:30:55,534 - INFO - EMIT nifty_orderflow_signal: NO TRADE | HTF mismatch (CALL vs PUT) — hard reject
2026-09-01 12:31:50,132 - INFO - EMIT nifty_orderflow_signal: NO TRADE | HTF mismatch (CALL vs PUT) — hard reject
2026-09-01 12:31:55,693 - WARNING - \u26a0\ufe0f Nifty spot/futures candle length mismatch — VWAP/key-levels falling back to spot candles (volume likely zero)
2026-09-01 12:31:55,697 - INFO - \u2705 [SIM] Resolved expiry: 2026-09-01
2026-09-01 12:31:55,760 - INFO - HTF sanity check: fut_instrument=NIFTY26SEPFUT, ht_candles_volume_sum=21517730
2026-09-01 12:31:55,763 - INFO - EMIT nifty_orderflow_signal: NO TRADE | RVOL 0.13 below 0.5 floor
2026-09-01 12:32:50,139 - INFO - EMIT nifty_orderflow_signal: NO TRADE | RVOL 0.13 below 0.5 floor
2026-09-01 12:32:55,865 - WARNING - \u26a0\ufe0f Nifty spot/futures candle length mismatch — VWAP/key-levels falling back to spot candles (volume likely zero)
2026-09-01 12:32:55,873 - INFO - \u2705 [SIM] Resolved expiry: 2026-09-01
2026-09-01 12:32:55,916 - INFO - HTF sanity check: fut_instrument=NIFTY26SEPFUT, ht_candles_volume_sum=21521955
2026-09-01 12:32:55,919 - INFO - EMIT nifty_orderflow_signal: NO TRADE | RVOL 0.28 below 0.5 floor
2026-09-01 12:33:50,134 - INFO - EMIT nifty_orderflow_signal: NO TRADE | RVOL 0.28 below 0.5 floor
2026-09-01 12:33:56,067 - WARNING - \u26a0\ufe0f Nifty spot/futures candle length mismatch — VWAP/key-levels falling back to spot candles (volume likely zero)
2026-09-01 12:33:56,073 - INFO - \u2705 [SIM] Resolved expiry: 2026-09-01
2026-09-01 12:33:56,132 - INFO - HTF sanity check: fut_instrument=NIFTY26SEPFUT, ht_candles_volume_sum=21521955
2026-09-01 12:33:56,134 - INFO - \U0001f534 HTF mismatch (CALL vs PUT). Hard reject — no entry.
2026-09-01 12:33:56,135 - INFO - EMIT nifty_orderflow_signal: NO TRADE | HTF mismatch (CALL vs PUT) — hard reject
2026-09-01 12:34:50,141 - INFO - EMIT nifty_orderflow_signal: NO TRADE | HTF mismatch (CALL vs PUT) — hard reject
2026-09-01 12:34:56,256 - WARNING - \u26a0\ufe0f Nifty spot/futures candle length mismatch — VWAP/key-levels falling back to spot candles (volume likely zero)
2026-09-01 12:34:56,262 - INFO - \u2705 [SIM] Resolved expiry: 2026-09-01
2026-09-01 12:34:56,300 - INFO - HTF sanity check: fut_instrument=NIFTY26SEPFUT, ht_candles_volume_sum=21521955
2026-09-01 12:34:56,303 - INFO - \U0001f534 HTF mismatch (CALL vs PUT). Hard reject — no entry.
2026-09-01 12:34:56,304 - INFO - EMIT nifty_orderflow_signal: NO TRADE | HTF mismatch (CALL vs PUT) — hard reject
2026-09-01 12:35:50,133 - INFO - EMIT nifty_orderflow_signal: NO TRADE | HTF mismatch (CALL vs PUT) — hard reject
2026-09-01 12:35:56,455 - WARNING - \u26a0\ufe0f Nifty spot/futures candle length mismatch — VWAP/key-levels falling back to spot candles (volume likely zero)
2026-09-01 12:35:56,459 - INFO - \u2705 [SIM] Resolved expiry: 2026-09-01
2026-09-01 12:35:56,535 - INFO - HTF sanity check: fut_instrument=NIFTY26SEPFUT, ht_candles_volume_sum=21526180
2026-09-01 12:35:56,537 - INFO - \U0001f534 HTF mismatch (CALL vs PUT). Hard reject — no entry.
2026-09-01 12:35:56,538 - INFO - EMIT nifty_orderflow_signal: NO TRADE | HTF mismatch (CALL vs PUT) — hard reject
2026-09-01 12:36:50,133 - INFO - EMIT nifty_orderflow_signal: NO TRADE | HTF mismatch (CALL vs PUT) — hard reject
2026-09-01 12:36:56,637 - WARNING - \u26a0\ufe0f Nifty spot/futures candle length mismatch — VWAP/key-levels falling back to spot candles (volume likely zero)
2026-09-01 12:36:56,644 - INFO - \u2705 [SIM] Resolved expiry: 2026-09-01
2026-09-01 12:36:56,666 - INFO - HTF sanity check: fut_instrument=NIFTY26SEPFUT, ht_candles_volume_sum=21526180
2026-09-01 12:36:56,669 - INFO - \U0001f534 HTF mismatch (CALL vs PUT). Hard reject — no entry.
2026-09-01 12:36:56,670 - INFO - EMIT nifty_orderflow_signal: NO TRADE | HTF mismatch (CALL vs PUT) — hard reject
2026-09-01 12:37:50,133 - INFO - EMIT nifty_orderflow_signal: NO TRADE | HTF mismatch (CALL vs PUT) — hard reject
2026-09-01 12:37:56,808 - WARNING - \u26a0\ufe0f Nifty spot/futures candle length mismatch — VWAP/key-levels falling back to spot candles (volume likely zero)
2026-09-01 12:37:56,814 - INFO - \u2705 [SIM] Resolved expiry: 2026-09-01
2026-09-01 12:37:56,872 - INFO - HTF sanity check: fut_instrument=NIFTY26SEPFUT, ht_candles_volume_sum=21526180
2026-09-01 12:37:56,874 - INFO - \U0001f534 HTF mismatch (CALL vs PUT). Hard reject — no entry.
2026-09-01 12:37:56,875 - INFO - EMIT nifty_orderflow_signal: NO TRADE | HTF mismatch (CALL vs PUT) — hard reject
2026-09-01 12:38:50,133 - INFO - EMIT nifty_orderflow_signal: NO TRADE | HTF mismatch (CALL vs PUT) — hard reject
2026-09-01 12:38:56,981 - WARNING - \u26a0\ufe0f Nifty spot/futures candle length mismatch — VWAP/key-levels falling back to spot candles (volume likely zero)
2026-09-01 12:38:56,986 - INFO - \u2705 [SIM] Resolved expiry: 2026-09-01
2026-09-01 12:38:57,038 - INFO - HTF sanity check: fut_instrument=NIFTY26SEPFUT, ht_candles_volume_sum=21530535
2026-09-01 12:38:57,040 - INFO - \U0001f534 HTF mismatch (CALL vs PUT). Hard reject — no entry.
2026-09-01 12:38:57,042 - INFO - EMIT nifty_orderflow_signal: NO TRADE | HTF mismatch (CALL vs PUT) — hard reject
2026-09-01 12:39:50,133 - INFO - EMIT nifty_orderflow_signal: NO TRADE | HTF mismatch (CALL vs PUT) — hard reject
2026-09-01 12:39:57,204 - WARNING - \u26a0\ufe0f Nifty spot/futures candle length mismatch — VWAP/key-levels falling back to spot candles (volume likely zero)
2026-09-01 12:39:57,208 - INFO - \u2705 [SIM] Resolved expiry: 2026-09-01
2026-09-01 12:39:57,299 - INFO - HTF sanity check: fut_instrument=NIFTY26SEPFUT, ht_candles_volume_sum=21530535
2026-09-01 12:39:57,302 - INFO - \U0001f534 HTF mismatch (CALL vs PUT). Hard reject — no entry.
2026-09-01 12:39:57,304 - INFO - EMIT nifty_orderflow_signal: NO TRADE | HTF mismatch (CALL vs PUT) — hard reject
2026-09-01 12:40:50,133 - INFO - EMIT nifty_orderflow_signal: NO TRADE | HTF mismatch (CALL vs PUT) — hard reject
2026-09-01 12:40:57,417 - WARNING - \u26a0\ufe0f Nifty spot/futures candle length mismatch — VWAP/key-levels falling back to spot candles (volume likely zero)
2026-09-01 12:40:57,421 - INFO - \u2705 [SIM] Resolved expiry: 2026-09-01
2026-09-01 12:40:57,456 - INFO - HTF sanity check: fut_instrument=NIFTY26SEPFUT, ht_candles_volume_sum=21530535
2026-09-01 12:40:57,461 - INFO - \U0001f534 HTF mismatch (CALL vs PUT). Hard reject — no entry.
2026-09-01 12:40:57,465 - INFO - EMIT nifty_orderflow_signal: NO TRADE | HTF mismatch (CALL vs PUT) — hard reject
2026-09-01 12:41:50,134 - INFO - EMIT nifty_orderflow_signal: NO TRADE | HTF mismatch (CALL vs PUT) — hard reject
2026-09-01 12:41:57,649 - WARNING - \u26a0\ufe0f Nifty spot/futures candle length mismatch — VWAP/key-levels falling back to spot candles (volume likely zero)
2026-09-01 12:41:57,661 - INFO - \u2705 [SIM] Resolved expiry: 2026-09-01
2026-09-01 12:41:57,777 - INFO - HTF sanity check: fut_instrument=NIFTY26SEPFUT, ht_candles_volume_sum=21531445
2026-09-01 12:41:57,781 - INFO - EMIT nifty_orderflow_signal: NO TRADE | RVOL 0.03 below 0.5 floor
2026-09-01 12:42:50,133 - INFO - EMIT nifty_orderflow_signal: NO TRADE | RVOL 0.03 below 0.5 floor
2026-09-01 12:42:57,895 - WARNING - \u26a0\ufe0f Nifty spot/futures candle length mismatch — VWAP/key-levels falling back to spot candles (volume likely zero)
2026-09-01 12:42:57,904 - INFO - \u2705 [SIM] Resolved expiry: 2026-09-01
2026-09-01 12:42:57,938 - INFO - HTF sanity check: fut_instrument=NIFTY26SEPFUT, ht_candles_volume_sum=21531445
2026-09-01 12:42:57,940 - INFO - EMIT nifty_orderflow_signal: NO TRADE | RVOL 0.08 below 0.5 floor
2026-09-01 12:43:50,134 - INFO - EMIT nifty_orderflow_signal: NO TRADE | RVOL 0.08 below 0.5 floor
2026-09-01 12:43:58,117 - WARNING - \u26a0\ufe0f Nifty spot/futures candle length mismatch — VWAP/key-levels falling back to spot candles (volume likely zero)
2026-09-01 12:43:58,121 - INFO - \u2705 [SIM] Resolved expiry: 2026-09-01
2026-09-01 12:43:58,201 - INFO - HTF sanity check: fut_instrument=NIFTY26SEPFUT, ht_candles_volume_sum=21531445
2026-09-01 12:43:58,203 - INFO - EMIT nifty_orderflow_signal: NO TRADE | RVOL 0.19 below 0.5 floor
2026-09-01 12:44:50,135 - INFO - EMIT nifty_orderflow_signal: NO TRADE | RVOL 0.19 below 0.5 floor
2026-09-01 12:44:58,347 - WARNING - \u26a0\ufe0f Nifty spot/futures candle length mismatch — VWAP/key-levels falling back to spot candles (volume likely zero)
2026-09-01 12:44:58,355 - INFO - \u2705 [SIM] Resolved expiry: 2026-09-01
2026-09-01 12:44:58,437 - INFO - HTF sanity check: fut_instrument=NIFTY26SEPFUT, ht_candles_volume_sum=21534435
2026-09-01 12:44:58,441 - INFO - EMIT nifty_orderflow_signal: NO TRADE | RVOL 0.26 below 0.5 floor
2026-09-01 12:45:50,135 - INFO - EMIT nifty_orderflow_signal: NO TRADE | RVOL 0.26 below 0.5 floor
2026-09-01 12:45:58,671 - WARNING - \u26a0\ufe0f Nifty spot/futures candle length mismatch — VWAP/key-levels falling back to spot candles (volume likely zero)
2026-09-01 12:45:58,678 - INFO - \u2705 [SIM] Resolved expiry: 2026-09-01
2026-09-01 12:45:58,771 - INFO - HTF sanity check: fut_instrument=NIFTY26SEPFUT, ht_candles_volume_sum=21534435
2026-09-01 12:45:58,773 - INFO - \U0001f534 HTF mismatch (CALL vs PUT). Hard reject — no entry.
2026-09-01 12:45:58,776 - INFO - EMIT nifty_orderflow_signal: NO TRADE | HTF mismatch (CALL vs PUT) — hard reject
2026-09-01 12:46:50,136 - INFO - EMIT nifty_orderflow_signal: NO TRADE | HTF mismatch (CALL vs PUT) — hard reject
2026-09-01 12:46:58,896 - WARNING - \u26a0\ufe0f Nifty spot/futures candle length mismatch — VWAP/key-levels falling back to spot candles (volume likely zero)
2026-09-01 12:46:58,906 - INFO - \u2705 [SIM] Resolved expiry: 2026-09-01
2026-09-01 12:46:58,947 - INFO - HTF sanity check: fut_instrument=NIFTY26SEPFUT, ht_candles_volume_sum=21534435
2026-09-01 12:46:58,950 - INFO - \U0001f534 HTF mismatch (CALL vs PUT). Hard reject — no entry.
2026-09-01 12:46:58,951 - INFO - EMIT nifty_orderflow_signal: NO TRADE | HTF mismatch (CALL vs PUT) — hard reject
2026-09-01 12:47:50,134 - INFO - EMIT nifty_orderflow_signal: NO TRADE | HTF mismatch (CALL vs PUT) — hard reject
2026-09-01 12:47:59,119 - WARNING - \u26a0\ufe0f Nifty spot/futures candle length mismatch — VWAP/key-levels falling back to spot candles (volume likely zero)
2026-09-01 12:47:59,127 - INFO - \u2705 [SIM] Resolved expiry: 2026-09-01
2026-09-01 12:47:59,226 - INFO - HTF sanity check: fut_instrument=NIFTY26SEPFUT, ht_candles_volume_sum=21539635
2026-09-01 12:47:59,228 - INFO - \U0001f534 HTF mismatch (CALL vs PUT). Hard reject — no entry.
2026-09-01 12:47:59,230 - INFO - EMIT nifty_orderflow_signal: NO TRADE | HTF mismatch (CALL vs PUT) — hard reject
2026-09-01 12:48:50,135 - INFO - EMIT nifty_orderflow_signal: NO TRADE | HTF mismatch (CALL vs PUT) — hard reject
2026-09-01 12:48:59,349 - WARNING - \u26a0\ufe0f Nifty spot/futures candle length mismatch — VWAP/key-levels falling back to spot candles (volume likely zero)
2026-09-01 12:48:59,357 - INFO - \u2705 [SIM] Resolved expiry: 2026-09-01
2026-09-01 12:48:59,394 - INFO - HTF sanity check: fut_instrument=NIFTY26SEPFUT, ht_candles_volume_sum=21539635
2026-09-01 12:48:59,397 - INFO - \U0001f534 HTF mismatch (CALL vs PUT). Hard reject — no entry.
2026-09-01 12:48:59,398 - INFO - EMIT nifty_orderflow_signal: NO TRADE | HTF mismatch (CALL vs PUT) — hard reject
2026-09-01 12:49:50,133 - INFO - EMIT nifty_orderflow_signal: NO TRADE | HTF mismatch (CALL vs PUT) — hard reject
2026-09-01 12:49:59,581 - WARNING - \u26a0\ufe0f Nifty spot/futures candle length mismatch — VWAP/key-levels falling back to spot candles (volume likely zero)
2026-09-01 12:49:59,589 - INFO - \u2705 [SIM] Resolved expiry: 2026-09-01
2026-09-01 12:49:59,678 - INFO - HTF sanity check: fut_instrument=NIFTY26SEPFUT, ht_candles_volume_sum=21539635
2026-09-01 12:49:59,680 - INFO - \U0001f534 HTF mismatch (CALL vs PUT). Hard reject — no entry.
2026-09-01 12:49:59,681 - INFO - EMIT nifty_orderflow_signal: NO TRADE | HTF mismatch (CALL vs PUT) — hard reject
2026-09-01 12:50:50,144 - INFO - EMIT nifty_orderflow_signal: NO TRADE | HTF mismatch (CALL vs PUT) — hard reject
2026-09-01 12:50:59,790 - WARNING - \u26a0\ufe0f Nifty spot/futures candle length mismatch — VWAP/key-levels falling back to spot candles (volume likely zero)
2026-09-01 12:50:59,797 - INFO - \u2705 [SIM] Resolved expiry: 2026-09-01
2026-09-01 12:50:59,846 - INFO - HTF sanity check: fut_instrument=NIFTY26SEPFUT, ht_candles_volume_sum=21542560
2026-09-01 12:50:59,849 - INFO - \U0001f534 HTF mismatch (CALL vs PUT). Hard reject — no entry.
2026-09-01 12:50:59,852 - INFO - EMIT nifty_orderflow_signal: NO TRADE | HTF mismatch (CALL vs PUT) — hard reject
2026-09-01 12:51:00,635 - INFO - 127.0.0.1 - - [01/Sep/2026 12:51:00] "GET /socket.io/?EIO=4&transport=websocket&sid=-Dcodc5Ad1n2EGtKAAAA HTTP/1.1" 200 -
2026-09-01 13:04:27,567 - INFO - [31m[1mWARNING: This is a development server. Do not use it in a production deployment. Use a production WSGI server instead.[0m
 * Running on all addresses (0.0.0.0)
 * Running on http://127.0.0.1:8063
 * Running on http://192.168.1.202:8063
2026-09-01 13:04:27,567 - INFO - [33mPress CTRL+C to quit[0m
2026-09-01 13:04:29,090 - WARNING - \u26a0\ufe0f Nifty spot/futures candle length mismatch — VWAP/key-levels falling back to spot candles (volume likely zero)
2026-09-01 13:04:29,096 - INFO - \u2705 [SIM] Resolved expiry: 2026-09-01
2026-09-01 13:04:29,210 - INFO - HTF sanity check: fut_instrument=NIFTY26SEPFUT, ht_candles_volume_sum=21596575
2026-09-01 13:04:29,213 - INFO - \U0001f534 HTF mismatch (CALL vs NEUTRAL). Hard reject — no entry.
2026-09-01 13:04:29,213 - INFO - EMIT nifty_orderflow_signal: NO TRADE | HTF mismatch (CALL vs NEUTRAL) — hard reject
2026-09-01 13:04:31,078 - INFO - 127.0.0.1 - - [01/Sep/2026 13:04:31] "GET / HTTP/1.1" 200 -
2026-09-01 13:04:31,133 - INFO - 127.0.0.1 - - [01/Sep/2026 13:04:31] "GET /socket.io/?EIO=4&transport=polling&t=Q1Rv1lB HTTP/1.1" 200 -
2026-09-01 13:04:31,306 - INFO - 127.0.0.1 - - [01/Sep/2026 13:04:31] "POST /socket.io/?EIO=4&transport=polling&t=Q1Rv1o5&sid=OPI5qSRCUPoPHVQ6AAAA HTTP/1.1" 200 -
2026-09-01 13:04:31,624 - INFO - 127.0.0.1 - - [01/Sep/2026 13:04:31] "GET /socket.io/?EIO=4&transport=polling&t=Q1Rv1o7&sid=OPI5qSRCUPoPHVQ6AAAA HTTP/1.1" 200 -
2026-09-01 13:04:31,642 - INFO - EMIT nifty_orderflow_signal: NO TRADE | HTF mismatch (CALL vs NEUTRAL) — hard reject
2026-09-01 13:04:31,645 - INFO - EMIT nifty_orderflow_signal: NO TRADE | HTF mismatch (CALL vs NEUTRAL) — hard reject
2026-09-01 13:05:01,143 - INFO - EMIT nifty_orderflow_signal: NO TRADE | HTF mismatch (CALL vs NEUTRAL) — hard reject
2026-09-01 13:05:29,342 - WARNING - \u26a0\ufe0f Nifty spot/futures candle length mismatch — VWAP/key-levels falling back to spot candles (volume likely zero)
2026-09-01 13:05:29,342 - INFO - \u2705 [SIM] Resolved expiry: 2026-09-01
2026-09-01 13:05:29,373 - INFO - HTF sanity check: fut_instrument=NIFTY26SEPFUT, ht_candles_volume_sum=21596575
2026-09-01 13:05:29,373 - INFO - \U0001f534 HTF mismatch (CALL vs NEUTRAL). Hard reject — no entry.
2026-09-01 13:05:29,373 - INFO - EMIT nifty_orderflow_signal: NO TRADE | HTF mismatch (CALL vs NEUTRAL) — hard reject
2026-09-01 13:05:31,138 - INFO - EMIT nifty_orderflow_signal: NO TRADE | HTF mismatch (CALL vs NEUTRAL) — hard reject
2026-09-01 13:06:01,141 - INFO - EMIT nifty_orderflow_signal: NO TRADE | HTF mismatch (CALL vs NEUTRAL) — hard reject
2026-09-01 13:06:29,576 - WARNING - \u26a0\ufe0f Nifty spot/futures candle length mismatch — VWAP/key-levels falling back to spot candles (volume likely zero)
2026-09-01 13:06:29,581 - INFO - \u2705 [SIM] Resolved expiry: 2026-09-01
2026-09-01 13:06:29,639 - INFO - HTF sanity check: fut_instrument=NIFTY26SEPFUT, ht_candles_volume_sum=21596575
2026-09-01 13:06:29,641 - INFO - \U0001f534 HTF mismatch (CALL vs NEUTRAL). Hard reject — no entry.
2026-09-01 13:06:29,642 - INFO - EMIT nifty_orderflow_signal: NO TRADE | HTF mismatch (CALL vs NEUTRAL) — hard reject
2026-09-01 13:06:31,185 - INFO - EMIT nifty_orderflow_signal: NO TRADE | HTF mismatch (CALL vs NEUTRAL) — hard reject
2026-09-01 13:07:01,131 - INFO - EMIT nifty_orderflow_signal: NO TRADE | HTF mismatch (CALL vs NEUTRAL) — hard reject
2026-09-01 13:07:29,844 - WARNING - \u26a0\ufe0f Nifty spot/futures candle length mismatch — VWAP/key-levels falling back to spot candles (volume likely zero)
2026-09-01 13:07:29,848 - INFO - \u2705 [SIM] Resolved expiry: 2026-09-01
2026-09-01 13:07:29,911 - INFO - HTF sanity check: fut_instrument=NIFTY26SEPFUT, ht_candles_volume_sum=21616660
2026-09-01 13:07:29,914 - INFO - \U0001f534 HTF mismatch (PUT vs NEUTRAL). Hard reject — no entry.
2026-09-01 13:07:29,915 - INFO - EMIT nifty_orderflow_signal: NO TRADE | HTF mismatch (PUT vs NEUTRAL) — hard reject
2026-09-01 13:07:31,134 - INFO - EMIT nifty_orderflow_signal: NO TRADE | HTF mismatch (PUT vs NEUTRAL) — hard reject
2026-09-01 13:08:01,132 - INFO - EMIT nifty_orderflow_signal: NO TRADE | HTF mismatch (PUT vs NEUTRAL) — hard reject
2026-09-01 13:08:30,109 - WARNING - \u26a0\ufe0f Nifty spot/futures candle length mismatch — VWAP/key-levels falling back to spot candles (volume likely zero)
2026-09-01 13:08:30,117 - INFO - \u2705 [SIM] Resolved expiry: 2026-09-01
2026-09-01 13:08:30,187 - INFO - HTF sanity check: fut_instrument=NIFTY26SEPFUT, ht_candles_volume_sum=21616660
2026-09-01 13:08:30,189 - INFO - \U0001f534 HTF mismatch (PUT vs NEUTRAL). Hard reject — no entry.
2026-09-01 13:08:30,191 - INFO - EMIT nifty_orderflow_signal: NO TRADE | HTF mismatch (PUT vs NEUTRAL) — hard reject
2026-09-01 13:08:50,135 - INFO - EMIT nifty_orderflow_signal: NO TRADE | HTF mismatch (PUT vs NEUTRAL) — hard reject
2026-09-01 13:09:30,356 - WARNING - \u26a0\ufe0f Nifty spot/futures candle length mismatch — VWAP/key-levels falling back to spot candles (volume likely zero)
2026-09-01 13:09:30,360 - INFO - \u2705 [SIM] Resolved expiry: 2026-09-01
2026-09-01 13:09:30,403 - INFO - HTF sanity check: fut_instrument=NIFTY26SEPFUT, ht_candles_volume_sum=21616660
2026-09-01 13:09:30,405 - INFO - EMIT nifty_orderflow_signal: NO TRADE | Entry Score 45 (gate 60, VIX 10.76)
2026-09-01 13:09:50,135 - INFO - EMIT nifty_orderflow_signal: NO TRADE | Entry Score 45 (gate 60, VIX 10.76)
2026-09-01 13:10:30,588 - WARNING - \u26a0\ufe0f Nifty spot/futures candle length mismatch — VWAP/key-levels falling back to spot candles (volume likely zero)
2026-09-01 13:10:30,594 - INFO - \u2705 [SIM] Resolved expiry: 2026-09-01
2026-09-01 13:10:30,685 - INFO - HTF sanity check: fut_instrument=NIFTY26SEPFUT, ht_candles_volume_sum=21628490
2026-09-01 13:10:30,688 - INFO - \U0001f534 HTF mismatch (CALL vs NEUTRAL). Hard reject — no entry.
2026-09-01 13:10:30,689 - INFO - EMIT nifty_orderflow_signal: NO TRADE | HTF mismatch (CALL vs NEUTRAL) — hard reject
2026-09-01 13:10:50,133 - INFO - EMIT nifty_orderflow_signal: NO TRADE | HTF mismatch (CALL vs NEUTRAL) — hard reject
2026-09-01 13:11:30,812 - WARNING - \u26a0\ufe0f Nifty spot/futures candle length mismatch — VWAP/key-levels falling back to spot candles (volume likely zero)
2026-09-01 13:11:30,819 - INFO - \u2705 [SIM] Resolved expiry: 2026-09-01
2026-09-01 13:11:30,842 - INFO - HTF sanity check: fut_instrument=NIFTY26SEPFUT, ht_candles_volume_sum=21628490
2026-09-01 13:11:30,846 - INFO - \U0001f534 HTF mismatch (CALL vs NEUTRAL). Hard reject — no entry.
2026-09-01 13:11:30,847 - INFO - EMIT nifty_orderflow_signal: NO TRADE | HTF mismatch (CALL vs NEUTRAL) — hard reject
2026-09-01 13:11:50,134 - INFO - EMIT nifty_orderflow_signal: NO TRADE | HTF mismatch (CALL vs NEUTRAL) — hard reject
2026-09-01 13:12:31,027 - WARNING - \u26a0\ufe0f Nifty spot/futures candle length mismatch — VWAP/key-levels falling back to spot candles (volume likely zero)
2026-09-01 13:12:31,033 - INFO - \u2705 [SIM] Resolved expiry: 2026-09-01
2026-09-01 13:12:31,094 - INFO - HTF sanity check: fut_instrument=NIFTY26SEPFUT, ht_candles_volume_sum=21628490
2026-09-01 13:12:31,096 - INFO - \U0001f534 HTF mismatch (CALL vs PUT). Hard reject — no entry.
2026-09-01 13:12:31,097 - INFO - EMIT nifty_orderflow_signal: NO TRADE | HTF mismatch (CALL vs PUT) — hard reject
2026-09-01 13:12:50,135 - INFO - EMIT nifty_orderflow_signal: NO TRADE | HTF mismatch (CALL vs PUT) — hard reject
2026-09-01 13:13:31,212 - WARNING - \u26a0\ufe0f Nifty spot/futures candle length mismatch — VWAP/key-levels falling back to spot candles (volume likely zero)
2026-09-01 13:13:31,218 - INFO - \u2705 [SIM] Resolved expiry: 2026-09-01
2026-09-01 13:13:31,271 - INFO - HTF sanity check: fut_instrument=NIFTY26SEPFUT, ht_candles_volume_sum=21684650
2026-09-01 13:13:31,273 - INFO - EMIT nifty_orderflow_signal: NO TRADE | Entry Score 48 (gate 60, VIX 10.82)
2026-09-01 13:13:50,132 - INFO - EMIT nifty_orderflow_signal: NO TRADE | Entry Score 48 (gate 60, VIX 10.82)
2026-09-01 13:14:31,489 - WARNING - \u26a0\ufe0f Nifty spot/futures candle length mismatch — VWAP/key-levels falling back to spot candles (volume likely zero)
2026-09-01 13:14:31,492 - INFO - \u2705 [SIM] Resolved expiry: 2026-09-01
2026-09-01 13:14:31,577 - INFO - HTF sanity check: fut_instrument=NIFTY26SEPFUT, ht_candles_volume_sum=21684650
2026-09-01 13:14:31,580 - INFO - EMIT nifty_orderflow_signal: NO TRADE | Entry Score 48 (gate 60, VIX 10.82)
2026-09-01 13:14:50,135 - INFO - EMIT nifty_orderflow_signal: NO TRADE | Entry Score 48 (gate 60, VIX 10.82)
2026-09-01 13:15:31,700 - WARNING - \u26a0\ufe0f Nifty spot/futures candle length mismatch — VWAP/key-levels falling back to spot candles (volume likely zero)
2026-09-01 13:15:31,707 - INFO - \u2705 [SIM] Resolved expiry: 2026-09-01
2026-09-01 13:15:31,728 - INFO - HTF sanity check: fut_instrument=NIFTY26SEPFUT, ht_candles_volume_sum=21684650
2026-09-01 13:15:31,730 - INFO - \U0001f534 HTF mismatch (PUT vs NEUTRAL). Hard reject — no entry.
2026-09-01 13:15:31,731 - INFO - EMIT nifty_orderflow_signal: NO TRADE | HTF mismatch (PUT vs NEUTRAL) — hard reject
2026-09-01 13:15:50,134 - INFO - EMIT nifty_orderflow_signal: NO TRADE | HTF mismatch (PUT vs NEUTRAL) — hard reject
2026-09-01 13:16:31,919 - WARNING - \u26a0\ufe0f Nifty spot/futures candle length mismatch — VWAP/key-levels falling back to spot candles (volume likely zero)
2026-09-01 13:16:31,922 - INFO - \u2705 [SIM] Resolved expiry: 2026-09-01
2026-09-01 13:16:31,987 - INFO - \u2691 weak_trend_flag would fire: adx=21.7, score=25, rvol=0.93
2026-09-01 13:16:32,028 - INFO - HTF sanity check: fut_instrument=NIFTY26SEPFUT, ht_candles_volume_sum=21726250
2026-09-01 13:16:32,029 - INFO - \U0001f534 HTF mismatch (PUT vs NEUTRAL). Hard reject — no entry.
2026-09-01 13:16:32,031 - INFO - EMIT nifty_orderflow_signal: NO TRADE | HTF mismatch (PUT vs NEUTRAL) — hard reject
2026-09-01 13:16:50,132 - INFO - EMIT nifty_orderflow_signal: NO TRADE | HTF mismatch (PUT vs NEUTRAL) — hard reject
2026-09-01 13:17:32,150 - WARNING - \u26a0\ufe0f Nifty spot/futures candle length mismatch — VWAP/key-levels falling back to spot candles (volume likely zero)
2026-09-01 13:17:32,157 - INFO - \u2705 [SIM] Resolved expiry: 2026-09-01
2026-09-01 13:17:32,172 - INFO - \u2691 weak_trend_flag would fire: adx=21.7, score=25, rvol=4.95
2026-09-01 13:17:32,177 - INFO - HTF sanity check: fut_instrument=NIFTY26SEPFUT, ht_candles_volume_sum=21726250
2026-09-01 13:17:32,179 - INFO - \U0001f534 HTF mismatch (PUT vs NEUTRAL). Hard reject — no entry.
2026-09-01 13:17:32,181 - INFO - EMIT nifty_orderflow_signal: NO TRADE | HTF mismatch (PUT vs NEUTRAL) — hard reject
2026-09-01 13:17:50,132 - INFO - EMIT nifty_orderflow_signal: NO TRADE | HTF mismatch (PUT vs NEUTRAL) — hard reject
2026-09-01 13:18:32,396 - WARNING - \u26a0\ufe0f Nifty spot/futures candle length mismatch — VWAP/key-levels falling back to spot candles (volume likely zero)
2026-09-01 13:18:32,402 - INFO - \u2705 [SIM] Resolved expiry: 2026-09-01
2026-09-01 13:18:32,463 - INFO - \u2691 weak_trend_flag would fire: adx=21.7, score=25, rvol=10.77
2026-09-01 13:18:32,470 - INFO - HTF sanity check: fut_instrument=NIFTY26SEPFUT, ht_candles_volume_sum=21726250
2026-09-01 13:18:32,471 - INFO - \U0001f534 HTF mismatch (PUT vs NEUTRAL). Hard reject — no entry.
2026-09-01 13:18:32,472 - INFO - EMIT nifty_orderflow_signal: NO TRADE | HTF mismatch (PUT vs NEUTRAL) — hard reject
2026-09-01 13:18:50,135 - INFO - EMIT nifty_orderflow_signal: NO TRADE | HTF mismatch (PUT vs NEUTRAL) — hard reject
2026-09-01 13:19:32,630 - WARNING - \u26a0\ufe0f Nifty spot/futures candle length mismatch — VWAP/key-levels falling back to spot candles (volume likely zero)
2026-09-01 13:19:32,633 - INFO - \u2705 [SIM] Resolved expiry: 2026-09-01
2026-09-01 13:19:32,670 - INFO - \u2691 weak_trend_flag would fire: adx=21.7, score=28, rvol=15.52
2026-09-01 13:19:32,708 - INFO - HTF sanity check: fut_instrument=NIFTY26SEPFUT, ht_candles_volume_sum=21744645
2026-09-01 13:19:32,710 - INFO - \U0001f534 HTF mismatch (PUT vs NEUTRAL). Hard reject — no entry.
2026-09-01 13:19:32,712 - INFO - EMIT nifty_orderflow_signal: NO TRADE | HTF mismatch (PUT vs NEUTRAL) — hard reject
2026-09-01 13:19:50,133 - INFO - EMIT nifty_orderflow_signal: NO TRADE | HTF mismatch (PUT vs NEUTRAL) — hard reject
2026-09-01 13:20:32,930 - WARNING - \u26a0\ufe0f Nifty spot/futures candle length mismatch — VWAP/key-levels falling back to spot candles (volume likely zero)
2026-09-01 13:20:32,934 - INFO - \u2705 [SIM] Resolved expiry: 2026-09-01
2026-09-01 13:20:32,994 - INFO - \u2691 weak_trend_flag would fire: adx=21.7, score=40, rvol=0
2026-09-01 13:20:32,998 - INFO - HTF sanity check: fut_instrument=NIFTY26SEPFUT, ht_candles_volume_sum=21744645
2026-09-01 13:20:33,000 - INFO - EMIT nifty_orderflow_signal: NO TRADE | RVOL 0.09 below 0.5 floor
2026-09-01 13:20:50,132 - INFO - EMIT nifty_orderflow_signal: NO TRADE | RVOL 0.09 below 0.5 floor
2026-09-01 13:21:33,113 - WARNING - \u26a0\ufe0f Nifty spot/futures candle length mismatch — VWAP/key-levels falling back to spot candles (volume likely zero)
2026-09-01 13:21:33,119 - INFO - \u2705 [SIM] Resolved expiry: 2026-09-01
2026-09-01 13:21:33,136 - INFO - \u2691 weak_trend_flag would fire: adx=21.7, score=40, rvol=0
2026-09-01 13:21:33,141 - INFO - HTF sanity check: fut_instrument=NIFTY26SEPFUT, ht_candles_volume_sum=21744645
2026-09-01 13:21:33,143 - INFO - EMIT nifty_orderflow_signal: NO TRADE | RVOL 0.14 below 0.5 floor
2026-09-01 13:21:50,133 - INFO - EMIT nifty_orderflow_signal: NO TRADE | RVOL 0.14 below 0.5 floor
2026-09-01 13:22:33,561 - WARNING - \u26a0\ufe0f Nifty spot/futures candle length mismatch — VWAP/key-levels falling back to spot candles (volume likely zero)
2026-09-01 13:22:33,567 - INFO - \u2705 [SIM] Resolved expiry: 2026-09-01
2026-09-01 13:22:33,622 - INFO - \u2691 weak_trend_flag would fire: adx=21.7, score=50, rvol=0
2026-09-01 13:22:33,657 - INFO - HTF sanity check: fut_instrument=NIFTY26SEPFUT, ht_candles_volume_sum=21761610
2026-09-01 13:22:33,659 - INFO - \U0001f534 HTF mismatch (PUT vs CALL). Hard reject — no entry.
2026-09-01 13:22:33,661 - INFO - EMIT nifty_orderflow_signal: NO TRADE | HTF mismatch (PUT vs CALL) — hard reject
2026-09-01 13:22:50,134 - INFO - EMIT nifty_orderflow_signal: NO TRADE | HTF mismatch (PUT vs CALL) — hard reject
2026-09-01 13:23:33,772 - WARNING - \u26a0\ufe0f Nifty spot/futures candle length mismatch — VWAP/key-levels falling back to spot candles (volume likely zero)
2026-09-01 13:23:33,778 - INFO - \u2705 [SIM] Resolved expiry: 2026-09-01
2026-09-01 13:23:33,794 - INFO - \u2691 weak_trend_flag would fire: adx=21.7, score=50, rvol=0
2026-09-01 13:23:33,800 - INFO - HTF sanity check: fut_instrument=NIFTY26SEPFUT, ht_candles_volume_sum=21761610
2026-09-01 13:23:33,802 - INFO - \U0001f534 HTF mismatch (PUT vs CALL). Hard reject — no entry.
2026-09-01 13:23:33,804 - INFO - EMIT nifty_orderflow_signal: NO TRADE | HTF mismatch (PUT vs CALL) — hard reject
2026-09-01 13:23:50,137 - INFO - EMIT nifty_orderflow_signal: NO TRADE | HTF mismatch (PUT vs CALL) — hard reject
2026-09-01 13:24:34,025 - WARNING - \u26a0\ufe0f Nifty spot/futures candle length mismatch — VWAP/key-levels falling back to spot candles (volume likely zero)
2026-09-01 13:24:34,030 - INFO - \u2705 [SIM] Resolved expiry: 2026-09-01
2026-09-01 13:24:34,108 - INFO - \u2691 weak_trend_flag would fire: adx=21.7, score=50, rvol=0
2026-09-01 13:24:34,115 - INFO - HTF sanity check: fut_instrument=NIFTY26SEPFUT, ht_candles_volume_sum=21761610
2026-09-01 13:24:34,118 - INFO - \U0001f534 HTF mismatch (PUT vs CALL). Hard reject — no entry.
2026-09-01 13:24:34,119 - INFO - EMIT nifty_orderflow_signal: NO TRADE | HTF mismatch (PUT vs CALL) — hard reject
2026-09-01 13:24:50,134 - INFO - EMIT nifty_orderflow_signal: NO TRADE | HTF mismatch (PUT vs CALL) — hard reject
2026-09-01 13:25:18,961 - INFO - EMIT nifty_orderflow_signal: NO TRADE | HTF mismatch (PUT vs CALL) — hard reject
2026-09-01 13:25:31,120 - INFO - EMIT nifty_orderflow_signal: NO TRADE | HTF mismatch (PUT vs CALL) — hard reject
2026-09-01 13:25:34,254 - WARNING - \u26a0\ufe0f Nifty spot/futures candle length mismatch — VWAP/key-levels falling back to spot candles (volume likely zero)
2026-09-01 13:25:34,263 - INFO - \u2705 [SIM] Resolved expiry: 2026-09-01
2026-09-01 13:25:34,291 - INFO - \u2691 weak_trend_flag would fire: adx=21.7, score=50, rvol=0
2026-09-01 13:25:34,329 - INFO - HTF sanity check: fut_instrument=NIFTY26SEPFUT, ht_candles_volume_sum=21771620
2026-09-01 13:25:34,332 - INFO - \U0001f534 HTF mismatch (PUT vs CALL). Hard reject — no entry.
2026-09-01 13:25:34,334 - INFO - EMIT nifty_orderflow_signal: NO TRADE | HTF mismatch (PUT vs CALL) — hard reject
2026-09-01 13:26:01,119 - INFO - EMIT nifty_orderflow_signal: NO TRADE | HTF mismatch (PUT vs CALL) — hard reject
2026-09-01 13:26:31,133 - INFO - EMIT nifty_orderflow_signal: NO TRADE | HTF mismatch (PUT vs CALL) — hard reject
2026-09-01 13:26:34,566 - WARNING - \u26a0\ufe0f Nifty spot/futures candle length mismatch — VWAP/key-levels falling back to spot candles (volume likely zero)
2026-09-01 13:26:34,576 - INFO - \u2705 [SIM] Resolved expiry: 2026-09-01
2026-09-01 13:26:34,657 - INFO - \u2691 weak_trend_flag would fire: adx=21.7, score=50, rvol=0
2026-09-01 13:26:34,670 - INFO - HTF sanity check: fut_instrument=NIFTY26SEPFUT, ht_candles_volume_sum=21771620
2026-09-01 13:26:34,672 - INFO - \U0001f534 HTF mismatch (PUT vs CALL). Hard reject — no entry.
2026-09-01 13:26:34,674 - INFO - EMIT nifty_orderflow_signal: NO TRADE | HTF mismatch (PUT vs CALL) — hard reject
2026-09-01 13:27:01,134 - INFO - EMIT nifty_orderflow_signal: NO TRADE | HTF mismatch (PUT vs CALL) — hard reject
2026-09-01 13:27:31,132 - INFO - EMIT nifty_orderflow_signal: NO TRADE | HTF mismatch (PUT vs CALL) — hard reject
2026-09-01 13:27:34,797 - WARNING - \u26a0\ufe0f Nifty spot/futures candle length mismatch — VWAP/key-levels falling back to spot candles (volume likely zero)
2026-09-01 13:27:34,801 - INFO - \u2705 [SIM] Resolved expiry: 2026-09-01
2026-09-01 13:27:34,816 - INFO - \u2691 weak_trend_flag would fire: adx=21.7, score=50, rvol=0
2026-09-01 13:27:34,821 - INFO - HTF sanity check: fut_instrument=NIFTY26SEPFUT, ht_candles_volume_sum=21771620
2026-09-01 13:27:34,825 - INFO - \U0001f534 HTF mismatch (PUT vs CALL). Hard reject — no entry.
2026-09-01 13:27:34,826 - INFO - EMIT nifty_orderflow_signal: NO TRADE | HTF mismatch (PUT vs CALL) — hard reject
2026-09-01 13:28:01,133 - INFO - EMIT nifty_orderflow_signal: NO TRADE | HTF mismatch (PUT vs CALL) — hard reject
2026-09-01 13:28:35,005 - WARNING - \u26a0\ufe0f Nifty spot/futures candle length mismatch — VWAP/key-levels falling back to spot candles (volume likely zero)
2026-09-01 13:28:35,009 - INFO - \u2705 [SIM] Resolved expiry: 2026-09-01
2026-09-01 13:28:35,081 - INFO - \u2691 weak_trend_flag would fire: adx=21.7, score=40, rvol=0
2026-09-01 13:28:35,113 - INFO - HTF sanity check: fut_instrument=NIFTY26SEPFUT, ht_candles_volume_sum=21785660
2026-09-01 13:28:35,116 - INFO - EMIT nifty_orderflow_signal: NO TRADE | RVOL 0.34 below 0.5 floor
2026-09-01 13:28:50,134 - INFO - EMIT nifty_orderflow_signal: NO TRADE | RVOL 0.34 below 0.5 floor
2026-09-01 13:29:35,267 - WARNING - \u26a0\ufe0f Nifty spot/futures candle length mismatch — VWAP/key-levels falling back to spot candles (volume likely zero)
2026-09-01 13:29:35,270 - INFO - \u2705 [SIM] Resolved expiry: 2026-09-01
2026-09-01 13:29:35,311 - INFO - \u2691 weak_trend_flag would fire: adx=21.7, score=40, rvol=0
2026-09-01 13:29:35,317 - INFO - HTF sanity check: fut_instrument=NIFTY26SEPFUT, ht_candles_volume_sum=21785660
2026-09-01 13:29:35,320 - INFO - EMIT nifty_orderflow_signal: NO TRADE | Entry Score 40 (gate 60, VIX 10.79)
2026-09-01 13:29:50,148 - INFO - EMIT nifty_orderflow_signal: NO TRADE | Entry Score 40 (gate 60, VIX 10.79)
2026-09-01 13:30:35,522 - WARNING - \u26a0\ufe0f Nifty spot/futures candle length mismatch — VWAP/key-levels falling back to spot candles (volume likely zero)
2026-09-01 13:30:35,527 - INFO - \u2705 [SIM] Resolved expiry: 2026-09-01
2026-09-01 13:30:35,581 - INFO - \u2691 weak_trend_flag would fire: adx=20.6, score=40, rvol=0
2026-09-01 13:30:35,586 - INFO - HTF sanity check: fut_instrument=NIFTY26SEPFUT, ht_candles_volume_sum=21785660
2026-09-01 13:30:35,587 - INFO - \U0001f534 HTF mismatch (PUT vs CALL). Hard reject — no entry.
2026-09-01 13:30:35,589 - INFO - EMIT nifty_orderflow_signal: NO TRADE | HTF mismatch (PUT vs CALL) — hard reject
2026-09-01 13:30:50,145 - INFO - EMIT nifty_orderflow_signal: NO TRADE | HTF mismatch (PUT vs CALL) — hard reject
2026-09-01 13:31:35,716 - WARNING - \u26a0\ufe0f Nifty spot/futures candle length mismatch — VWAP/key-levels falling back to spot candles (volume likely zero)
2026-09-01 13:31:35,722 - INFO - \u2705 [SIM] Resolved expiry: 2026-09-01
2026-09-01 13:31:35,736 - INFO - \u2691 weak_trend_flag would fire: adx=20.6, score=40, rvol=0
2026-09-01 13:31:35,774 - INFO - HTF sanity check: fut_instrument=NIFTY26SEPFUT, ht_candles_volume_sum=21797555
2026-09-01 13:31:35,776 - INFO - \U0001f534 HTF mismatch (PUT vs CALL). Hard reject — no entry.
2026-09-01 13:31:35,778 - INFO - EMIT nifty_orderflow_signal: NO TRADE | HTF mismatch (PUT vs CALL) — hard reject
2026-09-01 13:31:50,141 - INFO - EMIT nifty_orderflow_signal: NO TRADE | HTF mismatch (PUT vs CALL) — hard reject
2026-09-01 13:32:11,788 - INFO - EMIT nifty_orderflow_signal: NO TRADE | HTF mismatch (PUT vs CALL) — hard reject
2026-09-01 13:32:31,147 - INFO - EMIT nifty_orderflow_signal: NO TRADE | HTF mismatch (PUT vs CALL) — hard reject
2026-09-01 13:32:35,971 - WARNING - \u26a0\ufe0f Nifty spot/futures candle length mismatch — VWAP/key-levels falling back to spot candles (volume likely zero)
2026-09-01 13:32:35,987 - INFO - \u2705 [SIM] Resolved expiry: 2026-09-01
2026-09-01 13:32:36,047 - INFO - \u2691 weak_trend_flag would fire: adx=20.5, score=40, rvol=0
2026-09-01 13:32:36,052 - INFO - HTF sanity check: fut_instrument=NIFTY26SEPFUT, ht_candles_volume_sum=21797555
2026-09-01 13:32:36,054 - INFO - \U0001f534 HTF mismatch (PUT vs CALL). Hard reject — no entry.
2026-09-01 13:32:36,055 - INFO - EMIT nifty_orderflow_signal: NO TRADE | HTF mismatch (PUT vs CALL) — hard reject
2026-09-01 13:33:01,134 - INFO - EMIT nifty_orderflow_signal: NO TRADE | HTF mismatch (PUT vs CALL) — hard reject
2026-09-01 13:33:31,134 - INFO - EMIT nifty_orderflow_signal: NO TRADE | HTF mismatch (PUT vs CALL) — hard reject
2026-09-01 13:33:36,169 - WARNING - \u26a0\ufe0f Nifty spot/futures candle length mismatch — VWAP/key-levels falling back to spot candles (volume likely zero)
2026-09-01 13:33:36,174 - INFO - \u2705 [SIM] Resolved expiry: 2026-09-01
2026-09-01 13:33:36,190 - INFO - \u2691 weak_trend_flag would fire: adx=20.5, score=40, rvol=0
2026-09-01 13:33:36,195 - INFO - HTF sanity check: fut_instrument=NIFTY26SEPFUT, ht_candles_volume_sum=21797555
2026-09-01 13:33:36,197 - INFO - \U0001f534 HTF mismatch (PUT vs CALL). Hard reject — no entry.
2026-09-01 13:33:36,198 - INFO - EMIT nifty_orderflow_signal: NO TRADE | HTF mismatch (PUT vs CALL) — hard reject
2026-09-01 13:34:01,142 - INFO - EMIT nifty_orderflow_signal: NO TRADE | HTF mismatch (PUT vs CALL) — hard reject
2026-09-01 13:34:36,640 - WARNING - \u26a0\ufe0f Nifty spot/futures candle length mismatch — VWAP/key-levels falling back to spot candles (volume likely zero)
2026-09-01 13:34:36,644 - INFO - \u2705 [SIM] Resolved expiry: 2026-09-01
2026-09-01 13:34:36,721 - INFO - \u2691 weak_trend_flag would fire: adx=20.5, score=40, rvol=0
2026-09-01 13:34:36,752 - INFO - HTF sanity check: fut_instrument=NIFTY26SEPFUT, ht_candles_volume_sum=21810750
2026-09-01 13:34:36,754 - INFO - \U0001f534 HTF mismatch (PUT vs CALL). Hard reject — no entry.
2026-09-01 13:34:36,756 - INFO - EMIT nifty_orderflow_signal: NO TRADE | HTF mismatch (PUT vs CALL) — hard reject
2026-09-01 13:34:50,137 - INFO - EMIT nifty_orderflow_signal: NO TRADE | HTF mismatch (PUT vs CALL) — hard reject
2026-09-01 13:35:36,894 - WARNING - \u26a0\ufe0f Nifty spot/futures candle length mismatch — VWAP/key-levels falling back to spot candles (volume likely zero)
2026-09-01 13:35:36,898 - INFO - \u2705 [SIM] Resolved expiry: 2026-09-01
2026-09-01 13:35:36,913 - INFO - \u2691 weak_trend_flag would fire: adx=20.5, score=40, rvol=0
2026-09-01 13:35:36,919 - INFO - HTF sanity check: fut_instrument=NIFTY26SEPFUT, ht_candles_volume_sum=21810750
2026-09-01 13:35:36,920 - INFO - \U0001f534 HTF mismatch (PUT vs CALL). Hard reject — no entry.
2026-09-01 13:35:36,922 - INFO - EMIT nifty_orderflow_signal: NO TRADE | HTF mismatch (PUT vs CALL) — hard reject
2026-09-01 13:35:50,133 - INFO - EMIT nifty_orderflow_signal: NO TRADE | HTF mismatch (PUT vs CALL) — hard reject
2026-09-01 13:36:37,108 - WARNING - \u26a0\ufe0f Nifty spot/futures candle length mismatch — VWAP/key-levels falling back to spot candles (volume likely zero)
2026-09-01 13:36:37,114 - INFO - \u2705 [SIM] Resolved expiry: 2026-09-01
2026-09-01 13:36:37,169 - INFO - \u2691 weak_trend_flag would fire: adx=20.4, score=40, rvol=0
2026-09-01 13:36:37,173 - INFO - HTF sanity check: fut_instrument=NIFTY26SEPFUT, ht_candles_volume_sum=21810750
2026-09-01 13:36:37,176 - INFO - \U0001f534 HTF mismatch (PUT vs CALL). Hard reject — no entry.
2026-09-01 13:36:37,177 - INFO - EMIT nifty_orderflow_signal: NO TRADE | HTF mismatch (PUT vs CALL) — hard reject
2026-09-01 13:36:50,132 - INFO - EMIT nifty_orderflow_signal: NO TRADE | HTF mismatch (PUT vs CALL) — hard reject
2026-09-01 13:37:37,294 - WARNING - \u26a0\ufe0f Nifty spot/futures candle length mismatch — VWAP/key-levels falling back to spot candles (volume likely zero)
2026-09-01 13:37:37,302 - INFO - \u2705 [SIM] Resolved expiry: 2026-09-01
2026-09-01 13:37:37,317 - INFO - \u2691 weak_trend_flag would fire: adx=20.4, score=40, rvol=0
2026-09-01 13:37:37,349 - INFO - HTF sanity check: fut_instrument=NIFTY26SEPFUT, ht_candles_volume_sum=21833630
2026-09-01 13:37:37,352 - INFO - \U0001f534 HTF mismatch (PUT vs CALL). Hard reject — no entry.
2026-09-01 13:37:37,353 - INFO - EMIT nifty_orderflow_signal: NO TRADE | HTF mismatch (PUT vs CALL) — hard reject
2026-09-01 13:37:50,133 - INFO - EMIT nifty_orderflow_signal: NO TRADE | HTF mismatch (PUT vs CALL) — hard reject
2026-09-01 13:38:37,537 - WARNING - \u26a0\ufe0f Nifty spot/futures candle length mismatch — VWAP/key-levels falling back to spot candles (volume likely zero)
2026-09-01 13:38:37,543 - INFO - \u2705 [SIM] Resolved expiry: 2026-09-01
2026-09-01 13:38:37,594 - INFO - \u2691 weak_trend_flag would fire: adx=20.4, score=40, rvol=10.71
2026-09-01 13:38:37,600 - INFO - HTF sanity check: fut_instrument=NIFTY26SEPFUT, ht_candles_volume_sum=21833630
2026-09-01 13:38:37,603 - INFO - EMIT nifty_orderflow_signal: NO TRADE | Entry Score 40 (gate 60, VIX 10.89)
2026-09-01 13:38:50,134 - INFO - EMIT nifty_orderflow_signal: NO TRADE | Entry Score 40 (gate 60, VIX 10.89)
2026-09-01 13:39:13,131 - INFO - EMIT nifty_orderflow_signal: NO TRADE | Entry Score 40 (gate 60, VIX 10.89)
2026-09-01 13:39:31,135 - INFO - EMIT nifty_orderflow_signal: NO TRADE | Entry Score 40 (gate 60, VIX 10.89)
2026-09-01 13:39:37,751 - WARNING - \u26a0\ufe0f Nifty spot/futures candle length mismatch — VWAP/key-levels falling back to spot candles (volume likely zero)
2026-09-01 13:39:37,757 - INFO - \u2705 [SIM] Resolved expiry: 2026-09-01
2026-09-01 13:39:37,800 - INFO - \u2691 weak_trend_flag would fire: adx=20.4, score=43, rvol=17.41
2026-09-01 13:39:37,806 - INFO - HTF sanity check: fut_instrument=NIFTY26SEPFUT, ht_candles_volume_sum=21833630
2026-09-01 13:39:37,808 - INFO - EMIT nifty_orderflow_signal: NO TRADE | Entry Score 43 (gate 60, VIX 10.88)
2026-09-01 13:40:01,132 - INFO - EMIT nifty_orderflow_signal: NO TRADE | Entry Score 43 (gate 60, VIX 10.88)
2026-09-01 13:40:38,019 - WARNING - \u26a0\ufe0f Nifty spot/futures candle length mismatch — VWAP/key-levels falling back to spot candles (volume likely zero)
2026-09-01 13:40:38,026 - INFO - \u2705 [SIM] Resolved expiry: 2026-09-01
2026-09-01 13:40:38,084 - INFO - \u2691 weak_trend_flag would fire: adx=21.0, score=40, rvol=0
2026-09-01 13:40:38,117 - INFO - HTF sanity check: fut_instrument=NIFTY26SEPFUT, ht_candles_volume_sum=21879065
2026-09-01 13:40:38,119 - INFO - EMIT nifty_orderflow_signal: NO TRADE | RVOL 0.26 below 0.5 floor
2026-09-01 13:40:50,134 - INFO - EMIT nifty_orderflow_signal: NO TRADE | RVOL 0.26 below 0.5 floor
2026-09-01 13:41:38,240 - WARNING - \u26a0\ufe0f Nifty spot/futures candle length mismatch — VWAP/key-levels falling back to spot candles (volume likely zero)
2026-09-01 13:41:38,244 - INFO - \u2705 [SIM] Resolved expiry: 2026-09-01
2026-09-01 13:41:38,262 - INFO - \u2691 weak_trend_flag would fire: adx=21.0, score=48, rvol=20
2026-09-01 13:41:38,268 - INFO - HTF sanity check: fut_instrument=NIFTY26SEPFUT, ht_candles_volume_sum=21879065
2026-09-01 13:41:38,271 - INFO - EMIT nifty_orderflow_signal: NO TRADE | Entry Score 48 (gate 60, VIX 10.92)
2026-09-01 13:41:50,134 - INFO - EMIT nifty_orderflow_signal: NO TRADE | Entry Score 48 (gate 60, VIX 10.92)
2026-09-01 13:42:38,442 - WARNING - \u26a0\ufe0f Nifty spot/futures candle length mismatch — VWAP/key-levels falling back to spot candles (volume likely zero)
2026-09-01 13:42:38,449 - INFO - \u2705 [SIM] Resolved expiry: 2026-09-01
2026-09-01 13:42:38,505 - INFO - \u2691 weak_trend_flag would fire: adx=21.3, score=48, rvol=20
2026-09-01 13:42:38,511 - INFO - HTF sanity check: fut_instrument=NIFTY26SEPFUT, ht_candles_volume_sum=21879065
2026-09-01 13:42:38,514 - INFO - EMIT nifty_orderflow_signal: NO TRADE | Entry Score 48 (gate 60, VIX 10.94)
2026-09-01 13:42:50,134 - INFO - EMIT nifty_orderflow_signal: NO TRADE | Entry Score 48 (gate 60, VIX 10.94)
2026-09-01 13:43:38,639 - WARNING - \u26a0\ufe0f Nifty spot/futures candle length mismatch — VWAP/key-levels falling back to spot candles (volume likely zero)
2026-09-01 13:43:38,646 - INFO - \u2705 [SIM] Resolved expiry: 2026-09-01
2026-09-01 13:43:38,663 - INFO - \u2691 weak_trend_flag would fire: adx=21.3, score=48, rvol=20
2026-09-01 13:43:38,691 - INFO - HTF sanity check: fut_instrument=NIFTY26SEPFUT, ht_candles_volume_sum=22001395
2026-09-01 13:43:38,693 - INFO - EMIT nifty_orderflow_signal: NO TRADE | Entry Score 48 (gate 60, VIX 10.94)
2026-09-01 13:43:50,132 - INFO - EMIT nifty_orderflow_signal: NO TRADE | Entry Score 48 (gate 60, VIX 10.94)
2026-09-01 13:44:38,906 - WARNING - \u26a0\ufe0f Nifty spot/futures candle length mismatch — VWAP/key-levels falling back to spot candles (volume likely zero)
2026-09-01 13:44:38,910 - INFO - \u2705 [SIM] Resolved expiry: 2026-09-01
2026-09-01 13:44:39,022 - INFO - \u2691 weak_trend_flag would fire: adx=21.3, score=48, rvol=20
2026-09-01 13:44:39,028 - INFO - HTF sanity check: fut_instrument=NIFTY26SEPFUT, ht_candles_volume_sum=22001395
2026-09-01 13:44:39,030 - INFO - EMIT nifty_orderflow_signal: NO TRADE | Entry Score 48 (gate 60, VIX 10.93)
2026-09-01 13:44:50,134 - INFO - EMIT nifty_orderflow_signal: NO TRADE | Entry Score 48 (gate 60, VIX 10.93)
2026-09-01 13:45:39,155 - WARNING - \u26a0\ufe0f Nifty spot/futures candle length mismatch — VWAP/key-levels falling back to spot candles (volume likely zero)
2026-09-01 13:45:39,161 - INFO - \u2705 [SIM] Resolved expiry: 2026-09-01
2026-09-01 13:45:39,177 - INFO - \u2691 weak_trend_flag would fire: adx=21.3, score=40, rvol=0
2026-09-01 13:45:39,182 - INFO - HTF sanity check: fut_instrument=NIFTY26SEPFUT, ht_candles_volume_sum=22001395
2026-09-01 13:45:39,185 - INFO - EMIT nifty_orderflow_signal: NO TRADE | RVOL 0.14 below 0.5 floor
2026-09-01 13:45:50,135 - INFO - EMIT nifty_orderflow_signal: NO TRADE | RVOL 0.14 below 0.5 floor
2026-09-01 13:46:39,377 - WARNING - \u26a0\ufe0f Nifty spot/futures candle length mismatch — VWAP/key-levels falling back to spot candles (volume likely zero)
2026-09-01 13:46:39,380 - INFO - \u2705 [SIM] Resolved expiry: 2026-09-01
2026-09-01 13:46:39,434 - INFO - \u2691 weak_trend_flag would fire: adx=20.9, score=40, rvol=0
2026-09-01 13:46:39,467 - INFO - HTF sanity check: fut_instrument=NIFTY26SEPFUT, ht_candles_volume_sum=22048650
2026-09-01 13:46:39,469 - INFO - EMIT nifty_orderflow_signal: NO TRADE | Entry Score 40 (gate 60, VIX 10.99)
2026-09-01 13:46:50,134 - INFO - EMIT nifty_orderflow_signal: NO TRADE | Entry Score 40 (gate 60, VIX 10.99)
2026-09-01 13:47:01,134 - INFO - EMIT nifty_orderflow_signal: NO TRADE | Entry Score 40 (gate 60, VIX 10.99)
2026-09-01 13:47:31,134 - INFO - EMIT nifty_orderflow_signal: NO TRADE | Entry Score 40 (gate 60, VIX 10.99)
2026-09-01 13:47:39,584 - WARNING - \u26a0\ufe0f Nifty spot/futures candle length mismatch — VWAP/key-levels falling back to spot candles (volume likely zero)
2026-09-01 13:47:39,587 - INFO - \u2705 [SIM] Resolved expiry: 2026-09-01
2026-09-01 13:47:39,604 - INFO - \u2691 weak_trend_flag would fire: adx=20.9, score=40, rvol=1.01
2026-09-01 13:47:39,608 - INFO - HTF sanity check: fut_instrument=NIFTY26SEPFUT, ht_candles_volume_sum=22048650
2026-09-01 13:47:39,610 - INFO - EMIT nifty_orderflow_signal: NO TRADE | Entry Score 40 (gate 60, VIX 10.96)
2026-09-01 13:48:32,134 - INFO - EMIT nifty_orderflow_signal: NO TRADE | Entry Score 40 (gate 60, VIX 10.96)
2026-09-01 13:48:39,839 - WARNING - \u26a0\ufe0f Nifty spot/futures candle length mismatch — VWAP/key-levels falling back to spot candles (volume likely zero)
2026-09-01 13:48:39,845 - INFO - \u2705 [SIM] Resolved expiry: 2026-09-01
2026-09-01 13:48:39,898 - INFO - \u2691 weak_trend_flag would fire: adx=21.1, score=40, rvol=11.81
2026-09-01 13:48:39,904 - INFO - HTF sanity check: fut_instrument=NIFTY26SEPFUT, ht_candles_volume_sum=22048650
2026-09-01 13:48:39,906 - INFO - EMIT nifty_orderflow_signal: NO TRADE | Entry Score 40 (gate 60, VIX 10.97)
2026-09-01 13:49:33,134 - INFO - EMIT nifty_orderflow_signal: NO TRADE | Entry Score 40 (gate 60, VIX 10.97)
2026-09-01 13:49:40,048 - WARNING - \u26a0\ufe0f Nifty spot/futures candle length mismatch — VWAP/key-levels falling back to spot candles (volume likely zero)
2026-09-01 13:49:40,054 - INFO - \u2705 [SIM] Resolved expiry: 2026-09-01
2026-09-01 13:49:40,096 - INFO - \u2691 weak_trend_flag would fire: adx=21.1, score=43, rvol=17.12
2026-09-01 13:49:40,138 - INFO - HTF sanity check: fut_instrument=NIFTY26SEPFUT, ht_candles_volume_sum=22092005
2026-09-01 13:49:40,141 - INFO - EMIT nifty_orderflow_signal: NO TRADE | Entry Score 43 (gate 60, VIX 10.99)
2026-09-01 13:50:34,132 - INFO - EMIT nifty_orderflow_signal: NO TRADE | Entry Score 43 (gate 60, VIX 10.99)
2026-09-01 13:50:40,340 - WARNING - \u26a0\ufe0f Nifty spot/futures candle length mismatch — VWAP/key-levels falling back to spot candles (volume likely zero)
2026-09-01 13:50:40,344 - INFO - \u2705 [SIM] Resolved expiry: 2026-09-01
2026-09-01 13:50:40,399 - INFO - \u2691 weak_trend_flag would fire: adx=21.2, score=35, rvol=0
2026-09-01 13:50:40,404 - INFO - HTF sanity check: fut_instrument=NIFTY26SEPFUT, ht_candles_volume_sum=22092005
2026-09-01 13:50:40,406 - INFO - EMIT nifty_orderflow_signal: NO TRADE | RVOL 0.34 below 0.5 floor
2026-09-01 13:51:35,133 - INFO - EMIT nifty_orderflow_signal: NO TRADE | RVOL 0.34 below 0.5 floor
2026-09-01 13:51:40,542 - WARNING - \u26a0\ufe0f Nifty spot/futures candle length mismatch — VWAP/key-levels falling back to spot candles (volume likely zero)
2026-09-01 13:51:40,547 - INFO - \u2705 [SIM] Resolved expiry: 2026-09-01
2026-09-01 13:51:40,564 - INFO - \u2691 weak_trend_flag would fire: adx=21.2, score=48, rvol=20
2026-09-01 13:51:40,568 - INFO - HTF sanity check: fut_instrument=NIFTY26SEPFUT, ht_candles_volume_sum=22092005
2026-09-01 13:51:40,570 - INFO - EMIT nifty_orderflow_signal: NO TRADE | Entry Score 48 (gate 60, VIX 11.18)
2026-09-01 13:52:36,133 - INFO - EMIT nifty_orderflow_signal: NO TRADE | Entry Score 48 (gate 60, VIX 11.18)
2026-09-01 13:52:40,998 - WARNING - \u26a0\ufe0f Nifty spot/futures candle length mismatch — VWAP/key-levels falling back to spot candles (volume likely zero)
2026-09-01 13:52:41,002 - INFO - \u2705 [SIM] Resolved expiry: 2026-09-01
2026-09-01 13:52:41,098 - INFO - \u2691 weak_trend_flag would fire: adx=21.8, score=48, rvol=20
2026-09-01 13:52:41,137 - INFO - HTF sanity check: fut_instrument=NIFTY26SEPFUT, ht_candles_volume_sum=22263995
2026-09-01 13:52:41,140 - INFO - EMIT nifty_orderflow_signal: NO TRADE | Entry Score 48 (gate 60, VIX 11.15)
2026-09-01 13:53:37,133 - INFO - EMIT nifty_orderflow_signal: NO TRADE | Entry Score 48 (gate 60, VIX 11.15)
2026-09-01 13:53:41,268 - WARNING - \u26a0\ufe0f Nifty spot/futures candle length mismatch — VWAP/key-levels falling back to spot candles (volume likely zero)
2026-09-01 13:53:41,273 - INFO - \u2705 [SIM] Resolved expiry: 2026-09-01
2026-09-01 13:53:41,290 - INFO - \u2691 weak_trend_flag would fire: adx=21.8, score=48, rvol=20
2026-09-01 13:53:41,296 - INFO - HTF sanity check: fut_instrument=NIFTY26SEPFUT, ht_candles_volume_sum=22263995
2026-09-01 13:53:41,298 - INFO - EMIT nifty_orderflow_signal: NO TRADE | Entry Score 48 (gate 60, VIX 11.20)
2026-09-01 13:54:38,134 - INFO - EMIT nifty_orderflow_signal: NO TRADE | Entry Score 48 (gate 60, VIX 11.20)
2026-09-01 13:54:41,526 - WARNING - \u26a0\ufe0f Nifty spot/futures candle length mismatch — VWAP/key-levels falling back to spot candles (volume likely zero)
2026-09-01 13:54:41,531 - INFO - \u2705 [SIM] Resolved expiry: 2026-09-01
2026-09-01 13:54:41,612 - INFO - \u2691 weak_trend_flag would fire: adx=21.8, score=48, rvol=20
2026-09-01 13:54:41,618 - INFO - HTF sanity check: fut_instrument=NIFTY26SEPFUT, ht_candles_volume_sum=22263995
2026-09-01 13:54:41,621 - INFO - EMIT nifty_orderflow_signal: NO TRADE | Entry Score 48 (gate 60, VIX 11.22)
2026-09-01 13:55:39,133 - INFO - EMIT nifty_orderflow_signal: NO TRADE | Entry Score 48 (gate 60, VIX 11.22)
2026-09-01 13:55:41,749 - WARNING - \u26a0\ufe0f Nifty spot/futures candle length mismatch — VWAP/key-levels falling back to spot candles (volume likely zero)
2026-09-01 13:55:41,753 - INFO - \u2705 [SIM] Resolved expiry: 2026-09-01
2026-09-01 13:55:41,771 - INFO - \u2691 weak_trend_flag would fire: adx=21.8, score=40, rvol=0
2026-09-01 13:55:41,804 - INFO - HTF sanity check: fut_instrument=NIFTY26SEPFUT, ht_candles_volume_sum=22351485
2026-09-01 13:55:41,807 - INFO - EMIT nifty_orderflow_signal: NO TRADE | RVOL 0.15 below 0.5 floor
2026-09-01 13:56:40,134 - INFO - EMIT nifty_orderflow_signal: NO TRADE | RVOL 0.15 below 0.5 floor
2026-09-01 13:56:41,987 - WARNING - \u26a0\ufe0f Nifty spot/futures candle length mismatch — VWAP/key-levels falling back to spot candles (volume likely zero)
2026-09-01 13:56:41,996 - INFO - \u2705 [SIM] Resolved expiry: 2026-09-01
2026-09-01 13:56:42,054 - INFO - \u2691 weak_trend_flag would fire: adx=21.8, score=25, rvol=0
2026-09-01 13:56:42,060 - INFO - HTF sanity check: fut_instrument=NIFTY26SEPFUT, ht_candles_volume_sum=22351485
2026-09-01 13:56:42,062 - INFO - \U0001f534 HTF mismatch (PUT vs NEUTRAL). Hard reject — no entry.
2026-09-01 13:56:42,066 - INFO - EMIT nifty_orderflow_signal: NO TRADE | HTF mismatch (PUT vs NEUTRAL) — hard reject
2026-09-01 13:57:41,134 - INFO - EMIT nifty_orderflow_signal: NO TRADE | HTF mismatch (PUT vs NEUTRAL) — hard reject
2026-09-01 13:57:42,209 - WARNING - \u26a0\ufe0f Nifty spot/futures candle length mismatch — VWAP/key-levels falling back to spot candles (volume likely zero)
2026-09-01 13:57:42,215 - INFO - \u2705 [SIM] Resolved expiry: 2026-09-01
2026-09-01 13:57:42,233 - INFO - \u2691 weak_trend_flag would fire: adx=21.8, score=25, rvol=0
2026-09-01 13:57:42,239 - INFO - HTF sanity check: fut_instrument=NIFTY26SEPFUT, ht_candles_volume_sum=22351485
2026-09-01 13:57:42,240 - INFO - \U0001f534 HTF mismatch (PUT vs NEUTRAL). Hard reject — no entry.
2026-09-01 13:57:42,241 - INFO - EMIT nifty_orderflow_signal: NO TRADE | HTF mismatch (PUT vs NEUTRAL) — hard reject
2026-09-01 13:58:13,136 - INFO - EMIT nifty_orderflow_signal: NO TRADE | HTF mismatch (PUT vs NEUTRAL) — hard reject
2026-09-01 13:58:31,132 - INFO - EMIT nifty_orderflow_signal: NO TRADE | HTF mismatch (PUT vs NEUTRAL) — hard reject
2026-09-01 13:58:42,432 - WARNING - \u26a0\ufe0f Nifty spot/futures candle length mismatch — VWAP/key-levels falling back to spot candles (volume likely zero)
2026-09-01 13:58:42,436 - INFO - \u2705 [SIM] Resolved expiry: 2026-09-01
2026-09-01 13:58:42,491 - INFO - \u2691 weak_trend_flag would fire: adx=21.8, score=35, rvol=0
2026-09-01 13:58:42,526 - INFO - HTF sanity check: fut_instrument=NIFTY26SEPFUT, ht_candles_volume_sum=22395815
2026-09-01 13:58:42,530 - INFO - EMIT nifty_orderflow_signal: NO TRADE | Entry Score 35 (gate 60, VIX 11.43)
2026-09-01 13:59:01,134 - INFO - EMIT nifty_orderflow_signal: NO TRADE | Entry Score 35 (gate 60, VIX 11.43)
2026-09-01 13:59:42,674 - WARNING - \u26a0\ufe0f Nifty spot/futures candle length mismatch — VWAP/key-levels falling back to spot candles (volume likely zero)
2026-09-01 13:59:42,677 - INFO - \u2705 [SIM] Resolved expiry: 2026-09-01
2026-09-01 13:59:42,719 - INFO - \u2691 weak_trend_flag would fire: adx=21.8, score=35, rvol=0
2026-09-01 13:59:42,726 - INFO - HTF sanity check: fut_instrument=NIFTY26SEPFUT, ht_candles_volume_sum=22395815
2026-09-01 13:59:42,727 - INFO - EMIT nifty_orderflow_signal: NO TRADE | Entry Score 35 (gate 60, VIX 11.41)
2026-09-01 13:59:50,134 - INFO - EMIT nifty_orderflow_signal: NO TRADE | Entry Score 35 (gate 60, VIX 11.41)
2026-09-01 14:00:42,910 - WARNING - \u26a0\ufe0f Nifty spot/futures candle length mismatch — VWAP/key-levels falling back to spot candles (volume likely zero)
2026-09-01 14:00:42,916 - INFO - \u2705 [SIM] Resolved expiry: 2026-09-01
2026-09-01 14:00:42,917 - INFO - EMIT nifty_orderflow_signal: NO TRADE | No entries on DTE 0 after 14:00
2026-09-01 14:00:50,134 - INFO - EMIT nifty_orderflow_signal: NO TRADE | No entries on DTE 0 after 14:00
2026-09-01 14:01:43,040 - WARNING - \u26a0\ufe0f Nifty spot/futures candle length mismatch — VWAP/key-levels falling back to spot candles (volume likely zero)
2026-09-01 14:01:43,044 - INFO - \u2705 [SIM] Resolved expiry: 2026-09-01
2026-09-01 14:01:43,044 - INFO - EMIT nifty_orderflow_signal: NO TRADE | No entries on DTE 0 after 14:00
2026-09-01 14:01:50,136 - INFO - EMIT nifty_orderflow_signal: NO TRADE | No entries on DTE 0 after 14:00
2026-09-01 14:02:43,231 - WARNING - \u26a0\ufe0f Nifty spot/futures candle length mismatch — VWAP/key-levels falling back to spot candles (volume likely zero)
2026-09-01 14:02:43,239 - INFO - \u2705 [SIM] Resolved expiry: 2026-09-01
2026-09-01 14:02:43,239 - INFO - EMIT nifty_orderflow_signal: NO TRADE | No entries on DTE 0 after 14:00
2026-09-01 14:02:50,135 - INFO - EMIT nifty_orderflow_signal: NO TRADE | No entries on DTE 0 after 14:00
2026-09-01 14:03:17,098 - INFO - EMIT nifty_orderflow_signal: NO TRADE | No entries on DTE 0 after 14:00
2026-09-01 14:03:23,358 - INFO - 127.0.0.1 - - [01/Sep/2026 14:03:23] "GET /socket.io/?EIO=4&transport=websocket&sid=OPI5qSRCUPoPHVQ6AAAA HTTP/1.1" 200 -
2026-09-01 14:03:43,370 - WARNING - \u26a0\ufe0f Nifty spot/futures candle length mismatch — VWAP/key-levels falling back to spot candles (volume likely zero)
2026-09-01 14:03:43,374 - INFO - \u2705 [SIM] Resolved expiry: 2026-09-01
2026-09-01 14:03:43,374 - INFO - EMIT nifty_orderflow_signal: NO TRADE | No entries on DTE 0 after 14:00
