timestamp,symbol,stage,reason
2026-08-10T10:30:55.398190,HDFCBANK,setup,no fresh breakout/continuation trigger
2026-08-10T10:30:55.398190,KALYANKJIL,setup,no fresh breakout/continuation trigger
2026-08-10T10:30:55.398190,ICICIBANK,setup,no fresh breakout/continuation trigger
2026-08-10T10:30:55.398190,RELIANCE,setup,no fresh breakout/continuation trigger
2026-08-10T10:30:55.398190,INFY,setup,no fresh breakout/continuation trigger
2026-08-10T10:30:55.398190,SBIN,setup,no fresh breakout/continuation trigger
2026-08-10T10:30:55.398190,BAJFINANCE,setup,no fresh breakout/continuation trigger
2026-08-10T10:30:55.398190,BHARTIARTL,setup,no fresh breakout/continuation trigger
2026-08-10T10:30:55.398190,ETERNAL,setup,no fresh breakout/continuation trigger
2026-08-10T10:30:55.398190,AXISBANK,setup,no fresh breakout/continuation trigger
2026-08-10T10:30:55.398190,TCS,setup,no fresh breakout/continuation trigger
2026-08-10T10:30:55.398190,BSE,setup,no fresh breakout/continuation trigger
2026-08-10T10:30:55.398190,M&M,setup,no fresh breakout/continuation trigger
2026-08-10T10:30:55.398190,LT,setup,SL too wide (1.58 ATR)
2026-08-10T10:30:55.413861,SWIGGY,setup,no fresh breakout/continuation trigger
2026-08-10T10:30:55.413861,DIXON,setup,no fresh breakout/continuation trigger
2026-08-10T10:30:55.413861,SHRIRAMFIN,setup,no fresh breakout/continuation trigger
2026-08-10T10:30:55.413861,TVSMOTOR,setup,no fresh breakout/continuation trigger
2026-08-10T10:30:55.413861,MARUTI,setup,SL too wide (1.78 ATR)
2026-08-10T10:30:55.413861,COFORGE,setup,no fresh breakout/continuation trigger
2026-08-10T10:30:55.413861,JIOFIN,setup,no fresh breakout/continuation trigger
2026-08-10T10:30:55.413861,BHEL,setup,no fresh breakout/continuation trigger
2026-08-10T10:30:55.413861,PAYTM,setup,no fresh breakout/continuation trigger
2026-08-10T10:30:55.413861,BAJAJ-AUTO,setup,no fresh breakout/continuation trigger
2026-08-10T10:30:55.413861,ADANIPOWER,setup,no fresh breakout/continuation trigger
2026-08-10T10:30:55.413861,INDIGO,setup,no fresh breakout/continuation trigger
2026-08-10T10:30:55.413861,TECHM,setup,no fresh breakout/continuation trigger
2026-08-10T10:30:55.413861,KOTAKBANK,setup,SL too wide (1.79 ATR)
2026-08-10T10:30:55.413861,OFSS,setup,no fresh breakout/continuation trigger
2026-08-10T10:30:55.413861,KAYNES,setup,no fresh breakout/continuation trigger
2026-08-10T10:30:55.413861,HINDALCO,setup,no fresh breakout/continuation trigger
2026-08-10T10:30:55.413861,SUNPHARMA,setup,no fresh breakout/continuation trigger
2026-08-10T10:30:55.425160,BEL,setup,no fresh breakout/continuation trigger
2026-08-10T10:30:55.426002,MCX,setup,no fresh breakout/continuation trigger
2026-08-10T10:30:55.426002,HCLTECH,setup,no fresh breakout/continuation trigger
2026-08-10T10:30:55.426002,DIVISLAB,setup,no fresh breakout/continuation trigger
2026-08-10T10:30:55.426002,LICI,setup,no fresh breakout/continuation trigger
2026-08-10T10:30:55.426002,ITC,setup,no fresh breakout/continuation trigger
2026-08-10T10:30:55.426002,GVT&D,setup,no fresh breakout/continuation trigger
2026-08-10T10:30:55.426002,TORNTPHARM,setup,RVOL 0.35 below 1.0
2026-08-10T10:31:56.037116,HDFCBANK,setup,no fresh breakout/continuation trigger
2026-08-10T10:31:56.037116,KALYANKJIL,setup,no fresh breakout/continuation trigger
2026-08-10T10:31:56.037116,ICICIBANK,setup,no fresh breakout/continuation trigger
2026-08-10T10:31:56.037116,RELIANCE,setup,no fresh breakout/continuation trigger
2026-08-10T10:31:56.037116,INFY,setup,no fresh breakout/continuation trigger
2026-08-10T10:31:56.037116,SBIN,setup,no fresh breakout/continuation trigger
2026-08-10T10:31:56.037116,BAJFINANCE,setup,no fresh breakout/continuation trigger
2026-08-10T10:31:56.037116,BHARTIARTL,setup,no fresh breakout/continuation trigger
2026-08-10T10:31:56.037116,ETERNAL,setup,no fresh breakout/continuation trigger
2026-08-10T10:31:56.037116,AXISBANK,setup,no fresh breakout/continuation trigger
2026-08-10T10:31:56.037116,TCS,setup,no fresh breakout/continuation trigger
2026-08-10T10:31:56.037116,BSE,setup,no fresh breakout/continuation trigger
2026-08-10T10:31:56.037116,M&M,setup,no fresh breakout/continuation trigger
2026-08-10T10:31:56.037116,LT,setup,SL too wide (1.58 ATR)
2026-08-10T10:31:56.037116,SWIGGY,setup,no fresh breakout/continuation trigger
2026-08-10T10:31:56.037116,DIXON,setup,no fresh breakout/continuation trigger
2026-08-10T10:31:56.037116,SHRIRAMFIN,setup,no fresh breakout/continuation trigger
2026-08-10T10:31:56.037116,TVSMOTOR,setup,no fresh breakout/continuation trigger
2026-08-10T10:31:56.037116,MARUTI,setup,SL too wide (1.78 ATR)
2026-08-10T10:31:56.037116,COFORGE,setup,no fresh breakout/continuation trigger
2026-08-10T10:31:56.037116,JIOFIN,setup,no fresh breakout/continuation trigger
2026-08-10T10:31:56.037116,BHEL,setup,no fresh breakout/continuation trigger
2026-08-10T10:31:56.037116,PAYTM,setup,no fresh breakout/continuation trigger
2026-08-10T10:31:56.037116,BAJAJ-AUTO,setup,no fresh breakout/continuation trigger
2026-08-10T10:31:56.037116,ADANIPOWER,setup,no fresh breakout/continuation trigger
2026-08-10T10:31:56.051595,INDIGO,setup,no fresh breakout/continuation trigger
2026-08-10T10:31:56.053138,TECHM,setup,no fresh breakout/continuation trigger
2026-08-10T10:31:56.053138,KOTAKBANK,setup,SL too wide (1.79 ATR)
2026-08-10T10:31:56.054137,OFSS,setup,no fresh breakout/continuation trigger
2026-08-10T10:31:56.054137,KAYNES,setup,no fresh breakout/continuation trigger
2026-08-10T10:31:56.055179,HINDALCO,setup,no fresh breakout/continuation trigger
2026-08-10T10:31:56.055179,SUNPHARMA,setup,no fresh breakout/continuation trigger
2026-08-10T10:31:56.056206,BEL,setup,no fresh breakout/continuation trigger
2026-08-10T10:31:56.056206,MCX,setup,no fresh breakout/continuation trigger
2026-08-10T10:31:56.057220,HCLTECH,setup,no fresh breakout/continuation trigger
2026-08-10T10:31:56.057220,DIVISLAB,setup,no fresh breakout/continuation trigger
2026-08-10T10:31:56.057220,LICI,setup,no fresh breakout/continuation trigger
2026-08-10T10:31:56.058335,ITC,setup,no fresh breakout/continuation trigger
2026-08-10T10:31:56.058335,GVT&D,setup,no fresh breakout/continuation trigger
2026-08-10T10:31:56.059351,TORNTPHARM,setup,RVOL 0.35 below 1.0
2026-08-10T10:32:56.524400,HDFCBANK,setup,no fresh breakout/continuation trigger
2026-08-10T10:32:56.524400,KALYANKJIL,setup,no fresh breakout/continuation trigger
2026-08-10T10:32:56.524400,ICICIBANK,setup,no fresh breakout/continuation trigger
2026-08-10T10:32:56.524400,RELIANCE,setup,no fresh breakout/continuation trigger
2026-08-10T10:32:56.524400,INFY,setup,no fresh breakout/continuation trigger
2026-08-10T10:32:56.540311,SBIN,setup,no fresh breakout/continuation trigger
2026-08-10T10:32:56.541469,BAJFINANCE,setup,no fresh breakout/continuation trigger
2026-08-10T10:32:56.542488,BHARTIARTL,setup,no fresh breakout/continuation trigger
2026-08-10T10:32:56.542488,ETERNAL,setup,no fresh breakout/continuation trigger
2026-08-10T10:32:56.543574,AXISBANK,setup,no fresh breakout/continuation trigger
2026-08-10T10:32:56.544592,TCS,setup,no fresh breakout/continuation trigger
2026-08-10T10:32:56.545809,BSE,setup,no fresh breakout/continuation trigger
2026-08-10T10:32:56.545809,M&M,setup,no fresh breakout/continuation trigger
2026-08-10T10:32:56.546815,LT,setup,SL too wide (1.58 ATR)
2026-08-10T10:32:56.547819,SWIGGY,setup,no fresh breakout/continuation trigger
2026-08-10T10:32:56.547819,DIXON,setup,no fresh breakout/continuation trigger
2026-08-10T10:32:56.548822,SHRIRAMFIN,setup,no fresh breakout/continuation trigger
2026-08-10T10:32:56.548822,TVSMOTOR,setup,no fresh breakout/continuation trigger
2026-08-10T10:32:56.549792,MARUTI,setup,SL too wide (1.78 ATR)
2026-08-10T10:32:56.549792,COFORGE,setup,no fresh breakout/continuation trigger
2026-08-10T10:32:56.550812,JIOFIN,setup,no fresh breakout/continuation trigger
2026-08-10T10:32:56.551841,BHEL,setup,no fresh breakout/continuation trigger
2026-08-10T10:32:56.551841,PAYTM,setup,no fresh breakout/continuation trigger
2026-08-10T10:32:56.552856,BAJAJ-AUTO,setup,no fresh breakout/continuation trigger
2026-08-10T10:32:56.552856,ADANIPOWER,setup,no fresh breakout/continuation trigger
2026-08-10T10:32:56.552856,INDIGO,setup,no fresh breakout/continuation trigger
2026-08-10T10:32:56.553941,TECHM,setup,no fresh breakout/continuation trigger
2026-08-10T10:32:56.553941,KOTAKBANK,setup,SL too wide (1.79 ATR)
2026-08-10T10:32:56.553941,OFSS,setup,no fresh breakout/continuation trigger
2026-08-10T10:32:56.553941,KAYNES,setup,no fresh breakout/continuation trigger
2026-08-10T10:32:56.553941,HINDALCO,setup,no fresh breakout/continuation trigger
2026-08-10T10:32:56.553941,SUNPHARMA,setup,no fresh breakout/continuation trigger
2026-08-10T10:32:56.553941,BEL,setup,no fresh breakout/continuation trigger
2026-08-10T10:32:56.553941,MCX,setup,no fresh breakout/continuation trigger
2026-08-10T10:32:56.553941,HCLTECH,setup,no fresh breakout/continuation trigger
2026-08-10T10:32:56.553941,DIVISLAB,setup,no fresh breakout/continuation trigger
2026-08-10T10:32:56.553941,LICI,setup,no fresh breakout/continuation trigger
2026-08-10T10:32:56.553941,ITC,setup,no fresh breakout/continuation trigger
2026-08-10T10:32:56.553941,GVT&D,setup,no fresh breakout/continuation trigger
2026-08-10T10:32:56.560583,TORNTPHARM,setup,RVOL 0.35 below 1.0
2026-08-10T10:33:57.080597,HDFCBANK,setup,no fresh breakout/continuation trigger
2026-08-10T10:33:57.081637,KALYANKJIL,setup,no fresh breakout/continuation trigger
2026-08-10T10:33:57.082645,ICICIBANK,setup,no fresh breakout/continuation trigger
2026-08-10T10:33:57.083690,RELIANCE,setup,no fresh breakout/continuation trigger
2026-08-10T10:33:57.083690,INFY,setup,no fresh breakout/continuation trigger
2026-08-10T10:33:57.085043,SBIN,setup,no fresh breakout/continuation trigger
2026-08-10T10:33:57.086101,BAJFINANCE,setup,no fresh breakout/continuation trigger
2026-08-10T10:33:57.086101,BHARTIARTL,setup,no fresh breakout/continuation trigger
2026-08-10T10:33:57.087136,ETERNAL,setup,no fresh breakout/continuation trigger
2026-08-10T10:33:57.088211,AXISBANK,setup,no fresh breakout/continuation trigger
2026-08-10T10:33:57.088744,TCS,setup,no fresh breakout/continuation trigger
2026-08-10T10:33:57.088744,BSE,setup,no fresh breakout/continuation trigger
2026-08-10T10:33:57.088744,M&M,setup,no fresh breakout/continuation trigger
2026-08-10T10:33:57.088744,LT,setup,SL too wide (1.58 ATR)
2026-08-10T10:33:57.088744,SWIGGY,setup,no fresh breakout/continuation trigger
2026-08-10T10:33:57.088744,DIXON,setup,no fresh breakout/continuation trigger
2026-08-10T10:33:57.088744,SHRIRAMFIN,setup,no fresh breakout/continuation trigger
2026-08-10T10:33:57.088744,TVSMOTOR,setup,no fresh breakout/continuation trigger
2026-08-10T10:33:57.088744,MARUTI,setup,SL too wide (1.78 ATR)
2026-08-10T10:33:57.088744,COFORGE,setup,no fresh breakout/continuation trigger
2026-08-10T10:33:57.088744,JIOFIN,setup,no fresh breakout/continuation trigger
2026-08-10T10:33:57.088744,BHEL,setup,no fresh breakout/continuation trigger
2026-08-10T10:33:57.088744,PAYTM,setup,no fresh breakout/continuation trigger
2026-08-10T10:33:57.088744,BAJAJ-AUTO,setup,no fresh breakout/continuation trigger
2026-08-10T10:33:57.088744,ADANIPOWER,setup,no fresh breakout/continuation trigger
2026-08-10T10:33:57.088744,INDIGO,setup,no fresh breakout/continuation trigger
2026-08-10T10:33:57.088744,TECHM,setup,no fresh breakout/continuation trigger
2026-08-10T10:33:57.088744,KOTAKBANK,setup,SL too wide (1.79 ATR)
2026-08-10T10:33:57.088744,OFSS,setup,no fresh breakout/continuation trigger
2026-08-10T10:33:57.088744,KAYNES,setup,no fresh breakout/continuation trigger
2026-08-10T10:33:57.088744,HINDALCO,setup,no fresh breakout/continuation trigger
2026-08-10T10:33:57.088744,SUNPHARMA,setup,no fresh breakout/continuation trigger
2026-08-10T10:33:57.088744,BEL,setup,no fresh breakout/continuation trigger
2026-08-10T10:33:57.103969,MCX,setup,no fresh breakout/continuation trigger
2026-08-10T10:33:57.103969,HCLTECH,setup,no fresh breakout/continuation trigger
2026-08-10T10:33:57.105258,DIVISLAB,setup,no fresh breakout/continuation trigger
2026-08-10T10:33:57.105258,LICI,setup,no fresh breakout/continuation trigger
2026-08-10T10:33:57.106488,ITC,setup,no fresh breakout/continuation trigger
2026-08-10T10:33:57.106488,GVT&D,setup,no fresh breakout/continuation trigger
2026-08-10T10:33:57.107491,TORNTPHARM,setup,RVOL 0.35 below 1.0
2026-08-10T10:34:57.811586,HDFCBANK,setup,no fresh breakout/continuation trigger
2026-08-10T10:34:57.812628,KALYANKJIL,setup,no fresh breakout/continuation trigger
2026-08-10T10:34:57.813633,ICICIBANK,setup,no fresh breakout/continuation trigger
2026-08-10T10:34:57.813633,RELIANCE,setup,no fresh breakout/continuation trigger
2026-08-10T10:34:57.815082,INFY,setup,no fresh breakout/continuation trigger
2026-08-10T10:34:57.816223,SBIN,setup,no fresh breakout/continuation trigger
2026-08-10T10:34:57.816223,BAJFINANCE,setup,no fresh breakout/continuation trigger
2026-08-10T10:34:57.817227,BHARTIARTL,setup,no fresh breakout/continuation trigger
2026-08-10T10:34:57.818382,ETERNAL,setup,no fresh breakout/continuation trigger
2026-08-10T10:34:57.818382,AXISBANK,setup,no fresh breakout/continuation trigger
2026-08-10T10:34:57.819398,TCS,setup,no fresh breakout/continuation trigger
2026-08-10T10:34:57.819398,BSE,setup,no fresh breakout/continuation trigger
2026-08-10T10:34:57.819398,M&M,setup,no fresh breakout/continuation trigger
2026-08-10T10:34:57.819398,LT,setup,SL too wide (1.58 ATR)
2026-08-10T10:34:57.819398,SWIGGY,setup,no fresh breakout/continuation trigger
2026-08-10T10:34:57.819398,DIXON,setup,no fresh breakout/continuation trigger
2026-08-10T10:34:57.819398,SHRIRAMFIN,setup,no fresh breakout/continuation trigger
2026-08-10T10:34:57.819398,TVSMOTOR,setup,no fresh breakout/continuation trigger
2026-08-10T10:34:57.819398,MARUTI,setup,SL too wide (1.78 ATR)
2026-08-10T10:34:57.819398,COFORGE,setup,no fresh breakout/continuation trigger
2026-08-10T10:34:57.819398,JIOFIN,setup,no fresh breakout/continuation trigger
2026-08-10T10:34:57.819398,BHEL,setup,no fresh breakout/continuation trigger
2026-08-10T10:34:57.819398,PAYTM,setup,no fresh breakout/continuation trigger
2026-08-10T10:34:57.819398,BAJAJ-AUTO,setup,no fresh breakout/continuation trigger
2026-08-10T10:34:57.819398,ADANIPOWER,setup,no fresh breakout/continuation trigger
2026-08-10T10:34:57.829922,INDIGO,setup,no fresh breakout/continuation trigger
2026-08-10T10:34:57.829922,TECHM,setup,no fresh breakout/continuation trigger
2026-08-10T10:34:57.829922,KOTAKBANK,setup,SL too wide (1.79 ATR)
2026-08-10T10:34:57.829922,OFSS,setup,no fresh breakout/continuation trigger
2026-08-10T10:34:57.829922,KAYNES,setup,no fresh breakout/continuation trigger
2026-08-10T10:34:57.829922,HINDALCO,setup,no fresh breakout/continuation trigger
2026-08-10T10:34:57.829922,SUNPHARMA,setup,no fresh breakout/continuation trigger
2026-08-10T10:34:57.829922,BEL,setup,no fresh breakout/continuation trigger
2026-08-10T10:34:57.835190,MCX,setup,no fresh breakout/continuation trigger
2026-08-10T10:34:57.835190,HCLTECH,setup,no fresh breakout/continuation trigger
2026-08-10T10:34:57.835190,DIVISLAB,setup,no fresh breakout/continuation trigger
2026-08-10T10:34:57.835190,LICI,setup,no fresh breakout/continuation trigger
2026-08-10T10:34:57.835190,ITC,setup,no fresh breakout/continuation trigger
2026-08-10T10:34:57.835190,GVT&D,setup,no fresh breakout/continuation trigger
2026-08-10T10:34:57.835190,TORNTPHARM,setup,RVOL 0.35 below 1.0
2026-08-10T10:36:02.008774,HDFCBANK,setup,no fresh breakout/continuation trigger
2026-08-10T10:36:02.011578,KALYANKJIL,setup,no fresh breakout/continuation trigger
2026-08-10T10:36:02.011578,ICICIBANK,setup,no fresh breakout/continuation trigger
2026-08-10T10:36:02.011578,RELIANCE,setup,no fresh breakout/continuation trigger
2026-08-10T10:36:02.011578,INFY,setup,no fresh breakout/continuation trigger
2026-08-10T10:36:02.011578,SBIN,setup,no fresh breakout/continuation trigger
2026-08-10T10:36:02.011578,BAJFINANCE,setup,no fresh breakout/continuation trigger
2026-08-10T10:36:02.011578,BHARTIARTL,setup,no fresh breakout/continuation trigger
2026-08-10T10:36:02.011578,ETERNAL,setup,no fresh breakout/continuation trigger
2026-08-10T10:36:02.011578,AXISBANK,setup,no fresh breakout/continuation trigger
2026-08-10T10:36:02.011578,TCS,setup,no fresh breakout/continuation trigger
2026-08-10T10:36:02.011578,BSE,setup,no fresh breakout/continuation trigger
2026-08-10T10:36:02.024171,M&M,setup,no fresh breakout/continuation trigger
2026-08-10T10:36:02.024879,LT,setup,no fresh breakout/continuation trigger
2026-08-10T10:36:02.024879,SWIGGY,setup,no fresh breakout/continuation trigger
2026-08-10T10:36:02.024879,DIXON,setup,no fresh breakout/continuation trigger
2026-08-10T10:36:02.024879,SHRIRAMFIN,setup,no fresh breakout/continuation trigger
2026-08-10T10:36:02.024879,TVSMOTOR,setup,no fresh breakout/continuation trigger
2026-08-10T10:36:02.024879,MARUTI,setup,no fresh breakout/continuation trigger
2026-08-10T10:36:02.024879,COFORGE,setup,no fresh breakout/continuation trigger
2026-08-10T10:36:02.024879,JIOFIN,setup,no fresh breakout/continuation trigger
2026-08-10T10:36:02.024879,BHEL,setup,no fresh breakout/continuation trigger
2026-08-10T10:36:02.024879,PAYTM,setup,no fresh breakout/continuation trigger
2026-08-10T10:36:02.024879,BAJAJ-AUTO,setup,no fresh breakout/continuation trigger
2026-08-10T10:36:02.024879,ADANIPOWER,setup,no fresh breakout/continuation trigger
2026-08-10T10:36:02.024879,INDIGO,setup,no fresh breakout/continuation trigger
2026-08-10T10:36:02.040503,TECHM,setup,no fresh breakout/continuation trigger
2026-08-10T10:36:02.041359,KOTAKBANK,setup,no fresh breakout/continuation trigger
2026-08-10T10:36:02.041359,OFSS,setup,no fresh breakout/continuation trigger
2026-08-10T10:36:02.041359,KAYNES,setup,no fresh breakout/continuation trigger
2026-08-10T10:36:02.041359,HINDALCO,setup,no fresh breakout/continuation trigger
2026-08-10T10:36:02.041359,SUNPHARMA,setup,no fresh breakout/continuation trigger
2026-08-10T10:36:02.041359,BEL,setup,no fresh breakout/continuation trigger
2026-08-10T10:36:02.041359,MCX,setup,no fresh breakout/continuation trigger
2026-08-10T10:36:02.041359,HCLTECH,setup,no fresh breakout/continuation trigger
2026-08-10T10:36:02.041359,DIVISLAB,setup,no fresh breakout/continuation trigger
2026-08-10T10:36:02.041359,LICI,setup,no fresh breakout/continuation trigger
2026-08-10T10:36:02.041359,ITC,setup,no fresh breakout/continuation trigger
2026-08-10T10:36:02.041359,GVT&D,setup,no fresh breakout/continuation trigger
2026-08-10T10:36:02.041359,TORNTPHARM,setup,no fresh breakout/continuation trigger
2026-08-10T10:37:02.522567,HDFCBANK,setup,no fresh breakout/continuation trigger
2026-08-10T10:37:02.522567,KALYANKJIL,setup,no fresh breakout/continuation trigger
2026-08-10T10:37:02.522567,ICICIBANK,setup,no fresh breakout/continuation trigger
2026-08-10T10:37:02.522567,RELIANCE,setup,no fresh breakout/continuation trigger
2026-08-10T10:37:02.522567,INFY,setup,no fresh breakout/continuation trigger
2026-08-10T10:37:02.522567,SBIN,setup,no fresh breakout/continuation trigger
2026-08-10T10:37:02.522567,BAJFINANCE,setup,no fresh breakout/continuation trigger
2026-08-10T10:37:02.522567,BHARTIARTL,setup,no fresh breakout/continuation trigger
2026-08-10T10:37:02.522567,ETERNAL,setup,no fresh breakout/continuation trigger
2026-08-10T10:37:02.522567,AXISBANK,setup,no fresh breakout/continuation trigger
2026-08-10T10:37:02.522567,TCS,setup,no fresh breakout/continuation trigger
2026-08-10T10:37:02.522567,BSE,setup,no fresh breakout/continuation trigger
2026-08-10T10:37:02.522567,M&M,setup,no fresh breakout/continuation trigger
2026-08-10T10:37:02.522567,LT,setup,no fresh breakout/continuation trigger
2026-08-10T10:37:02.522567,SWIGGY,setup,no fresh breakout/continuation trigger
2026-08-10T10:37:02.522567,DIXON,setup,no fresh breakout/continuation trigger
2026-08-10T10:37:02.522567,SHRIRAMFIN,setup,no fresh breakout/continuation trigger
2026-08-10T10:37:02.538301,TVSMOTOR,setup,no fresh breakout/continuation trigger
2026-08-10T10:37:02.538301,MARUTI,setup,no fresh breakout/continuation trigger
2026-08-10T10:37:02.538301,COFORGE,setup,no fresh breakout/continuation trigger
2026-08-10T10:37:02.538301,JIOFIN,setup,no fresh breakout/continuation trigger
2026-08-10T10:37:02.538301,BHEL,setup,no fresh breakout/continuation trigger
2026-08-10T10:37:02.538301,PAYTM,setup,no fresh breakout/continuation trigger
2026-08-10T10:37:02.538301,BAJAJ-AUTO,setup,no fresh breakout/continuation trigger
2026-08-10T10:37:02.538301,ADANIPOWER,setup,no fresh breakout/continuation trigger
2026-08-10T10:37:02.538301,INDIGO,setup,no fresh breakout/continuation trigger
2026-08-10T10:37:02.538301,TECHM,setup,no fresh breakout/continuation trigger
2026-08-10T10:37:02.538301,KOTAKBANK,setup,no fresh breakout/continuation trigger
2026-08-10T10:37:02.538301,OFSS,setup,no fresh breakout/continuation trigger
2026-08-10T10:37:02.538301,KAYNES,setup,no fresh breakout/continuation trigger
2026-08-10T10:37:02.538301,HINDALCO,setup,no fresh breakout/continuation trigger
2026-08-10T10:37:02.546632,SUNPHARMA,setup,no fresh breakout/continuation trigger
2026-08-10T10:37:02.546632,BEL,setup,no fresh breakout/continuation trigger
2026-08-10T10:37:02.546632,MCX,setup,no fresh breakout/continuation trigger
2026-08-10T10:37:02.546632,HCLTECH,setup,no fresh breakout/continuation trigger
2026-08-10T10:37:02.546632,DIVISLAB,setup,no fresh breakout/continuation trigger
2026-08-10T10:37:02.546632,LICI,setup,no fresh breakout/continuation trigger
2026-08-10T10:37:02.546632,ITC,setup,no fresh breakout/continuation trigger
2026-08-10T10:37:02.546632,GVT&D,setup,no fresh breakout/continuation trigger
2026-08-10T10:37:02.546632,TORNTPHARM,setup,no fresh breakout/continuation trigger
2026-08-10T10:38:03.007569,HDFCBANK,setup,no fresh breakout/continuation trigger
2026-08-10T10:38:03.007569,KALYANKJIL,setup,no fresh breakout/continuation trigger
2026-08-10T10:38:03.007569,ICICIBANK,setup,no fresh breakout/continuation trigger
2026-08-10T10:38:03.007569,RELIANCE,setup,no fresh breakout/continuation trigger
2026-08-10T10:38:03.007569,INFY,setup,no fresh breakout/continuation trigger
2026-08-10T10:38:03.007569,SBIN,setup,no fresh breakout/continuation trigger
2026-08-10T10:38:03.007569,BAJFINANCE,setup,no fresh breakout/continuation trigger
2026-08-10T10:38:03.007569,BHARTIARTL,setup,no fresh breakout/continuation trigger
2026-08-10T10:38:03.007569,ETERNAL,setup,no fresh breakout/continuation trigger
2026-08-10T10:38:03.007569,AXISBANK,setup,no fresh breakout/continuation trigger
2026-08-10T10:38:03.007569,TCS,setup,no fresh breakout/continuation trigger
2026-08-10T10:38:03.007569,BSE,setup,no fresh breakout/continuation trigger
2026-08-10T10:38:03.007569,M&M,setup,no fresh breakout/continuation trigger
2026-08-10T10:38:03.007569,LT,setup,no fresh breakout/continuation trigger
2026-08-10T10:38:03.007569,SWIGGY,setup,no fresh breakout/continuation trigger
2026-08-10T10:38:03.023254,DIXON,setup,no fresh breakout/continuation trigger
2026-08-10T10:38:03.023254,SHRIRAMFIN,setup,no fresh breakout/continuation trigger
2026-08-10T10:38:03.023254,TVSMOTOR,setup,no fresh breakout/continuation trigger
2026-08-10T10:38:03.023254,MARUTI,setup,no fresh breakout/continuation trigger
2026-08-10T10:38:03.023254,COFORGE,setup,no fresh breakout/continuation trigger
2026-08-10T10:38:03.023254,JIOFIN,setup,no fresh breakout/continuation trigger
2026-08-10T10:38:03.023254,BHEL,setup,no fresh breakout/continuation trigger
2026-08-10T10:38:03.023254,PAYTM,setup,no fresh breakout/continuation trigger
2026-08-10T10:38:03.023254,BAJAJ-AUTO,setup,no fresh breakout/continuation trigger
2026-08-10T10:38:03.023254,ADANIPOWER,setup,no fresh breakout/continuation trigger
2026-08-10T10:38:03.023254,INDIGO,setup,no fresh breakout/continuation trigger
2026-08-10T10:38:03.023254,TECHM,setup,no fresh breakout/continuation trigger
2026-08-10T10:38:03.023254,KOTAKBANK,setup,no fresh breakout/continuation trigger
2026-08-10T10:38:03.023254,OFSS,setup,no fresh breakout/continuation trigger
2026-08-10T10:38:03.023254,KAYNES,setup,no fresh breakout/continuation trigger
2026-08-10T10:38:03.023254,HINDALCO,setup,no fresh breakout/continuation trigger
2026-08-10T10:38:03.023254,SUNPHARMA,setup,no fresh breakout/continuation trigger
2026-08-10T10:38:03.023254,BEL,setup,no fresh breakout/continuation trigger
2026-08-10T10:38:03.023254,MCX,setup,no fresh breakout/continuation trigger
2026-08-10T10:38:03.023254,HCLTECH,setup,no fresh breakout/continuation trigger
2026-08-10T10:38:03.023254,DIVISLAB,setup,no fresh breakout/continuation trigger
2026-08-10T10:38:03.023254,LICI,setup,no fresh breakout/continuation trigger
2026-08-10T10:38:03.023254,ITC,setup,no fresh breakout/continuation trigger
2026-08-10T10:38:03.023254,GVT&D,setup,no fresh breakout/continuation trigger
2026-08-10T10:38:03.023254,TORNTPHARM,setup,no fresh breakout/continuation trigger
2026-08-10T10:39:03.491756,HDFCBANK,setup,no fresh breakout/continuation trigger
2026-08-10T10:39:03.491756,KALYANKJIL,setup,no fresh breakout/continuation trigger
2026-08-10T10:39:03.491756,ICICIBANK,setup,no fresh breakout/continuation trigger
2026-08-10T10:39:03.491756,RELIANCE,setup,no fresh breakout/continuation trigger
2026-08-10T10:39:03.491756,INFY,setup,no fresh breakout/continuation trigger
2026-08-10T10:39:03.491756,SBIN,setup,no fresh breakout/continuation trigger
2026-08-10T10:39:03.491756,BAJFINANCE,setup,no fresh breakout/continuation trigger
2026-08-10T10:39:03.491756,BHARTIARTL,setup,no fresh breakout/continuation trigger
2026-08-10T10:39:03.491756,ETERNAL,setup,no fresh breakout/continuation trigger
2026-08-10T10:39:03.491756,AXISBANK,setup,no fresh breakout/continuation trigger
2026-08-10T10:39:03.491756,TCS,setup,no fresh breakout/continuation trigger
2026-08-10T10:39:03.491756,BSE,setup,no fresh breakout/continuation trigger
2026-08-10T10:39:03.507472,M&M,setup,no fresh breakout/continuation trigger
2026-08-10T10:39:03.507472,LT,setup,no fresh breakout/continuation trigger
2026-08-10T10:39:03.507472,SWIGGY,setup,no fresh breakout/continuation trigger
2026-08-10T10:39:03.507472,DIXON,setup,no fresh breakout/continuation trigger
2026-08-10T10:39:03.507472,SHRIRAMFIN,setup,no fresh breakout/continuation trigger
2026-08-10T10:39:03.507472,TVSMOTOR,setup,no fresh breakout/continuation trigger
2026-08-10T10:39:03.507472,MARUTI,setup,no fresh breakout/continuation trigger
2026-08-10T10:39:03.507472,COFORGE,setup,no fresh breakout/continuation trigger
2026-08-10T10:39:03.507472,JIOFIN,setup,no fresh breakout/continuation trigger
2026-08-10T10:39:03.507472,BHEL,setup,no fresh breakout/continuation trigger
2026-08-10T10:39:03.507472,PAYTM,setup,no fresh breakout/continuation trigger
2026-08-10T10:39:03.507472,BAJAJ-AUTO,setup,no fresh breakout/continuation trigger
2026-08-10T10:39:03.507472,ADANIPOWER,setup,no fresh breakout/continuation trigger
2026-08-10T10:39:03.507472,INDIGO,setup,no fresh breakout/continuation trigger
2026-08-10T10:39:03.507472,TECHM,setup,no fresh breakout/continuation trigger
2026-08-10T10:39:03.507472,KOTAKBANK,setup,no fresh breakout/continuation trigger
2026-08-10T10:39:03.507472,OFSS,setup,no fresh breakout/continuation trigger
2026-08-10T10:39:03.507472,KAYNES,setup,no fresh breakout/continuation trigger
2026-08-10T10:39:03.507472,HINDALCO,setup,no fresh breakout/continuation trigger
2026-08-10T10:39:03.507472,SUNPHARMA,setup,no fresh breakout/continuation trigger
2026-08-10T10:39:03.507472,BEL,setup,no fresh breakout/continuation trigger
2026-08-10T10:39:03.507472,MCX,setup,no fresh breakout/continuation trigger
2026-08-10T10:39:03.507472,HCLTECH,setup,no fresh breakout/continuation trigger
2026-08-10T10:39:03.507472,DIVISLAB,setup,no fresh breakout/continuation trigger
2026-08-10T10:39:03.507472,LICI,setup,no fresh breakout/continuation trigger
2026-08-10T10:39:03.523183,ITC,setup,no fresh breakout/continuation trigger
2026-08-10T10:39:03.523183,GVT&D,setup,no fresh breakout/continuation trigger
2026-08-10T10:39:03.523183,TORNTPHARM,setup,no fresh breakout/continuation trigger
2026-08-10T10:40:03.977107,HDFCBANK,setup,no fresh breakout/continuation trigger
2026-08-10T10:40:03.977107,KALYANKJIL,setup,no fresh breakout/continuation trigger
2026-08-10T10:40:03.977107,ICICIBANK,setup,no fresh breakout/continuation trigger
2026-08-10T10:40:03.977107,RELIANCE,setup,no fresh breakout/continuation trigger
2026-08-10T10:40:03.977107,INFY,setup,no fresh breakout/continuation trigger
2026-08-10T10:40:03.977107,SBIN,setup,no fresh breakout/continuation trigger
2026-08-10T10:40:03.977107,BAJFINANCE,setup,no fresh breakout/continuation trigger
2026-08-10T10:40:03.977107,BHARTIARTL,setup,no fresh breakout/continuation trigger
2026-08-10T10:40:03.977107,ETERNAL,setup,no fresh breakout/continuation trigger
2026-08-10T10:40:03.977107,AXISBANK,setup,no fresh breakout/continuation trigger
2026-08-10T10:40:03.977107,TCS,setup,no fresh breakout/continuation trigger
2026-08-10T10:40:03.977107,BSE,setup,no fresh breakout/continuation trigger
2026-08-10T10:40:03.992824,M&M,setup,no fresh breakout/continuation trigger
2026-08-10T10:40:03.992824,LT,setup,no fresh breakout/continuation trigger
2026-08-10T10:40:03.992824,SWIGGY,setup,no fresh breakout/continuation trigger
2026-08-10T10:40:03.992824,DIXON,setup,no fresh breakout/continuation trigger
2026-08-10T10:40:03.992824,SHRIRAMFIN,setup,no fresh breakout/continuation trigger
2026-08-10T10:40:03.992824,TVSMOTOR,setup,no fresh breakout/continuation trigger
2026-08-10T10:40:03.992824,MARUTI,setup,no fresh breakout/continuation trigger
2026-08-10T10:40:03.992824,COFORGE,setup,no fresh breakout/continuation trigger
2026-08-10T10:40:03.992824,JIOFIN,setup,no fresh breakout/continuation trigger
2026-08-10T10:40:03.992824,BHEL,setup,no fresh breakout/continuation trigger
2026-08-10T10:40:03.992824,PAYTM,setup,no fresh breakout/continuation trigger
2026-08-10T10:40:03.992824,BAJAJ-AUTO,setup,no fresh breakout/continuation trigger
2026-08-10T10:40:03.992824,ADANIPOWER,setup,no fresh breakout/continuation trigger
2026-08-10T10:40:03.992824,INDIGO,setup,no fresh breakout/continuation trigger
2026-08-10T10:40:03.992824,TECHM,setup,no fresh breakout/continuation trigger
2026-08-10T10:40:03.992824,KOTAKBANK,setup,no fresh breakout/continuation trigger
2026-08-10T10:40:03.992824,OFSS,setup,no fresh breakout/continuation trigger
2026-08-10T10:40:03.992824,KAYNES,setup,no fresh breakout/continuation trigger
2026-08-10T10:40:03.992824,HINDALCO,setup,no fresh breakout/continuation trigger
2026-08-10T10:40:03.992824,SUNPHARMA,setup,no fresh breakout/continuation trigger
2026-08-10T10:40:03.992824,BEL,setup,no fresh breakout/continuation trigger
2026-08-10T10:40:03.992824,MCX,setup,no fresh breakout/continuation trigger
2026-08-10T10:40:03.992824,HCLTECH,setup,no fresh breakout/continuation trigger
2026-08-10T10:40:03.992824,DIVISLAB,setup,no fresh breakout/continuation trigger
2026-08-10T10:40:03.992824,LICI,setup,no fresh breakout/continuation trigger
2026-08-10T10:40:03.992824,ITC,setup,no fresh breakout/continuation trigger
2026-08-10T10:40:04.008551,GVT&D,setup,no fresh breakout/continuation trigger
2026-08-10T10:40:04.008551,TORNTPHARM,setup,no fresh breakout/continuation trigger
2026-08-10T10:41:06.686466,HDFCBANK,setup,no fresh breakout/continuation trigger
2026-08-10T10:41:06.687468,KALYANKJIL,setup,no fresh breakout/continuation trigger
2026-08-10T10:41:06.687468,ICICIBANK,setup,no fresh breakout/continuation trigger
2026-08-10T10:41:06.688476,RELIANCE,setup,no fresh breakout/continuation trigger
2026-08-10T10:41:06.689538,INFY,setup,no fresh breakout/continuation trigger
2026-08-10T10:41:06.689538,SBIN,setup,no fresh breakout/continuation trigger
2026-08-10T10:41:06.690554,BAJFINANCE,setup,no fresh breakout/continuation trigger
2026-08-10T10:41:06.691162,BHARTIARTL,setup,no fresh breakout/continuation trigger
2026-08-10T10:41:06.691162,ETERNAL,setup,no fresh breakout/continuation trigger
2026-08-10T10:41:06.692586,AXISBANK,setup,no fresh breakout/continuation trigger
2026-08-10T10:41:06.693606,TCS,setup,no fresh breakout/continuation trigger
2026-08-10T10:41:06.693606,BSE,setup,no fresh breakout/continuation trigger
2026-08-10T10:41:06.693606,M&M,setup,RVOL 0.10 below 1.0
2026-08-10T10:41:06.693606,LT,setup,no fresh breakout/continuation trigger
2026-08-10T10:41:06.693606,SWIGGY,setup,no fresh breakout/continuation trigger
2026-08-10T10:41:06.693606,DIXON,setup,no fresh breakout/continuation trigger
2026-08-10T10:41:06.693606,SHRIRAMFIN,setup,no fresh breakout/continuation trigger
2026-08-10T10:41:06.693606,TVSMOTOR,setup,no fresh breakout/continuation trigger
2026-08-10T10:41:06.693606,MARUTI,setup,no fresh breakout/continuation trigger
2026-08-10T10:41:06.693606,COFORGE,setup,no fresh breakout/continuation trigger
2026-08-10T10:41:06.693606,JIOFIN,setup,no fresh breakout/continuation trigger
2026-08-10T10:41:06.693606,BHEL,setup,no fresh breakout/continuation trigger
2026-08-10T10:41:06.693606,PAYTM,setup,no fresh breakout/continuation trigger
2026-08-10T10:41:06.693606,BAJAJ-AUTO,setup,no fresh breakout/continuation trigger
2026-08-10T10:41:06.693606,ADANIPOWER,setup,no fresh breakout/continuation trigger
2026-08-10T10:41:06.693606,INDIGO,setup,no fresh breakout/continuation trigger
2026-08-10T10:41:06.693606,TECHM,setup,no fresh breakout/continuation trigger
2026-08-10T10:41:06.693606,KOTAKBANK,setup,no fresh breakout/continuation trigger
2026-08-10T10:41:06.693606,OFSS,setup,no fresh breakout/continuation trigger
2026-08-10T10:41:06.693606,KAYNES,setup,no fresh breakout/continuation trigger
2026-08-10T10:41:06.693606,HINDALCO,setup,no fresh breakout/continuation trigger
2026-08-10T10:41:06.693606,SUNPHARMA,setup,no fresh breakout/continuation trigger
2026-08-10T10:41:06.693606,BEL,setup,no fresh breakout/continuation trigger
2026-08-10T10:41:06.693606,MCX,setup,no fresh breakout/continuation trigger
2026-08-10T10:41:06.693606,HCLTECH,setup,no fresh breakout/continuation trigger
2026-08-10T10:41:06.693606,DIVISLAB,setup,no fresh breakout/continuation trigger
2026-08-10T10:41:06.709550,LICI,setup,no fresh breakout/continuation trigger
2026-08-10T10:41:06.709550,ITC,setup,no fresh breakout/continuation trigger
2026-08-10T10:41:06.709550,GVT&D,setup,no fresh breakout/continuation trigger
2026-08-10T10:41:06.709550,TORNTPHARM,setup,no fresh breakout/continuation trigger
2026-08-10T10:42:07.163022,HDFCBANK,setup,no fresh breakout/continuation trigger
2026-08-10T10:42:07.163022,KALYANKJIL,setup,no fresh breakout/continuation trigger
2026-08-10T10:42:07.163022,ICICIBANK,setup,no fresh breakout/continuation trigger
2026-08-10T10:42:07.163022,RELIANCE,setup,no fresh breakout/continuation trigger
2026-08-10T10:42:07.163022,INFY,setup,no fresh breakout/continuation trigger
2026-08-10T10:42:07.163022,SBIN,setup,no fresh breakout/continuation trigger
2026-08-10T10:42:07.163022,BAJFINANCE,setup,no fresh breakout/continuation trigger
2026-08-10T10:42:07.163022,BHARTIARTL,setup,no fresh breakout/continuation trigger
2026-08-10T10:42:07.163022,ETERNAL,setup,no fresh breakout/continuation trigger
2026-08-10T10:42:07.163022,AXISBANK,setup,no fresh breakout/continuation trigger
2026-08-10T10:42:07.163022,TCS,setup,no fresh breakout/continuation trigger
2026-08-10T10:42:07.178884,BSE,setup,no fresh breakout/continuation trigger
2026-08-10T10:42:07.178884,M&M,setup,RVOL 0.10 below 1.0
2026-08-10T10:42:07.178884,LT,setup,no fresh breakout/continuation trigger
2026-08-10T10:42:07.178884,SWIGGY,setup,no fresh breakout/continuation trigger
2026-08-10T10:42:07.178884,DIXON,setup,no fresh breakout/continuation trigger
2026-08-10T10:42:07.178884,SHRIRAMFIN,setup,no fresh breakout/continuation trigger
2026-08-10T10:42:07.178884,TVSMOTOR,setup,no fresh breakout/continuation trigger
2026-08-10T10:42:07.178884,MARUTI,setup,no fresh breakout/continuation trigger
2026-08-10T10:42:07.178884,COFORGE,setup,no fresh breakout/continuation trigger
2026-08-10T10:42:07.178884,JIOFIN,setup,no fresh breakout/continuation trigger
2026-08-10T10:42:07.178884,BHEL,setup,no fresh breakout/continuation trigger
2026-08-10T10:42:07.178884,PAYTM,setup,no fresh breakout/continuation trigger
2026-08-10T10:42:07.178884,BAJAJ-AUTO,setup,no fresh breakout/continuation trigger
2026-08-10T10:42:07.178884,ADANIPOWER,setup,no fresh breakout/continuation trigger
2026-08-10T10:42:07.178884,INDIGO,setup,no fresh breakout/continuation trigger
2026-08-10T10:42:07.178884,TECHM,setup,no fresh breakout/continuation trigger
2026-08-10T10:42:07.178884,KOTAKBANK,setup,no fresh breakout/continuation trigger
2026-08-10T10:42:07.178884,OFSS,setup,no fresh breakout/continuation trigger
2026-08-10T10:42:07.178884,KAYNES,setup,no fresh breakout/continuation trigger
2026-08-10T10:42:07.178884,HINDALCO,setup,no fresh breakout/continuation trigger
2026-08-10T10:42:07.178884,SUNPHARMA,setup,no fresh breakout/continuation trigger
2026-08-10T10:42:07.178884,BEL,setup,no fresh breakout/continuation trigger
2026-08-10T10:42:07.178884,MCX,setup,no fresh breakout/continuation trigger
2026-08-10T10:42:07.178884,HCLTECH,setup,no fresh breakout/continuation trigger
2026-08-10T10:42:07.193878,DIVISLAB,setup,no fresh breakout/continuation trigger
2026-08-10T10:42:07.194885,LICI,setup,no fresh breakout/continuation trigger
2026-08-10T10:42:07.194885,ITC,setup,no fresh breakout/continuation trigger
2026-08-10T10:42:07.194885,GVT&D,setup,no fresh breakout/continuation trigger
2026-08-10T10:42:07.194885,TORNTPHARM,setup,no fresh breakout/continuation trigger
2026-08-10T10:43:07.647761,HDFCBANK,setup,no fresh breakout/continuation trigger
2026-08-10T10:43:07.647761,KALYANKJIL,setup,no fresh breakout/continuation trigger
2026-08-10T10:43:07.663697,ICICIBANK,setup,no fresh breakout/continuation trigger
2026-08-10T10:43:07.663697,RELIANCE,setup,no fresh breakout/continuation trigger
2026-08-10T10:43:07.664951,INFY,setup,no fresh breakout/continuation trigger
2026-08-10T10:43:07.665988,SBIN,setup,no fresh breakout/continuation trigger
2026-08-10T10:43:07.665988,BAJFINANCE,setup,no fresh breakout/continuation trigger
2026-08-10T10:43:07.667032,BHARTIARTL,setup,no fresh breakout/continuation trigger
2026-08-10T10:43:07.667032,ETERNAL,setup,no fresh breakout/continuation trigger
2026-08-10T10:43:07.668037,AXISBANK,setup,no fresh breakout/continuation trigger
2026-08-10T10:43:07.669135,TCS,setup,no fresh breakout/continuation trigger
2026-08-10T10:43:07.669135,BSE,setup,no fresh breakout/continuation trigger
2026-08-10T10:43:07.670151,M&M,setup,RVOL 0.10 below 1.0
2026-08-10T10:43:07.671192,LT,setup,no fresh breakout/continuation trigger
2026-08-10T10:43:07.671192,SWIGGY,setup,no fresh breakout/continuation trigger
2026-08-10T10:43:07.672194,DIXON,setup,no fresh breakout/continuation trigger
2026-08-10T10:43:07.673257,SHRIRAMFIN,setup,no fresh breakout/continuation trigger
2026-08-10T10:43:07.673257,TVSMOTOR,setup,no fresh breakout/continuation trigger
2026-08-10T10:43:07.674308,MARUTI,setup,no fresh breakout/continuation trigger
2026-08-10T10:43:07.674308,COFORGE,setup,no fresh breakout/continuation trigger
2026-08-10T10:43:07.675324,JIOFIN,setup,no fresh breakout/continuation trigger
2026-08-10T10:43:07.675324,BHEL,setup,no fresh breakout/continuation trigger
2026-08-10T10:43:07.676602,PAYTM,setup,no fresh breakout/continuation trigger
2026-08-10T10:43:07.676602,BAJAJ-AUTO,setup,no fresh breakout/continuation trigger
2026-08-10T10:43:07.677864,ADANIPOWER,setup,no fresh breakout/continuation trigger
2026-08-10T10:43:07.677864,INDIGO,setup,no fresh breakout/continuation trigger
2026-08-10T10:43:07.677864,TECHM,setup,no fresh breakout/continuation trigger
2026-08-10T10:43:07.679051,KOTAKBANK,setup,no fresh breakout/continuation trigger
2026-08-10T10:43:07.680182,OFSS,setup,no fresh breakout/continuation trigger
2026-08-10T10:43:07.680182,KAYNES,setup,no fresh breakout/continuation trigger
2026-08-10T10:43:07.681225,HINDALCO,setup,no fresh breakout/continuation trigger
2026-08-10T10:43:07.681225,SUNPHARMA,setup,no fresh breakout/continuation trigger
2026-08-10T10:43:07.681225,BEL,setup,no fresh breakout/continuation trigger
2026-08-10T10:43:07.682445,MCX,setup,no fresh breakout/continuation trigger
2026-08-10T10:43:07.682445,HCLTECH,setup,no fresh breakout/continuation trigger
2026-08-10T10:43:07.683450,DIVISLAB,setup,no fresh breakout/continuation trigger
2026-08-10T10:43:07.683450,LICI,setup,no fresh breakout/continuation trigger
2026-08-10T10:43:07.684918,ITC,setup,no fresh breakout/continuation trigger
2026-08-10T10:43:07.684918,GVT&D,setup,no fresh breakout/continuation trigger
2026-08-10T10:43:07.685974,TORNTPHARM,setup,no fresh breakout/continuation trigger
2026-08-10T10:44:08.148450,HDFCBANK,setup,no fresh breakout/continuation trigger
2026-08-10T10:44:08.148450,KALYANKJIL,setup,no fresh breakout/continuation trigger
2026-08-10T10:44:08.148450,ICICIBANK,setup,no fresh breakout/continuation trigger
2026-08-10T10:44:08.148450,RELIANCE,setup,no fresh breakout/continuation trigger
2026-08-10T10:44:08.148450,INFY,setup,no fresh breakout/continuation trigger
2026-08-10T10:44:08.148450,SBIN,setup,no fresh breakout/continuation trigger
2026-08-10T10:44:08.148450,BAJFINANCE,setup,no fresh breakout/continuation trigger
2026-08-10T10:44:08.148450,BHARTIARTL,setup,no fresh breakout/continuation trigger
2026-08-10T10:44:08.148450,ETERNAL,setup,no fresh breakout/continuation trigger
2026-08-10T10:44:08.148450,AXISBANK,setup,no fresh breakout/continuation trigger
2026-08-10T10:44:08.164595,TCS,setup,no fresh breakout/continuation trigger
2026-08-10T10:44:08.164595,BSE,setup,no fresh breakout/continuation trigger
2026-08-10T10:44:08.164595,M&M,setup,RVOL 0.10 below 1.0
2026-08-10T10:44:08.164595,LT,setup,no fresh breakout/continuation trigger
2026-08-10T10:44:08.164595,SWIGGY,setup,no fresh breakout/continuation trigger
2026-08-10T10:44:08.164595,DIXON,setup,no fresh breakout/continuation trigger
2026-08-10T10:44:08.164595,SHRIRAMFIN,setup,no fresh breakout/continuation trigger
2026-08-10T10:44:08.164595,TVSMOTOR,setup,no fresh breakout/continuation trigger
2026-08-10T10:44:08.164595,MARUTI,setup,no fresh breakout/continuation trigger
2026-08-10T10:44:08.164595,COFORGE,setup,no fresh breakout/continuation trigger
2026-08-10T10:44:08.164595,JIOFIN,setup,no fresh breakout/continuation trigger
2026-08-10T10:44:08.164595,BHEL,setup,no fresh breakout/continuation trigger
2026-08-10T10:44:08.164595,PAYTM,setup,no fresh breakout/continuation trigger
2026-08-10T10:44:08.164595,BAJAJ-AUTO,setup,no fresh breakout/continuation trigger
2026-08-10T10:44:08.164595,ADANIPOWER,setup,no fresh breakout/continuation trigger
2026-08-10T10:44:08.164595,INDIGO,setup,no fresh breakout/continuation trigger
2026-08-10T10:44:08.164595,TECHM,setup,no fresh breakout/continuation trigger
2026-08-10T10:44:08.164595,KOTAKBANK,setup,no fresh breakout/continuation trigger
2026-08-10T10:44:08.164595,OFSS,setup,no fresh breakout/continuation trigger
2026-08-10T10:44:08.164595,KAYNES,setup,no fresh breakout/continuation trigger
2026-08-10T10:44:08.164595,HINDALCO,setup,no fresh breakout/continuation trigger
2026-08-10T10:44:08.164595,SUNPHARMA,setup,no fresh breakout/continuation trigger
2026-08-10T10:44:08.164595,BEL,setup,no fresh breakout/continuation trigger
2026-08-10T10:44:08.164595,MCX,setup,no fresh breakout/continuation trigger
2026-08-10T10:44:08.164595,HCLTECH,setup,no fresh breakout/continuation trigger
2026-08-10T10:44:08.164595,DIVISLAB,setup,no fresh breakout/continuation trigger
2026-08-10T10:44:08.180273,LICI,setup,no fresh breakout/continuation trigger
2026-08-10T10:44:08.180273,ITC,setup,no fresh breakout/continuation trigger
2026-08-10T10:44:08.180273,GVT&D,setup,no fresh breakout/continuation trigger
2026-08-10T10:44:08.180273,TORNTPHARM,setup,no fresh breakout/continuation trigger
2026-08-10T10:45:08.645192,HDFCBANK,setup,no fresh breakout/continuation trigger
2026-08-10T10:45:08.646246,KALYANKJIL,setup,no fresh breakout/continuation trigger
2026-08-10T10:45:08.647276,ICICIBANK,setup,no fresh breakout/continuation trigger
2026-08-10T10:45:08.647276,RELIANCE,setup,no fresh breakout/continuation trigger
2026-08-10T10:45:08.647276,INFY,setup,no fresh breakout/continuation trigger
2026-08-10T10:45:08.647276,SBIN,setup,no fresh breakout/continuation trigger
2026-08-10T10:45:08.647276,BAJFINANCE,setup,no fresh breakout/continuation trigger
2026-08-10T10:45:08.647276,BHARTIARTL,setup,no fresh breakout/continuation trigger
2026-08-10T10:45:08.647276,ETERNAL,setup,no fresh breakout/continuation trigger
2026-08-10T10:45:08.647276,AXISBANK,setup,no fresh breakout/continuation trigger
2026-08-10T10:45:08.647276,TCS,setup,no fresh breakout/continuation trigger
2026-08-10T10:45:08.647276,BSE,setup,no fresh breakout/continuation trigger
2026-08-10T10:45:08.647276,M&M,setup,RVOL 0.10 below 1.0
2026-08-10T10:45:08.647276,LT,setup,no fresh breakout/continuation trigger
2026-08-10T10:45:08.647276,SWIGGY,setup,no fresh breakout/continuation trigger
2026-08-10T10:45:08.647276,DIXON,setup,no fresh breakout/continuation trigger
2026-08-10T10:45:08.647276,SHRIRAMFIN,setup,no fresh breakout/continuation trigger
2026-08-10T10:45:08.647276,TVSMOTOR,setup,no fresh breakout/continuation trigger
2026-08-10T10:45:08.647276,MARUTI,setup,no fresh breakout/continuation trigger
2026-08-10T10:45:08.647276,COFORGE,setup,no fresh breakout/continuation trigger
2026-08-10T10:45:08.647276,JIOFIN,setup,no fresh breakout/continuation trigger
2026-08-10T10:45:08.647276,BHEL,setup,no fresh breakout/continuation trigger
2026-08-10T10:45:08.647276,PAYTM,setup,no fresh breakout/continuation trigger
2026-08-10T10:45:08.647276,BAJAJ-AUTO,setup,no fresh breakout/continuation trigger
2026-08-10T10:45:08.647276,ADANIPOWER,setup,no fresh breakout/continuation trigger
2026-08-10T10:45:08.647276,INDIGO,setup,no fresh breakout/continuation trigger
2026-08-10T10:45:08.647276,TECHM,setup,no fresh breakout/continuation trigger
2026-08-10T10:45:08.647276,KOTAKBANK,setup,no fresh breakout/continuation trigger
2026-08-10T10:45:08.663379,OFSS,setup,no fresh breakout/continuation trigger
2026-08-10T10:45:08.663379,KAYNES,setup,no fresh breakout/continuation trigger
2026-08-10T10:45:08.663379,HINDALCO,setup,no fresh breakout/continuation trigger
2026-08-10T10:45:08.663379,SUNPHARMA,setup,no fresh breakout/continuation trigger
2026-08-10T10:45:08.663379,BEL,setup,no fresh breakout/continuation trigger
2026-08-10T10:45:08.663379,MCX,setup,no fresh breakout/continuation trigger
2026-08-10T10:45:08.663379,HCLTECH,setup,no fresh breakout/continuation trigger
2026-08-10T10:45:08.663379,DIVISLAB,setup,no fresh breakout/continuation trigger
2026-08-10T10:45:08.663379,LICI,setup,no fresh breakout/continuation trigger
2026-08-10T10:45:08.663379,ITC,setup,no fresh breakout/continuation trigger
2026-08-10T10:45:08.663379,GVT&D,setup,no fresh breakout/continuation trigger
2026-08-10T10:45:08.663379,TORNTPHARM,setup,no fresh breakout/continuation trigger
2026-08-10T10:47:28.400531,HDFCBANK,setup,RVOL 0.49 below 1.0
2026-08-10T10:47:28.400531,KALYANKJIL,setup,no fresh breakout/continuation trigger
2026-08-10T10:47:28.400531,ICICIBANK,setup,no fresh breakout/continuation trigger
2026-08-10T10:47:28.400531,RELIANCE,setup,no fresh breakout/continuation trigger
2026-08-10T10:47:28.400531,INFY,setup,no fresh breakout/continuation trigger
2026-08-10T10:47:28.400531,SBIN,setup,no fresh breakout/continuation trigger
2026-08-10T10:47:28.400531,BAJFINANCE,setup,no fresh breakout/continuation trigger
2026-08-10T10:47:28.400531,BHARTIARTL,setup,SL too wide (2.56 ATR)
2026-08-10T10:47:28.400531,ETERNAL,setup,no fresh breakout/continuation trigger
2026-08-10T10:47:28.400531,AXISBANK,setup,no fresh breakout/continuation trigger
2026-08-10T10:47:28.416374,TCS,setup,no fresh breakout/continuation trigger
2026-08-10T10:47:28.416374,BSE,setup,no fresh breakout/continuation trigger
2026-08-10T10:47:28.417530,M&M,setup,no fresh breakout/continuation trigger
2026-08-10T10:47:28.417530,LT,setup,no fresh breakout/continuation trigger
2026-08-10T10:47:28.418895,SWIGGY,setup,SL too wide (1.60 ATR)
2026-08-10T10:47:28.418895,DIXON,setup,no fresh breakout/continuation trigger
2026-08-10T10:47:28.420222,SHRIRAMFIN,setup,no fresh breakout/continuation trigger
2026-08-10T10:47:28.420222,TVSMOTOR,setup,no fresh breakout/continuation trigger
2026-08-10T10:47:28.421678,MARUTI,setup,no fresh breakout/continuation trigger
2026-08-10T10:47:28.422697,COFORGE,setup,no fresh breakout/continuation trigger
2026-08-10T10:47:28.422697,JIOFIN,setup,no fresh breakout/continuation trigger
2026-08-10T10:47:28.423829,BHEL,setup,no fresh breakout/continuation trigger
2026-08-10T10:47:28.423829,PAYTM,setup,no fresh breakout/continuation trigger
2026-08-10T10:47:28.423829,BAJAJ-AUTO,setup,no fresh breakout/continuation trigger
2026-08-10T10:47:28.425151,ADANIPOWER,setup,no fresh breakout/continuation trigger
2026-08-10T10:47:28.426214,INDIGO,setup,no fresh breakout/continuation trigger
2026-08-10T10:47:28.426214,TECHM,setup,no fresh breakout/continuation trigger
2026-08-10T10:47:28.427234,KAYNES,setup,no fresh breakout/continuation trigger
2026-08-10T10:47:28.427234,KOTAKBANK,setup,no fresh breakout/continuation trigger
2026-08-10T10:47:28.428478,OFSS,setup,no fresh breakout/continuation trigger
2026-08-10T10:47:28.428478,HINDALCO,setup,no fresh breakout/continuation trigger
2026-08-10T10:47:28.429535,SUNPHARMA,setup,no fresh breakout/continuation trigger
2026-08-10T10:47:28.429535,BEL,setup,no fresh breakout/continuation trigger
2026-08-10T10:47:28.430925,MCX,setup,no fresh breakout/continuation trigger
2026-08-10T10:47:28.430925,HCLTECH,setup,no fresh breakout/continuation trigger
2026-08-10T10:47:28.431943,DIVISLAB,setup,no fresh breakout/continuation trigger
2026-08-10T10:47:28.431943,LICI,setup,SL too wide (1.61 ATR)
2026-08-10T10:47:28.433001,ITC,setup,entry extended 0.58 ATR
2026-08-10T10:47:28.434006,GVT&D,setup,no fresh breakout/continuation trigger
2026-08-10T10:47:28.434006,TORNTPHARM,setup,no fresh breakout/continuation trigger
2026-08-10T10:48:28.898347,HDFCBANK,setup,RVOL 0.49 below 1.0
2026-08-10T10:48:28.898347,KALYANKJIL,setup,no fresh breakout/continuation trigger
2026-08-10T10:48:28.898347,ICICIBANK,setup,no fresh breakout/continuation trigger
2026-08-10T10:48:28.898347,RELIANCE,setup,no fresh breakout/continuation trigger
2026-08-10T10:48:28.898347,INFY,setup,no fresh breakout/continuation trigger
2026-08-10T10:48:28.898347,SBIN,setup,no fresh breakout/continuation trigger
2026-08-10T10:48:28.898347,BAJFINANCE,setup,no fresh breakout/continuation trigger
2026-08-10T10:48:28.898347,BHARTIARTL,setup,SL too wide (2.56 ATR)
2026-08-10T10:48:28.898347,ETERNAL,setup,no fresh breakout/continuation trigger
2026-08-10T10:48:28.898347,AXISBANK,setup,no fresh breakout/continuation trigger
2026-08-10T10:48:28.898347,TCS,setup,no fresh breakout/continuation trigger
2026-08-10T10:48:28.898347,BSE,setup,no fresh breakout/continuation trigger
2026-08-10T10:48:28.898347,M&M,setup,no fresh breakout/continuation trigger
2026-08-10T10:48:28.898347,LT,setup,no fresh breakout/continuation trigger
2026-08-10T10:48:28.898347,SWIGGY,setup,SL too wide (1.60 ATR)
2026-08-10T10:48:28.898347,DIXON,setup,no fresh breakout/continuation trigger
2026-08-10T10:48:28.898347,SHRIRAMFIN,setup,no fresh breakout/continuation trigger
2026-08-10T10:48:28.898347,TVSMOTOR,setup,no fresh breakout/continuation trigger
2026-08-10T10:48:28.898347,MARUTI,setup,no fresh breakout/continuation trigger
2026-08-10T10:48:28.898347,COFORGE,setup,no fresh breakout/continuation trigger
2026-08-10T10:48:28.898347,JIOFIN,setup,no fresh breakout/continuation trigger
2026-08-10T10:48:28.914168,BHEL,setup,no fresh breakout/continuation trigger
2026-08-10T10:48:28.914168,PAYTM,setup,no fresh breakout/continuation trigger
2026-08-10T10:48:28.914168,BAJAJ-AUTO,setup,no fresh breakout/continuation trigger
2026-08-10T10:48:28.914168,ADANIPOWER,setup,no fresh breakout/continuation trigger
2026-08-10T10:48:28.914168,INDIGO,setup,no fresh breakout/continuation trigger
2026-08-10T10:48:28.914168,TECHM,setup,no fresh breakout/continuation trigger
2026-08-10T10:48:28.914168,KAYNES,setup,no fresh breakout/continuation trigger
2026-08-10T10:48:28.914168,KOTAKBANK,setup,no fresh breakout/continuation trigger
2026-08-10T10:48:28.914168,OFSS,setup,no fresh breakout/continuation trigger
2026-08-10T10:48:28.914168,HINDALCO,setup,no fresh breakout/continuation trigger
2026-08-10T10:48:28.914168,SUNPHARMA,setup,no fresh breakout/continuation trigger
2026-08-10T10:48:28.914168,BEL,setup,no fresh breakout/continuation trigger
2026-08-10T10:48:28.914168,MCX,setup,no fresh breakout/continuation trigger
2026-08-10T10:48:28.914168,HCLTECH,setup,no fresh breakout/continuation trigger
2026-08-10T10:48:28.914168,DIVISLAB,setup,no fresh breakout/continuation trigger
2026-08-10T10:48:28.914168,LICI,setup,SL too wide (1.61 ATR)
2026-08-10T10:48:28.914168,ITC,setup,entry extended 0.58 ATR
2026-08-10T10:48:28.914168,GVT&D,setup,no fresh breakout/continuation trigger
2026-08-10T10:48:28.914168,TORNTPHARM,setup,no fresh breakout/continuation trigger
2026-08-10T10:49:29.382332,HDFCBANK,setup,RVOL 0.49 below 1.0
2026-08-10T10:49:29.382332,KALYANKJIL,setup,no fresh breakout/continuation trigger
2026-08-10T10:49:29.382332,ICICIBANK,setup,no fresh breakout/continuation trigger
2026-08-10T10:49:29.382332,RELIANCE,setup,no fresh breakout/continuation trigger
2026-08-10T10:49:29.382332,INFY,setup,no fresh breakout/continuation trigger
2026-08-10T10:49:29.382332,SBIN,setup,no fresh breakout/continuation trigger
2026-08-10T10:49:29.382332,BAJFINANCE,setup,no fresh breakout/continuation trigger
2026-08-10T10:49:29.382332,BHARTIARTL,setup,SL too wide (2.56 ATR)
2026-08-10T10:49:29.382332,ETERNAL,setup,no fresh breakout/continuation trigger
2026-08-10T10:49:29.382332,AXISBANK,setup,no fresh breakout/continuation trigger
2026-08-10T10:49:29.398258,TCS,setup,no fresh breakout/continuation trigger
2026-08-10T10:49:29.398258,BSE,setup,no fresh breakout/continuation trigger
2026-08-10T10:49:29.398258,M&M,setup,no fresh breakout/continuation trigger
2026-08-10T10:49:29.398258,LT,setup,no fresh breakout/continuation trigger
2026-08-10T10:49:29.398258,SWIGGY,setup,SL too wide (1.60 ATR)
2026-08-10T10:49:29.398258,DIXON,setup,no fresh breakout/continuation trigger
2026-08-10T10:49:29.398258,SHRIRAMFIN,setup,no fresh breakout/continuation trigger
2026-08-10T10:49:29.398258,TVSMOTOR,setup,no fresh breakout/continuation trigger
2026-08-10T10:49:29.398258,MARUTI,setup,no fresh breakout/continuation trigger
2026-08-10T10:49:29.398258,COFORGE,setup,no fresh breakout/continuation trigger
2026-08-10T10:49:29.398258,JIOFIN,setup,no fresh breakout/continuation trigger
2026-08-10T10:49:29.398258,BHEL,setup,no fresh breakout/continuation trigger
2026-08-10T10:49:29.398258,PAYTM,setup,no fresh breakout/continuation trigger
2026-08-10T10:49:29.398258,BAJAJ-AUTO,setup,no fresh breakout/continuation trigger
2026-08-10T10:49:29.398258,ADANIPOWER,setup,no fresh breakout/continuation trigger
2026-08-10T10:49:29.398258,INDIGO,setup,no fresh breakout/continuation trigger
2026-08-10T10:49:29.398258,TECHM,setup,no fresh breakout/continuation trigger
2026-08-10T10:49:29.398258,KAYNES,setup,no fresh breakout/continuation trigger
2026-08-10T10:49:29.398258,KOTAKBANK,setup,no fresh breakout/continuation trigger
2026-08-10T10:49:29.398258,OFSS,setup,no fresh breakout/continuation trigger
2026-08-10T10:49:29.398258,HINDALCO,setup,no fresh breakout/continuation trigger
2026-08-10T10:49:29.398258,SUNPHARMA,setup,no fresh breakout/continuation trigger
2026-08-10T10:49:29.398258,BEL,setup,no fresh breakout/continuation trigger
2026-08-10T10:49:29.398258,MCX,setup,no fresh breakout/continuation trigger
2026-08-10T10:49:29.398258,HCLTECH,setup,no fresh breakout/continuation trigger
2026-08-10T10:49:29.398258,DIVISLAB,setup,no fresh breakout/continuation trigger
2026-08-10T10:49:29.414046,LICI,setup,SL too wide (1.61 ATR)
2026-08-10T10:49:29.414046,ITC,setup,entry extended 0.58 ATR
2026-08-10T10:49:29.414046,GVT&D,setup,no fresh breakout/continuation trigger
2026-08-10T10:49:29.414046,TORNTPHARM,setup,no fresh breakout/continuation trigger
2026-08-10T10:50:29.977696,HDFCBANK,setup,RVOL 0.49 below 1.0
2026-08-10T10:50:29.977696,KALYANKJIL,setup,no fresh breakout/continuation trigger
2026-08-10T10:50:29.977696,ICICIBANK,setup,no fresh breakout/continuation trigger
2026-08-10T10:50:29.977696,RELIANCE,setup,no fresh breakout/continuation trigger
2026-08-10T10:50:29.977696,INFY,setup,no fresh breakout/continuation trigger
2026-08-10T10:50:29.977696,SBIN,setup,no fresh breakout/continuation trigger
2026-08-10T10:50:29.977696,BAJFINANCE,setup,no fresh breakout/continuation trigger
2026-08-10T10:50:29.977696,BHARTIARTL,setup,SL too wide (2.56 ATR)
2026-08-10T10:50:29.977696,ETERNAL,setup,no fresh breakout/continuation trigger
2026-08-10T10:50:29.977696,AXISBANK,setup,no fresh breakout/continuation trigger
2026-08-10T10:50:29.977696,TCS,setup,no fresh breakout/continuation trigger
2026-08-10T10:50:29.977696,BSE,setup,no fresh breakout/continuation trigger
2026-08-10T10:50:29.977696,M&M,setup,no fresh breakout/continuation trigger
2026-08-10T10:50:29.977696,LT,setup,no fresh breakout/continuation trigger
2026-08-10T10:50:29.977696,SWIGGY,setup,SL too wide (1.60 ATR)
2026-08-10T10:50:29.977696,DIXON,setup,no fresh breakout/continuation trigger
2026-08-10T10:50:29.977696,SHRIRAMFIN,setup,no fresh breakout/continuation trigger
2026-08-10T10:50:29.977696,TVSMOTOR,setup,no fresh breakout/continuation trigger
2026-08-10T10:50:29.977696,MARUTI,setup,no fresh breakout/continuation trigger
2026-08-10T10:50:29.977696,COFORGE,setup,no fresh breakout/continuation trigger
2026-08-10T10:50:29.993651,JIOFIN,setup,no fresh breakout/continuation trigger
2026-08-10T10:50:29.994788,BHEL,setup,no fresh breakout/continuation trigger
2026-08-10T10:50:29.994788,PAYTM,setup,no fresh breakout/continuation trigger
2026-08-10T10:50:29.995794,BAJAJ-AUTO,setup,no fresh breakout/continuation trigger
2026-08-10T10:50:29.995794,ADANIPOWER,setup,no fresh breakout/continuation trigger
2026-08-10T10:50:29.997302,INDIGO,setup,no fresh breakout/continuation trigger
2026-08-10T10:50:29.998306,TECHM,setup,no fresh breakout/continuation trigger
2026-08-10T10:50:29.998306,KAYNES,setup,no fresh breakout/continuation trigger
2026-08-10T10:50:29.999571,KOTAKBANK,setup,no fresh breakout/continuation trigger
2026-08-10T10:50:30.000661,OFSS,setup,no fresh breakout/continuation trigger
2026-08-10T10:50:30.000661,HINDALCO,setup,no fresh breakout/continuation trigger
2026-08-10T10:50:30.001924,SUNPHARMA,setup,no fresh breakout/continuation trigger
2026-08-10T10:50:30.002929,BEL,setup,no fresh breakout/continuation trigger
2026-08-10T10:50:30.002929,MCX,setup,no fresh breakout/continuation trigger
2026-08-10T10:50:30.003934,HCLTECH,setup,no fresh breakout/continuation trigger
2026-08-10T10:50:30.004938,DIVISLAB,setup,no fresh breakout/continuation trigger
2026-08-10T10:50:30.004938,LICI,setup,SL too wide (1.61 ATR)
2026-08-10T10:50:30.006017,ITC,setup,entry extended 0.58 ATR
2026-08-10T10:50:30.006017,GVT&D,setup,no fresh breakout/continuation trigger
2026-08-10T10:50:30.006017,TORNTPHARM,setup,no fresh breakout/continuation trigger
2026-08-10T10:51:30.476159,HDFCBANK,setup,RVOL 0.49 below 1.0
2026-08-10T10:51:30.476159,KALYANKJIL,setup,no fresh breakout/continuation trigger
2026-08-10T10:51:30.476159,ICICIBANK,setup,no fresh breakout/continuation trigger
2026-08-10T10:51:30.476159,RELIANCE,setup,no fresh breakout/continuation trigger
2026-08-10T10:51:30.476159,INFY,setup,no fresh breakout/continuation trigger
2026-08-10T10:51:30.476159,SBIN,setup,no fresh breakout/continuation trigger
2026-08-10T10:51:30.476159,BAJFINANCE,setup,no fresh breakout/continuation trigger
2026-08-10T10:51:30.476159,BHARTIARTL,setup,SL too wide (2.56 ATR)
2026-08-10T10:51:30.476159,ETERNAL,setup,no fresh breakout/continuation trigger
2026-08-10T10:51:30.476159,AXISBANK,setup,no fresh breakout/continuation trigger
2026-08-10T10:51:30.476159,TCS,setup,no fresh breakout/continuation trigger
2026-08-10T10:51:30.476159,BSE,setup,no fresh breakout/continuation trigger
2026-08-10T10:51:30.476159,M&M,setup,no fresh breakout/continuation trigger
2026-08-10T10:51:30.476159,LT,setup,no fresh breakout/continuation trigger
2026-08-10T10:51:30.476159,SWIGGY,setup,SL too wide (1.60 ATR)
2026-08-10T10:51:30.476159,DIXON,setup,no fresh breakout/continuation trigger
2026-08-10T10:51:30.489486,SHRIRAMFIN,setup,no fresh breakout/continuation trigger
2026-08-10T10:51:30.489486,TVSMOTOR,setup,no fresh breakout/continuation trigger
2026-08-10T10:51:30.489486,MARUTI,setup,no fresh breakout/continuation trigger
2026-08-10T10:51:30.489486,COFORGE,setup,no fresh breakout/continuation trigger
2026-08-10T10:51:30.492135,JIOFIN,setup,no fresh breakout/continuation trigger
2026-08-10T10:51:30.493477,BHEL,setup,no fresh breakout/continuation trigger
2026-08-10T10:51:30.493477,PAYTM,setup,no fresh breakout/continuation trigger
2026-08-10T10:51:30.494527,BAJAJ-AUTO,setup,no fresh breakout/continuation trigger
2026-08-10T10:51:30.494527,ADANIPOWER,setup,no fresh breakout/continuation trigger
2026-08-10T10:51:30.495549,INDIGO,setup,no fresh breakout/continuation trigger
2026-08-10T10:51:30.495549,TECHM,setup,no fresh breakout/continuation trigger
2026-08-10T10:51:30.496782,KAYNES,setup,no fresh breakout/continuation trigger
2026-08-10T10:51:30.496782,KOTAKBANK,setup,no fresh breakout/continuation trigger
2026-08-10T10:51:30.498007,OFSS,setup,no fresh breakout/continuation trigger
2026-08-10T10:51:30.498007,HINDALCO,setup,no fresh breakout/continuation trigger
2026-08-10T10:51:30.499057,SUNPHARMA,setup,no fresh breakout/continuation trigger
2026-08-10T10:51:30.499057,BEL,setup,no fresh breakout/continuation trigger
2026-08-10T10:51:30.499057,MCX,setup,no fresh breakout/continuation trigger
2026-08-10T10:51:30.500371,HCLTECH,setup,no fresh breakout/continuation trigger
2026-08-10T10:51:30.501477,DIVISLAB,setup,no fresh breakout/continuation trigger
2026-08-10T10:51:30.501477,LICI,setup,SL too wide (1.61 ATR)
2026-08-10T10:51:30.502488,ITC,setup,entry extended 0.58 ATR
2026-08-10T10:51:30.502488,GVT&D,setup,no fresh breakout/continuation trigger
2026-08-10T10:51:30.503650,TORNTPHARM,setup,no fresh breakout/continuation trigger
2026-08-10T10:52:33.113162,HDFCBANK,setup,no fresh breakout/continuation trigger
2026-08-10T10:52:33.114165,KALYANKJIL,setup,no fresh breakout/continuation trigger
2026-08-10T10:52:33.114165,ICICIBANK,setup,no fresh breakout/continuation trigger
2026-08-10T10:52:33.115286,RELIANCE,setup,no fresh breakout/continuation trigger
2026-08-10T10:52:33.116289,INFY,setup,no fresh breakout/continuation trigger
2026-08-10T10:52:33.116289,SBIN,setup,no fresh breakout/continuation trigger
2026-08-10T10:52:33.116289,BAJFINANCE,setup,no fresh breakout/continuation trigger
2026-08-10T10:52:33.116289,BHARTIARTL,setup,no fresh breakout/continuation trigger
2026-08-10T10:52:33.116289,ETERNAL,setup,no fresh breakout/continuation trigger
2026-08-10T10:52:33.116289,AXISBANK,setup,no fresh breakout/continuation trigger
2026-08-10T10:52:33.116289,TCS,setup,no fresh breakout/continuation trigger
2026-08-10T10:52:33.116289,BSE,setup,no fresh breakout/continuation trigger
2026-08-10T10:52:33.116289,M&M,setup,no fresh breakout/continuation trigger
2026-08-10T10:52:33.116289,LT,setup,no fresh breakout/continuation trigger
2026-08-10T10:52:33.116289,SWIGGY,setup,no fresh breakout/continuation trigger
2026-08-10T10:52:33.116289,DIXON,setup,no fresh breakout/continuation trigger
2026-08-10T10:52:33.116289,SHRIRAMFIN,setup,no fresh breakout/continuation trigger
2026-08-10T10:52:33.116289,TVSMOTOR,setup,RVOL 0.07 below 1.0
2026-08-10T10:52:33.116289,MARUTI,setup,no fresh breakout/continuation trigger
2026-08-10T10:52:33.116289,COFORGE,setup,no fresh breakout/continuation trigger
2026-08-10T10:52:33.116289,JIOFIN,setup,no fresh breakout/continuation trigger
2026-08-10T10:52:33.116289,BHEL,setup,no fresh breakout/continuation trigger
2026-08-10T10:52:33.116289,PAYTM,setup,no fresh breakout/continuation trigger
2026-08-10T10:52:33.116289,BAJAJ-AUTO,setup,no fresh breakout/continuation trigger
2026-08-10T10:52:33.116289,ADANIPOWER,setup,no fresh breakout/continuation trigger
2026-08-10T10:52:33.116289,INDIGO,setup,no fresh breakout/continuation trigger
2026-08-10T10:52:33.116289,TECHM,setup,no fresh breakout/continuation trigger
2026-08-10T10:52:33.116289,KAYNES,setup,no fresh breakout/continuation trigger
2026-08-10T10:52:33.116289,KOTAKBANK,setup,no fresh breakout/continuation trigger
2026-08-10T10:52:33.116289,OFSS,setup,no fresh breakout/continuation trigger
2026-08-10T10:52:33.116289,HINDALCO,setup,entry extended 0.49 ATR
2026-08-10T10:52:33.132238,SUNPHARMA,setup,no fresh breakout/continuation trigger
2026-08-10T10:52:33.132238,BEL,setup,no fresh breakout/continuation trigger
2026-08-10T10:52:33.132238,MCX,setup,no fresh breakout/continuation trigger
2026-08-10T10:52:33.132238,HCLTECH,setup,no fresh breakout/continuation trigger
2026-08-10T10:52:33.132238,DIVISLAB,setup,no fresh breakout/continuation trigger
2026-08-10T10:52:33.132238,LICI,setup,no fresh breakout/continuation trigger
2026-08-10T10:52:33.132238,ITC,setup,no fresh breakout/continuation trigger
2026-08-10T10:52:33.132238,GVT&D,setup,no fresh breakout/continuation trigger
2026-08-10T10:52:33.132238,TORNTPHARM,setup,no fresh breakout/continuation trigger
2026-08-10T10:53:33.600662,HDFCBANK,setup,no fresh breakout/continuation trigger
2026-08-10T10:53:33.600662,KALYANKJIL,setup,no fresh breakout/continuation trigger
2026-08-10T10:53:33.600662,ICICIBANK,setup,no fresh breakout/continuation trigger
2026-08-10T10:53:33.600662,RELIANCE,setup,no fresh breakout/continuation trigger
2026-08-10T10:53:33.600662,INFY,setup,no fresh breakout/continuation trigger
2026-08-10T10:53:33.600662,SBIN,setup,no fresh breakout/continuation trigger
2026-08-10T10:53:33.600662,BAJFINANCE,setup,no fresh breakout/continuation trigger
2026-08-10T10:53:33.600662,BHARTIARTL,setup,no fresh breakout/continuation trigger
2026-08-10T10:53:33.600662,ETERNAL,setup,no fresh breakout/continuation trigger
2026-08-10T10:53:33.600662,AXISBANK,setup,no fresh breakout/continuation trigger
2026-08-10T10:53:33.600662,TCS,setup,no fresh breakout/continuation trigger
2026-08-10T10:53:33.600662,BSE,setup,no fresh breakout/continuation trigger
2026-08-10T10:53:33.600662,M&M,setup,no fresh breakout/continuation trigger
2026-08-10T10:53:33.616349,LT,setup,no fresh breakout/continuation trigger
2026-08-10T10:53:33.616349,SWIGGY,setup,no fresh breakout/continuation trigger
2026-08-10T10:53:33.616349,DIXON,setup,no fresh breakout/continuation trigger
2026-08-10T10:53:33.616349,SHRIRAMFIN,setup,no fresh breakout/continuation trigger
2026-08-10T10:53:33.616349,TVSMOTOR,setup,RVOL 0.07 below 1.0
2026-08-10T10:53:33.616349,MARUTI,setup,no fresh breakout/continuation trigger
2026-08-10T10:53:33.616349,COFORGE,setup,no fresh breakout/continuation trigger
2026-08-10T10:53:33.616349,JIOFIN,setup,no fresh breakout/continuation trigger
2026-08-10T10:53:33.616349,BHEL,setup,no fresh breakout/continuation trigger
2026-08-10T10:53:33.616349,PAYTM,setup,no fresh breakout/continuation trigger
2026-08-10T10:53:33.616349,BAJAJ-AUTO,setup,no fresh breakout/continuation trigger
2026-08-10T10:53:33.616349,ADANIPOWER,setup,no fresh breakout/continuation trigger
2026-08-10T10:53:33.616349,INDIGO,setup,no fresh breakout/continuation trigger
2026-08-10T10:53:33.616349,TECHM,setup,no fresh breakout/continuation trigger
2026-08-10T10:53:33.616349,KAYNES,setup,no fresh breakout/continuation trigger
2026-08-10T10:53:33.616349,KOTAKBANK,setup,no fresh breakout/continuation trigger
2026-08-10T10:53:33.616349,OFSS,setup,no fresh breakout/continuation trigger
2026-08-10T10:53:33.616349,HINDALCO,setup,entry extended 0.49 ATR
2026-08-10T10:53:33.616349,SUNPHARMA,setup,no fresh breakout/continuation trigger
2026-08-10T10:53:33.616349,BEL,setup,no fresh breakout/continuation trigger
2026-08-10T10:53:33.616349,MCX,setup,no fresh breakout/continuation trigger
2026-08-10T10:53:33.616349,HCLTECH,setup,no fresh breakout/continuation trigger
2026-08-10T10:53:33.616349,DIVISLAB,setup,no fresh breakout/continuation trigger
2026-08-10T10:53:33.616349,LICI,setup,no fresh breakout/continuation trigger
2026-08-10T10:53:33.616349,ITC,setup,no fresh breakout/continuation trigger
2026-08-10T10:53:33.616349,GVT&D,setup,no fresh breakout/continuation trigger
2026-08-10T10:53:33.632333,TORNTPHARM,setup,no fresh breakout/continuation trigger
2026-08-10T10:54:34.085398,HDFCBANK,setup,no fresh breakout/continuation trigger
2026-08-10T10:54:34.085398,KALYANKJIL,setup,no fresh breakout/continuation trigger
2026-08-10T10:54:34.085398,ICICIBANK,setup,no fresh breakout/continuation trigger
2026-08-10T10:54:34.085398,RELIANCE,setup,no fresh breakout/continuation trigger
2026-08-10T10:54:34.085398,INFY,setup,no fresh breakout/continuation trigger
2026-08-10T10:54:34.085398,SBIN,setup,no fresh breakout/continuation trigger
2026-08-10T10:54:34.085398,BAJFINANCE,setup,no fresh breakout/continuation trigger
2026-08-10T10:54:34.085398,BHARTIARTL,setup,no fresh breakout/continuation trigger
2026-08-10T10:54:34.085398,ETERNAL,setup,no fresh breakout/continuation trigger
2026-08-10T10:54:34.085398,AXISBANK,setup,no fresh breakout/continuation trigger
2026-08-10T10:54:34.085398,TCS,setup,no fresh breakout/continuation trigger
2026-08-10T10:54:34.085398,BSE,setup,no fresh breakout/continuation trigger
2026-08-10T10:54:34.085398,M&M,setup,no fresh breakout/continuation trigger
2026-08-10T10:54:34.085398,LT,setup,no fresh breakout/continuation trigger
2026-08-10T10:54:34.085398,SWIGGY,setup,no fresh breakout/continuation trigger
2026-08-10T10:54:34.085398,DIXON,setup,no fresh breakout/continuation trigger
2026-08-10T10:54:34.085398,SHRIRAMFIN,setup,no fresh breakout/continuation trigger
2026-08-10T10:54:34.085398,TVSMOTOR,setup,RVOL 0.07 below 1.0
2026-08-10T10:54:34.085398,MARUTI,setup,no fresh breakout/continuation trigger
2026-08-10T10:54:34.085398,COFORGE,setup,no fresh breakout/continuation trigger
2026-08-10T10:54:34.101177,JIOFIN,setup,no fresh breakout/continuation trigger
2026-08-10T10:54:34.101177,BHEL,setup,no fresh breakout/continuation trigger
2026-08-10T10:54:34.101177,PAYTM,setup,no fresh breakout/continuation trigger
2026-08-10T10:54:34.101177,BAJAJ-AUTO,setup,no fresh breakout/continuation trigger
2026-08-10T10:54:34.101177,ADANIPOWER,setup,no fresh breakout/continuation trigger
2026-08-10T10:54:34.101177,INDIGO,setup,no fresh breakout/continuation trigger
2026-08-10T10:54:34.101177,TECHM,setup,no fresh breakout/continuation trigger
2026-08-10T10:54:34.101177,KAYNES,setup,no fresh breakout/continuation trigger
2026-08-10T10:54:34.101177,KOTAKBANK,setup,no fresh breakout/continuation trigger
2026-08-10T10:54:34.101177,OFSS,setup,no fresh breakout/continuation trigger
2026-08-10T10:54:34.101177,HINDALCO,setup,entry extended 0.49 ATR
2026-08-10T10:54:34.101177,SUNPHARMA,setup,no fresh breakout/continuation trigger
2026-08-10T10:54:34.101177,BEL,setup,no fresh breakout/continuation trigger
2026-08-10T10:54:34.101177,MCX,setup,no fresh breakout/continuation trigger
2026-08-10T10:54:34.101177,HCLTECH,setup,no fresh breakout/continuation trigger
2026-08-10T10:54:34.101177,DIVISLAB,setup,no fresh breakout/continuation trigger
2026-08-10T10:54:34.101177,LICI,setup,no fresh breakout/continuation trigger
2026-08-10T10:54:34.101177,ITC,setup,no fresh breakout/continuation trigger
2026-08-10T10:54:34.101177,GVT&D,setup,no fresh breakout/continuation trigger
2026-08-10T10:54:34.101177,TORNTPHARM,setup,no fresh breakout/continuation trigger
2026-08-10T10:55:34.569212,HDFCBANK,setup,no fresh breakout/continuation trigger
2026-08-10T10:55:34.569212,KALYANKJIL,setup,no fresh breakout/continuation trigger
2026-08-10T10:55:34.569212,ICICIBANK,setup,no fresh breakout/continuation trigger
2026-08-10T10:55:34.569212,RELIANCE,setup,no fresh breakout/continuation trigger
2026-08-10T10:55:34.569212,INFY,setup,no fresh breakout/continuation trigger
2026-08-10T10:55:34.569212,SBIN,setup,no fresh breakout/continuation trigger
2026-08-10T10:55:34.569212,BAJFINANCE,setup,no fresh breakout/continuation trigger
2026-08-10T10:55:34.569212,BHARTIARTL,setup,no fresh breakout/continuation trigger
2026-08-10T10:55:34.569212,ETERNAL,setup,no fresh breakout/continuation trigger
2026-08-10T10:55:34.569212,AXISBANK,setup,no fresh breakout/continuation trigger
2026-08-10T10:55:34.569212,TCS,setup,no fresh breakout/continuation trigger
2026-08-10T10:55:34.569212,BSE,setup,no fresh breakout/continuation trigger
2026-08-10T10:55:34.569212,M&M,setup,no fresh breakout/continuation trigger
2026-08-10T10:55:34.569212,LT,setup,no fresh breakout/continuation trigger
2026-08-10T10:55:34.569212,SWIGGY,setup,no fresh breakout/continuation trigger
2026-08-10T10:55:34.569212,DIXON,setup,no fresh breakout/continuation trigger
2026-08-10T10:55:34.569212,SHRIRAMFIN,setup,no fresh breakout/continuation trigger
2026-08-10T10:55:34.569212,TVSMOTOR,setup,RVOL 0.07 below 1.0
2026-08-10T10:55:34.569212,MARUTI,setup,no fresh breakout/continuation trigger
2026-08-10T10:55:34.569212,COFORGE,setup,no fresh breakout/continuation trigger
2026-08-10T10:55:34.585208,JIOFIN,setup,no fresh breakout/continuation trigger
2026-08-10T10:55:34.585208,BHEL,setup,no fresh breakout/continuation trigger
2026-08-10T10:55:34.585208,PAYTM,setup,no fresh breakout/continuation trigger
2026-08-10T10:55:34.585208,BAJAJ-AUTO,setup,no fresh breakout/continuation trigger
2026-08-10T10:55:34.585208,ADANIPOWER,setup,no fresh breakout/continuation trigger
2026-08-10T10:55:34.585208,INDIGO,setup,no fresh breakout/continuation trigger
2026-08-10T10:55:34.585208,TECHM,setup,no fresh breakout/continuation trigger
2026-08-10T10:55:34.585208,KAYNES,setup,no fresh breakout/continuation trigger
2026-08-10T10:55:34.585208,KOTAKBANK,setup,no fresh breakout/continuation trigger
2026-08-10T10:55:34.585208,OFSS,setup,no fresh breakout/continuation trigger
2026-08-10T10:55:34.585208,HINDALCO,setup,entry extended 0.49 ATR
2026-08-10T10:55:34.585208,SUNPHARMA,setup,no fresh breakout/continuation trigger
2026-08-10T10:55:34.585208,BEL,setup,no fresh breakout/continuation trigger
2026-08-10T10:55:34.585208,MCX,setup,no fresh breakout/continuation trigger
2026-08-10T10:55:34.585208,HCLTECH,setup,no fresh breakout/continuation trigger
2026-08-10T10:55:34.585208,DIVISLAB,setup,no fresh breakout/continuation trigger
2026-08-10T10:55:34.585208,LICI,setup,no fresh breakout/continuation trigger
2026-08-10T10:55:34.585208,ITC,setup,no fresh breakout/continuation trigger
2026-08-10T10:55:34.585208,GVT&D,setup,no fresh breakout/continuation trigger
2026-08-10T10:55:34.585208,TORNTPHARM,setup,no fresh breakout/continuation trigger
2026-08-10T10:56:35.061864,HDFCBANK,setup,no fresh breakout/continuation trigger
2026-08-10T10:56:35.062861,KALYANKJIL,setup,no fresh breakout/continuation trigger
2026-08-10T10:56:35.062861,ICICIBANK,setup,no fresh breakout/continuation trigger
2026-08-10T10:56:35.064351,RELIANCE,setup,no fresh breakout/continuation trigger
2026-08-10T10:56:35.065398,INFY,setup,no fresh breakout/continuation trigger
2026-08-10T10:56:35.065398,SBIN,setup,no fresh breakout/continuation trigger
2026-08-10T10:56:35.066627,BAJFINANCE,setup,no fresh breakout/continuation trigger
2026-08-10T10:56:35.067678,BHARTIARTL,setup,no fresh breakout/continuation trigger
2026-08-10T10:56:35.067678,ETERNAL,setup,no fresh breakout/continuation trigger
2026-08-10T10:56:35.068693,AXISBANK,setup,no fresh breakout/continuation trigger
2026-08-10T10:56:35.068693,TCS,setup,no fresh breakout/continuation trigger
2026-08-10T10:56:35.069778,BSE,setup,no fresh breakout/continuation trigger
2026-08-10T10:56:35.069778,M&M,setup,no fresh breakout/continuation trigger
2026-08-10T10:56:35.069778,LT,setup,no fresh breakout/continuation trigger
2026-08-10T10:56:35.069778,SWIGGY,setup,no fresh breakout/continuation trigger
2026-08-10T10:56:35.069778,DIXON,setup,no fresh breakout/continuation trigger
2026-08-10T10:56:35.069778,SHRIRAMFIN,setup,no fresh breakout/continuation trigger
2026-08-10T10:56:35.069778,TVSMOTOR,setup,RVOL 0.07 below 1.0
2026-08-10T10:56:35.069778,MARUTI,setup,no fresh breakout/continuation trigger
2026-08-10T10:56:35.069778,COFORGE,setup,no fresh breakout/continuation trigger
2026-08-10T10:56:35.069778,JIOFIN,setup,no fresh breakout/continuation trigger
2026-08-10T10:56:35.069778,BHEL,setup,no fresh breakout/continuation trigger
2026-08-10T10:56:35.069778,PAYTM,setup,no fresh breakout/continuation trigger
2026-08-10T10:56:35.069778,BAJAJ-AUTO,setup,no fresh breakout/continuation trigger
2026-08-10T10:56:35.069778,ADANIPOWER,setup,no fresh breakout/continuation trigger
2026-08-10T10:56:35.069778,INDIGO,setup,no fresh breakout/continuation trigger
2026-08-10T10:56:35.069778,TECHM,setup,no fresh breakout/continuation trigger
2026-08-10T10:56:35.069778,KAYNES,setup,no fresh breakout/continuation trigger
2026-08-10T10:56:35.069778,KOTAKBANK,setup,no fresh breakout/continuation trigger
2026-08-10T10:56:35.069778,OFSS,setup,no fresh breakout/continuation trigger
2026-08-10T10:56:35.069778,HINDALCO,setup,entry extended 0.49 ATR
2026-08-10T10:56:35.069778,SUNPHARMA,setup,no fresh breakout/continuation trigger
2026-08-10T10:56:35.069778,BEL,setup,no fresh breakout/continuation trigger
2026-08-10T10:56:35.069778,MCX,setup,no fresh breakout/continuation trigger
2026-08-10T10:56:35.069778,HCLTECH,setup,no fresh breakout/continuation trigger
2026-08-10T10:56:35.069778,DIVISLAB,setup,no fresh breakout/continuation trigger
2026-08-10T10:56:35.085523,LICI,setup,no fresh breakout/continuation trigger
2026-08-10T10:56:35.085523,ITC,setup,no fresh breakout/continuation trigger
2026-08-10T10:56:35.085523,GVT&D,setup,no fresh breakout/continuation trigger
2026-08-10T10:56:35.085523,TORNTPHARM,setup,no fresh breakout/continuation trigger
2026-08-10T10:57:37.735244,HDFCBANK,setup,no fresh breakout/continuation trigger
2026-08-10T10:57:37.735244,KALYANKJIL,setup,no fresh breakout/continuation trigger
2026-08-10T10:57:37.736525,ICICIBANK,setup,no fresh breakout/continuation trigger
2026-08-10T10:57:37.737730,RELIANCE,setup,no fresh breakout/continuation trigger
2026-08-10T10:57:37.737730,INFY,setup,entry extended 0.34 ATR
2026-08-10T10:57:37.739054,SBIN,setup,no fresh breakout/continuation trigger
2026-08-10T10:57:37.739054,BAJFINANCE,setup,no fresh breakout/continuation trigger
2026-08-10T10:57:37.740338,BHARTIARTL,setup,no fresh breakout/continuation trigger
2026-08-10T10:57:37.740338,ETERNAL,setup,no fresh breakout/continuation trigger
2026-08-10T10:57:37.741358,AXISBANK,setup,no fresh breakout/continuation trigger
2026-08-10T10:57:37.741358,TCS,setup,no fresh breakout/continuation trigger
2026-08-10T10:57:37.742361,BSE,setup,no fresh breakout/continuation trigger
2026-08-10T10:57:37.743579,M&M,setup,no fresh breakout/continuation trigger
2026-08-10T10:57:37.743579,LT,setup,no fresh breakout/continuation trigger
2026-08-10T10:57:37.744584,SWIGGY,setup,no fresh breakout/continuation trigger
2026-08-10T10:57:37.744584,DIXON,setup,no fresh breakout/continuation trigger
2026-08-10T10:57:37.745606,SHRIRAMFIN,setup,no fresh breakout/continuation trigger
2026-08-10T10:57:37.746632,TVSMOTOR,setup,no fresh breakout/continuation trigger
2026-08-10T10:57:37.746632,MARUTI,setup,no fresh breakout/continuation trigger
2026-08-10T10:57:37.747656,COFORGE,setup,no fresh breakout/continuation trigger
2026-08-10T10:57:37.747656,JIOFIN,setup,no fresh breakout/continuation trigger
2026-08-10T10:57:37.748841,BHEL,setup,no fresh breakout/continuation trigger
2026-08-10T10:57:37.748841,PAYTM,setup,no fresh breakout/continuation trigger
2026-08-10T10:57:37.749846,BAJAJ-AUTO,setup,no fresh breakout/continuation trigger
2026-08-10T10:57:37.749846,ADANIPOWER,setup,no fresh breakout/continuation trigger
2026-08-10T10:57:37.750851,INDIGO,setup,no fresh breakout/continuation trigger
2026-08-10T10:57:37.751855,TECHM,setup,no fresh breakout/continuation trigger
2026-08-10T10:57:37.751855,KAYNES,setup,no fresh breakout/continuation trigger
2026-08-10T10:57:37.753053,KOTAKBANK,setup,no fresh breakout/continuation trigger
2026-08-10T10:57:37.753053,OFSS,setup,no fresh breakout/continuation trigger
2026-08-10T10:57:37.753053,HINDALCO,setup,no fresh breakout/continuation trigger
2026-08-10T10:57:37.754342,SUNPHARMA,setup,no fresh breakout/continuation trigger
2026-08-10T10:57:37.754342,BEL,setup,no fresh breakout/continuation trigger
2026-08-10T10:57:37.755352,MCX,setup,no fresh breakout/continuation trigger
2026-08-10T10:57:37.755352,HCLTECH,setup,no fresh breakout/continuation trigger
2026-08-10T10:57:37.756370,DIVISLAB,setup,no fresh breakout/continuation trigger
2026-08-10T10:57:37.757465,LICI,setup,no fresh breakout/continuation trigger
2026-08-10T10:57:37.757465,ITC,setup,no fresh breakout/continuation trigger
2026-08-10T10:57:37.757465,GVT&D,setup,no fresh breakout/continuation trigger
2026-08-10T10:57:37.758480,TORNTPHARM,setup,no fresh breakout/continuation trigger
2026-08-10T10:58:38.226227,HDFCBANK,setup,no fresh breakout/continuation trigger
2026-08-10T10:58:38.226227,KALYANKJIL,setup,no fresh breakout/continuation trigger
2026-08-10T10:58:38.226227,ICICIBANK,setup,no fresh breakout/continuation trigger
2026-08-10T10:58:38.226227,RELIANCE,setup,no fresh breakout/continuation trigger
2026-08-10T10:58:38.226227,INFY,setup,entry extended 0.34 ATR
2026-08-10T10:58:38.226227,SBIN,setup,no fresh breakout/continuation trigger
2026-08-10T10:58:38.226227,BAJFINANCE,setup,no fresh breakout/continuation trigger
2026-08-10T10:58:38.226227,BHARTIARTL,setup,no fresh breakout/continuation trigger
2026-08-10T10:58:38.226227,ETERNAL,setup,no fresh breakout/continuation trigger
2026-08-10T10:58:38.226227,AXISBANK,setup,no fresh breakout/continuation trigger
2026-08-10T10:58:38.226227,TCS,setup,no fresh breakout/continuation trigger
2026-08-10T10:58:38.226227,BSE,setup,no fresh breakout/continuation trigger
2026-08-10T10:58:38.226227,M&M,setup,no fresh breakout/continuation trigger
2026-08-10T10:58:38.226227,LT,setup,no fresh breakout/continuation trigger
2026-08-10T10:58:38.226227,SWIGGY,setup,no fresh breakout/continuation trigger
2026-08-10T10:58:38.226227,DIXON,setup,no fresh breakout/continuation trigger
2026-08-10T10:58:38.226227,SHRIRAMFIN,setup,no fresh breakout/continuation trigger
2026-08-10T10:58:38.226227,TVSMOTOR,setup,no fresh breakout/continuation trigger
2026-08-10T10:58:38.226227,MARUTI,setup,no fresh breakout/continuation trigger
2026-08-10T10:58:38.226227,COFORGE,setup,no fresh breakout/continuation trigger
2026-08-10T10:58:38.226227,JIOFIN,setup,no fresh breakout/continuation trigger
2026-08-10T10:58:38.242066,BHEL,setup,no fresh breakout/continuation trigger
2026-08-10T10:58:38.242066,PAYTM,setup,no fresh breakout/continuation trigger
2026-08-10T10:58:38.242066,BAJAJ-AUTO,setup,no fresh breakout/continuation trigger
2026-08-10T10:58:38.242066,ADANIPOWER,setup,no fresh breakout/continuation trigger
2026-08-10T10:58:38.242066,INDIGO,setup,no fresh breakout/continuation trigger
2026-08-10T10:58:38.242066,TECHM,setup,no fresh breakout/continuation trigger
2026-08-10T10:58:38.242066,KAYNES,setup,no fresh breakout/continuation trigger
2026-08-10T10:58:38.242066,KOTAKBANK,setup,no fresh breakout/continuation trigger
2026-08-10T10:58:38.242066,OFSS,setup,no fresh breakout/continuation trigger
2026-08-10T10:58:38.242066,HINDALCO,setup,no fresh breakout/continuation trigger
2026-08-10T10:58:38.242066,SUNPHARMA,setup,no fresh breakout/continuation trigger
2026-08-10T10:58:38.242066,BEL,setup,no fresh breakout/continuation trigger
2026-08-10T10:58:38.242066,MCX,setup,no fresh breakout/continuation trigger
2026-08-10T10:58:38.242066,HCLTECH,setup,no fresh breakout/continuation trigger
2026-08-10T10:58:38.242066,DIVISLAB,setup,no fresh breakout/continuation trigger
2026-08-10T10:58:38.242066,LICI,setup,no fresh breakout/continuation trigger
2026-08-10T10:58:38.242066,ITC,setup,no fresh breakout/continuation trigger
2026-08-10T10:58:38.242066,GVT&D,setup,no fresh breakout/continuation trigger
2026-08-10T10:58:38.242066,TORNTPHARM,setup,no fresh breakout/continuation trigger
2026-08-10T10:59:38.695207,HDFCBANK,setup,no fresh breakout/continuation trigger
2026-08-10T10:59:38.695207,KALYANKJIL,setup,no fresh breakout/continuation trigger
2026-08-10T10:59:38.695207,ICICIBANK,setup,no fresh breakout/continuation trigger
2026-08-10T10:59:38.710966,RELIANCE,setup,no fresh breakout/continuation trigger
2026-08-10T10:59:38.710966,INFY,setup,entry extended 0.34 ATR
2026-08-10T10:59:38.710966,SBIN,setup,no fresh breakout/continuation trigger
2026-08-10T10:59:38.710966,BAJFINANCE,setup,no fresh breakout/continuation trigger
2026-08-10T10:59:38.710966,BHARTIARTL,setup,no fresh breakout/continuation trigger
2026-08-10T10:59:38.710966,ETERNAL,setup,no fresh breakout/continuation trigger
2026-08-10T10:59:38.710966,AXISBANK,setup,no fresh breakout/continuation trigger
2026-08-10T10:59:38.710966,TCS,setup,no fresh breakout/continuation trigger
2026-08-10T10:59:38.710966,BSE,setup,no fresh breakout/continuation trigger
2026-08-10T10:59:38.710966,M&M,setup,no fresh breakout/continuation trigger
2026-08-10T10:59:38.710966,LT,setup,no fresh breakout/continuation trigger
2026-08-10T10:59:38.710966,SWIGGY,setup,no fresh breakout/continuation trigger
2026-08-10T10:59:38.710966,DIXON,setup,no fresh breakout/continuation trigger
2026-08-10T10:59:38.710966,SHRIRAMFIN,setup,no fresh breakout/continuation trigger
2026-08-10T10:59:38.710966,TVSMOTOR,setup,no fresh breakout/continuation trigger
2026-08-10T10:59:38.710966,MARUTI,setup,no fresh breakout/continuation trigger
2026-08-10T10:59:38.710966,COFORGE,setup,no fresh breakout/continuation trigger
2026-08-10T10:59:38.710966,JIOFIN,setup,no fresh breakout/continuation trigger
2026-08-10T10:59:38.710966,BHEL,setup,no fresh breakout/continuation trigger
2026-08-10T10:59:38.710966,PAYTM,setup,no fresh breakout/continuation trigger
2026-08-10T10:59:38.710966,BAJAJ-AUTO,setup,no fresh breakout/continuation trigger
2026-08-10T10:59:38.710966,ADANIPOWER,setup,no fresh breakout/continuation trigger
2026-08-10T10:59:38.710966,INDIGO,setup,no fresh breakout/continuation trigger
2026-08-10T10:59:38.710966,TECHM,setup,no fresh breakout/continuation trigger
2026-08-10T10:59:38.710966,KAYNES,setup,no fresh breakout/continuation trigger
2026-08-10T10:59:38.710966,KOTAKBANK,setup,no fresh breakout/continuation trigger
2026-08-10T10:59:38.726761,OFSS,setup,no fresh breakout/continuation trigger
2026-08-10T10:59:38.726761,HINDALCO,setup,no fresh breakout/continuation trigger
2026-08-10T10:59:38.726761,SUNPHARMA,setup,no fresh breakout/continuation trigger
2026-08-10T10:59:38.728707,BEL,setup,no fresh breakout/continuation trigger
2026-08-10T10:59:38.728707,MCX,setup,no fresh breakout/continuation trigger
2026-08-10T10:59:38.728707,HCLTECH,setup,no fresh breakout/continuation trigger
2026-08-10T10:59:38.728707,DIVISLAB,setup,no fresh breakout/continuation trigger
2026-08-10T10:59:38.728707,LICI,setup,no fresh breakout/continuation trigger
2026-08-10T10:59:38.728707,ITC,setup,no fresh breakout/continuation trigger
2026-08-10T10:59:38.728707,GVT&D,setup,no fresh breakout/continuation trigger
2026-08-10T10:59:38.728707,TORNTPHARM,setup,no fresh breakout/continuation trigger
2026-08-10T11:00:39.194214,HDFCBANK,setup,no fresh breakout/continuation trigger
2026-08-10T11:00:39.194214,KALYANKJIL,setup,no fresh breakout/continuation trigger
2026-08-10T11:00:39.194214,ICICIBANK,setup,no fresh breakout/continuation trigger
2026-08-10T11:00:39.210121,RELIANCE,setup,no fresh breakout/continuation trigger
2026-08-10T11:00:39.210121,INFY,setup,entry extended 0.34 ATR
2026-08-10T11:00:39.210121,SBIN,setup,no fresh breakout/continuation trigger
2026-08-10T11:00:39.210121,BAJFINANCE,setup,no fresh breakout/continuation trigger
2026-08-10T11:00:39.210121,BHARTIARTL,setup,no fresh breakout/continuation trigger
2026-08-10T11:00:39.210121,ETERNAL,setup,no fresh breakout/continuation trigger
2026-08-10T11:00:39.210121,AXISBANK,setup,no fresh breakout/continuation trigger
2026-08-10T11:00:39.210121,TCS,setup,no fresh breakout/continuation trigger
2026-08-10T11:00:39.210121,BSE,setup,no fresh breakout/continuation trigger
2026-08-10T11:00:39.210121,M&M,setup,no fresh breakout/continuation trigger
2026-08-10T11:00:39.210121,LT,setup,no fresh breakout/continuation trigger
2026-08-10T11:00:39.210121,SWIGGY,setup,no fresh breakout/continuation trigger
2026-08-10T11:00:39.218135,DIXON,setup,no fresh breakout/continuation trigger
2026-08-10T11:00:39.218135,SHRIRAMFIN,setup,no fresh breakout/continuation trigger
2026-08-10T11:00:39.218135,TVSMOTOR,setup,no fresh breakout/continuation trigger
2026-08-10T11:00:39.218135,MARUTI,setup,no fresh breakout/continuation trigger
2026-08-10T11:00:39.218135,COFORGE,setup,no fresh breakout/continuation trigger
2026-08-10T11:00:39.218135,JIOFIN,setup,no fresh breakout/continuation trigger
2026-08-10T11:00:39.218135,BHEL,setup,no fresh breakout/continuation trigger
2026-08-10T11:00:39.218135,PAYTM,setup,no fresh breakout/continuation trigger
2026-08-10T11:00:39.218135,BAJAJ-AUTO,setup,no fresh breakout/continuation trigger
2026-08-10T11:00:39.218135,ADANIPOWER,setup,no fresh breakout/continuation trigger
2026-08-10T11:00:39.218135,INDIGO,setup,no fresh breakout/continuation trigger
2026-08-10T11:00:39.218135,TECHM,setup,no fresh breakout/continuation trigger
2026-08-10T11:00:39.218135,KAYNES,setup,no fresh breakout/continuation trigger
2026-08-10T11:00:39.225850,KOTAKBANK,setup,no fresh breakout/continuation trigger
2026-08-10T11:00:39.225850,OFSS,setup,no fresh breakout/continuation trigger
2026-08-10T11:00:39.225850,HINDALCO,setup,no fresh breakout/continuation trigger
2026-08-10T11:00:39.225850,SUNPHARMA,setup,no fresh breakout/continuation trigger
2026-08-10T11:00:39.225850,BEL,setup,no fresh breakout/continuation trigger
2026-08-10T11:00:39.225850,MCX,setup,no fresh breakout/continuation trigger
2026-08-10T11:00:39.230700,HCLTECH,setup,no fresh breakout/continuation trigger
2026-08-10T11:00:39.231750,DIVISLAB,setup,no fresh breakout/continuation trigger
2026-08-10T11:00:39.232756,LICI,setup,no fresh breakout/continuation trigger
2026-08-10T11:00:39.233753,ITC,setup,no fresh breakout/continuation trigger
2026-08-10T11:00:39.233753,GVT&D,setup,no fresh breakout/continuation trigger
2026-08-10T11:00:39.234896,TORNTPHARM,setup,no fresh breakout/continuation trigger
2026-08-10T11:01:39.777921,HDFCBANK,setup,no fresh breakout/continuation trigger
2026-08-10T11:01:39.777921,KALYANKJIL,setup,no fresh breakout/continuation trigger
2026-08-10T11:01:39.778924,ICICIBANK,setup,no fresh breakout/continuation trigger
2026-08-10T11:01:39.780014,RELIANCE,setup,no fresh breakout/continuation trigger
2026-08-10T11:01:39.780014,INFY,setup,entry extended 0.34 ATR
2026-08-10T11:01:39.781076,SBIN,setup,no fresh breakout/continuation trigger
2026-08-10T11:01:39.781076,BAJFINANCE,setup,no fresh breakout/continuation trigger
2026-08-10T11:01:39.782551,BHARTIARTL,setup,no fresh breakout/continuation trigger
2026-08-10T11:01:39.782551,ETERNAL,setup,no fresh breakout/continuation trigger
2026-08-10T11:01:39.783625,AXISBANK,setup,no fresh breakout/continuation trigger
2026-08-10T11:01:39.783625,TCS,setup,no fresh breakout/continuation trigger
2026-08-10T11:01:39.784667,BSE,setup,no fresh breakout/continuation trigger
2026-08-10T11:01:39.784667,M&M,setup,no fresh breakout/continuation trigger
2026-08-10T11:01:39.785709,LT,setup,no fresh breakout/continuation trigger
2026-08-10T11:01:39.785709,SWIGGY,setup,no fresh breakout/continuation trigger
2026-08-10T11:01:39.786749,DIXON,setup,no fresh breakout/continuation trigger
2026-08-10T11:01:39.786749,SHRIRAMFIN,setup,no fresh breakout/continuation trigger
2026-08-10T11:01:39.787752,TVSMOTOR,setup,no fresh breakout/continuation trigger
2026-08-10T11:01:39.787752,MARUTI,setup,no fresh breakout/continuation trigger
2026-08-10T11:01:39.787752,COFORGE,setup,no fresh breakout/continuation trigger
2026-08-10T11:01:39.787752,JIOFIN,setup,no fresh breakout/continuation trigger
2026-08-10T11:01:39.787752,BHEL,setup,no fresh breakout/continuation trigger
2026-08-10T11:01:39.787752,PAYTM,setup,no fresh breakout/continuation trigger
2026-08-10T11:01:39.787752,BAJAJ-AUTO,setup,no fresh breakout/continuation trigger
2026-08-10T11:01:39.787752,ADANIPOWER,setup,no fresh breakout/continuation trigger
2026-08-10T11:01:39.787752,INDIGO,setup,no fresh breakout/continuation trigger
2026-08-10T11:01:39.787752,TECHM,setup,no fresh breakout/continuation trigger
2026-08-10T11:01:39.787752,KAYNES,setup,no fresh breakout/continuation trigger
2026-08-10T11:01:39.787752,KOTAKBANK,setup,no fresh breakout/continuation trigger
2026-08-10T11:01:39.787752,OFSS,setup,no fresh breakout/continuation trigger
2026-08-10T11:01:39.787752,HINDALCO,setup,no fresh breakout/continuation trigger
2026-08-10T11:01:39.787752,SUNPHARMA,setup,no fresh breakout/continuation trigger
2026-08-10T11:01:39.787752,BEL,setup,no fresh breakout/continuation trigger
2026-08-10T11:01:39.787752,MCX,setup,no fresh breakout/continuation trigger
2026-08-10T11:01:39.787752,HCLTECH,setup,no fresh breakout/continuation trigger
2026-08-10T11:01:39.787752,DIVISLAB,setup,no fresh breakout/continuation trigger
2026-08-10T11:01:39.787752,LICI,setup,no fresh breakout/continuation trigger
2026-08-10T11:01:39.787752,ITC,setup,no fresh breakout/continuation trigger
2026-08-10T11:01:39.787752,GVT&D,setup,no fresh breakout/continuation trigger
2026-08-10T11:01:39.787752,TORNTPHARM,setup,no fresh breakout/continuation trigger
2026-08-10T11:03:59.460477,HDFCBANK,setup,RVOL 0.81 below 1.0
2026-08-10T11:03:59.460477,KALYANKJIL,setup,no fresh breakout/continuation trigger
2026-08-10T11:03:59.460477,ICICIBANK,setup,RVOL 0.42 below 1.0
2026-08-10T11:03:59.460477,RELIANCE,setup,entry extended 0.38 ATR
2026-08-10T11:03:59.460477,INFY,setup,no fresh breakout/continuation trigger
2026-08-10T11:03:59.460477,SBIN,setup,no fresh breakout/continuation trigger
2026-08-10T11:03:59.460477,BAJFINANCE,setup,SL too wide (1.56 ATR)
2026-08-10T11:03:59.460477,BHARTIARTL,setup,no fresh breakout/continuation trigger
2026-08-10T11:03:59.460477,ETERNAL,setup,no fresh breakout/continuation trigger
2026-08-10T11:03:59.476528,AXISBANK,setup,no fresh breakout/continuation trigger
2026-08-10T11:03:59.476528,TCS,setup,no fresh breakout/continuation trigger
2026-08-10T11:03:59.476528,BSE,setup,no fresh breakout/continuation trigger
2026-08-10T11:03:59.476528,M&M,setup,no fresh breakout/continuation trigger
2026-08-10T11:03:59.476528,LT,setup,no fresh breakout/continuation trigger
2026-08-10T11:03:59.476528,SWIGGY,setup,no fresh breakout/continuation trigger
2026-08-10T11:03:59.476528,DIXON,setup,no fresh breakout/continuation trigger
2026-08-10T11:03:59.476528,SHRIRAMFIN,setup,no fresh breakout/continuation trigger
2026-08-10T11:03:59.476528,TVSMOTOR,setup,no fresh breakout/continuation trigger
2026-08-10T11:03:59.476528,MARUTI,setup,no fresh breakout/continuation trigger
2026-08-10T11:03:59.476528,COFORGE,setup,no fresh breakout/continuation trigger
2026-08-10T11:03:59.476528,JIOFIN,setup,no fresh breakout/continuation trigger
2026-08-10T11:03:59.476528,BHEL,setup,no fresh breakout/continuation trigger
2026-08-10T11:03:59.476528,PAYTM,setup,SL too wide (1.87 ATR)
2026-08-10T11:03:59.476528,BAJAJ-AUTO,setup,entry extended 0.34 ATR
2026-08-10T11:03:59.476528,ADANIPOWER,setup,no fresh breakout/continuation trigger
2026-08-10T11:03:59.476528,TECHM,setup,no fresh breakout/continuation trigger
2026-08-10T11:03:59.476528,INDIGO,setup,no fresh breakout/continuation trigger
2026-08-10T11:03:59.476528,KAYNES,setup,no fresh breakout/continuation trigger
2026-08-10T11:03:59.476528,KOTAKBANK,setup,no fresh breakout/continuation trigger
2026-08-10T11:03:59.476528,OFSS,setup,no fresh breakout/continuation trigger
2026-08-10T11:03:59.476528,HINDALCO,setup,no fresh breakout/continuation trigger
2026-08-10T11:03:59.476528,SUNPHARMA,setup,no fresh breakout/continuation trigger
2026-08-10T11:03:59.476528,BEL,setup,no fresh breakout/continuation trigger
2026-08-10T11:03:59.476528,MCX,setup,no fresh breakout/continuation trigger
2026-08-10T11:03:59.476528,HCLTECH,setup,no fresh breakout/continuation trigger
2026-08-10T11:03:59.476528,DIVISLAB,setup,RVOL 0.83 below 1.0
2026-08-10T11:03:59.476528,LICI,setup,SL too wide (2.69 ATR)
2026-08-10T11:03:59.476528,ITC,setup,no fresh breakout/continuation trigger
2026-08-10T11:03:59.492632,GVT&D,setup,no fresh breakout/continuation trigger
2026-08-10T11:03:59.492632,TORNTPHARM,setup,no fresh breakout/continuation trigger
2026-08-10T11:04:59.961529,HDFCBANK,setup,RVOL 0.81 below 1.0
2026-08-10T11:04:59.961529,KALYANKJIL,setup,no fresh breakout/continuation trigger
2026-08-10T11:04:59.961529,ICICIBANK,setup,RVOL 0.42 below 1.0
2026-08-10T11:04:59.961529,RELIANCE,setup,entry extended 0.38 ATR
2026-08-10T11:04:59.961529,INFY,setup,no fresh breakout/continuation trigger
2026-08-10T11:04:59.961529,SBIN,setup,no fresh breakout/continuation trigger
2026-08-10T11:04:59.961529,BAJFINANCE,setup,SL too wide (1.56 ATR)
2026-08-10T11:04:59.961529,BHARTIARTL,setup,no fresh breakout/continuation trigger
2026-08-10T11:04:59.961529,ETERNAL,setup,no fresh breakout/continuation trigger
2026-08-10T11:04:59.977197,AXISBANK,setup,no fresh breakout/continuation trigger
2026-08-10T11:04:59.977197,TCS,setup,no fresh breakout/continuation trigger
2026-08-10T11:04:59.977197,BSE,setup,no fresh breakout/continuation trigger
2026-08-10T11:04:59.977197,M&M,setup,no fresh breakout/continuation trigger
2026-08-10T11:04:59.977197,LT,setup,no fresh breakout/continuation trigger
2026-08-10T11:04:59.977197,SWIGGY,setup,no fresh breakout/continuation trigger
2026-08-10T11:04:59.977197,DIXON,setup,no fresh breakout/continuation trigger
2026-08-10T11:04:59.977197,SHRIRAMFIN,setup,no fresh breakout/continuation trigger
2026-08-10T11:04:59.977197,TVSMOTOR,setup,no fresh breakout/continuation trigger
2026-08-10T11:04:59.977197,MARUTI,setup,no fresh breakout/continuation trigger
2026-08-10T11:04:59.977197,COFORGE,setup,no fresh breakout/continuation trigger
2026-08-10T11:04:59.977197,JIOFIN,setup,no fresh breakout/continuation trigger
2026-08-10T11:04:59.977197,BHEL,setup,no fresh breakout/continuation trigger
2026-08-10T11:04:59.977197,PAYTM,setup,SL too wide (1.87 ATR)
2026-08-10T11:04:59.977197,BAJAJ-AUTO,setup,entry extended 0.34 ATR
2026-08-10T11:04:59.977197,ADANIPOWER,setup,no fresh breakout/continuation trigger
2026-08-10T11:04:59.977197,TECHM,setup,no fresh breakout/continuation trigger
2026-08-10T11:04:59.977197,INDIGO,setup,no fresh breakout/continuation trigger
2026-08-10T11:04:59.977197,KAYNES,setup,no fresh breakout/continuation trigger
2026-08-10T11:04:59.977197,KOTAKBANK,setup,no fresh breakout/continuation trigger
2026-08-10T11:04:59.977197,OFSS,setup,no fresh breakout/continuation trigger
2026-08-10T11:04:59.977197,HINDALCO,setup,no fresh breakout/continuation trigger
2026-08-10T11:04:59.977197,SUNPHARMA,setup,no fresh breakout/continuation trigger
2026-08-10T11:04:59.977197,BEL,setup,no fresh breakout/continuation trigger
2026-08-10T11:04:59.977197,MCX,setup,no fresh breakout/continuation trigger
2026-08-10T11:04:59.977197,HCLTECH,setup,no fresh breakout/continuation trigger
2026-08-10T11:04:59.992834,DIVISLAB,setup,RVOL 0.83 below 1.0
2026-08-10T11:04:59.992834,LICI,setup,SL too wide (2.69 ATR)
2026-08-10T11:04:59.992834,ITC,setup,no fresh breakout/continuation trigger
2026-08-10T11:04:59.992834,GVT&D,setup,no fresh breakout/continuation trigger
2026-08-10T11:04:59.992834,TORNTPHARM,setup,no fresh breakout/continuation trigger
2026-08-10T11:06:00.473883,HDFCBANK,setup,RVOL 0.81 below 1.0
2026-08-10T11:06:00.474922,KALYANKJIL,setup,no fresh breakout/continuation trigger
2026-08-10T11:06:00.475928,ICICIBANK,setup,RVOL 0.42 below 1.0
2026-08-10T11:06:00.475928,RELIANCE,setup,entry extended 0.38 ATR
2026-08-10T11:06:00.475928,INFY,setup,no fresh breakout/continuation trigger
2026-08-10T11:06:00.475928,SBIN,setup,no fresh breakout/continuation trigger
2026-08-10T11:06:00.475928,BAJFINANCE,setup,SL too wide (1.56 ATR)
2026-08-10T11:06:00.475928,BHARTIARTL,setup,no fresh breakout/continuation trigger
2026-08-10T11:06:00.475928,ETERNAL,setup,no fresh breakout/continuation trigger
2026-08-10T11:06:00.475928,AXISBANK,setup,no fresh breakout/continuation trigger
2026-08-10T11:06:00.475928,TCS,setup,no fresh breakout/continuation trigger
2026-08-10T11:06:00.475928,BSE,setup,no fresh breakout/continuation trigger
2026-08-10T11:06:00.475928,M&M,setup,no fresh breakout/continuation trigger
2026-08-10T11:06:00.475928,LT,setup,no fresh breakout/continuation trigger
2026-08-10T11:06:00.475928,SWIGGY,setup,no fresh breakout/continuation trigger
2026-08-10T11:06:00.475928,DIXON,setup,no fresh breakout/continuation trigger
2026-08-10T11:06:00.475928,SHRIRAMFIN,setup,no fresh breakout/continuation trigger
2026-08-10T11:06:00.475928,TVSMOTOR,setup,no fresh breakout/continuation trigger
2026-08-10T11:06:00.475928,MARUTI,setup,no fresh breakout/continuation trigger
2026-08-10T11:06:00.475928,COFORGE,setup,no fresh breakout/continuation trigger
2026-08-10T11:06:00.475928,JIOFIN,setup,no fresh breakout/continuation trigger
2026-08-10T11:06:00.475928,BHEL,setup,no fresh breakout/continuation trigger
2026-08-10T11:06:00.475928,PAYTM,setup,SL too wide (1.87 ATR)
2026-08-10T11:06:00.475928,BAJAJ-AUTO,setup,entry extended 0.34 ATR
2026-08-10T11:06:00.475928,ADANIPOWER,setup,no fresh breakout/continuation trigger
2026-08-10T11:06:00.475928,TECHM,setup,no fresh breakout/continuation trigger
2026-08-10T11:06:00.475928,INDIGO,setup,no fresh breakout/continuation trigger
2026-08-10T11:06:00.475928,KAYNES,setup,no fresh breakout/continuation trigger
2026-08-10T11:06:00.491997,KOTAKBANK,setup,no fresh breakout/continuation trigger
2026-08-10T11:06:00.491997,OFSS,setup,no fresh breakout/continuation trigger
2026-08-10T11:06:00.491997,HINDALCO,setup,no fresh breakout/continuation trigger
2026-08-10T11:06:00.491997,SUNPHARMA,setup,no fresh breakout/continuation trigger
2026-08-10T11:06:00.491997,BEL,setup,no fresh breakout/continuation trigger
2026-08-10T11:06:00.491997,MCX,setup,no fresh breakout/continuation trigger
2026-08-10T11:06:00.491997,HCLTECH,setup,no fresh breakout/continuation trigger
2026-08-10T11:06:00.491997,DIVISLAB,setup,RVOL 0.83 below 1.0
2026-08-10T11:06:00.491997,LICI,setup,SL too wide (2.69 ATR)
2026-08-10T11:06:00.491997,ITC,setup,no fresh breakout/continuation trigger
2026-08-10T11:06:00.491997,GVT&D,setup,no fresh breakout/continuation trigger
2026-08-10T11:06:00.491997,TORNTPHARM,setup,no fresh breakout/continuation trigger
2026-08-10T11:07:00.971315,HDFCBANK,setup,RVOL 0.81 below 1.0
2026-08-10T11:07:00.971315,KALYANKJIL,setup,no fresh breakout/continuation trigger
2026-08-10T11:07:00.972318,ICICIBANK,setup,RVOL 0.42 below 1.0
2026-08-10T11:07:00.973709,RELIANCE,setup,entry extended 0.38 ATR
2026-08-10T11:07:00.973709,INFY,setup,no fresh breakout/continuation trigger
2026-08-10T11:07:00.974712,SBIN,setup,no fresh breakout/continuation trigger
2026-08-10T11:07:00.974712,BAJFINANCE,setup,SL too wide (1.56 ATR)
2026-08-10T11:07:00.974712,BHARTIARTL,setup,no fresh breakout/continuation trigger
2026-08-10T11:07:00.974712,ETERNAL,setup,no fresh breakout/continuation trigger
2026-08-10T11:07:00.974712,AXISBANK,setup,no fresh breakout/continuation trigger
2026-08-10T11:07:00.974712,TCS,setup,no fresh breakout/continuation trigger
2026-08-10T11:07:00.974712,BSE,setup,no fresh breakout/continuation trigger
2026-08-10T11:07:00.974712,M&M,setup,no fresh breakout/continuation trigger
2026-08-10T11:07:00.974712,LT,setup,no fresh breakout/continuation trigger
2026-08-10T11:07:00.974712,SWIGGY,setup,no fresh breakout/continuation trigger
2026-08-10T11:07:00.974712,DIXON,setup,no fresh breakout/continuation trigger
2026-08-10T11:07:00.974712,SHRIRAMFIN,setup,no fresh breakout/continuation trigger
2026-08-10T11:07:00.974712,TVSMOTOR,setup,no fresh breakout/continuation trigger
2026-08-10T11:07:00.974712,MARUTI,setup,no fresh breakout/continuation trigger
2026-08-10T11:07:00.974712,COFORGE,setup,no fresh breakout/continuation trigger
2026-08-10T11:07:00.974712,JIOFIN,setup,no fresh breakout/continuation trigger
2026-08-10T11:07:00.974712,BHEL,setup,no fresh breakout/continuation trigger
2026-08-10T11:07:00.974712,PAYTM,setup,SL too wide (1.87 ATR)
2026-08-10T11:07:00.974712,BAJAJ-AUTO,setup,entry extended 0.34 ATR
2026-08-10T11:07:00.974712,ADANIPOWER,setup,no fresh breakout/continuation trigger
2026-08-10T11:07:00.974712,TECHM,setup,no fresh breakout/continuation trigger
2026-08-10T11:07:00.974712,INDIGO,setup,no fresh breakout/continuation trigger
2026-08-10T11:07:00.974712,KAYNES,setup,no fresh breakout/continuation trigger
2026-08-10T11:07:00.974712,KOTAKBANK,setup,no fresh breakout/continuation trigger
2026-08-10T11:07:00.974712,OFSS,setup,no fresh breakout/continuation trigger
2026-08-10T11:07:00.974712,HINDALCO,setup,no fresh breakout/continuation trigger
2026-08-10T11:07:00.990538,SUNPHARMA,setup,no fresh breakout/continuation trigger
2026-08-10T11:07:00.990538,BEL,setup,no fresh breakout/continuation trigger
2026-08-10T11:07:00.992438,MCX,setup,no fresh breakout/continuation trigger
2026-08-10T11:07:00.992438,HCLTECH,setup,no fresh breakout/continuation trigger
2026-08-10T11:07:00.992438,DIVISLAB,setup,RVOL 0.83 below 1.0
2026-08-10T11:07:00.994443,LICI,setup,SL too wide (2.69 ATR)
2026-08-10T11:07:00.994443,ITC,setup,no fresh breakout/continuation trigger
2026-08-10T11:07:00.994443,GVT&D,setup,no fresh breakout/continuation trigger
2026-08-10T11:07:00.996446,TORNTPHARM,setup,no fresh breakout/continuation trigger
2026-08-10T11:08:01.445142,HDFCBANK,setup,RVOL 0.81 below 1.0
2026-08-10T11:08:01.445142,KALYANKJIL,setup,no fresh breakout/continuation trigger
2026-08-10T11:08:01.445142,ICICIBANK,setup,RVOL 0.42 below 1.0
2026-08-10T11:08:01.445142,RELIANCE,setup,entry extended 0.38 ATR
2026-08-10T11:08:01.445142,INFY,setup,no fresh breakout/continuation trigger
2026-08-10T11:08:01.445142,SBIN,setup,no fresh breakout/continuation trigger
2026-08-10T11:08:01.445142,BAJFINANCE,setup,SL too wide (1.56 ATR)
2026-08-10T11:08:01.445142,BHARTIARTL,setup,no fresh breakout/continuation trigger
2026-08-10T11:08:01.445142,ETERNAL,setup,no fresh breakout/continuation trigger
2026-08-10T11:08:01.460879,AXISBANK,setup,no fresh breakout/continuation trigger
2026-08-10T11:08:01.460879,TCS,setup,no fresh breakout/continuation trigger
2026-08-10T11:08:01.460879,BSE,setup,no fresh breakout/continuation trigger
2026-08-10T11:08:01.460879,M&M,setup,no fresh breakout/continuation trigger
2026-08-10T11:08:01.460879,LT,setup,no fresh breakout/continuation trigger
2026-08-10T11:08:01.460879,SWIGGY,setup,no fresh breakout/continuation trigger
2026-08-10T11:08:01.460879,DIXON,setup,no fresh breakout/continuation trigger
2026-08-10T11:08:01.460879,SHRIRAMFIN,setup,no fresh breakout/continuation trigger
2026-08-10T11:08:01.460879,TVSMOTOR,setup,no fresh breakout/continuation trigger
2026-08-10T11:08:01.460879,MARUTI,setup,no fresh breakout/continuation trigger
2026-08-10T11:08:01.460879,COFORGE,setup,no fresh breakout/continuation trigger
2026-08-10T11:08:01.460879,JIOFIN,setup,no fresh breakout/continuation trigger
2026-08-10T11:08:01.460879,BHEL,setup,no fresh breakout/continuation trigger
2026-08-10T11:08:01.460879,PAYTM,setup,SL too wide (1.87 ATR)
2026-08-10T11:08:01.460879,BAJAJ-AUTO,setup,entry extended 0.34 ATR
2026-08-10T11:08:01.460879,ADANIPOWER,setup,no fresh breakout/continuation trigger
2026-08-10T11:08:01.460879,TECHM,setup,no fresh breakout/continuation trigger
2026-08-10T11:08:01.460879,INDIGO,setup,no fresh breakout/continuation trigger
2026-08-10T11:08:01.460879,KAYNES,setup,no fresh breakout/continuation trigger
2026-08-10T11:08:01.460879,KOTAKBANK,setup,no fresh breakout/continuation trigger
2026-08-10T11:08:01.460879,OFSS,setup,no fresh breakout/continuation trigger
2026-08-10T11:08:01.460879,HINDALCO,setup,no fresh breakout/continuation trigger
2026-08-10T11:08:01.460879,SUNPHARMA,setup,no fresh breakout/continuation trigger
2026-08-10T11:08:01.460879,BEL,setup,no fresh breakout/continuation trigger
2026-08-10T11:08:01.460879,MCX,setup,no fresh breakout/continuation trigger
2026-08-10T11:08:01.460879,HCLTECH,setup,no fresh breakout/continuation trigger
2026-08-10T11:08:01.476633,DIVISLAB,setup,RVOL 0.83 below 1.0
2026-08-10T11:08:01.476633,LICI,setup,SL too wide (2.69 ATR)
2026-08-10T11:08:01.476633,ITC,setup,no fresh breakout/continuation trigger
2026-08-10T11:08:01.476633,GVT&D,setup,no fresh breakout/continuation trigger
2026-08-10T11:08:01.476633,TORNTPHARM,setup,no fresh breakout/continuation trigger
2026-08-10T11:09:07.039101,HDFCBANK,setup,no fresh breakout/continuation trigger
2026-08-10T11:09:07.039101,KALYANKJIL,setup,no fresh breakout/continuation trigger
2026-08-10T11:09:07.039101,ICICIBANK,setup,no fresh breakout/continuation trigger
2026-08-10T11:09:07.039101,RELIANCE,setup,no fresh breakout/continuation trigger
2026-08-10T11:09:07.039101,INFY,setup,no fresh breakout/continuation trigger
2026-08-10T11:09:07.039101,SBIN,setup,no fresh breakout/continuation trigger
2026-08-10T11:09:07.039101,BAJFINANCE,setup,RVOL 0.30 below 1.0
2026-08-10T11:09:07.039101,BHARTIARTL,setup,no fresh breakout/continuation trigger
2026-08-10T11:09:07.039101,ETERNAL,setup,no fresh breakout/continuation trigger
2026-08-10T11:09:07.039101,AXISBANK,setup,no fresh breakout/continuation trigger
2026-08-10T11:09:07.039101,TCS,setup,no fresh breakout/continuation trigger
2026-08-10T11:09:07.039101,BSE,setup,no fresh breakout/continuation trigger
2026-08-10T11:09:07.039101,M&M,setup,no fresh breakout/continuation trigger
2026-08-10T11:09:07.039101,LT,setup,SL too wide (1.52 ATR)
2026-08-10T11:09:07.039101,SWIGGY,setup,no fresh breakout/continuation trigger
2026-08-10T11:09:07.039101,DIXON,setup,no fresh breakout/continuation trigger
2026-08-10T11:09:07.039101,SHRIRAMFIN,setup,no fresh breakout/continuation trigger
2026-08-10T11:09:07.039101,TVSMOTOR,setup,no fresh breakout/continuation trigger
2026-08-10T11:09:07.039101,MARUTI,setup,no fresh breakout/continuation trigger
2026-08-10T11:09:07.039101,COFORGE,setup,no fresh breakout/continuation trigger
2026-08-10T11:09:07.039101,JIOFIN,setup,no fresh breakout/continuation trigger
2026-08-10T11:09:07.039101,BHEL,setup,SL too wide (2.31 ATR)
2026-08-10T11:09:07.039101,PAYTM,setup,SL too wide (2.80 ATR)
2026-08-10T11:09:07.054745,BAJAJ-AUTO,setup,no fresh breakout/continuation trigger
2026-08-10T11:09:07.054745,ADANIPOWER,setup,no fresh breakout/continuation trigger
2026-08-10T11:09:07.054745,TECHM,setup,no fresh breakout/continuation trigger
2026-08-10T11:09:07.054745,INDIGO,setup,SL too wide (2.14 ATR)
2026-08-10T11:09:07.054745,KAYNES,setup,no fresh breakout/continuation trigger
2026-08-10T11:09:07.054745,KOTAKBANK,setup,no fresh breakout/continuation trigger
2026-08-10T11:09:07.058476,OFSS,setup,no fresh breakout/continuation trigger
2026-08-10T11:09:07.058476,HINDALCO,setup,no fresh breakout/continuation trigger
2026-08-10T11:09:07.058476,SUNPHARMA,setup,no fresh breakout/continuation trigger
2026-08-10T11:09:07.058476,BEL,setup,intraday data unavailable
2026-08-10T11:09:07.058476,MCX,setup,SL too wide (1.76 ATR)
2026-08-10T11:09:07.058476,HCLTECH,setup,no fresh breakout/continuation trigger
2026-08-10T11:09:07.058476,DIVISLAB,setup,no fresh breakout/continuation trigger
2026-08-10T11:09:07.058476,LICI,setup,SL too wide (3.48 ATR)
2026-08-10T11:09:07.058476,ITC,setup,no fresh breakout/continuation trigger
2026-08-10T11:09:07.058476,GVT&D,setup,no fresh breakout/continuation trigger
2026-08-10T11:09:07.058476,TORNTPHARM,setup,no fresh breakout/continuation trigger
2026-08-10T11:10:07.568572,HDFCBANK,setup,no fresh breakout/continuation trigger
2026-08-10T11:10:07.568572,KALYANKJIL,setup,no fresh breakout/continuation trigger
2026-08-10T11:10:07.584268,ICICIBANK,setup,no fresh breakout/continuation trigger
2026-08-10T11:10:07.584268,RELIANCE,setup,no fresh breakout/continuation trigger
2026-08-10T11:10:07.584268,INFY,setup,no fresh breakout/continuation trigger
2026-08-10T11:10:07.584268,SBIN,setup,no fresh breakout/continuation trigger
2026-08-10T11:10:07.584268,BAJFINANCE,setup,RVOL 0.30 below 1.0
2026-08-10T11:10:07.584268,BHARTIARTL,setup,no fresh breakout/continuation trigger
2026-08-10T11:10:07.584268,ETERNAL,setup,no fresh breakout/continuation trigger
2026-08-10T11:10:07.584268,AXISBANK,setup,no fresh breakout/continuation trigger
2026-08-10T11:10:07.584268,TCS,setup,no fresh breakout/continuation trigger
2026-08-10T11:10:07.584268,BSE,setup,no fresh breakout/continuation trigger
2026-08-10T11:10:07.584268,M&M,setup,no fresh breakout/continuation trigger
2026-08-10T11:10:07.584268,LT,setup,SL too wide (1.52 ATR)
2026-08-10T11:10:07.584268,SWIGGY,setup,no fresh breakout/continuation trigger
2026-08-10T11:10:07.584268,DIXON,setup,no fresh breakout/continuation trigger
2026-08-10T11:10:07.584268,SHRIRAMFIN,setup,no fresh breakout/continuation trigger
2026-08-10T11:10:07.584268,TVSMOTOR,setup,no fresh breakout/continuation trigger
2026-08-10T11:10:07.584268,MARUTI,setup,no fresh breakout/continuation trigger
2026-08-10T11:10:07.584268,COFORGE,setup,no fresh breakout/continuation trigger
2026-08-10T11:10:07.584268,JIOFIN,setup,no fresh breakout/continuation trigger
2026-08-10T11:10:07.584268,BHEL,setup,SL too wide (2.31 ATR)
2026-08-10T11:10:07.584268,PAYTM,setup,SL too wide (2.80 ATR)
2026-08-10T11:10:07.584268,BAJAJ-AUTO,setup,no fresh breakout/continuation trigger
2026-08-10T11:10:07.584268,ADANIPOWER,setup,no fresh breakout/continuation trigger
2026-08-10T11:10:07.584268,TECHM,setup,no fresh breakout/continuation trigger
2026-08-10T11:10:07.584268,INDIGO,setup,SL too wide (2.14 ATR)
2026-08-10T11:10:07.584268,KAYNES,setup,no fresh breakout/continuation trigger
2026-08-10T11:10:07.600248,KOTAKBANK,setup,no fresh breakout/continuation trigger
2026-08-10T11:10:07.600248,OFSS,setup,no fresh breakout/continuation trigger
2026-08-10T11:10:07.600248,HINDALCO,setup,no fresh breakout/continuation trigger
2026-08-10T11:10:07.600248,SUNPHARMA,setup,no fresh breakout/continuation trigger
2026-08-10T11:10:07.600248,BEL,setup,no fresh breakout/continuation trigger
2026-08-10T11:10:07.600248,MCX,setup,SL too wide (1.76 ATR)
2026-08-10T11:10:07.600248,HCLTECH,setup,no fresh breakout/continuation trigger
2026-08-10T11:10:07.600248,DIVISLAB,setup,no fresh breakout/continuation trigger
2026-08-10T11:10:07.600248,LICI,setup,SL too wide (3.48 ATR)
2026-08-10T11:10:07.600248,ITC,setup,no fresh breakout/continuation trigger
2026-08-10T11:10:07.600248,GVT&D,setup,no fresh breakout/continuation trigger
2026-08-10T11:10:07.600248,TORNTPHARM,setup,no fresh breakout/continuation trigger
2026-08-10T11:11:08.085036,HDFCBANK,setup,no fresh breakout/continuation trigger
2026-08-10T11:11:08.085036,KALYANKJIL,setup,no fresh breakout/continuation trigger
2026-08-10T11:11:08.085036,ICICIBANK,setup,no fresh breakout/continuation trigger
2026-08-10T11:11:08.085036,RELIANCE,setup,no fresh breakout/continuation trigger
2026-08-10T11:11:08.085036,INFY,setup,no fresh breakout/continuation trigger
2026-08-10T11:11:08.085036,SBIN,setup,no fresh breakout/continuation trigger
2026-08-10T11:11:08.085036,BAJFINANCE,setup,RVOL 0.30 below 1.0
2026-08-10T11:11:08.085036,BHARTIARTL,setup,no fresh breakout/continuation trigger
2026-08-10T11:11:08.085036,ETERNAL,setup,no fresh breakout/continuation trigger
2026-08-10T11:11:08.085036,AXISBANK,setup,no fresh breakout/continuation trigger
2026-08-10T11:11:08.085036,TCS,setup,no fresh breakout/continuation trigger
2026-08-10T11:11:08.085036,BSE,setup,no fresh breakout/continuation trigger
2026-08-10T11:11:08.085036,M&M,setup,no fresh breakout/continuation trigger
2026-08-10T11:11:08.100681,LT,setup,SL too wide (1.52 ATR)
2026-08-10T11:11:08.100681,SWIGGY,setup,no fresh breakout/continuation trigger
2026-08-10T11:11:08.100681,DIXON,setup,no fresh breakout/continuation trigger
2026-08-10T11:11:08.100681,SHRIRAMFIN,setup,no fresh breakout/continuation trigger
2026-08-10T11:11:08.100681,TVSMOTOR,setup,no fresh breakout/continuation trigger
2026-08-10T11:11:08.100681,MARUTI,setup,no fresh breakout/continuation trigger
2026-08-10T11:11:08.100681,COFORGE,setup,no fresh breakout/continuation trigger
2026-08-10T11:11:08.100681,JIOFIN,setup,no fresh breakout/continuation trigger
2026-08-10T11:11:08.100681,BHEL,setup,SL too wide (2.31 ATR)
2026-08-10T11:11:08.100681,PAYTM,setup,SL too wide (2.80 ATR)
2026-08-10T11:11:08.100681,BAJAJ-AUTO,setup,no fresh breakout/continuation trigger
2026-08-10T11:11:08.100681,ADANIPOWER,setup,no fresh breakout/continuation trigger
2026-08-10T11:11:08.100681,TECHM,setup,no fresh breakout/continuation trigger
2026-08-10T11:11:08.100681,INDIGO,setup,SL too wide (2.14 ATR)
2026-08-10T11:11:08.100681,KAYNES,setup,no fresh breakout/continuation trigger
2026-08-10T11:11:08.100681,KOTAKBANK,setup,no fresh breakout/continuation trigger
2026-08-10T11:11:08.100681,OFSS,setup,no fresh breakout/continuation trigger
2026-08-10T11:11:08.100681,HINDALCO,setup,no fresh breakout/continuation trigger
2026-08-10T11:11:08.100681,SUNPHARMA,setup,no fresh breakout/continuation trigger
2026-08-10T11:11:08.100681,BEL,setup,no fresh breakout/continuation trigger
2026-08-10T11:11:08.100681,MCX,setup,SL too wide (1.76 ATR)
2026-08-10T11:11:08.100681,HCLTECH,setup,no fresh breakout/continuation trigger
2026-08-10T11:11:08.100681,DIVISLAB,setup,no fresh breakout/continuation trigger
2026-08-10T11:11:08.100681,LICI,setup,SL too wide (3.48 ATR)
2026-08-10T11:11:08.100681,ITC,setup,no fresh breakout/continuation trigger
2026-08-10T11:11:08.100681,GVT&D,setup,no fresh breakout/continuation trigger
2026-08-10T11:11:08.116766,TORNTPHARM,setup,no fresh breakout/continuation trigger
2026-08-10T11:12:08.636801,HDFCBANK,setup,no fresh breakout/continuation trigger
2026-08-10T11:12:08.636801,KALYANKJIL,setup,no fresh breakout/continuation trigger
2026-08-10T11:12:08.636801,ICICIBANK,setup,no fresh breakout/continuation trigger
2026-08-10T11:12:08.636801,RELIANCE,setup,no fresh breakout/continuation trigger
2026-08-10T11:12:08.636801,INFY,setup,no fresh breakout/continuation trigger
2026-08-10T11:12:08.636801,SBIN,setup,no fresh breakout/continuation trigger
2026-08-10T11:12:08.636801,BAJFINANCE,setup,RVOL 0.30 below 1.0
2026-08-10T11:12:08.636801,BHARTIARTL,setup,no fresh breakout/continuation trigger
2026-08-10T11:12:08.636801,ETERNAL,setup,no fresh breakout/continuation trigger
2026-08-10T11:12:08.636801,AXISBANK,setup,no fresh breakout/continuation trigger
2026-08-10T11:12:08.636801,TCS,setup,no fresh breakout/continuation trigger
2026-08-10T11:12:08.636801,BSE,setup,no fresh breakout/continuation trigger
2026-08-10T11:12:08.636801,M&M,setup,no fresh breakout/continuation trigger
2026-08-10T11:12:08.636801,LT,setup,SL too wide (1.52 ATR)
2026-08-10T11:12:08.636801,SWIGGY,setup,no fresh breakout/continuation trigger
2026-08-10T11:12:08.636801,DIXON,setup,no fresh breakout/continuation trigger
2026-08-10T11:12:08.636801,SHRIRAMFIN,setup,no fresh breakout/continuation trigger
2026-08-10T11:12:08.636801,TVSMOTOR,setup,no fresh breakout/continuation trigger
2026-08-10T11:12:08.636801,MARUTI,setup,no fresh breakout/continuation trigger
2026-08-10T11:12:08.636801,COFORGE,setup,no fresh breakout/continuation trigger
2026-08-10T11:12:08.636801,JIOFIN,setup,no fresh breakout/continuation trigger
2026-08-10T11:12:08.636801,BHEL,setup,SL too wide (2.31 ATR)
2026-08-10T11:12:08.650917,PAYTM,setup,SL too wide (2.80 ATR)
2026-08-10T11:12:08.650917,BAJAJ-AUTO,setup,no fresh breakout/continuation trigger
2026-08-10T11:12:08.652166,ADANIPOWER,setup,no fresh breakout/continuation trigger
2026-08-10T11:12:08.652166,TECHM,setup,no fresh breakout/continuation trigger
2026-08-10T11:12:08.653177,INDIGO,setup,SL too wide (2.14 ATR)
2026-08-10T11:12:08.653177,KAYNES,setup,no fresh breakout/continuation trigger
2026-08-10T11:12:08.653177,KOTAKBANK,setup,no fresh breakout/continuation trigger
2026-08-10T11:12:08.654326,OFSS,setup,no fresh breakout/continuation trigger
2026-08-10T11:12:08.654326,HINDALCO,setup,no fresh breakout/continuation trigger
2026-08-10T11:12:08.655330,SUNPHARMA,setup,no fresh breakout/continuation trigger
2026-08-10T11:12:08.655330,BEL,setup,no fresh breakout/continuation trigger
2026-08-10T11:12:08.656471,MCX,setup,SL too wide (1.76 ATR)
2026-08-10T11:12:08.656471,HCLTECH,setup,no fresh breakout/continuation trigger
2026-08-10T11:12:08.656471,DIVISLAB,setup,no fresh breakout/continuation trigger
2026-08-10T11:12:08.657476,LICI,setup,SL too wide (3.48 ATR)
2026-08-10T11:12:08.657476,ITC,setup,no fresh breakout/continuation trigger
2026-08-10T11:12:08.658479,GVT&D,setup,no fresh breakout/continuation trigger
2026-08-10T11:12:08.658479,TORNTPHARM,setup,no fresh breakout/continuation trigger
2026-08-10T11:13:09.100954,HDFCBANK,setup,no fresh breakout/continuation trigger
2026-08-10T11:13:09.100954,KALYANKJIL,setup,no fresh breakout/continuation trigger
2026-08-10T11:13:09.100954,ICICIBANK,setup,no fresh breakout/continuation trigger
2026-08-10T11:13:09.100954,RELIANCE,setup,no fresh breakout/continuation trigger
2026-08-10T11:13:09.100954,INFY,setup,no fresh breakout/continuation trigger
2026-08-10T11:13:09.100954,SBIN,setup,no fresh breakout/continuation trigger
2026-08-10T11:13:09.100954,BAJFINANCE,setup,RVOL 0.30 below 1.0
2026-08-10T11:13:09.100954,BHARTIARTL,setup,no fresh breakout/continuation trigger
2026-08-10T11:13:09.100954,ETERNAL,setup,no fresh breakout/continuation trigger
2026-08-10T11:13:09.100954,AXISBANK,setup,no fresh breakout/continuation trigger
2026-08-10T11:13:09.100954,TCS,setup,no fresh breakout/continuation trigger
2026-08-10T11:13:09.100954,BSE,setup,no fresh breakout/continuation trigger
2026-08-10T11:13:09.100954,M&M,setup,no fresh breakout/continuation trigger
2026-08-10T11:13:09.100954,LT,setup,SL too wide (1.52 ATR)
2026-08-10T11:13:09.116851,SWIGGY,setup,no fresh breakout/continuation trigger
2026-08-10T11:13:09.116851,DIXON,setup,no fresh breakout/continuation trigger
2026-08-10T11:13:09.116851,SHRIRAMFIN,setup,no fresh breakout/continuation trigger
2026-08-10T11:13:09.116851,TVSMOTOR,setup,no fresh breakout/continuation trigger
2026-08-10T11:13:09.116851,MARUTI,setup,no fresh breakout/continuation trigger
2026-08-10T11:13:09.116851,COFORGE,setup,no fresh breakout/continuation trigger
2026-08-10T11:13:09.116851,JIOFIN,setup,no fresh breakout/continuation trigger
2026-08-10T11:13:09.116851,BHEL,setup,SL too wide (2.31 ATR)
2026-08-10T11:13:09.116851,PAYTM,setup,SL too wide (2.80 ATR)
2026-08-10T11:13:09.116851,BAJAJ-AUTO,setup,no fresh breakout/continuation trigger
2026-08-10T11:13:09.116851,ADANIPOWER,setup,no fresh breakout/continuation trigger
2026-08-10T11:13:09.116851,TECHM,setup,no fresh breakout/continuation trigger
2026-08-10T11:13:09.116851,INDIGO,setup,SL too wide (2.14 ATR)
2026-08-10T11:13:09.116851,KAYNES,setup,no fresh breakout/continuation trigger
2026-08-10T11:13:09.116851,KOTAKBANK,setup,no fresh breakout/continuation trigger
2026-08-10T11:13:09.116851,OFSS,setup,no fresh breakout/continuation trigger
2026-08-10T11:13:09.116851,HINDALCO,setup,no fresh breakout/continuation trigger
2026-08-10T11:13:09.116851,SUNPHARMA,setup,no fresh breakout/continuation trigger
2026-08-10T11:13:09.116851,BEL,setup,no fresh breakout/continuation trigger
2026-08-10T11:13:09.116851,MCX,setup,SL too wide (1.76 ATR)
2026-08-10T11:13:09.116851,HCLTECH,setup,no fresh breakout/continuation trigger
2026-08-10T11:13:09.116851,DIVISLAB,setup,no fresh breakout/continuation trigger
2026-08-10T11:13:09.116851,LICI,setup,SL too wide (3.48 ATR)
2026-08-10T11:13:09.116851,ITC,setup,no fresh breakout/continuation trigger
2026-08-10T11:13:09.116851,GVT&D,setup,no fresh breakout/continuation trigger
2026-08-10T11:13:09.116851,TORNTPHARM,setup,no fresh breakout/continuation trigger
2026-08-10T11:14:17.471132,HDFCBANK,setup,no fresh breakout/continuation trigger
2026-08-10T11:14:17.471132,KALYANKJIL,setup,entry extended 0.39 ATR
2026-08-10T11:14:17.472463,ICICIBANK,setup,no fresh breakout/continuation trigger
2026-08-10T11:14:17.472463,RELIANCE,setup,no fresh breakout/continuation trigger
2026-08-10T11:14:17.473760,INFY,setup,no fresh breakout/continuation trigger
2026-08-10T11:14:17.473760,SBIN,setup,no fresh breakout/continuation trigger
2026-08-10T11:14:17.474776,BAJFINANCE,setup,no fresh breakout/continuation trigger
2026-08-10T11:14:17.475917,BHARTIARTL,setup,no fresh breakout/continuation trigger
2026-08-10T11:14:17.475917,ETERNAL,setup,no fresh breakout/continuation trigger
2026-08-10T11:14:17.476921,AXISBANK,setup,no fresh breakout/continuation trigger
2026-08-10T11:14:17.476921,TCS,setup,no fresh breakout/continuation trigger
2026-08-10T11:14:17.478222,BSE,setup,no fresh breakout/continuation trigger
2026-08-10T11:14:17.478222,M&M,setup,no fresh breakout/continuation trigger
2026-08-10T11:14:17.479225,LT,setup,no fresh breakout/continuation trigger
2026-08-10T11:14:17.479225,SWIGGY,setup,no fresh breakout/continuation trigger
2026-08-10T11:14:17.480317,DIXON,setup,intraday data unavailable
2026-08-10T11:14:17.480317,SHRIRAMFIN,setup,no fresh breakout/continuation trigger
2026-08-10T11:14:17.481576,TVSMOTOR,setup,no fresh breakout/continuation trigger
2026-08-10T11:14:17.481576,MARUTI,setup,no fresh breakout/continuation trigger
2026-08-10T11:14:17.482739,COFORGE,setup,no fresh breakout/continuation trigger
2026-08-10T11:14:17.482739,JIOFIN,setup,entry extended 0.40 ATR
2026-08-10T11:14:17.482739,BHEL,setup,SL too wide (2.59 ATR)
2026-08-10T11:14:17.483918,PAYTM,setup,SL too wide (2.01 ATR)
2026-08-10T11:14:17.483918,BAJAJ-AUTO,setup,no fresh breakout/continuation trigger
2026-08-10T11:14:17.485027,ADANIPOWER,setup,no fresh breakout/continuation trigger
2026-08-10T11:14:17.486031,TECHM,setup,no fresh breakout/continuation trigger
2026-08-10T11:14:17.486031,INDIGO,setup,no fresh breakout/continuation trigger
2026-08-10T11:14:17.486031,KAYNES,setup,no fresh breakout/continuation trigger
2026-08-10T11:14:17.487060,KOTAKBANK,setup,no fresh breakout/continuation trigger
2026-08-10T11:14:17.488096,OFSS,setup,no fresh breakout/continuation trigger
2026-08-10T11:14:17.488096,HINDALCO,setup,entry extended 0.43 ATR
2026-08-10T11:14:17.488096,SUNPHARMA,setup,no fresh breakout/continuation trigger
2026-08-10T11:14:17.489167,BEL,setup,no fresh breakout/continuation trigger
2026-08-10T11:14:17.489167,MCX,setup,SL too wide (2.59 ATR)
2026-08-10T11:14:17.490194,HCLTECH,setup,no fresh breakout/continuation trigger
2026-08-10T11:14:17.490194,DIVISLAB,setup,no fresh breakout/continuation trigger
2026-08-10T11:14:17.491591,LICI,setup,no fresh breakout/continuation trigger
2026-08-10T11:14:17.491591,ITC,setup,no fresh breakout/continuation trigger
2026-08-10T11:14:17.491591,GVT&D,setup,no fresh breakout/continuation trigger
2026-08-10T11:14:17.492695,TORNTPHARM,setup,intraday data unavailable
2026-08-10T11:15:18.101909,HDFCBANK,setup,no fresh breakout/continuation trigger
2026-08-10T11:15:18.101909,KALYANKJIL,setup,entry extended 0.39 ATR
2026-08-10T11:15:18.101909,ICICIBANK,setup,no fresh breakout/continuation trigger
2026-08-10T11:15:18.101909,RELIANCE,setup,no fresh breakout/continuation trigger
2026-08-10T11:15:18.101909,INFY,setup,no fresh breakout/continuation trigger
2026-08-10T11:15:18.101909,SBIN,setup,no fresh breakout/continuation trigger
2026-08-10T11:15:18.101909,BAJFINANCE,setup,no fresh breakout/continuation trigger
2026-08-10T11:15:18.101909,BHARTIARTL,setup,no fresh breakout/continuation trigger
2026-08-10T11:15:18.101909,ETERNAL,setup,no fresh breakout/continuation trigger
2026-08-10T11:15:18.101909,AXISBANK,setup,no fresh breakout/continuation trigger
2026-08-10T11:15:18.101909,TCS,setup,no fresh breakout/continuation trigger
2026-08-10T11:15:18.101909,BSE,setup,no fresh breakout/continuation trigger
2026-08-10T11:15:18.101909,M&M,setup,no fresh breakout/continuation trigger
2026-08-10T11:15:18.101909,LT,setup,no fresh breakout/continuation trigger
2026-08-10T11:15:18.101909,SWIGGY,setup,no fresh breakout/continuation trigger
2026-08-10T11:15:18.101909,DIXON,setup,RVOL 0.27 below 1.0
2026-08-10T11:15:18.101909,SHRIRAMFIN,setup,no fresh breakout/continuation trigger
2026-08-10T11:15:18.101909,TVSMOTOR,setup,no fresh breakout/continuation trigger
2026-08-10T11:15:18.101909,MARUTI,setup,no fresh breakout/continuation trigger
2026-08-10T11:15:18.117883,COFORGE,setup,no fresh breakout/continuation trigger
2026-08-10T11:15:18.119112,JIOFIN,setup,entry extended 0.40 ATR
2026-08-10T11:15:18.119112,BHEL,setup,SL too wide (2.59 ATR)
2026-08-10T11:15:18.120220,PAYTM,setup,SL too wide (2.01 ATR)
2026-08-10T11:15:18.120220,BAJAJ-AUTO,setup,no fresh breakout/continuation trigger
2026-08-10T11:15:18.121230,ADANIPOWER,setup,no fresh breakout/continuation trigger
2026-08-10T11:15:18.121230,TECHM,setup,no fresh breakout/continuation trigger
2026-08-10T11:15:18.122237,INDIGO,setup,no fresh breakout/continuation trigger
2026-08-10T11:15:18.123243,KAYNES,setup,no fresh breakout/continuation trigger
2026-08-10T11:15:18.123243,KOTAKBANK,setup,no fresh breakout/continuation trigger
2026-08-10T11:15:18.124250,OFSS,setup,no fresh breakout/continuation trigger
2026-08-10T11:15:18.124250,HINDALCO,setup,entry extended 0.43 ATR
2026-08-10T11:15:18.125253,SUNPHARMA,setup,no fresh breakout/continuation trigger
2026-08-10T11:15:18.125253,BEL,setup,no fresh breakout/continuation trigger
2026-08-10T11:15:18.126416,MCX,setup,SL too wide (2.59 ATR)
2026-08-10T11:15:18.127497,HCLTECH,setup,no fresh breakout/continuation trigger
2026-08-10T11:15:18.127497,DIVISLAB,setup,no fresh breakout/continuation trigger
2026-08-10T11:15:18.128503,LICI,setup,no fresh breakout/continuation trigger
2026-08-10T11:15:18.128503,ITC,setup,no fresh breakout/continuation trigger
2026-08-10T11:15:18.129522,GVT&D,setup,no fresh breakout/continuation trigger
2026-08-10T11:15:18.129522,TORNTPHARM,setup,no fresh breakout/continuation trigger
2026-08-10T11:16:18.585211,HDFCBANK,setup,no fresh breakout/continuation trigger
2026-08-10T11:16:18.585211,KALYANKJIL,setup,entry extended 0.39 ATR
2026-08-10T11:16:18.585211,ICICIBANK,setup,no fresh breakout/continuation trigger
2026-08-10T11:16:18.585211,RELIANCE,setup,no fresh breakout/continuation trigger
2026-08-10T11:16:18.585211,INFY,setup,no fresh breakout/continuation trigger
2026-08-10T11:16:18.585211,SBIN,setup,no fresh breakout/continuation trigger
2026-08-10T11:16:18.585211,BAJFINANCE,setup,no fresh breakout/continuation trigger
2026-08-10T11:16:18.585211,BHARTIARTL,setup,no fresh breakout/continuation trigger
2026-08-10T11:16:18.585211,ETERNAL,setup,no fresh breakout/continuation trigger
2026-08-10T11:16:18.585211,AXISBANK,setup,no fresh breakout/continuation trigger
2026-08-10T11:16:18.585211,TCS,setup,no fresh breakout/continuation trigger
2026-08-10T11:16:18.585211,BSE,setup,no fresh breakout/continuation trigger
2026-08-10T11:16:18.585211,M&M,setup,no fresh breakout/continuation trigger
2026-08-10T11:16:18.585211,LT,setup,no fresh breakout/continuation trigger
2026-08-10T11:16:18.585211,SWIGGY,setup,no fresh breakout/continuation trigger
2026-08-10T11:16:18.585211,DIXON,setup,RVOL 0.27 below 1.0
2026-08-10T11:16:18.585211,SHRIRAMFIN,setup,no fresh breakout/continuation trigger
2026-08-10T11:16:18.585211,TVSMOTOR,setup,no fresh breakout/continuation trigger
2026-08-10T11:16:18.585211,MARUTI,setup,no fresh breakout/continuation trigger
2026-08-10T11:16:18.585211,COFORGE,setup,no fresh breakout/continuation trigger
2026-08-10T11:16:18.585211,JIOFIN,setup,entry extended 0.40 ATR
2026-08-10T11:16:18.585211,BHEL,setup,SL too wide (2.59 ATR)
2026-08-10T11:16:18.585211,PAYTM,setup,SL too wide (2.01 ATR)
2026-08-10T11:16:18.600906,BAJAJ-AUTO,setup,no fresh breakout/continuation trigger
2026-08-10T11:16:18.600906,ADANIPOWER,setup,no fresh breakout/continuation trigger
2026-08-10T11:16:18.600906,TECHM,setup,no fresh breakout/continuation trigger
2026-08-10T11:16:18.600906,INDIGO,setup,no fresh breakout/continuation trigger
2026-08-10T11:16:18.600906,KAYNES,setup,no fresh breakout/continuation trigger
2026-08-10T11:16:18.600906,KOTAKBANK,setup,no fresh breakout/continuation trigger
2026-08-10T11:16:18.600906,OFSS,setup,no fresh breakout/continuation trigger
2026-08-10T11:16:18.600906,HINDALCO,setup,entry extended 0.43 ATR
2026-08-10T11:16:18.600906,SUNPHARMA,setup,no fresh breakout/continuation trigger
2026-08-10T11:16:18.600906,BEL,setup,no fresh breakout/continuation trigger
2026-08-10T11:16:18.600906,MCX,setup,SL too wide (2.59 ATR)
2026-08-10T11:16:18.600906,HCLTECH,setup,no fresh breakout/continuation trigger
2026-08-10T11:16:18.600906,DIVISLAB,setup,no fresh breakout/continuation trigger
2026-08-10T11:16:18.600906,LICI,setup,no fresh breakout/continuation trigger
2026-08-10T11:16:18.600906,ITC,setup,no fresh breakout/continuation trigger
2026-08-10T11:16:18.600906,GVT&D,setup,no fresh breakout/continuation trigger
2026-08-10T11:16:18.600906,TORNTPHARM,setup,no fresh breakout/continuation trigger
2026-08-10T11:17:19.055734,HDFCBANK,setup,no fresh breakout/continuation trigger
2026-08-10T11:17:19.055734,KALYANKJIL,setup,entry extended 0.39 ATR
2026-08-10T11:17:19.071445,ICICIBANK,setup,no fresh breakout/continuation trigger
2026-08-10T11:17:19.071445,RELIANCE,setup,no fresh breakout/continuation trigger
2026-08-10T11:17:19.071445,INFY,setup,no fresh breakout/continuation trigger
2026-08-10T11:17:19.071445,SBIN,setup,no fresh breakout/continuation trigger
2026-08-10T11:17:19.071445,BAJFINANCE,setup,no fresh breakout/continuation trigger
2026-08-10T11:17:19.071445,BHARTIARTL,setup,no fresh breakout/continuation trigger
2026-08-10T11:17:19.071445,ETERNAL,setup,no fresh breakout/continuation trigger
2026-08-10T11:17:19.071445,AXISBANK,setup,no fresh breakout/continuation trigger
2026-08-10T11:17:19.071445,TCS,setup,no fresh breakout/continuation trigger
2026-08-10T11:17:19.071445,BSE,setup,no fresh breakout/continuation trigger
2026-08-10T11:17:19.071445,M&M,setup,no fresh breakout/continuation trigger
2026-08-10T11:17:19.071445,LT,setup,no fresh breakout/continuation trigger
2026-08-10T11:17:19.071445,SWIGGY,setup,no fresh breakout/continuation trigger
2026-08-10T11:17:19.071445,DIXON,setup,RVOL 0.27 below 1.0
2026-08-10T11:17:19.071445,SHRIRAMFIN,setup,no fresh breakout/continuation trigger
2026-08-10T11:17:19.071445,TVSMOTOR,setup,no fresh breakout/continuation trigger
2026-08-10T11:17:19.071445,MARUTI,setup,no fresh breakout/continuation trigger
2026-08-10T11:17:19.071445,COFORGE,setup,no fresh breakout/continuation trigger
2026-08-10T11:17:19.071445,JIOFIN,setup,entry extended 0.40 ATR
2026-08-10T11:17:19.071445,BHEL,setup,SL too wide (2.59 ATR)
2026-08-10T11:17:19.071445,PAYTM,setup,SL too wide (2.01 ATR)
2026-08-10T11:17:19.071445,BAJAJ-AUTO,setup,no fresh breakout/continuation trigger
2026-08-10T11:17:19.071445,ADANIPOWER,setup,no fresh breakout/continuation trigger
2026-08-10T11:17:19.071445,TECHM,setup,no fresh breakout/continuation trigger
2026-08-10T11:17:19.087094,INDIGO,setup,no fresh breakout/continuation trigger
2026-08-10T11:17:19.087094,KAYNES,setup,no fresh breakout/continuation trigger
2026-08-10T11:17:19.087094,KOTAKBANK,setup,no fresh breakout/continuation trigger
2026-08-10T11:17:19.087094,OFSS,setup,no fresh breakout/continuation trigger
2026-08-10T11:17:19.087094,HINDALCO,setup,entry extended 0.43 ATR
2026-08-10T11:17:19.087094,SUNPHARMA,setup,no fresh breakout/continuation trigger
2026-08-10T11:17:19.087094,BEL,setup,no fresh breakout/continuation trigger
2026-08-10T11:17:19.087094,MCX,setup,SL too wide (2.59 ATR)
2026-08-10T11:17:19.087094,HCLTECH,setup,no fresh breakout/continuation trigger
2026-08-10T11:17:19.087094,DIVISLAB,setup,no fresh breakout/continuation trigger
2026-08-10T11:17:19.087094,LICI,setup,no fresh breakout/continuation trigger
2026-08-10T11:17:19.087094,ITC,setup,no fresh breakout/continuation trigger
2026-08-10T11:17:19.087094,GVT&D,setup,no fresh breakout/continuation trigger
2026-08-10T11:17:19.087094,TORNTPHARM,setup,no fresh breakout/continuation trigger
2026-08-10T11:18:19.554910,HDFCBANK,setup,no fresh breakout/continuation trigger
2026-08-10T11:18:19.554910,KALYANKJIL,setup,entry extended 0.39 ATR
2026-08-10T11:18:19.554910,ICICIBANK,setup,no fresh breakout/continuation trigger
2026-08-10T11:18:19.554910,RELIANCE,setup,no fresh breakout/continuation trigger
2026-08-10T11:18:19.570827,INFY,setup,no fresh breakout/continuation trigger
2026-08-10T11:18:19.570827,SBIN,setup,no fresh breakout/continuation trigger
2026-08-10T11:18:19.571961,BAJFINANCE,setup,no fresh breakout/continuation trigger
2026-08-10T11:18:19.571961,BHARTIARTL,setup,no fresh breakout/continuation trigger
2026-08-10T11:18:19.573359,ETERNAL,setup,no fresh breakout/continuation trigger
2026-08-10T11:18:19.574547,AXISBANK,setup,no fresh breakout/continuation trigger
2026-08-10T11:18:19.574547,TCS,setup,no fresh breakout/continuation trigger
2026-08-10T11:18:19.575555,BSE,setup,no fresh breakout/continuation trigger
2026-08-10T11:18:19.575555,M&M,setup,no fresh breakout/continuation trigger
2026-08-10T11:18:19.576558,LT,setup,no fresh breakout/continuation trigger
2026-08-10T11:18:19.577581,SWIGGY,setup,no fresh breakout/continuation trigger
2026-08-10T11:18:19.577581,DIXON,setup,RVOL 0.27 below 1.0
2026-08-10T11:18:19.578872,SHRIRAMFIN,setup,no fresh breakout/continuation trigger
2026-08-10T11:18:19.579902,TVSMOTOR,setup,no fresh breakout/continuation trigger
2026-08-10T11:18:19.579902,MARUTI,setup,no fresh breakout/continuation trigger
2026-08-10T11:18:19.580987,COFORGE,setup,no fresh breakout/continuation trigger
2026-08-10T11:18:19.580987,JIOFIN,setup,entry extended 0.40 ATR
2026-08-10T11:18:19.582054,BHEL,setup,SL too wide (2.59 ATR)
2026-08-10T11:18:19.583057,PAYTM,setup,SL too wide (2.01 ATR)
2026-08-10T11:18:19.583057,BAJAJ-AUTO,setup,no fresh breakout/continuation trigger
2026-08-10T11:18:19.584257,ADANIPOWER,setup,no fresh breakout/continuation trigger
2026-08-10T11:18:19.584257,TECHM,setup,no fresh breakout/continuation trigger
2026-08-10T11:18:19.584257,INDIGO,setup,no fresh breakout/continuation trigger
2026-08-10T11:18:19.584257,KAYNES,setup,no fresh breakout/continuation trigger
2026-08-10T11:18:19.584257,KOTAKBANK,setup,no fresh breakout/continuation trigger
2026-08-10T11:18:19.584257,OFSS,setup,no fresh breakout/continuation trigger
2026-08-10T11:18:19.584257,HINDALCO,setup,entry extended 0.43 ATR
2026-08-10T11:18:19.584257,SUNPHARMA,setup,no fresh breakout/continuation trigger
2026-08-10T11:18:19.584257,BEL,setup,no fresh breakout/continuation trigger
2026-08-10T11:18:19.584257,MCX,setup,SL too wide (2.59 ATR)
2026-08-10T11:18:19.584257,HCLTECH,setup,no fresh breakout/continuation trigger
2026-08-10T11:18:19.584257,DIVISLAB,setup,no fresh breakout/continuation trigger
2026-08-10T11:18:19.584257,LICI,setup,no fresh breakout/continuation trigger
2026-08-10T11:18:19.584257,ITC,setup,no fresh breakout/continuation trigger
2026-08-10T11:18:19.584257,GVT&D,setup,no fresh breakout/continuation trigger
2026-08-10T11:18:19.584257,TORNTPHARM,setup,no fresh breakout/continuation trigger
2026-08-10T11:20:38.209783,HDFCBANK,setup,no fresh breakout/continuation trigger
2026-08-10T11:20:38.209783,KALYANKJIL,setup,no fresh breakout/continuation trigger
2026-08-10T11:20:38.209783,ICICIBANK,setup,no fresh breakout/continuation trigger
2026-08-10T11:20:38.209783,RELIANCE,setup,no fresh breakout/continuation trigger
2026-08-10T11:20:38.209783,INFY,setup,no fresh breakout/continuation trigger
2026-08-10T11:20:38.209783,SBIN,setup,no fresh breakout/continuation trigger
2026-08-10T11:20:38.209783,BAJFINANCE,setup,no fresh breakout/continuation trigger
2026-08-10T11:20:38.209783,BHARTIARTL,setup,no fresh breakout/continuation trigger
2026-08-10T11:20:38.209783,ETERNAL,setup,no fresh breakout/continuation trigger
2026-08-10T11:20:38.209783,AXISBANK,setup,no fresh breakout/continuation trigger
2026-08-10T11:20:38.209783,BSE,setup,no fresh breakout/continuation trigger
2026-08-10T11:20:38.209783,TCS,setup,no fresh breakout/continuation trigger
2026-08-10T11:20:38.209783,M&M,setup,no fresh breakout/continuation trigger
2026-08-10T11:20:38.209783,LT,setup,no fresh breakout/continuation trigger
2026-08-10T11:20:38.209783,SWIGGY,setup,no fresh breakout/continuation trigger
2026-08-10T11:20:38.209783,DIXON,setup,no fresh breakout/continuation trigger
2026-08-10T11:20:38.209783,SHRIRAMFIN,setup,no fresh breakout/continuation trigger
2026-08-10T11:20:38.209783,TVSMOTOR,setup,no fresh breakout/continuation trigger
2026-08-10T11:20:38.209783,MARUTI,setup,no fresh breakout/continuation trigger
2026-08-10T11:20:38.209783,COFORGE,setup,no fresh breakout/continuation trigger
2026-08-10T11:20:38.209783,PAYTM,setup,no fresh breakout/continuation trigger
2026-08-10T11:20:38.209783,JIOFIN,setup,no fresh breakout/continuation trigger
2026-08-10T11:20:38.209783,BHEL,setup,no fresh breakout/continuation trigger
2026-08-10T11:20:38.209783,BAJAJ-AUTO,setup,no fresh breakout/continuation trigger
2026-08-10T11:20:38.225711,ADANIPOWER,setup,no fresh breakout/continuation trigger
2026-08-10T11:20:38.225711,INDIGO,setup,no fresh breakout/continuation trigger
2026-08-10T11:20:38.225711,TECHM,setup,no fresh breakout/continuation trigger
2026-08-10T11:20:38.225711,KOTAKBANK,setup,no fresh breakout/continuation trigger
2026-08-10T11:20:38.225711,KAYNES,setup,no fresh breakout/continuation trigger
2026-08-10T11:20:38.225711,OFSS,setup,no fresh breakout/continuation trigger
2026-08-10T11:20:38.225711,HINDALCO,setup,no fresh breakout/continuation trigger
2026-08-10T11:20:38.225711,SUNPHARMA,setup,no fresh breakout/continuation trigger
2026-08-10T11:20:38.225711,BEL,setup,no fresh breakout/continuation trigger
2026-08-10T11:20:38.225711,MCX,setup,no fresh breakout/continuation trigger
2026-08-10T11:20:38.225711,HCLTECH,setup,no fresh breakout/continuation trigger
2026-08-10T11:20:38.225711,DIVISLAB,setup,no fresh breakout/continuation trigger
2026-08-10T11:20:38.225711,LICI,setup,no fresh breakout/continuation trigger
2026-08-10T11:20:38.225711,ITC,setup,no fresh breakout/continuation trigger
2026-08-10T11:20:38.225711,GVT&D,setup,entry extended 0.34 ATR
2026-08-10T11:20:38.225711,TORNTPHARM,setup,no fresh breakout/continuation trigger
2026-08-10T11:21:38.679390,HDFCBANK,setup,no fresh breakout/continuation trigger
2026-08-10T11:21:38.679390,KALYANKJIL,setup,no fresh breakout/continuation trigger
2026-08-10T11:21:38.695106,ICICIBANK,setup,no fresh breakout/continuation trigger
2026-08-10T11:21:38.695106,RELIANCE,setup,no fresh breakout/continuation trigger
2026-08-10T11:21:38.695106,INFY,setup,no fresh breakout/continuation trigger
2026-08-10T11:21:38.695106,SBIN,setup,no fresh breakout/continuation trigger
2026-08-10T11:21:38.695106,BAJFINANCE,setup,no fresh breakout/continuation trigger
2026-08-10T11:21:38.695106,BHARTIARTL,setup,no fresh breakout/continuation trigger
2026-08-10T11:21:38.695106,ETERNAL,setup,no fresh breakout/continuation trigger
2026-08-10T11:21:38.695106,AXISBANK,setup,no fresh breakout/continuation trigger
2026-08-10T11:21:38.695106,BSE,setup,no fresh breakout/continuation trigger
2026-08-10T11:21:38.695106,TCS,setup,no fresh breakout/continuation trigger
2026-08-10T11:21:38.695106,M&M,setup,no fresh breakout/continuation trigger
2026-08-10T11:21:38.695106,LT,setup,no fresh breakout/continuation trigger
2026-08-10T11:21:38.695106,SWIGGY,setup,no fresh breakout/continuation trigger
2026-08-10T11:21:38.695106,DIXON,setup,no fresh breakout/continuation trigger
2026-08-10T11:21:38.695106,SHRIRAMFIN,setup,no fresh breakout/continuation trigger
2026-08-10T11:21:38.695106,TVSMOTOR,setup,no fresh breakout/continuation trigger
2026-08-10T11:21:38.695106,MARUTI,setup,no fresh breakout/continuation trigger
2026-08-10T11:21:38.695106,COFORGE,setup,no fresh breakout/continuation trigger
2026-08-10T11:21:38.695106,PAYTM,setup,no fresh breakout/continuation trigger
2026-08-10T11:21:38.695106,JIOFIN,setup,no fresh breakout/continuation trigger
2026-08-10T11:21:38.695106,BHEL,setup,no fresh breakout/continuation trigger
2026-08-10T11:21:38.695106,BAJAJ-AUTO,setup,no fresh breakout/continuation trigger
2026-08-10T11:21:38.695106,ADANIPOWER,setup,no fresh breakout/continuation trigger
2026-08-10T11:21:38.695106,INDIGO,setup,no fresh breakout/continuation trigger
2026-08-10T11:21:38.695106,TECHM,setup,no fresh breakout/continuation trigger
2026-08-10T11:21:38.710852,KOTAKBANK,setup,no fresh breakout/continuation trigger
2026-08-10T11:21:38.710852,KAYNES,setup,no fresh breakout/continuation trigger
2026-08-10T11:21:38.710852,OFSS,setup,no fresh breakout/continuation trigger
2026-08-10T11:21:38.710852,HINDALCO,setup,no fresh breakout/continuation trigger
2026-08-10T11:21:38.710852,SUNPHARMA,setup,no fresh breakout/continuation trigger
2026-08-10T11:21:38.710852,BEL,setup,no fresh breakout/continuation trigger
2026-08-10T11:21:38.710852,MCX,setup,no fresh breakout/continuation trigger
2026-08-10T11:21:38.710852,HCLTECH,setup,no fresh breakout/continuation trigger
2026-08-10T11:21:38.710852,DIVISLAB,setup,no fresh breakout/continuation trigger
2026-08-10T11:21:38.710852,LICI,setup,no fresh breakout/continuation trigger
2026-08-10T11:21:38.710852,ITC,setup,no fresh breakout/continuation trigger
2026-08-10T11:21:38.710852,GVT&D,setup,entry extended 0.34 ATR
2026-08-10T11:21:38.710852,TORNTPHARM,setup,no fresh breakout/continuation trigger
2026-08-10T11:22:39.178534,HDFCBANK,setup,no fresh breakout/continuation trigger
2026-08-10T11:22:39.179673,KALYANKJIL,setup,no fresh breakout/continuation trigger
2026-08-10T11:22:39.180729,ICICIBANK,setup,no fresh breakout/continuation trigger
2026-08-10T11:22:39.181782,RELIANCE,setup,no fresh breakout/continuation trigger
2026-08-10T11:22:39.181782,INFY,setup,no fresh breakout/continuation trigger
2026-08-10T11:22:39.182910,SBIN,setup,no fresh breakout/continuation trigger
2026-08-10T11:22:39.182910,BAJFINANCE,setup,no fresh breakout/continuation trigger
2026-08-10T11:22:39.184336,BHARTIARTL,setup,no fresh breakout/continuation trigger
2026-08-10T11:22:39.184336,ETERNAL,setup,no fresh breakout/continuation trigger
2026-08-10T11:22:39.185583,AXISBANK,setup,no fresh breakout/continuation trigger
2026-08-10T11:22:39.185583,BSE,setup,no fresh breakout/continuation trigger
2026-08-10T11:22:39.186599,TCS,setup,no fresh breakout/continuation trigger
2026-08-10T11:22:39.187640,M&M,setup,no fresh breakout/continuation trigger
2026-08-10T11:22:39.187640,LT,setup,no fresh breakout/continuation trigger
2026-08-10T11:22:39.188644,SWIGGY,setup,no fresh breakout/continuation trigger
2026-08-10T11:22:39.188644,DIXON,setup,no fresh breakout/continuation trigger
2026-08-10T11:22:39.189646,SHRIRAMFIN,setup,no fresh breakout/continuation trigger
2026-08-10T11:22:39.190795,TVSMOTOR,setup,no fresh breakout/continuation trigger
2026-08-10T11:22:39.190795,MARUTI,setup,no fresh breakout/continuation trigger
2026-08-10T11:22:39.191800,COFORGE,setup,no fresh breakout/continuation trigger
2026-08-10T11:22:39.191800,PAYTM,setup,no fresh breakout/continuation trigger
2026-08-10T11:22:39.192819,JIOFIN,setup,no fresh breakout/continuation trigger
2026-08-10T11:22:39.193823,BHEL,setup,no fresh breakout/continuation trigger
2026-08-10T11:22:39.193823,BAJAJ-AUTO,setup,no fresh breakout/continuation trigger
2026-08-10T11:22:39.195085,ADANIPOWER,setup,no fresh breakout/continuation trigger
2026-08-10T11:22:39.195085,INDIGO,setup,no fresh breakout/continuation trigger
2026-08-10T11:22:39.196240,TECHM,setup,no fresh breakout/continuation trigger
2026-08-10T11:22:39.196240,KOTAKBANK,setup,no fresh breakout/continuation trigger
2026-08-10T11:22:39.197307,KAYNES,setup,no fresh breakout/continuation trigger
2026-08-10T11:22:39.197307,OFSS,setup,no fresh breakout/continuation trigger
2026-08-10T11:22:39.198670,HINDALCO,setup,no fresh breakout/continuation trigger
2026-08-10T11:22:39.198670,SUNPHARMA,setup,no fresh breakout/continuation trigger
2026-08-10T11:22:39.199804,BEL,setup,no fresh breakout/continuation trigger
2026-08-10T11:22:39.199804,MCX,setup,no fresh breakout/continuation trigger
2026-08-10T11:22:39.200809,HCLTECH,setup,no fresh breakout/continuation trigger
2026-08-10T11:22:39.200809,DIVISLAB,setup,no fresh breakout/continuation trigger
2026-08-10T11:22:39.201870,LICI,setup,no fresh breakout/continuation trigger
2026-08-10T11:22:39.201870,ITC,setup,no fresh breakout/continuation trigger
2026-08-10T11:22:39.202875,GVT&D,setup,entry extended 0.34 ATR
2026-08-10T11:22:39.202875,TORNTPHARM,setup,no fresh breakout/continuation trigger
2026-08-10T11:23:39.663155,HDFCBANK,setup,no fresh breakout/continuation trigger
2026-08-10T11:23:39.663155,KALYANKJIL,setup,no fresh breakout/continuation trigger
2026-08-10T11:23:39.663155,ICICIBANK,setup,no fresh breakout/continuation trigger
2026-08-10T11:23:39.663155,RELIANCE,setup,no fresh breakout/continuation trigger
2026-08-10T11:23:39.663155,INFY,setup,no fresh breakout/continuation trigger
2026-08-10T11:23:39.663155,SBIN,setup,no fresh breakout/continuation trigger
2026-08-10T11:23:39.663155,BAJFINANCE,setup,no fresh breakout/continuation trigger
2026-08-10T11:23:39.663155,BHARTIARTL,setup,no fresh breakout/continuation trigger
2026-08-10T11:23:39.663155,ETERNAL,setup,no fresh breakout/continuation trigger
2026-08-10T11:23:39.663155,AXISBANK,setup,no fresh breakout/continuation trigger
2026-08-10T11:23:39.663155,BSE,setup,no fresh breakout/continuation trigger
2026-08-10T11:23:39.663155,TCS,setup,no fresh breakout/continuation trigger
2026-08-10T11:23:39.663155,M&M,setup,no fresh breakout/continuation trigger
2026-08-10T11:23:39.663155,LT,setup,no fresh breakout/continuation trigger
2026-08-10T11:23:39.663155,SWIGGY,setup,no fresh breakout/continuation trigger
2026-08-10T11:23:39.663155,DIXON,setup,no fresh breakout/continuation trigger
2026-08-10T11:23:39.663155,SHRIRAMFIN,setup,no fresh breakout/continuation trigger
2026-08-10T11:23:39.663155,TVSMOTOR,setup,no fresh breakout/continuation trigger
2026-08-10T11:23:39.663155,MARUTI,setup,no fresh breakout/continuation trigger
2026-08-10T11:23:39.663155,COFORGE,setup,no fresh breakout/continuation trigger
2026-08-10T11:23:39.678821,PAYTM,setup,no fresh breakout/continuation trigger
2026-08-10T11:23:39.678821,JIOFIN,setup,no fresh breakout/continuation trigger
2026-08-10T11:23:39.678821,BHEL,setup,no fresh breakout/continuation trigger
2026-08-10T11:23:39.678821,BAJAJ-AUTO,setup,no fresh breakout/continuation trigger
2026-08-10T11:23:39.678821,ADANIPOWER,setup,no fresh breakout/continuation trigger
2026-08-10T11:23:39.678821,INDIGO,setup,no fresh breakout/continuation trigger
2026-08-10T11:23:39.678821,TECHM,setup,no fresh breakout/continuation trigger
2026-08-10T11:23:39.678821,KOTAKBANK,setup,no fresh breakout/continuation trigger
2026-08-10T11:23:39.678821,KAYNES,setup,no fresh breakout/continuation trigger
2026-08-10T11:23:39.678821,OFSS,setup,no fresh breakout/continuation trigger
2026-08-10T11:23:39.678821,HINDALCO,setup,no fresh breakout/continuation trigger
2026-08-10T11:23:39.678821,SUNPHARMA,setup,no fresh breakout/continuation trigger
2026-08-10T11:23:39.678821,BEL,setup,no fresh breakout/continuation trigger
2026-08-10T11:23:39.678821,MCX,setup,no fresh breakout/continuation trigger
2026-08-10T11:23:39.678821,HCLTECH,setup,no fresh breakout/continuation trigger
2026-08-10T11:23:39.678821,DIVISLAB,setup,no fresh breakout/continuation trigger
2026-08-10T11:23:39.678821,LICI,setup,no fresh breakout/continuation trigger
2026-08-10T11:23:39.678821,ITC,setup,no fresh breakout/continuation trigger
2026-08-10T11:23:39.678821,GVT&D,setup,entry extended 0.34 ATR
2026-08-10T11:23:39.678821,TORNTPHARM,setup,no fresh breakout/continuation trigger
2026-08-10T11:24:40.146823,HDFCBANK,setup,no fresh breakout/continuation trigger
2026-08-10T11:24:40.146823,KALYANKJIL,setup,no fresh breakout/continuation trigger
2026-08-10T11:24:40.146823,ICICIBANK,setup,no fresh breakout/continuation trigger
2026-08-10T11:24:40.146823,RELIANCE,setup,no fresh breakout/continuation trigger
2026-08-10T11:24:40.146823,INFY,setup,no fresh breakout/continuation trigger
2026-08-10T11:24:40.146823,SBIN,setup,no fresh breakout/continuation trigger
2026-08-10T11:24:40.146823,BAJFINANCE,setup,no fresh breakout/continuation trigger
2026-08-10T11:24:40.146823,BHARTIARTL,setup,no fresh breakout/continuation trigger
2026-08-10T11:24:40.146823,ETERNAL,setup,no fresh breakout/continuation trigger
2026-08-10T11:24:40.146823,AXISBANK,setup,no fresh breakout/continuation trigger
2026-08-10T11:24:40.146823,BSE,setup,no fresh breakout/continuation trigger
2026-08-10T11:24:40.162555,TCS,setup,no fresh breakout/continuation trigger
2026-08-10T11:24:40.164558,M&M,setup,no fresh breakout/continuation trigger
2026-08-10T11:24:40.164558,LT,setup,no fresh breakout/continuation trigger
2026-08-10T11:24:40.164558,SWIGGY,setup,no fresh breakout/continuation trigger
2026-08-10T11:24:40.164558,DIXON,setup,no fresh breakout/continuation trigger
2026-08-10T11:24:40.164558,SHRIRAMFIN,setup,no fresh breakout/continuation trigger
2026-08-10T11:24:40.164558,TVSMOTOR,setup,no fresh breakout/continuation trigger
2026-08-10T11:24:40.164558,MARUTI,setup,no fresh breakout/continuation trigger
2026-08-10T11:24:40.164558,COFORGE,setup,no fresh breakout/continuation trigger
2026-08-10T11:24:40.164558,PAYTM,setup,no fresh breakout/continuation trigger
2026-08-10T11:24:40.164558,JIOFIN,setup,no fresh breakout/continuation trigger
2026-08-10T11:24:40.164558,BHEL,setup,no fresh breakout/continuation trigger
2026-08-10T11:24:40.164558,BAJAJ-AUTO,setup,no fresh breakout/continuation trigger
2026-08-10T11:24:40.164558,ADANIPOWER,setup,no fresh breakout/continuation trigger
2026-08-10T11:24:40.164558,INDIGO,setup,no fresh breakout/continuation trigger
2026-08-10T11:24:40.164558,TECHM,setup,no fresh breakout/continuation trigger
2026-08-10T11:24:40.164558,KOTAKBANK,setup,no fresh breakout/continuation trigger
2026-08-10T11:24:40.164558,KAYNES,setup,no fresh breakout/continuation trigger
2026-08-10T11:24:40.164558,OFSS,setup,no fresh breakout/continuation trigger
2026-08-10T11:24:40.164558,HINDALCO,setup,no fresh breakout/continuation trigger
2026-08-10T11:24:40.164558,SUNPHARMA,setup,no fresh breakout/continuation trigger
2026-08-10T11:24:40.164558,BEL,setup,no fresh breakout/continuation trigger
2026-08-10T11:24:40.164558,MCX,setup,no fresh breakout/continuation trigger
2026-08-10T11:24:40.164558,HCLTECH,setup,no fresh breakout/continuation trigger
2026-08-10T11:24:40.178428,DIVISLAB,setup,no fresh breakout/continuation trigger
2026-08-10T11:24:40.178428,LICI,setup,no fresh breakout/continuation trigger
2026-08-10T11:24:40.178428,ITC,setup,no fresh breakout/continuation trigger
2026-08-10T11:24:40.178428,GVT&D,setup,entry extended 0.34 ATR
2026-08-10T11:24:40.178428,TORNTPHARM,setup,no fresh breakout/continuation trigger
2026-08-10T11:25:42.671698,HDFCBANK,setup,no fresh breakout/continuation trigger
2026-08-10T11:25:42.671698,KALYANKJIL,setup,no fresh breakout/continuation trigger
2026-08-10T11:25:42.673149,ICICIBANK,setup,no fresh breakout/continuation trigger
2026-08-10T11:25:42.673149,RELIANCE,setup,no fresh breakout/continuation trigger
2026-08-10T11:25:42.674172,INFY,setup,no fresh breakout/continuation trigger
2026-08-10T11:25:42.675196,SBIN,setup,no fresh breakout/continuation trigger
2026-08-10T11:25:42.675196,BAJFINANCE,setup,no fresh breakout/continuation trigger
2026-08-10T11:25:42.676202,BHARTIARTL,setup,no fresh breakout/continuation trigger
2026-08-10T11:25:42.677259,ETERNAL,setup,no fresh breakout/continuation trigger
2026-08-10T11:25:42.677259,AXISBANK,setup,no fresh breakout/continuation trigger
2026-08-10T11:25:42.678261,BSE,setup,no fresh breakout/continuation trigger
2026-08-10T11:25:42.678261,TCS,setup,no fresh breakout/continuation trigger
2026-08-10T11:25:42.678261,M&M,setup,SL too wide (2.04 ATR)
2026-08-10T11:25:42.678261,LT,setup,no fresh breakout/continuation trigger
2026-08-10T11:25:42.678261,SWIGGY,setup,no fresh breakout/continuation trigger
2026-08-10T11:25:42.678261,DIXON,setup,no fresh breakout/continuation trigger
2026-08-10T11:25:42.678261,SHRIRAMFIN,setup,no fresh breakout/continuation trigger
2026-08-10T11:25:42.678261,TVSMOTOR,setup,RVOL 0.18 below 1.0
2026-08-10T11:25:42.678261,MARUTI,setup,no fresh breakout/continuation trigger
2026-08-10T11:25:42.678261,COFORGE,setup,no fresh breakout/continuation trigger
2026-08-10T11:25:42.678261,JIOFIN,setup,no fresh breakout/continuation trigger
2026-08-10T11:25:42.678261,BHEL,setup,no fresh breakout/continuation trigger
2026-08-10T11:25:42.678261,BAJAJ-AUTO,setup,no fresh breakout/continuation trigger
2026-08-10T11:25:42.678261,ADANIPOWER,setup,no fresh breakout/continuation trigger
2026-08-10T11:25:42.678261,INDIGO,setup,no fresh breakout/continuation trigger
2026-08-10T11:25:42.678261,TECHM,setup,no fresh breakout/continuation trigger
2026-08-10T11:25:42.678261,KOTAKBANK,setup,no fresh breakout/continuation trigger
2026-08-10T11:25:42.678261,KAYNES,setup,no fresh breakout/continuation trigger
2026-08-10T11:25:42.678261,OFSS,setup,no fresh breakout/continuation trigger
2026-08-10T11:25:42.678261,HINDALCO,setup,no fresh breakout/continuation trigger
2026-08-10T11:25:42.678261,SUNPHARMA,setup,no fresh breakout/continuation trigger
2026-08-10T11:25:42.678261,BEL,setup,no fresh breakout/continuation trigger
2026-08-10T11:25:42.678261,MCX,setup,no fresh breakout/continuation trigger
2026-08-10T11:25:42.678261,HCLTECH,setup,no fresh breakout/continuation trigger
2026-08-10T11:25:42.678261,DIVISLAB,setup,no fresh breakout/continuation trigger
2026-08-10T11:25:42.678261,LICI,setup,no fresh breakout/continuation trigger
2026-08-10T11:25:42.678261,ITC,setup,no fresh breakout/continuation trigger
2026-08-10T11:25:42.678261,GVT&D,setup,no fresh breakout/continuation trigger
2026-08-10T11:25:42.678261,TORNTPHARM,setup,no fresh breakout/continuation trigger
2026-08-10T11:25:42.694257,PAYTM,option,no eligible option contracts
2026-08-10T11:26:43.147868,HDFCBANK,setup,no fresh breakout/continuation trigger
2026-08-10T11:26:43.147868,KALYANKJIL,setup,no fresh breakout/continuation trigger
2026-08-10T11:26:43.147868,ICICIBANK,setup,no fresh breakout/continuation trigger
2026-08-10T11:26:43.147868,RELIANCE,setup,no fresh breakout/continuation trigger
2026-08-10T11:26:43.147868,INFY,setup,no fresh breakout/continuation trigger
2026-08-10T11:26:43.147868,SBIN,setup,no fresh breakout/continuation trigger
2026-08-10T11:26:43.147868,BAJFINANCE,setup,no fresh breakout/continuation trigger
2026-08-10T11:26:43.147868,BHARTIARTL,setup,no fresh breakout/continuation trigger
2026-08-10T11:26:43.147868,ETERNAL,setup,no fresh breakout/continuation trigger
2026-08-10T11:26:43.147868,AXISBANK,setup,no fresh breakout/continuation trigger
2026-08-10T11:26:43.147868,BSE,setup,no fresh breakout/continuation trigger
2026-08-10T11:26:43.163761,TCS,setup,no fresh breakout/continuation trigger
2026-08-10T11:26:43.164894,M&M,setup,SL too wide (2.04 ATR)
2026-08-10T11:26:43.164894,LT,setup,no fresh breakout/continuation trigger
2026-08-10T11:26:43.165942,SWIGGY,setup,no fresh breakout/continuation trigger
2026-08-10T11:26:43.165942,DIXON,setup,no fresh breakout/continuation trigger
2026-08-10T11:26:43.166946,SHRIRAMFIN,setup,no fresh breakout/continuation trigger
2026-08-10T11:26:43.167981,TVSMOTOR,setup,RVOL 0.18 below 1.0
2026-08-10T11:26:43.167981,MARUTI,setup,no fresh breakout/continuation trigger
2026-08-10T11:26:43.168986,COFORGE,setup,no fresh breakout/continuation trigger
2026-08-10T11:26:43.168986,JIOFIN,setup,no fresh breakout/continuation trigger
2026-08-10T11:26:43.170081,BHEL,setup,no fresh breakout/continuation trigger
2026-08-10T11:26:43.170081,BAJAJ-AUTO,setup,no fresh breakout/continuation trigger
2026-08-10T11:26:43.170081,ADANIPOWER,setup,no fresh breakout/continuation trigger
2026-08-10T11:26:43.171205,INDIGO,setup,no fresh breakout/continuation trigger
2026-08-10T11:26:43.172215,TECHM,setup,no fresh breakout/continuation trigger
2026-08-10T11:26:43.172215,KOTAKBANK,setup,no fresh breakout/continuation trigger
2026-08-10T11:26:43.172215,KAYNES,setup,no fresh breakout/continuation trigger
2026-08-10T11:26:43.173480,OFSS,setup,no fresh breakout/continuation trigger
2026-08-10T11:26:43.173480,HINDALCO,setup,no fresh breakout/continuation trigger
2026-08-10T11:26:43.174487,SUNPHARMA,setup,no fresh breakout/continuation trigger
2026-08-10T11:26:43.174487,BEL,setup,no fresh breakout/continuation trigger
2026-08-10T11:26:43.175492,MCX,setup,no fresh breakout/continuation trigger
2026-08-10T11:26:43.175492,HCLTECH,setup,no fresh breakout/continuation trigger
2026-08-10T11:26:43.175492,DIVISLAB,setup,no fresh breakout/continuation trigger
2026-08-10T11:26:43.176738,LICI,setup,no fresh breakout/continuation trigger
2026-08-10T11:26:43.177744,ITC,setup,no fresh breakout/continuation trigger
2026-08-10T11:26:43.177744,GVT&D,setup,no fresh breakout/continuation trigger
2026-08-10T11:26:43.178751,TORNTPHARM,setup,no fresh breakout/continuation trigger
2026-08-10T11:26:43.178751,PAYTM,option,no eligible option contracts
2026-08-10T11:27:43.632328,HDFCBANK,setup,no fresh breakout/continuation trigger
2026-08-10T11:27:43.632328,KALYANKJIL,setup,no fresh breakout/continuation trigger
2026-08-10T11:27:43.632328,ICICIBANK,setup,no fresh breakout/continuation trigger
2026-08-10T11:27:43.632328,RELIANCE,setup,no fresh breakout/continuation trigger
2026-08-10T11:27:43.632328,INFY,setup,no fresh breakout/continuation trigger
2026-08-10T11:27:43.632328,SBIN,setup,no fresh breakout/continuation trigger
2026-08-10T11:27:43.632328,BAJFINANCE,setup,no fresh breakout/continuation trigger
2026-08-10T11:27:43.632328,BHARTIARTL,setup,no fresh breakout/continuation trigger
2026-08-10T11:27:43.632328,ETERNAL,setup,no fresh breakout/continuation trigger
2026-08-10T11:27:43.632328,AXISBANK,setup,no fresh breakout/continuation trigger
2026-08-10T11:27:43.632328,BSE,setup,no fresh breakout/continuation trigger
2026-08-10T11:27:43.632328,TCS,setup,no fresh breakout/continuation trigger
2026-08-10T11:27:43.632328,M&M,setup,SL too wide (2.04 ATR)
2026-08-10T11:27:43.632328,LT,setup,no fresh breakout/continuation trigger
2026-08-10T11:27:43.632328,SWIGGY,setup,no fresh breakout/continuation trigger
2026-08-10T11:27:43.632328,DIXON,setup,no fresh breakout/continuation trigger
2026-08-10T11:27:43.632328,SHRIRAMFIN,setup,no fresh breakout/continuation trigger
2026-08-10T11:27:43.632328,TVSMOTOR,setup,RVOL 0.18 below 1.0
2026-08-10T11:27:43.632328,MARUTI,setup,no fresh breakout/continuation trigger
2026-08-10T11:27:43.648444,COFORGE,setup,no fresh breakout/continuation trigger
2026-08-10T11:27:43.648444,JIOFIN,setup,no fresh breakout/continuation trigger
2026-08-10T11:27:43.648444,BHEL,setup,no fresh breakout/continuation trigger
2026-08-10T11:27:43.648444,BAJAJ-AUTO,setup,no fresh breakout/continuation trigger
2026-08-10T11:27:43.648444,ADANIPOWER,setup,no fresh breakout/continuation trigger
2026-08-10T11:27:43.648444,INDIGO,setup,no fresh breakout/continuation trigger
2026-08-10T11:27:43.648444,TECHM,setup,no fresh breakout/continuation trigger
2026-08-10T11:27:43.648444,KOTAKBANK,setup,no fresh breakout/continuation trigger
2026-08-10T11:27:43.648444,KAYNES,setup,no fresh breakout/continuation trigger
2026-08-10T11:27:43.648444,OFSS,setup,no fresh breakout/continuation trigger
2026-08-10T11:27:43.648444,HINDALCO,setup,no fresh breakout/continuation trigger
2026-08-10T11:27:43.648444,SUNPHARMA,setup,no fresh breakout/continuation trigger
2026-08-10T11:27:43.648444,BEL,setup,no fresh breakout/continuation trigger
2026-08-10T11:27:43.648444,MCX,setup,no fresh breakout/continuation trigger
2026-08-10T11:27:43.648444,HCLTECH,setup,no fresh breakout/continuation trigger
2026-08-10T11:27:43.648444,DIVISLAB,setup,no fresh breakout/continuation trigger
2026-08-10T11:27:43.648444,LICI,setup,no fresh breakout/continuation trigger
2026-08-10T11:27:43.648444,ITC,setup,no fresh breakout/continuation trigger
2026-08-10T11:27:43.648444,GVT&D,setup,no fresh breakout/continuation trigger
2026-08-10T11:27:43.648444,TORNTPHARM,setup,no fresh breakout/continuation trigger
2026-08-10T11:27:43.648444,PAYTM,option,no eligible option contracts
2026-08-10T11:28:44.134638,HDFCBANK,setup,no fresh breakout/continuation trigger
2026-08-10T11:28:44.135679,KALYANKJIL,setup,no fresh breakout/continuation trigger
2026-08-10T11:28:44.136723,ICICIBANK,setup,no fresh breakout/continuation trigger
2026-08-10T11:28:44.137726,RELIANCE,setup,no fresh breakout/continuation trigger
2026-08-10T11:28:44.137726,INFY,setup,no fresh breakout/continuation trigger
2026-08-10T11:28:44.138757,SBIN,setup,no fresh breakout/continuation trigger
2026-08-10T11:28:44.138757,BAJFINANCE,setup,no fresh breakout/continuation trigger
2026-08-10T11:28:44.139973,BHARTIARTL,setup,no fresh breakout/continuation trigger
2026-08-10T11:28:44.141135,ETERNAL,setup,no fresh breakout/continuation trigger
2026-08-10T11:28:44.141135,AXISBANK,setup,no fresh breakout/continuation trigger
2026-08-10T11:28:44.142140,BSE,setup,no fresh breakout/continuation trigger
2026-08-10T11:28:44.142140,TCS,setup,no fresh breakout/continuation trigger
2026-08-10T11:28:44.143300,M&M,setup,SL too wide (2.04 ATR)
2026-08-10T11:28:44.143300,LT,setup,no fresh breakout/continuation trigger
2026-08-10T11:28:44.144315,SWIGGY,setup,no fresh breakout/continuation trigger
2026-08-10T11:28:44.145339,DIXON,setup,no fresh breakout/continuation trigger
2026-08-10T11:28:44.145339,SHRIRAMFIN,setup,no fresh breakout/continuation trigger
2026-08-10T11:28:44.146343,TVSMOTOR,setup,RVOL 0.18 below 1.0
2026-08-10T11:28:44.146343,MARUTI,setup,no fresh breakout/continuation trigger
2026-08-10T11:28:44.147473,COFORGE,setup,no fresh breakout/continuation trigger
2026-08-10T11:28:44.147473,JIOFIN,setup,no fresh breakout/continuation trigger
2026-08-10T11:28:44.147473,BHEL,setup,no fresh breakout/continuation trigger
2026-08-10T11:28:44.147473,BAJAJ-AUTO,setup,no fresh breakout/continuation trigger
2026-08-10T11:28:44.147473,ADANIPOWER,setup,no fresh breakout/continuation trigger
2026-08-10T11:28:44.147473,INDIGO,setup,no fresh breakout/continuation trigger
2026-08-10T11:28:44.151694,TECHM,setup,no fresh breakout/continuation trigger
2026-08-10T11:28:44.151694,KOTAKBANK,setup,no fresh breakout/continuation trigger
2026-08-10T11:28:44.151694,KAYNES,setup,no fresh breakout/continuation trigger
2026-08-10T11:28:44.151694,OFSS,setup,no fresh breakout/continuation trigger
2026-08-10T11:28:44.151694,HINDALCO,setup,no fresh breakout/continuation trigger
2026-08-10T11:28:44.151694,SUNPHARMA,setup,no fresh breakout/continuation trigger
2026-08-10T11:28:44.151694,BEL,setup,no fresh breakout/continuation trigger
2026-08-10T11:28:44.151694,MCX,setup,no fresh breakout/continuation trigger
2026-08-10T11:28:44.151694,HCLTECH,setup,no fresh breakout/continuation trigger
2026-08-10T11:28:44.151694,DIVISLAB,setup,no fresh breakout/continuation trigger
2026-08-10T11:28:44.151694,LICI,setup,no fresh breakout/continuation trigger
2026-08-10T11:28:44.151694,ITC,setup,no fresh breakout/continuation trigger
2026-08-10T11:28:44.151694,GVT&D,setup,no fresh breakout/continuation trigger
2026-08-10T11:28:44.151694,TORNTPHARM,setup,no fresh breakout/continuation trigger
2026-08-10T11:28:44.151694,PAYTM,option,no eligible option contracts
2026-08-10T11:29:44.615818,HDFCBANK,setup,no fresh breakout/continuation trigger
2026-08-10T11:29:44.615818,KALYANKJIL,setup,no fresh breakout/continuation trigger
2026-08-10T11:29:44.615818,ICICIBANK,setup,no fresh breakout/continuation trigger
2026-08-10T11:29:44.615818,RELIANCE,setup,no fresh breakout/continuation trigger
2026-08-10T11:29:44.615818,INFY,setup,no fresh breakout/continuation trigger
2026-08-10T11:29:44.615818,SBIN,setup,no fresh breakout/continuation trigger
2026-08-10T11:29:44.615818,BAJFINANCE,setup,no fresh breakout/continuation trigger
2026-08-10T11:29:44.615818,BHARTIARTL,setup,no fresh breakout/continuation trigger
2026-08-10T11:29:44.622502,ETERNAL,setup,no fresh breakout/continuation trigger
2026-08-10T11:29:44.622502,AXISBANK,setup,no fresh breakout/continuation trigger
2026-08-10T11:29:44.622502,BSE,setup,no fresh breakout/continuation trigger
2026-08-10T11:29:44.622502,TCS,setup,no fresh breakout/continuation trigger
2026-08-10T11:29:44.622502,M&M,setup,SL too wide (2.04 ATR)
2026-08-10T11:29:44.622502,LT,setup,no fresh breakout/continuation trigger
2026-08-10T11:29:44.622502,SWIGGY,setup,no fresh breakout/continuation trigger
2026-08-10T11:29:44.622502,DIXON,setup,no fresh breakout/continuation trigger
2026-08-10T11:29:44.622502,SHRIRAMFIN,setup,no fresh breakout/continuation trigger
2026-08-10T11:29:44.622502,TVSMOTOR,setup,RVOL 0.18 below 1.0
2026-08-10T11:29:44.622502,MARUTI,setup,no fresh breakout/continuation trigger
2026-08-10T11:29:44.622502,COFORGE,setup,no fresh breakout/continuation trigger
2026-08-10T11:29:44.630766,JIOFIN,setup,no fresh breakout/continuation trigger
2026-08-10T11:29:44.630766,BHEL,setup,no fresh breakout/continuation trigger
2026-08-10T11:29:44.631775,BAJAJ-AUTO,setup,no fresh breakout/continuation trigger
2026-08-10T11:29:44.631775,ADANIPOWER,setup,no fresh breakout/continuation trigger
2026-08-10T11:29:44.631775,INDIGO,setup,no fresh breakout/continuation trigger
2026-08-10T11:29:44.631775,TECHM,setup,no fresh breakout/continuation trigger
2026-08-10T11:29:44.631775,KOTAKBANK,setup,no fresh breakout/continuation trigger
2026-08-10T11:29:44.631775,KAYNES,setup,no fresh breakout/continuation trigger
2026-08-10T11:29:44.631775,OFSS,setup,no fresh breakout/continuation trigger
2026-08-10T11:29:44.631775,HINDALCO,setup,no fresh breakout/continuation trigger
2026-08-10T11:29:44.631775,SUNPHARMA,setup,no fresh breakout/continuation trigger
2026-08-10T11:29:44.631775,BEL,setup,no fresh breakout/continuation trigger
2026-08-10T11:29:44.631775,MCX,setup,no fresh breakout/continuation trigger
2026-08-10T11:29:44.631775,HCLTECH,setup,no fresh breakout/continuation trigger
2026-08-10T11:29:44.631775,DIVISLAB,setup,no fresh breakout/continuation trigger
2026-08-10T11:29:44.631775,LICI,setup,no fresh breakout/continuation trigger
2026-08-10T11:29:44.631775,ITC,setup,no fresh breakout/continuation trigger
2026-08-10T11:29:44.631775,GVT&D,setup,no fresh breakout/continuation trigger
2026-08-10T11:29:44.631775,TORNTPHARM,setup,no fresh breakout/continuation trigger
2026-08-10T11:29:44.631775,PAYTM,option,no eligible option contracts
2026-08-10T11:30:47.132075,HDFCBANK,setup,no fresh breakout/continuation trigger
2026-08-10T11:30:47.132075,KALYANKJIL,setup,no fresh breakout/continuation trigger
2026-08-10T11:30:47.132075,ICICIBANK,setup,no fresh breakout/continuation trigger
2026-08-10T11:30:47.132075,RELIANCE,setup,no fresh breakout/continuation trigger
2026-08-10T11:30:47.132075,INFY,setup,no fresh breakout/continuation trigger
2026-08-10T11:30:47.132075,SBIN,setup,no fresh breakout/continuation trigger
2026-08-10T11:30:47.132075,BAJFINANCE,setup,no fresh breakout/continuation trigger
2026-08-10T11:30:47.132075,BHARTIARTL,setup,no fresh breakout/continuation trigger
2026-08-10T11:30:47.132075,ETERNAL,setup,no fresh breakout/continuation trigger
2026-08-10T11:30:47.132075,AXISBANK,setup,no fresh breakout/continuation trigger
2026-08-10T11:30:47.132075,BSE,setup,no fresh breakout/continuation trigger
2026-08-10T11:30:47.132075,TCS,setup,no fresh breakout/continuation trigger
2026-08-10T11:30:47.132075,M&M,setup,no fresh breakout/continuation trigger
2026-08-10T11:30:47.132075,LT,setup,no fresh breakout/continuation trigger
2026-08-10T11:30:47.132075,SWIGGY,setup,no fresh breakout/continuation trigger
2026-08-10T11:30:47.132075,DIXON,setup,no fresh breakout/continuation trigger
2026-08-10T11:30:47.147775,SHRIRAMFIN,setup,no fresh breakout/continuation trigger
2026-08-10T11:30:47.147775,TVSMOTOR,setup,no fresh breakout/continuation trigger
2026-08-10T11:30:47.147775,MARUTI,setup,no fresh breakout/continuation trigger
2026-08-10T11:30:47.147775,COFORGE,setup,no fresh breakout/continuation trigger
2026-08-10T11:30:47.147775,PAYTM,setup,SL too wide (1.69 ATR)
2026-08-10T11:30:47.147775,JIOFIN,setup,no fresh breakout/continuation trigger
2026-08-10T11:30:47.147775,BHEL,setup,no fresh breakout/continuation trigger
2026-08-10T11:30:47.147775,BAJAJ-AUTO,setup,no fresh breakout/continuation trigger
2026-08-10T11:30:47.147775,ADANIPOWER,setup,no fresh breakout/continuation trigger
2026-08-10T11:30:47.147775,INDIGO,setup,no fresh breakout/continuation trigger
2026-08-10T11:30:47.147775,TECHM,setup,no fresh breakout/continuation trigger
2026-08-10T11:30:47.147775,KOTAKBANK,setup,no fresh breakout/continuation trigger
2026-08-10T11:30:47.147775,KAYNES,setup,no fresh breakout/continuation trigger
2026-08-10T11:30:47.147775,OFSS,setup,no fresh breakout/continuation trigger
2026-08-10T11:30:47.147775,HINDALCO,setup,no fresh breakout/continuation trigger
2026-08-10T11:30:47.147775,SUNPHARMA,setup,no fresh breakout/continuation trigger
2026-08-10T11:30:47.147775,BEL,setup,no fresh breakout/continuation trigger
2026-08-10T11:30:47.147775,MCX,setup,no fresh breakout/continuation trigger
2026-08-10T11:30:47.147775,HCLTECH,setup,no fresh breakout/continuation trigger
2026-08-10T11:30:47.147775,DIVISLAB,setup,no fresh breakout/continuation trigger
2026-08-10T11:30:47.147775,LICI,setup,no fresh breakout/continuation trigger
2026-08-10T11:30:47.147775,ITC,setup,no fresh breakout/continuation trigger
2026-08-10T11:30:47.147775,GVT&D,setup,no fresh breakout/continuation trigger
2026-08-10T11:30:47.147775,TORNTPHARM,setup,SL too wide (1.63 ATR)
2026-08-10T11:31:47.616521,HDFCBANK,setup,no fresh breakout/continuation trigger
2026-08-10T11:31:47.616521,KALYANKJIL,setup,no fresh breakout/continuation trigger
2026-08-10T11:31:47.616521,ICICIBANK,setup,no fresh breakout/continuation trigger
2026-08-10T11:31:47.616521,RELIANCE,setup,no fresh breakout/continuation trigger
2026-08-10T11:31:47.616521,INFY,setup,no fresh breakout/continuation trigger
2026-08-10T11:31:47.616521,SBIN,setup,no fresh breakout/continuation trigger
2026-08-10T11:31:47.616521,BAJFINANCE,setup,no fresh breakout/continuation trigger
2026-08-10T11:31:47.616521,BHARTIARTL,setup,no fresh breakout/continuation trigger
2026-08-10T11:31:47.616521,ETERNAL,setup,no fresh breakout/continuation trigger
2026-08-10T11:31:47.616521,AXISBANK,setup,no fresh breakout/continuation trigger
2026-08-10T11:31:47.616521,BSE,setup,no fresh breakout/continuation trigger
2026-08-10T11:31:47.616521,TCS,setup,no fresh breakout/continuation trigger
2026-08-10T11:31:47.616521,M&M,setup,no fresh breakout/continuation trigger
2026-08-10T11:31:47.616521,LT,setup,no fresh breakout/continuation trigger
2026-08-10T11:31:47.616521,SWIGGY,setup,no fresh breakout/continuation trigger
2026-08-10T11:31:47.616521,DIXON,setup,no fresh breakout/continuation trigger
2026-08-10T11:31:47.632295,SHRIRAMFIN,setup,no fresh breakout/continuation trigger
2026-08-10T11:31:47.632295,TVSMOTOR,setup,no fresh breakout/continuation trigger
2026-08-10T11:31:47.632295,MARUTI,setup,no fresh breakout/continuation trigger
2026-08-10T11:31:47.632295,COFORGE,setup,no fresh breakout/continuation trigger
2026-08-10T11:31:47.632295,PAYTM,setup,SL too wide (1.69 ATR)
2026-08-10T11:31:47.632295,JIOFIN,setup,no fresh breakout/continuation trigger
2026-08-10T11:31:47.635752,BHEL,setup,no fresh breakout/continuation trigger
2026-08-10T11:31:47.635752,BAJAJ-AUTO,setup,no fresh breakout/continuation trigger
2026-08-10T11:31:47.635752,ADANIPOWER,setup,no fresh breakout/continuation trigger
2026-08-10T11:31:47.635752,INDIGO,setup,no fresh breakout/continuation trigger
2026-08-10T11:31:47.635752,TECHM,setup,no fresh breakout/continuation trigger
2026-08-10T11:31:47.635752,KOTAKBANK,setup,no fresh breakout/continuation trigger
2026-08-10T11:31:47.635752,KAYNES,setup,no fresh breakout/continuation trigger
2026-08-10T11:31:47.635752,OFSS,setup,no fresh breakout/continuation trigger
2026-08-10T11:31:47.635752,HINDALCO,setup,no fresh breakout/continuation trigger
2026-08-10T11:31:47.635752,SUNPHARMA,setup,no fresh breakout/continuation trigger
2026-08-10T11:31:47.635752,BEL,setup,no fresh breakout/continuation trigger
2026-08-10T11:31:47.635752,MCX,setup,no fresh breakout/continuation trigger
2026-08-10T11:31:47.635752,HCLTECH,setup,no fresh breakout/continuation trigger
2026-08-10T11:31:47.635752,DIVISLAB,setup,no fresh breakout/continuation trigger
2026-08-10T11:31:47.635752,LICI,setup,no fresh breakout/continuation trigger
2026-08-10T11:31:47.635752,ITC,setup,no fresh breakout/continuation trigger
2026-08-10T11:31:47.635752,GVT&D,setup,no fresh breakout/continuation trigger
2026-08-10T11:31:47.635752,TORNTPHARM,setup,SL too wide (1.63 ATR)
2026-08-10T11:32:48.104499,HDFCBANK,setup,no fresh breakout/continuation trigger
2026-08-10T11:32:48.106501,KALYANKJIL,setup,no fresh breakout/continuation trigger
2026-08-10T11:32:48.106501,ICICIBANK,setup,no fresh breakout/continuation trigger
2026-08-10T11:32:48.106501,RELIANCE,setup,no fresh breakout/continuation trigger
2026-08-10T11:32:48.106501,INFY,setup,no fresh breakout/continuation trigger
2026-08-10T11:32:48.106501,SBIN,setup,no fresh breakout/continuation trigger
2026-08-10T11:32:48.106501,BAJFINANCE,setup,no fresh breakout/continuation trigger
2026-08-10T11:32:48.106501,BHARTIARTL,setup,no fresh breakout/continuation trigger
2026-08-10T11:32:48.106501,ETERNAL,setup,no fresh breakout/continuation trigger
2026-08-10T11:32:48.106501,AXISBANK,setup,no fresh breakout/continuation trigger
2026-08-10T11:32:48.106501,BSE,setup,no fresh breakout/continuation trigger
2026-08-10T11:32:48.106501,TCS,setup,no fresh breakout/continuation trigger
2026-08-10T11:32:48.106501,M&M,setup,no fresh breakout/continuation trigger
2026-08-10T11:32:48.106501,LT,setup,no fresh breakout/continuation trigger
2026-08-10T11:32:48.106501,SWIGGY,setup,no fresh breakout/continuation trigger
2026-08-10T11:32:48.116276,DIXON,setup,no fresh breakout/continuation trigger
2026-08-10T11:32:48.116276,SHRIRAMFIN,setup,no fresh breakout/continuation trigger
2026-08-10T11:32:48.117612,TVSMOTOR,setup,no fresh breakout/continuation trigger
2026-08-10T11:32:48.117612,MARUTI,setup,no fresh breakout/continuation trigger
2026-08-10T11:32:48.118668,COFORGE,setup,no fresh breakout/continuation trigger
2026-08-10T11:32:48.118668,PAYTM,setup,SL too wide (1.69 ATR)
2026-08-10T11:32:48.119674,JIOFIN,setup,no fresh breakout/continuation trigger
2026-08-10T11:32:48.120704,BHEL,setup,no fresh breakout/continuation trigger
2026-08-10T11:32:48.120704,BAJAJ-AUTO,setup,no fresh breakout/continuation trigger
2026-08-10T11:32:48.121709,ADANIPOWER,setup,no fresh breakout/continuation trigger
2026-08-10T11:32:48.121709,INDIGO,setup,no fresh breakout/continuation trigger
2026-08-10T11:32:48.123140,TECHM,setup,no fresh breakout/continuation trigger
2026-08-10T11:32:48.123140,KOTAKBANK,setup,no fresh breakout/continuation trigger
2026-08-10T11:32:48.124148,KAYNES,setup,no fresh breakout/continuation trigger
2026-08-10T11:32:48.125167,OFSS,setup,no fresh breakout/continuation trigger
2026-08-10T11:32:48.125167,HINDALCO,setup,no fresh breakout/continuation trigger
2026-08-10T11:32:48.126175,SUNPHARMA,setup,no fresh breakout/continuation trigger
2026-08-10T11:32:48.126175,BEL,setup,no fresh breakout/continuation trigger
2026-08-10T11:32:48.127396,MCX,setup,no fresh breakout/continuation trigger
2026-08-10T11:32:48.127396,HCLTECH,setup,no fresh breakout/continuation trigger
2026-08-10T11:32:48.128515,DIVISLAB,setup,no fresh breakout/continuation trigger
2026-08-10T11:32:48.128515,LICI,setup,no fresh breakout/continuation trigger
2026-08-10T11:32:48.129674,ITC,setup,no fresh breakout/continuation trigger
2026-08-10T11:32:48.129674,GVT&D,setup,no fresh breakout/continuation trigger
2026-08-10T11:32:48.130752,TORNTPHARM,setup,SL too wide (1.63 ATR)
2026-08-10T11:33:48.584563,HDFCBANK,setup,no fresh breakout/continuation trigger
2026-08-10T11:33:48.584563,KALYANKJIL,setup,no fresh breakout/continuation trigger
2026-08-10T11:33:48.584563,ICICIBANK,setup,no fresh breakout/continuation trigger
2026-08-10T11:33:48.584563,RELIANCE,setup,no fresh breakout/continuation trigger
2026-08-10T11:33:48.584563,INFY,setup,no fresh breakout/continuation trigger
2026-08-10T11:33:48.584563,SBIN,setup,no fresh breakout/continuation trigger
2026-08-10T11:33:48.584563,BAJFINANCE,setup,no fresh breakout/continuation trigger
2026-08-10T11:33:48.584563,BHARTIARTL,setup,no fresh breakout/continuation trigger
2026-08-10T11:33:48.584563,ETERNAL,setup,no fresh breakout/continuation trigger
2026-08-10T11:33:48.584563,AXISBANK,setup,no fresh breakout/continuation trigger
2026-08-10T11:33:48.584563,BSE,setup,no fresh breakout/continuation trigger
2026-08-10T11:33:48.584563,TCS,setup,no fresh breakout/continuation trigger
2026-08-10T11:33:48.584563,M&M,setup,no fresh breakout/continuation trigger
2026-08-10T11:33:48.584563,LT,setup,no fresh breakout/continuation trigger
2026-08-10T11:33:48.584563,SWIGGY,setup,no fresh breakout/continuation trigger
2026-08-10T11:33:48.584563,DIXON,setup,no fresh breakout/continuation trigger
2026-08-10T11:33:48.584563,SHRIRAMFIN,setup,no fresh breakout/continuation trigger
2026-08-10T11:33:48.584563,TVSMOTOR,setup,no fresh breakout/continuation trigger
2026-08-10T11:33:48.584563,MARUTI,setup,no fresh breakout/continuation trigger
2026-08-10T11:33:48.600316,COFORGE,setup,no fresh breakout/continuation trigger
2026-08-10T11:33:48.600316,PAYTM,setup,SL too wide (1.69 ATR)
2026-08-10T11:33:48.600316,JIOFIN,setup,no fresh breakout/continuation trigger
2026-08-10T11:33:48.600316,BHEL,setup,no fresh breakout/continuation trigger
2026-08-10T11:33:48.600316,BAJAJ-AUTO,setup,no fresh breakout/continuation trigger
2026-08-10T11:33:48.600316,ADANIPOWER,setup,no fresh breakout/continuation trigger
2026-08-10T11:33:48.600316,INDIGO,setup,no fresh breakout/continuation trigger
2026-08-10T11:33:48.600316,TECHM,setup,no fresh breakout/continuation trigger
2026-08-10T11:33:48.600316,KOTAKBANK,setup,no fresh breakout/continuation trigger
2026-08-10T11:33:48.600316,KAYNES,setup,no fresh breakout/continuation trigger
2026-08-10T11:33:48.600316,OFSS,setup,no fresh breakout/continuation trigger
2026-08-10T11:33:48.600316,HINDALCO,setup,no fresh breakout/continuation trigger
2026-08-10T11:33:48.600316,SUNPHARMA,setup,no fresh breakout/continuation trigger
2026-08-10T11:33:48.600316,BEL,setup,no fresh breakout/continuation trigger
2026-08-10T11:33:48.600316,MCX,setup,no fresh breakout/continuation trigger
2026-08-10T11:33:48.600316,HCLTECH,setup,no fresh breakout/continuation trigger
2026-08-10T11:33:48.600316,DIVISLAB,setup,no fresh breakout/continuation trigger
2026-08-10T11:33:48.600316,LICI,setup,no fresh breakout/continuation trigger
2026-08-10T11:33:48.600316,ITC,setup,no fresh breakout/continuation trigger
2026-08-10T11:33:48.600316,GVT&D,setup,no fresh breakout/continuation trigger
2026-08-10T11:33:48.600316,TORNTPHARM,setup,SL too wide (1.63 ATR)
2026-08-10T11:34:49.054699,HDFCBANK,setup,no fresh breakout/continuation trigger
2026-08-10T11:34:49.054699,KALYANKJIL,setup,no fresh breakout/continuation trigger
2026-08-10T11:34:49.054699,ICICIBANK,setup,no fresh breakout/continuation trigger
2026-08-10T11:34:49.054699,RELIANCE,setup,no fresh breakout/continuation trigger
2026-08-10T11:34:49.054699,INFY,setup,no fresh breakout/continuation trigger
2026-08-10T11:34:49.054699,SBIN,setup,no fresh breakout/continuation trigger
2026-08-10T11:34:49.070697,BAJFINANCE,setup,no fresh breakout/continuation trigger
2026-08-10T11:34:49.070697,BHARTIARTL,setup,no fresh breakout/continuation trigger
2026-08-10T11:34:49.070697,ETERNAL,setup,no fresh breakout/continuation trigger
2026-08-10T11:34:49.070697,AXISBANK,setup,no fresh breakout/continuation trigger
2026-08-10T11:34:49.070697,BSE,setup,no fresh breakout/continuation trigger
2026-08-10T11:34:49.070697,TCS,setup,no fresh breakout/continuation trigger
2026-08-10T11:34:49.070697,M&M,setup,no fresh breakout/continuation trigger
2026-08-10T11:34:49.070697,LT,setup,no fresh breakout/continuation trigger
2026-08-10T11:34:49.070697,SWIGGY,setup,no fresh breakout/continuation trigger
2026-08-10T11:34:49.070697,DIXON,setup,no fresh breakout/continuation trigger
2026-08-10T11:34:49.070697,SHRIRAMFIN,setup,no fresh breakout/continuation trigger
2026-08-10T11:34:49.070697,TVSMOTOR,setup,no fresh breakout/continuation trigger
2026-08-10T11:34:49.070697,MARUTI,setup,no fresh breakout/continuation trigger
2026-08-10T11:34:49.070697,COFORGE,setup,no fresh breakout/continuation trigger
2026-08-10T11:34:49.070697,PAYTM,setup,SL too wide (1.69 ATR)
2026-08-10T11:34:49.070697,JIOFIN,setup,no fresh breakout/continuation trigger
2026-08-10T11:34:49.070697,BHEL,setup,no fresh breakout/continuation trigger
2026-08-10T11:34:49.070697,BAJAJ-AUTO,setup,no fresh breakout/continuation trigger
2026-08-10T11:34:49.070697,ADANIPOWER,setup,no fresh breakout/continuation trigger
2026-08-10T11:34:49.070697,INDIGO,setup,no fresh breakout/continuation trigger
2026-08-10T11:34:49.070697,TECHM,setup,no fresh breakout/continuation trigger
2026-08-10T11:34:49.070697,KOTAKBANK,setup,no fresh breakout/continuation trigger
2026-08-10T11:34:49.070697,KAYNES,setup,no fresh breakout/continuation trigger
2026-08-10T11:34:49.070697,OFSS,setup,no fresh breakout/continuation trigger
2026-08-10T11:34:49.070697,HINDALCO,setup,no fresh breakout/continuation trigger
2026-08-10T11:34:49.086373,SUNPHARMA,setup,no fresh breakout/continuation trigger
2026-08-10T11:34:49.086373,BEL,setup,no fresh breakout/continuation trigger
2026-08-10T11:34:49.086373,MCX,setup,no fresh breakout/continuation trigger
2026-08-10T11:34:49.086373,HCLTECH,setup,no fresh breakout/continuation trigger
2026-08-10T11:34:49.086373,DIVISLAB,setup,no fresh breakout/continuation trigger
2026-08-10T11:34:49.086373,LICI,setup,no fresh breakout/continuation trigger
2026-08-10T11:34:49.086373,ITC,setup,no fresh breakout/continuation trigger
2026-08-10T11:34:49.086373,GVT&D,setup,no fresh breakout/continuation trigger
2026-08-10T11:34:49.086373,TORNTPHARM,setup,SL too wide (1.63 ATR)
2026-08-10T11:37:08.038840,HDFCBANK,setup,no fresh breakout/continuation trigger
2026-08-10T11:37:08.038840,KALYANKJIL,setup,RVOL 0.27 below 1.0
2026-08-10T11:37:08.038840,ICICIBANK,setup,RVOL 0.51 below 1.0
2026-08-10T11:37:08.038840,RELIANCE,setup,no fresh breakout/continuation trigger
2026-08-10T11:37:08.038840,INFY,setup,no fresh breakout/continuation trigger
2026-08-10T11:37:08.038840,SBIN,setup,no fresh breakout/continuation trigger
2026-08-10T11:37:08.038840,BAJFINANCE,setup,entry extended 0.31 ATR
2026-08-10T11:37:08.038840,BHARTIARTL,setup,RVOL 0.29 below 1.0
2026-08-10T11:37:08.038840,ETERNAL,setup,no fresh breakout/continuation trigger
2026-08-10T11:37:08.038840,AXISBANK,setup,no fresh breakout/continuation trigger
2026-08-10T11:37:08.038840,BSE,setup,no fresh breakout/continuation trigger
2026-08-10T11:37:08.038840,TCS,setup,no fresh breakout/continuation trigger
2026-08-10T11:37:08.038840,M&M,setup,no fresh breakout/continuation trigger
2026-08-10T11:37:08.038840,LT,setup,no fresh breakout/continuation trigger
2026-08-10T11:37:08.038840,SWIGGY,setup,no fresh breakout/continuation trigger
2026-08-10T11:37:08.038840,DIXON,setup,no fresh breakout/continuation trigger
2026-08-10T11:37:08.038840,SHRIRAMFIN,setup,no fresh breakout/continuation trigger
2026-08-10T11:37:08.038840,TVSMOTOR,setup,no fresh breakout/continuation trigger
2026-08-10T11:37:08.038840,MARUTI,setup,no fresh breakout/continuation trigger
2026-08-10T11:37:08.038840,PAYTM,setup,no fresh breakout/continuation trigger
2026-08-10T11:37:08.038840,COFORGE,setup,no fresh breakout/continuation trigger
2026-08-10T11:37:08.054530,JIOFIN,setup,no fresh breakout/continuation trigger
2026-08-10T11:37:08.055948,BHEL,setup,no fresh breakout/continuation trigger
2026-08-10T11:37:08.056970,BAJAJ-AUTO,setup,no fresh breakout/continuation trigger
2026-08-10T11:37:08.056970,ADANIPOWER,setup,no fresh breakout/continuation trigger
2026-08-10T11:37:08.056970,INDIGO,setup,no fresh breakout/continuation trigger
2026-08-10T11:37:08.058286,TECHM,setup,SL too wide (1.53 ATR)
2026-08-10T11:37:08.058286,KOTAKBANK,setup,no fresh breakout/continuation trigger
2026-08-10T11:37:08.059437,KAYNES,setup,RVOL 0.64 below 1.0
2026-08-10T11:37:08.060462,HINDALCO,setup,no fresh breakout/continuation trigger
2026-08-10T11:37:08.060462,OFSS,setup,no fresh breakout/continuation trigger
2026-08-10T11:37:08.061465,SUNPHARMA,setup,no fresh breakout/continuation trigger
2026-08-10T11:37:08.061465,MCX,setup,no fresh breakout/continuation trigger
2026-08-10T11:37:08.061465,BEL,setup,no fresh breakout/continuation trigger
2026-08-10T11:37:08.062946,DIVISLAB,setup,no fresh breakout/continuation trigger
2026-08-10T11:37:08.063972,HCLTECH,setup,no fresh breakout/continuation trigger
2026-08-10T11:37:08.063972,LICI,setup,no fresh breakout/continuation trigger
2026-08-10T11:37:08.065270,ITC,setup,no fresh breakout/continuation trigger
2026-08-10T11:37:08.065270,GVT&D,setup,SL too wide (1.63 ATR)
2026-08-10T11:37:08.066275,TORNTPHARM,setup,no fresh breakout/continuation trigger
2026-08-10T11:38:08.507969,HDFCBANK,setup,no fresh breakout/continuation trigger
2026-08-10T11:38:08.507969,KALYANKJIL,setup,RVOL 0.27 below 1.0
2026-08-10T11:38:08.507969,ICICIBANK,setup,RVOL 0.51 below 1.0
2026-08-10T11:38:08.507969,RELIANCE,setup,no fresh breakout/continuation trigger
2026-08-10T11:38:08.507969,INFY,setup,no fresh breakout/continuation trigger
2026-08-10T11:38:08.507969,SBIN,setup,no fresh breakout/continuation trigger
2026-08-10T11:38:08.507969,BAJFINANCE,setup,entry extended 0.31 ATR
2026-08-10T11:38:08.507969,BHARTIARTL,setup,RVOL 0.29 below 1.0
2026-08-10T11:38:08.507969,ETERNAL,setup,no fresh breakout/continuation trigger
2026-08-10T11:38:08.507969,AXISBANK,setup,no fresh breakout/continuation trigger
2026-08-10T11:38:08.507969,BSE,setup,no fresh breakout/continuation trigger
2026-08-10T11:38:08.507969,TCS,setup,no fresh breakout/continuation trigger
2026-08-10T11:38:08.525029,M&M,setup,no fresh breakout/continuation trigger
2026-08-10T11:38:08.525029,LT,setup,no fresh breakout/continuation trigger
2026-08-10T11:38:08.525029,SWIGGY,setup,no fresh breakout/continuation trigger
2026-08-10T11:38:08.527419,DIXON,setup,no fresh breakout/continuation trigger
2026-08-10T11:38:08.527419,SHRIRAMFIN,setup,no fresh breakout/continuation trigger
2026-08-10T11:38:08.527419,TVSMOTOR,setup,no fresh breakout/continuation trigger
2026-08-10T11:38:08.527419,MARUTI,setup,no fresh breakout/continuation trigger
2026-08-10T11:38:08.527419,PAYTM,setup,no fresh breakout/continuation trigger
2026-08-10T11:38:08.527419,COFORGE,setup,no fresh breakout/continuation trigger
2026-08-10T11:38:08.527419,JIOFIN,setup,no fresh breakout/continuation trigger
2026-08-10T11:38:08.527419,BHEL,setup,no fresh breakout/continuation trigger
2026-08-10T11:38:08.527419,BAJAJ-AUTO,setup,no fresh breakout/continuation trigger
2026-08-10T11:38:08.533042,ADANIPOWER,setup,no fresh breakout/continuation trigger
2026-08-10T11:38:08.533042,INDIGO,setup,no fresh breakout/continuation trigger
2026-08-10T11:38:08.533042,TECHM,setup,SL too wide (1.53 ATR)
2026-08-10T11:38:08.533042,KOTAKBANK,setup,no fresh breakout/continuation trigger
2026-08-10T11:38:08.533042,KAYNES,setup,RVOL 0.64 below 1.0
2026-08-10T11:38:08.533042,HINDALCO,setup,no fresh breakout/continuation trigger
2026-08-10T11:38:08.533042,OFSS,setup,no fresh breakout/continuation trigger
2026-08-10T11:38:08.533042,SUNPHARMA,setup,no fresh breakout/continuation trigger
2026-08-10T11:38:08.533042,MCX,setup,no fresh breakout/continuation trigger
2026-08-10T11:38:08.533042,BEL,setup,no fresh breakout/continuation trigger
2026-08-10T11:38:08.533042,DIVISLAB,setup,no fresh breakout/continuation trigger
2026-08-10T11:38:08.539578,HCLTECH,setup,no fresh breakout/continuation trigger
2026-08-10T11:38:08.539578,LICI,setup,no fresh breakout/continuation trigger
2026-08-10T11:38:08.540837,ITC,setup,no fresh breakout/continuation trigger
2026-08-10T11:38:08.540837,GVT&D,setup,SL too wide (1.63 ATR)
2026-08-10T11:38:08.541844,TORNTPHARM,setup,no fresh breakout/continuation trigger
2026-08-10T11:39:08.987748,HDFCBANK,setup,no fresh breakout/continuation trigger
2026-08-10T11:39:08.988788,KALYANKJIL,setup,RVOL 0.27 below 1.0
2026-08-10T11:39:08.989792,ICICIBANK,setup,RVOL 0.51 below 1.0
2026-08-10T11:39:08.989792,RELIANCE,setup,no fresh breakout/continuation trigger
2026-08-10T11:39:08.991009,INFY,setup,no fresh breakout/continuation trigger
2026-08-10T11:39:08.992010,SBIN,setup,no fresh breakout/continuation trigger
2026-08-10T11:39:08.992010,BAJFINANCE,setup,entry extended 0.31 ATR
2026-08-10T11:39:08.993136,BHARTIARTL,setup,RVOL 0.29 below 1.0
2026-08-10T11:39:08.993136,ETERNAL,setup,no fresh breakout/continuation trigger
2026-08-10T11:39:08.994424,AXISBANK,setup,no fresh breakout/continuation trigger
2026-08-10T11:39:08.994424,BSE,setup,no fresh breakout/continuation trigger
2026-08-10T11:39:08.995429,TCS,setup,no fresh breakout/continuation trigger
2026-08-10T11:39:08.995429,M&M,setup,no fresh breakout/continuation trigger
2026-08-10T11:39:08.996892,LT,setup,no fresh breakout/continuation trigger
2026-08-10T11:39:08.997896,SWIGGY,setup,no fresh breakout/continuation trigger
2026-08-10T11:39:08.997896,DIXON,setup,no fresh breakout/continuation trigger
2026-08-10T11:39:08.998944,SHRIRAMFIN,setup,no fresh breakout/continuation trigger
2026-08-10T11:39:08.998944,TVSMOTOR,setup,no fresh breakout/continuation trigger
2026-08-10T11:39:08.999951,MARUTI,setup,no fresh breakout/continuation trigger
2026-08-10T11:39:09.000957,PAYTM,setup,no fresh breakout/continuation trigger
2026-08-10T11:39:09.000957,COFORGE,setup,no fresh breakout/continuation trigger
2026-08-10T11:39:09.001964,JIOFIN,setup,no fresh breakout/continuation trigger
2026-08-10T11:39:09.002989,BHEL,setup,no fresh breakout/continuation trigger
2026-08-10T11:39:09.002989,BAJAJ-AUTO,setup,no fresh breakout/continuation trigger
2026-08-10T11:39:09.003995,ADANIPOWER,setup,no fresh breakout/continuation trigger
2026-08-10T11:39:09.003995,INDIGO,setup,no fresh breakout/continuation trigger
2026-08-10T11:39:09.005343,TECHM,setup,SL too wide (1.53 ATR)
2026-08-10T11:39:09.005343,KOTAKBANK,setup,no fresh breakout/continuation trigger
2026-08-10T11:39:09.006349,KAYNES,setup,RVOL 0.64 below 1.0
2026-08-10T11:39:09.006349,HINDALCO,setup,no fresh breakout/continuation trigger
2026-08-10T11:39:09.006349,OFSS,setup,no fresh breakout/continuation trigger
2026-08-10T11:39:09.006349,SUNPHARMA,setup,no fresh breakout/continuation trigger
2026-08-10T11:39:09.006349,MCX,setup,no fresh breakout/continuation trigger
2026-08-10T11:39:09.006349,BEL,setup,no fresh breakout/continuation trigger
2026-08-10T11:39:09.006349,DIVISLAB,setup,no fresh breakout/continuation trigger
2026-08-10T11:39:09.006349,HCLTECH,setup,no fresh breakout/continuation trigger
2026-08-10T11:39:09.006349,LICI,setup,no fresh breakout/continuation trigger
2026-08-10T11:39:09.006349,ITC,setup,no fresh breakout/continuation trigger
2026-08-10T11:39:09.006349,GVT&D,setup,SL too wide (1.63 ATR)
2026-08-10T11:39:09.006349,TORNTPHARM,setup,no fresh breakout/continuation trigger
2026-08-10T11:40:09.460676,HDFCBANK,setup,no fresh breakout/continuation trigger
2026-08-10T11:40:09.460676,KALYANKJIL,setup,RVOL 0.27 below 1.0
2026-08-10T11:40:09.460676,ICICIBANK,setup,RVOL 0.51 below 1.0
2026-08-10T11:40:09.460676,RELIANCE,setup,no fresh breakout/continuation trigger
2026-08-10T11:40:09.460676,INFY,setup,no fresh breakout/continuation trigger
2026-08-10T11:40:09.460676,SBIN,setup,no fresh breakout/continuation trigger
2026-08-10T11:40:09.460676,BAJFINANCE,setup,entry extended 0.31 ATR
2026-08-10T11:40:09.460676,BHARTIARTL,setup,RVOL 0.29 below 1.0
2026-08-10T11:40:09.460676,ETERNAL,setup,no fresh breakout/continuation trigger
2026-08-10T11:40:09.460676,AXISBANK,setup,no fresh breakout/continuation trigger
2026-08-10T11:40:09.460676,BSE,setup,no fresh breakout/continuation trigger
2026-08-10T11:40:09.460676,TCS,setup,no fresh breakout/continuation trigger
2026-08-10T11:40:09.460676,M&M,setup,no fresh breakout/continuation trigger
2026-08-10T11:40:09.476531,LT,setup,no fresh breakout/continuation trigger
2026-08-10T11:40:09.476531,SWIGGY,setup,no fresh breakout/continuation trigger
2026-08-10T11:40:09.476531,DIXON,setup,no fresh breakout/continuation trigger
2026-08-10T11:40:09.477827,SHRIRAMFIN,setup,no fresh breakout/continuation trigger
2026-08-10T11:40:09.478865,TVSMOTOR,setup,no fresh breakout/continuation trigger
2026-08-10T11:40:09.478865,MARUTI,setup,no fresh breakout/continuation trigger
2026-08-10T11:40:09.480133,PAYTM,setup,no fresh breakout/continuation trigger
2026-08-10T11:40:09.480133,COFORGE,setup,no fresh breakout/continuation trigger
2026-08-10T11:40:09.481370,JIOFIN,setup,no fresh breakout/continuation trigger
2026-08-10T11:40:09.481370,BHEL,setup,no fresh breakout/continuation trigger
2026-08-10T11:40:09.482398,BAJAJ-AUTO,setup,no fresh breakout/continuation trigger
2026-08-10T11:40:09.482398,ADANIPOWER,setup,no fresh breakout/continuation trigger
2026-08-10T11:40:09.483745,INDIGO,setup,no fresh breakout/continuation trigger
2026-08-10T11:40:09.483745,TECHM,setup,SL too wide (1.53 ATR)
2026-08-10T11:40:09.484748,KOTAKBANK,setup,no fresh breakout/continuation trigger
2026-08-10T11:40:09.484748,KAYNES,setup,RVOL 0.64 below 1.0
2026-08-10T11:40:09.485872,HINDALCO,setup,no fresh breakout/continuation trigger
2026-08-10T11:40:09.485872,OFSS,setup,no fresh breakout/continuation trigger
2026-08-10T11:40:09.485872,SUNPHARMA,setup,no fresh breakout/continuation trigger
2026-08-10T11:40:09.487163,MCX,setup,no fresh breakout/continuation trigger
2026-08-10T11:40:09.487163,BEL,setup,no fresh breakout/continuation trigger
2026-08-10T11:40:09.488181,DIVISLAB,setup,no fresh breakout/continuation trigger
2026-08-10T11:40:09.488181,HCLTECH,setup,no fresh breakout/continuation trigger
2026-08-10T11:40:09.489280,LICI,setup,no fresh breakout/continuation trigger
2026-08-10T11:40:09.489280,ITC,setup,no fresh breakout/continuation trigger
2026-08-10T11:40:09.489280,GVT&D,setup,SL too wide (1.63 ATR)
2026-08-10T11:40:09.490337,TORNTPHARM,setup,no fresh breakout/continuation trigger
2026-08-10T11:41:09.943687,HDFCBANK,setup,no fresh breakout/continuation trigger
2026-08-10T11:41:09.943687,KALYANKJIL,setup,RVOL 0.27 below 1.0
2026-08-10T11:41:09.943687,ICICIBANK,setup,RVOL 0.51 below 1.0
2026-08-10T11:41:09.943687,RELIANCE,setup,no fresh breakout/continuation trigger
2026-08-10T11:41:09.943687,INFY,setup,no fresh breakout/continuation trigger
2026-08-10T11:41:09.943687,SBIN,setup,no fresh breakout/continuation trigger
2026-08-10T11:41:09.943687,BAJFINANCE,setup,entry extended 0.31 ATR
2026-08-10T11:41:09.943687,BHARTIARTL,setup,RVOL 0.29 below 1.0
2026-08-10T11:41:09.943687,ETERNAL,setup,no fresh breakout/continuation trigger
2026-08-10T11:41:09.943687,AXISBANK,setup,no fresh breakout/continuation trigger
2026-08-10T11:41:09.943687,BSE,setup,no fresh breakout/continuation trigger
2026-08-10T11:41:09.943687,TCS,setup,no fresh breakout/continuation trigger
2026-08-10T11:41:09.959621,M&M,setup,no fresh breakout/continuation trigger
2026-08-10T11:41:09.959621,LT,setup,no fresh breakout/continuation trigger
2026-08-10T11:41:09.959621,SWIGGY,setup,no fresh breakout/continuation trigger
2026-08-10T11:41:09.959621,DIXON,setup,no fresh breakout/continuation trigger
2026-08-10T11:41:09.959621,SHRIRAMFIN,setup,no fresh breakout/continuation trigger
2026-08-10T11:41:09.959621,TVSMOTOR,setup,no fresh breakout/continuation trigger
2026-08-10T11:41:09.959621,MARUTI,setup,no fresh breakout/continuation trigger
2026-08-10T11:41:09.959621,PAYTM,setup,no fresh breakout/continuation trigger
2026-08-10T11:41:09.959621,COFORGE,setup,no fresh breakout/continuation trigger
2026-08-10T11:41:09.959621,JIOFIN,setup,no fresh breakout/continuation trigger
2026-08-10T11:41:09.959621,BHEL,setup,no fresh breakout/continuation trigger
2026-08-10T11:41:09.959621,BAJAJ-AUTO,setup,no fresh breakout/continuation trigger
2026-08-10T11:41:09.959621,ADANIPOWER,setup,no fresh breakout/continuation trigger
2026-08-10T11:41:09.959621,INDIGO,setup,no fresh breakout/continuation trigger
2026-08-10T11:41:09.959621,TECHM,setup,SL too wide (1.53 ATR)
2026-08-10T11:41:09.959621,KOTAKBANK,setup,no fresh breakout/continuation trigger
2026-08-10T11:41:09.959621,KAYNES,setup,RVOL 0.64 below 1.0
2026-08-10T11:41:09.959621,HINDALCO,setup,no fresh breakout/continuation trigger
2026-08-10T11:41:09.959621,OFSS,setup,no fresh breakout/continuation trigger
2026-08-10T11:41:09.959621,SUNPHARMA,setup,no fresh breakout/continuation trigger
2026-08-10T11:41:09.959621,MCX,setup,no fresh breakout/continuation trigger
2026-08-10T11:41:09.959621,BEL,setup,no fresh breakout/continuation trigger
2026-08-10T11:41:09.959621,DIVISLAB,setup,no fresh breakout/continuation trigger
2026-08-10T11:41:09.959621,HCLTECH,setup,no fresh breakout/continuation trigger
2026-08-10T11:41:09.959621,LICI,setup,no fresh breakout/continuation trigger
2026-08-10T11:41:09.959621,ITC,setup,no fresh breakout/continuation trigger
2026-08-10T11:41:09.975738,GVT&D,setup,SL too wide (1.63 ATR)
2026-08-10T11:41:09.975738,TORNTPHARM,setup,no fresh breakout/continuation trigger
2026-08-10T11:42:12.476337,HDFCBANK,setup,no fresh breakout/continuation trigger
2026-08-10T11:42:12.476337,KALYANKJIL,setup,no fresh breakout/continuation trigger
2026-08-10T11:42:12.476337,ICICIBANK,setup,no fresh breakout/continuation trigger
2026-08-10T11:42:12.476337,RELIANCE,setup,no fresh breakout/continuation trigger
2026-08-10T11:42:12.476337,INFY,setup,no fresh breakout/continuation trigger
2026-08-10T11:42:12.476337,SBIN,setup,no fresh breakout/continuation trigger
2026-08-10T11:42:12.476337,BAJFINANCE,setup,no fresh breakout/continuation trigger
2026-08-10T11:42:12.476337,BHARTIARTL,setup,no fresh breakout/continuation trigger
2026-08-10T11:42:12.476337,ETERNAL,setup,no fresh breakout/continuation trigger
2026-08-10T11:42:12.476337,AXISBANK,setup,no fresh breakout/continuation trigger
2026-08-10T11:42:12.476337,BSE,setup,SL too wide (1.77 ATR)
2026-08-10T11:42:12.476337,TCS,setup,no fresh breakout/continuation trigger
2026-08-10T11:42:12.476337,M&M,setup,no fresh breakout/continuation trigger
2026-08-10T11:42:12.476337,LT,setup,no fresh breakout/continuation trigger
2026-08-10T11:42:12.476337,SWIGGY,setup,no fresh breakout/continuation trigger
2026-08-10T11:42:12.476337,DIXON,setup,no fresh breakout/continuation trigger
2026-08-10T11:42:12.476337,SHRIRAMFIN,setup,no fresh breakout/continuation trigger
2026-08-10T11:42:12.476337,TVSMOTOR,setup,no fresh breakout/continuation trigger
2026-08-10T11:42:12.476337,MARUTI,setup,no fresh breakout/continuation trigger
2026-08-10T11:42:12.476337,PAYTM,setup,no fresh breakout/continuation trigger
2026-08-10T11:42:12.476337,JIOFIN,setup,no fresh breakout/continuation trigger
2026-08-10T11:42:12.476337,BHEL,setup,no fresh breakout/continuation trigger
2026-08-10T11:42:12.476337,BAJAJ-AUTO,setup,SL too wide (1.97 ATR)
2026-08-10T11:42:12.476337,ADANIPOWER,setup,no fresh breakout/continuation trigger
2026-08-10T11:42:12.476337,INDIGO,setup,no fresh breakout/continuation trigger
2026-08-10T11:42:12.492352,TECHM,setup,no fresh breakout/continuation trigger
2026-08-10T11:42:12.492352,KOTAKBANK,setup,entry extended 0.51 ATR
2026-08-10T11:42:12.492352,KAYNES,setup,no fresh breakout/continuation trigger
2026-08-10T11:42:12.492352,HINDALCO,setup,no fresh breakout/continuation trigger
2026-08-10T11:42:12.492352,OFSS,setup,no fresh breakout/continuation trigger
2026-08-10T11:42:12.492352,SUNPHARMA,setup,no fresh breakout/continuation trigger
2026-08-10T11:42:12.492352,MCX,setup,no fresh breakout/continuation trigger
2026-08-10T11:42:12.492352,BEL,setup,no fresh breakout/continuation trigger
2026-08-10T11:42:12.492352,DIVISLAB,setup,no fresh breakout/continuation trigger
2026-08-10T11:42:12.492352,HCLTECH,setup,no fresh breakout/continuation trigger
2026-08-10T11:42:12.492352,LICI,setup,no fresh breakout/continuation trigger
2026-08-10T11:42:12.492352,ITC,setup,no fresh breakout/continuation trigger
2026-08-10T11:42:12.492352,GVT&D,setup,no fresh breakout/continuation trigger
2026-08-10T11:42:12.492352,TORNTPHARM,setup,no fresh breakout/continuation trigger
2026-08-10T11:42:12.492352,COFORGE,option,no eligible option contracts
2026-08-10T11:43:12.960804,HDFCBANK,setup,no fresh breakout/continuation trigger
2026-08-10T11:43:12.960804,KALYANKJIL,setup,no fresh breakout/continuation trigger
2026-08-10T11:43:12.960804,ICICIBANK,setup,no fresh breakout/continuation trigger
2026-08-10T11:43:12.960804,RELIANCE,setup,no fresh breakout/continuation trigger
2026-08-10T11:43:12.960804,INFY,setup,no fresh breakout/continuation trigger
2026-08-10T11:43:12.960804,SBIN,setup,no fresh breakout/continuation trigger
2026-08-10T11:43:12.960804,BAJFINANCE,setup,no fresh breakout/continuation trigger
2026-08-10T11:43:12.960804,BHARTIARTL,setup,no fresh breakout/continuation trigger
2026-08-10T11:43:12.960804,ETERNAL,setup,no fresh breakout/continuation trigger
2026-08-10T11:43:12.960804,AXISBANK,setup,no fresh breakout/continuation trigger
2026-08-10T11:43:12.960804,BSE,setup,SL too wide (1.77 ATR)
2026-08-10T11:43:12.960804,TCS,setup,no fresh breakout/continuation trigger
2026-08-10T11:43:12.976883,M&M,setup,no fresh breakout/continuation trigger
2026-08-10T11:43:12.976883,LT,setup,no fresh breakout/continuation trigger
2026-08-10T11:43:12.976883,SWIGGY,setup,no fresh breakout/continuation trigger
2026-08-10T11:43:12.976883,DIXON,setup,no fresh breakout/continuation trigger
2026-08-10T11:43:12.976883,SHRIRAMFIN,setup,no fresh breakout/continuation trigger
2026-08-10T11:43:12.976883,TVSMOTOR,setup,no fresh breakout/continuation trigger
2026-08-10T11:43:12.976883,MARUTI,setup,no fresh breakout/continuation trigger
2026-08-10T11:43:12.976883,PAYTM,setup,no fresh breakout/continuation trigger
2026-08-10T11:43:12.976883,JIOFIN,setup,no fresh breakout/continuation trigger
2026-08-10T11:43:12.976883,BHEL,setup,no fresh breakout/continuation trigger
2026-08-10T11:43:12.976883,BAJAJ-AUTO,setup,SL too wide (1.97 ATR)
2026-08-10T11:43:12.976883,ADANIPOWER,setup,no fresh breakout/continuation trigger
2026-08-10T11:43:12.976883,INDIGO,setup,no fresh breakout/continuation trigger
2026-08-10T11:43:12.976883,TECHM,setup,no fresh breakout/continuation trigger
2026-08-10T11:43:12.976883,KOTAKBANK,setup,entry extended 0.51 ATR
2026-08-10T11:43:12.976883,KAYNES,setup,no fresh breakout/continuation trigger
2026-08-10T11:43:12.976883,HINDALCO,setup,no fresh breakout/continuation trigger
2026-08-10T11:43:12.976883,OFSS,setup,no fresh breakout/continuation trigger
2026-08-10T11:43:12.976883,SUNPHARMA,setup,no fresh breakout/continuation trigger
2026-08-10T11:43:12.976883,MCX,setup,no fresh breakout/continuation trigger
2026-08-10T11:43:12.976883,BEL,setup,no fresh breakout/continuation trigger
2026-08-10T11:43:12.976883,DIVISLAB,setup,no fresh breakout/continuation trigger
2026-08-10T11:43:12.976883,HCLTECH,setup,no fresh breakout/continuation trigger
2026-08-10T11:43:12.976883,LICI,setup,no fresh breakout/continuation trigger
2026-08-10T11:43:12.976883,ITC,setup,no fresh breakout/continuation trigger
2026-08-10T11:43:12.992676,GVT&D,setup,no fresh breakout/continuation trigger
2026-08-10T11:43:12.993947,TORNTPHARM,setup,no fresh breakout/continuation trigger
2026-08-10T11:43:12.993947,COFORGE,option,no eligible option contracts
2026-08-10T11:44:13.475231,HDFCBANK,setup,no fresh breakout/continuation trigger
2026-08-10T11:44:13.475231,KALYANKJIL,setup,no fresh breakout/continuation trigger
2026-08-10T11:44:13.475231,ICICIBANK,setup,no fresh breakout/continuation trigger
2026-08-10T11:44:13.475231,RELIANCE,setup,no fresh breakout/continuation trigger
2026-08-10T11:44:13.475231,INFY,setup,no fresh breakout/continuation trigger
2026-08-10T11:44:13.475231,SBIN,setup,no fresh breakout/continuation trigger
2026-08-10T11:44:13.475231,BAJFINANCE,setup,no fresh breakout/continuation trigger
2026-08-10T11:44:13.475231,BHARTIARTL,setup,no fresh breakout/continuation trigger
2026-08-10T11:44:13.475231,ETERNAL,setup,no fresh breakout/continuation trigger
2026-08-10T11:44:13.490867,AXISBANK,setup,no fresh breakout/continuation trigger
2026-08-10T11:44:13.490867,BSE,setup,SL too wide (1.77 ATR)
2026-08-10T11:44:13.490867,TCS,setup,no fresh breakout/continuation trigger
2026-08-10T11:44:13.490867,M&M,setup,no fresh breakout/continuation trigger
2026-08-10T11:44:13.493290,LT,setup,no fresh breakout/continuation trigger
2026-08-10T11:44:13.493290,SWIGGY,setup,no fresh breakout/continuation trigger
2026-08-10T11:44:13.493290,DIXON,setup,no fresh breakout/continuation trigger
2026-08-10T11:44:13.493290,SHRIRAMFIN,setup,no fresh breakout/continuation trigger
2026-08-10T11:44:13.493290,TVSMOTOR,setup,no fresh breakout/continuation trigger
2026-08-10T11:44:13.493290,MARUTI,setup,no fresh breakout/continuation trigger
2026-08-10T11:44:13.493290,PAYTM,setup,no fresh breakout/continuation trigger
2026-08-10T11:44:13.493290,JIOFIN,setup,no fresh breakout/continuation trigger
2026-08-10T11:44:13.493290,BHEL,setup,no fresh breakout/continuation trigger
2026-08-10T11:44:13.493290,BAJAJ-AUTO,setup,SL too wide (1.97 ATR)
2026-08-10T11:44:13.493290,ADANIPOWER,setup,no fresh breakout/continuation trigger
2026-08-10T11:44:13.493290,INDIGO,setup,no fresh breakout/continuation trigger
2026-08-10T11:44:13.493290,TECHM,setup,no fresh breakout/continuation trigger
2026-08-10T11:44:13.493290,KOTAKBANK,setup,entry extended 0.51 ATR
2026-08-10T11:44:13.493290,KAYNES,setup,no fresh breakout/continuation trigger
2026-08-10T11:44:13.493290,HINDALCO,setup,no fresh breakout/continuation trigger
2026-08-10T11:44:13.493290,OFSS,setup,no fresh breakout/continuation trigger
2026-08-10T11:44:13.493290,SUNPHARMA,setup,no fresh breakout/continuation trigger
2026-08-10T11:44:13.493290,MCX,setup,no fresh breakout/continuation trigger
2026-08-10T11:44:13.493290,BEL,setup,no fresh breakout/continuation trigger
2026-08-10T11:44:13.493290,DIVISLAB,setup,no fresh breakout/continuation trigger
2026-08-10T11:44:13.493290,HCLTECH,setup,no fresh breakout/continuation trigger
2026-08-10T11:44:13.493290,LICI,setup,no fresh breakout/continuation trigger
2026-08-10T11:44:13.506635,ITC,setup,no fresh breakout/continuation trigger
2026-08-10T11:44:13.506635,GVT&D,setup,no fresh breakout/continuation trigger
2026-08-10T11:44:13.506635,TORNTPHARM,setup,no fresh breakout/continuation trigger
2026-08-10T11:44:13.506635,COFORGE,option,no eligible option contracts
2026-08-10T11:45:13.960067,HDFCBANK,setup,no fresh breakout/continuation trigger
2026-08-10T11:45:13.960067,KALYANKJIL,setup,no fresh breakout/continuation trigger
2026-08-10T11:45:13.960067,ICICIBANK,setup,no fresh breakout/continuation trigger
2026-08-10T11:45:13.960067,RELIANCE,setup,no fresh breakout/continuation trigger
2026-08-10T11:45:13.960067,INFY,setup,no fresh breakout/continuation trigger
2026-08-10T11:45:13.960067,SBIN,setup,no fresh breakout/continuation trigger
2026-08-10T11:45:13.960067,BAJFINANCE,setup,no fresh breakout/continuation trigger
2026-08-10T11:45:13.960067,BHARTIARTL,setup,no fresh breakout/continuation trigger
2026-08-10T11:45:13.960067,ETERNAL,setup,no fresh breakout/continuation trigger
2026-08-10T11:45:13.960067,AXISBANK,setup,no fresh breakout/continuation trigger
2026-08-10T11:45:13.960067,BSE,setup,SL too wide (1.77 ATR)
2026-08-10T11:45:13.960067,TCS,setup,no fresh breakout/continuation trigger
2026-08-10T11:45:13.960067,M&M,setup,no fresh breakout/continuation trigger
2026-08-10T11:45:13.960067,LT,setup,no fresh breakout/continuation trigger
2026-08-10T11:45:13.960067,SWIGGY,setup,no fresh breakout/continuation trigger
2026-08-10T11:45:13.976028,DIXON,setup,no fresh breakout/continuation trigger
2026-08-10T11:45:13.976028,SHRIRAMFIN,setup,no fresh breakout/continuation trigger
2026-08-10T11:45:13.976028,TVSMOTOR,setup,no fresh breakout/continuation trigger
2026-08-10T11:45:13.976028,MARUTI,setup,no fresh breakout/continuation trigger
2026-08-10T11:45:13.976028,PAYTM,setup,no fresh breakout/continuation trigger
2026-08-10T11:45:13.976028,JIOFIN,setup,no fresh breakout/continuation trigger
2026-08-10T11:45:13.976028,BHEL,setup,no fresh breakout/continuation trigger
2026-08-10T11:45:13.976028,BAJAJ-AUTO,setup,SL too wide (1.97 ATR)
2026-08-10T11:45:13.976028,ADANIPOWER,setup,no fresh breakout/continuation trigger
2026-08-10T11:45:13.976028,INDIGO,setup,no fresh breakout/continuation trigger
2026-08-10T11:45:13.976028,TECHM,setup,no fresh breakout/continuation trigger
2026-08-10T11:45:13.976028,KOTAKBANK,setup,entry extended 0.51 ATR
2026-08-10T11:45:13.976028,KAYNES,setup,no fresh breakout/continuation trigger
2026-08-10T11:45:13.976028,HINDALCO,setup,no fresh breakout/continuation trigger
2026-08-10T11:45:13.976028,OFSS,setup,no fresh breakout/continuation trigger
2026-08-10T11:45:13.976028,SUNPHARMA,setup,no fresh breakout/continuation trigger
2026-08-10T11:45:13.976028,MCX,setup,no fresh breakout/continuation trigger
2026-08-10T11:45:13.976028,BEL,setup,no fresh breakout/continuation trigger
2026-08-10T11:45:13.976028,DIVISLAB,setup,no fresh breakout/continuation trigger
2026-08-10T11:45:13.976028,HCLTECH,setup,no fresh breakout/continuation trigger
2026-08-10T11:45:13.976028,LICI,setup,no fresh breakout/continuation trigger
2026-08-10T11:45:13.976028,ITC,setup,no fresh breakout/continuation trigger
2026-08-10T11:45:13.976028,GVT&D,setup,no fresh breakout/continuation trigger
2026-08-10T11:45:13.976028,TORNTPHARM,setup,no fresh breakout/continuation trigger
2026-08-10T11:45:13.976028,COFORGE,option,no eligible option contracts
2026-08-10T11:46:14.444256,HDFCBANK,setup,no fresh breakout/continuation trigger
2026-08-10T11:46:14.444256,KALYANKJIL,setup,no fresh breakout/continuation trigger
2026-08-10T11:46:14.444256,ICICIBANK,setup,no fresh breakout/continuation trigger
2026-08-10T11:46:14.444256,RELIANCE,setup,no fresh breakout/continuation trigger
2026-08-10T11:46:14.444256,INFY,setup,no fresh breakout/continuation trigger
2026-08-10T11:46:14.444256,SBIN,setup,no fresh breakout/continuation trigger
2026-08-10T11:46:14.444256,BAJFINANCE,setup,no fresh breakout/continuation trigger
2026-08-10T11:46:14.444256,BHARTIARTL,setup,no fresh breakout/continuation trigger
2026-08-10T11:46:14.444256,ETERNAL,setup,no fresh breakout/continuation trigger
2026-08-10T11:46:14.444256,AXISBANK,setup,no fresh breakout/continuation trigger
2026-08-10T11:46:14.444256,BSE,setup,SL too wide (1.77 ATR)
2026-08-10T11:46:14.444256,TCS,setup,no fresh breakout/continuation trigger
2026-08-10T11:46:14.444256,M&M,setup,no fresh breakout/continuation trigger
2026-08-10T11:46:14.444256,LT,setup,no fresh breakout/continuation trigger
2026-08-10T11:46:14.444256,SWIGGY,setup,no fresh breakout/continuation trigger
2026-08-10T11:46:14.444256,DIXON,setup,no fresh breakout/continuation trigger
2026-08-10T11:46:14.444256,SHRIRAMFIN,setup,no fresh breakout/continuation trigger
2026-08-10T11:46:14.444256,TVSMOTOR,setup,no fresh breakout/continuation trigger
2026-08-10T11:46:14.444256,MARUTI,setup,no fresh breakout/continuation trigger
2026-08-10T11:46:14.460340,PAYTM,setup,no fresh breakout/continuation trigger
2026-08-10T11:46:14.461593,JIOFIN,setup,no fresh breakout/continuation trigger
2026-08-10T11:46:14.461593,BHEL,setup,no fresh breakout/continuation trigger
2026-08-10T11:46:14.462623,BAJAJ-AUTO,setup,SL too wide (1.97 ATR)
2026-08-10T11:46:14.462623,ADANIPOWER,setup,no fresh breakout/continuation trigger
2026-08-10T11:46:14.463629,INDIGO,setup,no fresh breakout/continuation trigger
2026-08-10T11:46:14.463629,TECHM,setup,no fresh breakout/continuation trigger
2026-08-10T11:46:14.464650,KOTAKBANK,setup,entry extended 0.51 ATR
2026-08-10T11:46:14.464650,KAYNES,setup,no fresh breakout/continuation trigger
2026-08-10T11:46:14.465654,HINDALCO,setup,no fresh breakout/continuation trigger
2026-08-10T11:46:14.465654,OFSS,setup,no fresh breakout/continuation trigger
2026-08-10T11:46:14.467057,SUNPHARMA,setup,no fresh breakout/continuation trigger
2026-08-10T11:46:14.467057,MCX,setup,no fresh breakout/continuation trigger
2026-08-10T11:46:14.467057,BEL,setup,no fresh breakout/continuation trigger
2026-08-10T11:46:14.468112,DIVISLAB,setup,no fresh breakout/continuation trigger
2026-08-10T11:46:14.468112,HCLTECH,setup,no fresh breakout/continuation trigger
2026-08-10T11:46:14.469115,LICI,setup,no fresh breakout/continuation trigger
2026-08-10T11:46:14.469115,ITC,setup,no fresh breakout/continuation trigger
2026-08-10T11:46:14.470118,GVT&D,setup,no fresh breakout/continuation trigger
2026-08-10T11:46:14.470118,TORNTPHARM,setup,no fresh breakout/continuation trigger
2026-08-10T11:46:14.471123,COFORGE,option,no eligible option contracts
2026-08-10T11:47:17.024118,HDFCBANK,setup,no fresh breakout/continuation trigger
2026-08-10T11:47:17.039860,KALYANKJIL,setup,no fresh breakout/continuation trigger
2026-08-10T11:47:17.039860,ICICIBANK,setup,no fresh breakout/continuation trigger
2026-08-10T11:47:17.039860,RELIANCE,setup,no fresh breakout/continuation trigger
2026-08-10T11:47:17.039860,INFY,setup,RVOL 0.27 below 1.0
2026-08-10T11:47:17.039860,SBIN,setup,no fresh breakout/continuation trigger
2026-08-10T11:47:17.039860,BAJFINANCE,setup,no fresh breakout/continuation trigger
2026-08-10T11:47:17.039860,BHARTIARTL,setup,no fresh breakout/continuation trigger
2026-08-10T11:47:17.039860,ETERNAL,setup,SL too wide (2.08 ATR)
2026-08-10T11:47:17.039860,AXISBANK,setup,RVOL 0.22 below 1.0
2026-08-10T11:47:17.039860,BSE,setup,no fresh breakout/continuation trigger
2026-08-10T11:47:17.039860,TCS,setup,SL too wide (2.47 ATR)
2026-08-10T11:47:17.039860,M&M,setup,no fresh breakout/continuation trigger
2026-08-10T11:47:17.039860,LT,setup,no fresh breakout/continuation trigger
2026-08-10T11:47:17.039860,SWIGGY,setup,RVOL 0.01 below 1.0
2026-08-10T11:47:17.039860,DIXON,setup,no fresh breakout/continuation trigger
2026-08-10T11:47:17.039860,SHRIRAMFIN,setup,no fresh breakout/continuation trigger
2026-08-10T11:47:17.039860,TVSMOTOR,setup,no fresh breakout/continuation trigger
2026-08-10T11:47:17.039860,MARUTI,setup,entry extended 0.40 ATR
2026-08-10T11:47:17.039860,PAYTM,setup,no fresh breakout/continuation trigger
2026-08-10T11:47:17.039860,COFORGE,setup,SL too wide (1.90 ATR)
2026-08-10T11:47:17.039860,JIOFIN,setup,entry extended 0.37 ATR
2026-08-10T11:47:17.039860,BHEL,setup,no fresh breakout/continuation trigger
2026-08-10T11:47:17.039860,BAJAJ-AUTO,setup,no fresh breakout/continuation trigger
2026-08-10T11:47:17.039860,ADANIPOWER,setup,no fresh breakout/continuation trigger
2026-08-10T11:47:17.056053,INDIGO,setup,no fresh breakout/continuation trigger
2026-08-10T11:47:17.057050,TECHM,setup,no fresh breakout/continuation trigger
2026-08-10T11:47:17.057050,KOTAKBANK,setup,no fresh breakout/continuation trigger
2026-08-10T11:47:17.057050,KAYNES,setup,no fresh breakout/continuation trigger
2026-08-10T11:47:17.058273,HINDALCO,setup,no fresh breakout/continuation trigger
2026-08-10T11:47:17.059278,OFSS,setup,no fresh breakout/continuation trigger
2026-08-10T11:47:17.059278,SUNPHARMA,setup,no fresh breakout/continuation trigger
2026-08-10T11:47:17.060674,MCX,setup,no fresh breakout/continuation trigger
2026-08-10T11:47:17.060674,BEL,setup,no fresh breakout/continuation trigger
2026-08-10T11:47:17.061678,DIVISLAB,setup,no fresh breakout/continuation trigger
2026-08-10T11:47:17.061678,HCLTECH,setup,no fresh breakout/continuation trigger
2026-08-10T11:47:17.063073,LICI,setup,no fresh breakout/continuation trigger
2026-08-10T11:47:17.063073,ITC,setup,no fresh breakout/continuation trigger
2026-08-10T11:47:17.064137,GVT&D,setup,no fresh breakout/continuation trigger
2026-08-10T11:47:17.064137,TORNTPHARM,setup,no fresh breakout/continuation trigger
2026-08-10T11:48:17.521600,HDFCBANK,setup,no fresh breakout/continuation trigger
2026-08-10T11:48:17.522605,KALYANKJIL,setup,no fresh breakout/continuation trigger
2026-08-10T11:48:17.522605,ICICIBANK,setup,no fresh breakout/continuation trigger
2026-08-10T11:48:17.522605,RELIANCE,setup,no fresh breakout/continuation trigger
2026-08-10T11:48:17.522605,INFY,setup,RVOL 0.27 below 1.0
2026-08-10T11:48:17.522605,SBIN,setup,no fresh breakout/continuation trigger
2026-08-10T11:48:17.522605,BAJFINANCE,setup,no fresh breakout/continuation trigger
2026-08-10T11:48:17.522605,BHARTIARTL,setup,no fresh breakout/continuation trigger
2026-08-10T11:48:17.522605,ETERNAL,setup,SL too wide (2.08 ATR)
2026-08-10T11:48:17.522605,AXISBANK,setup,RVOL 0.22 below 1.0
2026-08-10T11:48:17.522605,BSE,setup,no fresh breakout/continuation trigger
2026-08-10T11:48:17.522605,TCS,setup,SL too wide (2.47 ATR)
2026-08-10T11:48:17.522605,M&M,setup,no fresh breakout/continuation trigger
2026-08-10T11:48:17.522605,LT,setup,no fresh breakout/continuation trigger
2026-08-10T11:48:17.522605,SWIGGY,setup,RVOL 0.01 below 1.0
2026-08-10T11:48:17.522605,DIXON,setup,no fresh breakout/continuation trigger
2026-08-10T11:48:17.522605,SHRIRAMFIN,setup,no fresh breakout/continuation trigger
2026-08-10T11:48:17.522605,TVSMOTOR,setup,no fresh breakout/continuation trigger
2026-08-10T11:48:17.522605,MARUTI,setup,entry extended 0.40 ATR
2026-08-10T11:48:17.522605,PAYTM,setup,no fresh breakout/continuation trigger
2026-08-10T11:48:17.522605,COFORGE,setup,SL too wide (1.90 ATR)
2026-08-10T11:48:17.522605,JIOFIN,setup,entry extended 0.37 ATR
2026-08-10T11:48:17.522605,BHEL,setup,no fresh breakout/continuation trigger
2026-08-10T11:48:17.522605,BAJAJ-AUTO,setup,no fresh breakout/continuation trigger
2026-08-10T11:48:17.522605,ADANIPOWER,setup,no fresh breakout/continuation trigger
2026-08-10T11:48:17.522605,INDIGO,setup,no fresh breakout/continuation trigger
2026-08-10T11:48:17.538569,TECHM,setup,no fresh breakout/continuation trigger
2026-08-10T11:48:17.538569,KOTAKBANK,setup,no fresh breakout/continuation trigger
2026-08-10T11:48:17.538569,KAYNES,setup,no fresh breakout/continuation trigger
2026-08-10T11:48:17.538569,HINDALCO,setup,no fresh breakout/continuation trigger
2026-08-10T11:48:17.538569,OFSS,setup,no fresh breakout/continuation trigger
2026-08-10T11:48:17.538569,SUNPHARMA,setup,no fresh breakout/continuation trigger
2026-08-10T11:48:17.538569,MCX,setup,no fresh breakout/continuation trigger
2026-08-10T11:48:17.538569,BEL,setup,no fresh breakout/continuation trigger
2026-08-10T11:48:17.538569,DIVISLAB,setup,no fresh breakout/continuation trigger
2026-08-10T11:48:17.538569,HCLTECH,setup,no fresh breakout/continuation trigger
2026-08-10T11:48:17.538569,LICI,setup,no fresh breakout/continuation trigger
2026-08-10T11:48:17.538569,ITC,setup,no fresh breakout/continuation trigger
2026-08-10T11:48:17.538569,GVT&D,setup,no fresh breakout/continuation trigger
2026-08-10T11:48:17.538569,TORNTPHARM,setup,no fresh breakout/continuation trigger
2026-08-10T11:49:18.005887,HDFCBANK,setup,no fresh breakout/continuation trigger
2026-08-10T11:49:18.006929,KALYANKJIL,setup,no fresh breakout/continuation trigger
2026-08-10T11:49:18.006929,ICICIBANK,setup,no fresh breakout/continuation trigger
2026-08-10T11:49:18.006929,RELIANCE,setup,no fresh breakout/continuation trigger
2026-08-10T11:49:18.006929,INFY,setup,RVOL 0.27 below 1.0
2026-08-10T11:49:18.006929,SBIN,setup,no fresh breakout/continuation trigger
2026-08-10T11:49:18.006929,BAJFINANCE,setup,no fresh breakout/continuation trigger
2026-08-10T11:49:18.006929,BHARTIARTL,setup,no fresh breakout/continuation trigger
2026-08-10T11:49:18.006929,ETERNAL,setup,SL too wide (2.08 ATR)
2026-08-10T11:49:18.006929,AXISBANK,setup,RVOL 0.22 below 1.0
2026-08-10T11:49:18.006929,BSE,setup,no fresh breakout/continuation trigger
2026-08-10T11:49:18.006929,TCS,setup,SL too wide (2.47 ATR)
2026-08-10T11:49:18.006929,M&M,setup,no fresh breakout/continuation trigger
2026-08-10T11:49:18.006929,LT,setup,no fresh breakout/continuation trigger
2026-08-10T11:49:18.006929,SWIGGY,setup,RVOL 0.01 below 1.0
2026-08-10T11:49:18.006929,DIXON,setup,no fresh breakout/continuation trigger
2026-08-10T11:49:18.006929,SHRIRAMFIN,setup,no fresh breakout/continuation trigger
2026-08-10T11:49:18.006929,TVSMOTOR,setup,no fresh breakout/continuation trigger
2026-08-10T11:49:18.006929,MARUTI,setup,entry extended 0.40 ATR
2026-08-10T11:49:18.006929,PAYTM,setup,no fresh breakout/continuation trigger
2026-08-10T11:49:18.006929,COFORGE,setup,SL too wide (1.90 ATR)
2026-08-10T11:49:18.006929,JIOFIN,setup,entry extended 0.37 ATR
2026-08-10T11:49:18.006929,BHEL,setup,no fresh breakout/continuation trigger
2026-08-10T11:49:18.006929,BAJAJ-AUTO,setup,no fresh breakout/continuation trigger
2026-08-10T11:49:18.022640,ADANIPOWER,setup,no fresh breakout/continuation trigger
2026-08-10T11:49:18.022640,INDIGO,setup,no fresh breakout/continuation trigger
2026-08-10T11:49:18.024664,TECHM,setup,no fresh breakout/continuation trigger
2026-08-10T11:49:18.024664,KOTAKBANK,setup,no fresh breakout/continuation trigger
2026-08-10T11:49:18.024664,KAYNES,setup,no fresh breakout/continuation trigger
2026-08-10T11:49:18.024664,HINDALCO,setup,no fresh breakout/continuation trigger
2026-08-10T11:49:18.024664,OFSS,setup,no fresh breakout/continuation trigger
2026-08-10T11:49:18.024664,SUNPHARMA,setup,no fresh breakout/continuation trigger
2026-08-10T11:49:18.024664,MCX,setup,no fresh breakout/continuation trigger
2026-08-10T11:49:18.024664,BEL,setup,no fresh breakout/continuation trigger
2026-08-10T11:49:18.024664,DIVISLAB,setup,no fresh breakout/continuation trigger
2026-08-10T11:49:18.024664,HCLTECH,setup,no fresh breakout/continuation trigger
2026-08-10T11:49:18.024664,LICI,setup,no fresh breakout/continuation trigger
2026-08-10T11:49:18.024664,ITC,setup,no fresh breakout/continuation trigger
2026-08-10T11:49:18.024664,GVT&D,setup,no fresh breakout/continuation trigger
2026-08-10T11:49:18.024664,TORNTPHARM,setup,no fresh breakout/continuation trigger
2026-08-10T11:50:18.487514,HDFCBANK,setup,no fresh breakout/continuation trigger
2026-08-10T11:50:18.487514,KALYANKJIL,setup,no fresh breakout/continuation trigger
2026-08-10T11:50:18.487514,ICICIBANK,setup,no fresh breakout/continuation trigger
2026-08-10T11:50:18.487514,RELIANCE,setup,no fresh breakout/continuation trigger
2026-08-10T11:50:18.487514,INFY,setup,RVOL 0.27 below 1.0
2026-08-10T11:50:18.487514,SBIN,setup,no fresh breakout/continuation trigger
2026-08-10T11:50:18.487514,BAJFINANCE,setup,no fresh breakout/continuation trigger
2026-08-10T11:50:18.503254,BHARTIARTL,setup,no fresh breakout/continuation trigger
2026-08-10T11:50:18.503254,ETERNAL,setup,SL too wide (2.08 ATR)
2026-08-10T11:50:18.503254,AXISBANK,setup,RVOL 0.22 below 1.0
2026-08-10T11:50:18.503254,BSE,setup,no fresh breakout/continuation trigger
2026-08-10T11:50:18.503254,TCS,setup,SL too wide (2.47 ATR)
2026-08-10T11:50:18.503254,M&M,setup,no fresh breakout/continuation trigger
2026-08-10T11:50:18.503254,LT,setup,no fresh breakout/continuation trigger
2026-08-10T11:50:18.503254,SWIGGY,setup,RVOL 0.01 below 1.0
2026-08-10T11:50:18.503254,DIXON,setup,no fresh breakout/continuation trigger
2026-08-10T11:50:18.503254,SHRIRAMFIN,setup,no fresh breakout/continuation trigger
2026-08-10T11:50:18.503254,TVSMOTOR,setup,no fresh breakout/continuation trigger
2026-08-10T11:50:18.503254,MARUTI,setup,entry extended 0.40 ATR
2026-08-10T11:50:18.503254,PAYTM,setup,no fresh breakout/continuation trigger
2026-08-10T11:50:18.503254,COFORGE,setup,SL too wide (1.90 ATR)
2026-08-10T11:50:18.503254,JIOFIN,setup,entry extended 0.37 ATR
2026-08-10T11:50:18.503254,BHEL,setup,no fresh breakout/continuation trigger
2026-08-10T11:50:18.503254,BAJAJ-AUTO,setup,no fresh breakout/continuation trigger
2026-08-10T11:50:18.503254,ADANIPOWER,setup,no fresh breakout/continuation trigger
2026-08-10T11:50:18.503254,INDIGO,setup,no fresh breakout/continuation trigger
2026-08-10T11:50:18.503254,TECHM,setup,no fresh breakout/continuation trigger
2026-08-10T11:50:18.503254,KOTAKBANK,setup,no fresh breakout/continuation trigger
2026-08-10T11:50:18.503254,KAYNES,setup,no fresh breakout/continuation trigger
2026-08-10T11:50:18.503254,HINDALCO,setup,no fresh breakout/continuation trigger
2026-08-10T11:50:18.503254,OFSS,setup,no fresh breakout/continuation trigger
2026-08-10T11:50:18.503254,SUNPHARMA,setup,no fresh breakout/continuation trigger
2026-08-10T11:50:18.519148,MCX,setup,no fresh breakout/continuation trigger
2026-08-10T11:50:18.519148,BEL,setup,no fresh breakout/continuation trigger
2026-08-10T11:50:18.519148,DIVISLAB,setup,no fresh breakout/continuation trigger
2026-08-10T11:50:18.519148,HCLTECH,setup,no fresh breakout/continuation trigger
2026-08-10T11:50:18.519148,LICI,setup,no fresh breakout/continuation trigger
2026-08-10T11:50:18.519148,ITC,setup,no fresh breakout/continuation trigger
2026-08-10T11:50:18.519148,GVT&D,setup,no fresh breakout/continuation trigger
2026-08-10T11:50:18.519148,TORNTPHARM,setup,no fresh breakout/continuation trigger
2026-08-10T11:51:18.976376,HDFCBANK,setup,no fresh breakout/continuation trigger
2026-08-10T11:51:18.976376,KALYANKJIL,setup,no fresh breakout/continuation trigger
2026-08-10T11:51:18.976376,ICICIBANK,setup,no fresh breakout/continuation trigger
2026-08-10T11:51:18.976376,RELIANCE,setup,no fresh breakout/continuation trigger
2026-08-10T11:51:18.976376,INFY,setup,RVOL 0.27 below 1.0
2026-08-10T11:51:18.976376,SBIN,setup,no fresh breakout/continuation trigger
2026-08-10T11:51:18.976376,BAJFINANCE,setup,no fresh breakout/continuation trigger
2026-08-10T11:51:18.976376,BHARTIARTL,setup,no fresh breakout/continuation trigger
2026-08-10T11:51:18.976376,ETERNAL,setup,SL too wide (2.08 ATR)
2026-08-10T11:51:18.976376,AXISBANK,setup,RVOL 0.22 below 1.0
2026-08-10T11:51:18.976376,BSE,setup,no fresh breakout/continuation trigger
2026-08-10T11:51:18.976376,TCS,setup,SL too wide (2.47 ATR)
2026-08-10T11:51:18.976376,M&M,setup,no fresh breakout/continuation trigger
2026-08-10T11:51:18.976376,LT,setup,no fresh breakout/continuation trigger
2026-08-10T11:51:18.976376,SWIGGY,setup,RVOL 0.01 below 1.0
2026-08-10T11:51:18.976376,DIXON,setup,no fresh breakout/continuation trigger
2026-08-10T11:51:18.976376,SHRIRAMFIN,setup,no fresh breakout/continuation trigger
2026-08-10T11:51:18.976376,TVSMOTOR,setup,no fresh breakout/continuation trigger
2026-08-10T11:51:18.976376,MARUTI,setup,entry extended 0.40 ATR
2026-08-10T11:51:18.976376,PAYTM,setup,no fresh breakout/continuation trigger
2026-08-10T11:51:18.992106,COFORGE,setup,SL too wide (1.90 ATR)
2026-08-10T11:51:18.992106,JIOFIN,setup,entry extended 0.37 ATR
2026-08-10T11:51:18.992106,BHEL,setup,no fresh breakout/continuation trigger
2026-08-10T11:51:18.992106,BAJAJ-AUTO,setup,no fresh breakout/continuation trigger
2026-08-10T11:51:18.992106,ADANIPOWER,setup,no fresh breakout/continuation trigger
2026-08-10T11:51:18.992106,INDIGO,setup,no fresh breakout/continuation trigger
2026-08-10T11:51:18.992106,TECHM,setup,no fresh breakout/continuation trigger
2026-08-10T11:51:18.992106,KOTAKBANK,setup,no fresh breakout/continuation trigger
2026-08-10T11:51:18.992106,KAYNES,setup,no fresh breakout/continuation trigger
2026-08-10T11:51:18.992106,HINDALCO,setup,no fresh breakout/continuation trigger
2026-08-10T11:51:18.992106,OFSS,setup,no fresh breakout/continuation trigger
2026-08-10T11:51:18.992106,SUNPHARMA,setup,no fresh breakout/continuation trigger
2026-08-10T11:51:18.992106,MCX,setup,no fresh breakout/continuation trigger
2026-08-10T11:51:18.992106,BEL,setup,no fresh breakout/continuation trigger
2026-08-10T11:51:18.992106,DIVISLAB,setup,no fresh breakout/continuation trigger
2026-08-10T11:51:18.992106,HCLTECH,setup,no fresh breakout/continuation trigger
2026-08-10T11:51:18.992106,LICI,setup,no fresh breakout/continuation trigger
2026-08-10T11:51:18.992106,ITC,setup,no fresh breakout/continuation trigger
2026-08-10T11:51:18.992106,GVT&D,setup,no fresh breakout/continuation trigger
2026-08-10T11:51:18.992106,TORNTPHARM,setup,no fresh breakout/continuation trigger
2026-08-10T11:53:38.836231,HDFCBANK,setup,no fresh breakout/continuation trigger
2026-08-10T11:53:38.836231,KALYANKJIL,setup,no fresh breakout/continuation trigger
2026-08-10T11:53:38.836231,ICICIBANK,setup,no fresh breakout/continuation trigger
2026-08-10T11:53:38.836231,RELIANCE,setup,no fresh breakout/continuation trigger
2026-08-10T11:53:38.836231,INFY,setup,SL too wide (1.64 ATR)
2026-08-10T11:53:38.836231,SBIN,setup,no fresh breakout/continuation trigger
2026-08-10T11:53:38.836231,BAJFINANCE,setup,no fresh breakout/continuation trigger
2026-08-10T11:53:38.836231,BHARTIARTL,setup,no fresh breakout/continuation trigger
2026-08-10T11:53:38.836231,ETERNAL,setup,no fresh breakout/continuation trigger
2026-08-10T11:53:38.836231,AXISBANK,setup,no fresh breakout/continuation trigger
2026-08-10T11:53:38.836231,BSE,setup,no fresh breakout/continuation trigger
2026-08-10T11:53:38.836231,TCS,setup,no fresh breakout/continuation trigger
2026-08-10T11:53:38.836231,M&M,setup,no fresh breakout/continuation trigger
2026-08-10T11:53:38.836231,LT,setup,SL too wide (1.98 ATR)
2026-08-10T11:53:38.836231,SWIGGY,setup,no fresh breakout/continuation trigger
2026-08-10T11:53:38.836231,DIXON,setup,no fresh breakout/continuation trigger
2026-08-10T11:53:38.836231,SHRIRAMFIN,setup,no fresh breakout/continuation trigger
2026-08-10T11:53:38.836231,TVSMOTOR,setup,RVOL 0.79 below 1.0
2026-08-10T11:53:38.836231,MARUTI,setup,no fresh breakout/continuation trigger
2026-08-10T11:53:38.836231,PAYTM,setup,no fresh breakout/continuation trigger
2026-08-10T11:53:38.836231,COFORGE,setup,no fresh breakout/continuation trigger
2026-08-10T11:53:38.836231,JIOFIN,setup,no fresh breakout/continuation trigger
2026-08-10T11:53:38.852194,BHEL,setup,no fresh breakout/continuation trigger
2026-08-10T11:53:38.852194,BAJAJ-AUTO,setup,SL too wide (1.85 ATR)
2026-08-10T11:53:38.853454,TECHM,setup,no fresh breakout/continuation trigger
2026-08-10T11:53:38.854523,ADANIPOWER,setup,no fresh breakout/continuation trigger
2026-08-10T11:53:38.854523,INDIGO,setup,no fresh breakout/continuation trigger
2026-08-10T11:53:38.855575,KOTAKBANK,setup,no fresh breakout/continuation trigger
2026-08-10T11:53:38.855575,KAYNES,setup,no fresh breakout/continuation trigger
2026-08-10T11:53:38.856766,HINDALCO,setup,no fresh breakout/continuation trigger
2026-08-10T11:53:38.856766,OFSS,setup,no fresh breakout/continuation trigger
2026-08-10T11:53:38.858061,SUNPHARMA,setup,no fresh breakout/continuation trigger
2026-08-10T11:53:38.858061,MCX,setup,no fresh breakout/continuation trigger
2026-08-10T11:53:38.859065,BEL,setup,SL too wide (1.97 ATR)
2026-08-10T11:53:38.860069,DIVISLAB,setup,no fresh breakout/continuation trigger
2026-08-10T11:53:38.860069,HCLTECH,setup,no fresh breakout/continuation trigger
2026-08-10T11:53:38.861176,LICI,setup,no fresh breakout/continuation trigger
2026-08-10T11:53:38.861176,ITC,setup,RVOL 0.29 below 1.0
2026-08-10T11:53:38.862195,GVT&D,setup,no fresh breakout/continuation trigger
2026-08-10T11:53:38.862195,TORNTPHARM,setup,no fresh breakout/continuation trigger
2026-08-10T11:54:39.315117,HDFCBANK,setup,no fresh breakout/continuation trigger
2026-08-10T11:54:39.315117,KALYANKJIL,setup,no fresh breakout/continuation trigger
2026-08-10T11:54:39.315117,ICICIBANK,setup,no fresh breakout/continuation trigger
2026-08-10T11:54:39.315117,RELIANCE,setup,no fresh breakout/continuation trigger
2026-08-10T11:54:39.315117,INFY,setup,SL too wide (1.64 ATR)
2026-08-10T11:54:39.315117,SBIN,setup,no fresh breakout/continuation trigger
2026-08-10T11:54:39.315117,BAJFINANCE,setup,no fresh breakout/continuation trigger
2026-08-10T11:54:39.315117,BHARTIARTL,setup,no fresh breakout/continuation trigger
2026-08-10T11:54:39.315117,ETERNAL,setup,no fresh breakout/continuation trigger
2026-08-10T11:54:39.315117,AXISBANK,setup,no fresh breakout/continuation trigger
2026-08-10T11:54:39.315117,BSE,setup,no fresh breakout/continuation trigger
2026-08-10T11:54:39.331212,TCS,setup,no fresh breakout/continuation trigger
2026-08-10T11:54:39.331212,M&M,setup,no fresh breakout/continuation trigger
2026-08-10T11:54:39.331212,LT,setup,SL too wide (1.98 ATR)
2026-08-10T11:54:39.331212,SWIGGY,setup,no fresh breakout/continuation trigger
2026-08-10T11:54:39.331212,DIXON,setup,no fresh breakout/continuation trigger
2026-08-10T11:54:39.331212,SHRIRAMFIN,setup,no fresh breakout/continuation trigger
2026-08-10T11:54:39.331212,TVSMOTOR,setup,RVOL 0.79 below 1.0
2026-08-10T11:54:39.331212,MARUTI,setup,no fresh breakout/continuation trigger
2026-08-10T11:54:39.331212,PAYTM,setup,no fresh breakout/continuation trigger
2026-08-10T11:54:39.331212,COFORGE,setup,no fresh breakout/continuation trigger
2026-08-10T11:54:39.331212,JIOFIN,setup,no fresh breakout/continuation trigger
2026-08-10T11:54:39.331212,BHEL,setup,no fresh breakout/continuation trigger
2026-08-10T11:54:39.331212,BAJAJ-AUTO,setup,SL too wide (1.85 ATR)
2026-08-10T11:54:39.331212,TECHM,setup,no fresh breakout/continuation trigger
2026-08-10T11:54:39.331212,ADANIPOWER,setup,no fresh breakout/continuation trigger
2026-08-10T11:54:39.331212,INDIGO,setup,no fresh breakout/continuation trigger
2026-08-10T11:54:39.331212,KOTAKBANK,setup,no fresh breakout/continuation trigger
2026-08-10T11:54:39.331212,KAYNES,setup,no fresh breakout/continuation trigger
2026-08-10T11:54:39.331212,HINDALCO,setup,no fresh breakout/continuation trigger
2026-08-10T11:54:39.331212,OFSS,setup,no fresh breakout/continuation trigger
2026-08-10T11:54:39.331212,SUNPHARMA,setup,no fresh breakout/continuation trigger
2026-08-10T11:54:39.331212,MCX,setup,no fresh breakout/continuation trigger
2026-08-10T11:54:39.331212,BEL,setup,SL too wide (1.97 ATR)
2026-08-10T11:54:39.331212,DIVISLAB,setup,no fresh breakout/continuation trigger
2026-08-10T11:54:39.347129,HCLTECH,setup,no fresh breakout/continuation trigger
2026-08-10T11:54:39.347129,LICI,setup,no fresh breakout/continuation trigger
2026-08-10T11:54:39.348274,ITC,setup,RVOL 0.29 below 1.0
2026-08-10T11:54:39.348274,GVT&D,setup,no fresh breakout/continuation trigger
2026-08-10T11:54:39.349638,TORNTPHARM,setup,no fresh breakout/continuation trigger
2026-08-10T11:55:39.788781,HDFCBANK,setup,no fresh breakout/continuation trigger
2026-08-10T11:55:39.804512,KALYANKJIL,setup,no fresh breakout/continuation trigger
2026-08-10T11:55:39.805723,ICICIBANK,setup,no fresh breakout/continuation trigger
2026-08-10T11:55:39.805723,RELIANCE,setup,no fresh breakout/continuation trigger
2026-08-10T11:55:39.806857,INFY,setup,SL too wide (1.64 ATR)
2026-08-10T11:55:39.806857,SBIN,setup,no fresh breakout/continuation trigger
2026-08-10T11:55:39.808120,BAJFINANCE,setup,no fresh breakout/continuation trigger
2026-08-10T11:55:39.808120,BHARTIARTL,setup,no fresh breakout/continuation trigger
2026-08-10T11:55:39.809262,ETERNAL,setup,no fresh breakout/continuation trigger
2026-08-10T11:55:39.809262,AXISBANK,setup,no fresh breakout/continuation trigger
2026-08-10T11:55:39.810358,BSE,setup,no fresh breakout/continuation trigger
2026-08-10T11:55:39.810358,TCS,setup,no fresh breakout/continuation trigger
2026-08-10T11:55:39.811582,M&M,setup,no fresh breakout/continuation trigger
2026-08-10T11:55:39.812636,LT,setup,SL too wide (1.98 ATR)
2026-08-10T11:55:39.812636,SWIGGY,setup,no fresh breakout/continuation trigger
2026-08-10T11:55:39.813820,DIXON,setup,no fresh breakout/continuation trigger
2026-08-10T11:55:39.813820,SHRIRAMFIN,setup,no fresh breakout/continuation trigger
2026-08-10T11:55:39.814859,TVSMOTOR,setup,RVOL 0.79 below 1.0
2026-08-10T11:55:39.815909,MARUTI,setup,no fresh breakout/continuation trigger
2026-08-10T11:55:39.815909,PAYTM,setup,no fresh breakout/continuation trigger
2026-08-10T11:55:39.817036,COFORGE,setup,no fresh breakout/continuation trigger
2026-08-10T11:55:39.817036,JIOFIN,setup,no fresh breakout/continuation trigger
2026-08-10T11:55:39.818316,BHEL,setup,no fresh breakout/continuation trigger
2026-08-10T11:55:39.818316,BAJAJ-AUTO,setup,SL too wide (1.85 ATR)
2026-08-10T11:55:39.819599,TECHM,setup,no fresh breakout/continuation trigger
2026-08-10T11:55:39.819599,ADANIPOWER,setup,no fresh breakout/continuation trigger
2026-08-10T11:55:39.819599,INDIGO,setup,no fresh breakout/continuation trigger
2026-08-10T11:55:39.819599,KOTAKBANK,setup,no fresh breakout/continuation trigger
2026-08-10T11:55:39.819599,KAYNES,setup,no fresh breakout/continuation trigger
2026-08-10T11:55:39.819599,HINDALCO,setup,no fresh breakout/continuation trigger
2026-08-10T11:55:39.819599,OFSS,setup,no fresh breakout/continuation trigger
2026-08-10T11:55:39.819599,SUNPHARMA,setup,no fresh breakout/continuation trigger
2026-08-10T11:55:39.819599,MCX,setup,no fresh breakout/continuation trigger
2026-08-10T11:55:39.819599,BEL,setup,SL too wide (1.97 ATR)
2026-08-10T11:55:39.819599,DIVISLAB,setup,no fresh breakout/continuation trigger
2026-08-10T11:55:39.819599,HCLTECH,setup,no fresh breakout/continuation trigger
2026-08-10T11:55:39.819599,LICI,setup,no fresh breakout/continuation trigger
2026-08-10T11:55:39.819599,ITC,setup,RVOL 0.29 below 1.0
2026-08-10T11:55:39.819599,GVT&D,setup,no fresh breakout/continuation trigger
2026-08-10T11:55:39.829015,TORNTPHARM,setup,no fresh breakout/continuation trigger
2026-08-10T11:56:40.288066,HDFCBANK,setup,no fresh breakout/continuation trigger
2026-08-10T11:56:40.288066,KALYANKJIL,setup,no fresh breakout/continuation trigger
2026-08-10T11:56:40.288066,ICICIBANK,setup,no fresh breakout/continuation trigger
2026-08-10T11:56:40.288066,RELIANCE,setup,no fresh breakout/continuation trigger
2026-08-10T11:56:40.288066,INFY,setup,SL too wide (1.64 ATR)
2026-08-10T11:56:40.288066,SBIN,setup,no fresh breakout/continuation trigger
2026-08-10T11:56:40.288066,BAJFINANCE,setup,no fresh breakout/continuation trigger
2026-08-10T11:56:40.288066,BHARTIARTL,setup,no fresh breakout/continuation trigger
2026-08-10T11:56:40.288066,ETERNAL,setup,no fresh breakout/continuation trigger
2026-08-10T11:56:40.288066,AXISBANK,setup,no fresh breakout/continuation trigger
2026-08-10T11:56:40.288066,BSE,setup,no fresh breakout/continuation trigger
2026-08-10T11:56:40.288066,TCS,setup,no fresh breakout/continuation trigger
2026-08-10T11:56:40.288066,M&M,setup,no fresh breakout/continuation trigger
2026-08-10T11:56:40.288066,LT,setup,SL too wide (1.98 ATR)
2026-08-10T11:56:40.288066,SWIGGY,setup,no fresh breakout/continuation trigger
2026-08-10T11:56:40.288066,DIXON,setup,no fresh breakout/continuation trigger
2026-08-10T11:56:40.303895,SHRIRAMFIN,setup,no fresh breakout/continuation trigger
2026-08-10T11:56:40.303895,TVSMOTOR,setup,RVOL 0.79 below 1.0
2026-08-10T11:56:40.303895,MARUTI,setup,no fresh breakout/continuation trigger
2026-08-10T11:56:40.303895,PAYTM,setup,no fresh breakout/continuation trigger
2026-08-10T11:56:40.303895,COFORGE,setup,no fresh breakout/continuation trigger
2026-08-10T11:56:40.303895,JIOFIN,setup,no fresh breakout/continuation trigger
2026-08-10T11:56:40.303895,BHEL,setup,no fresh breakout/continuation trigger
2026-08-10T11:56:40.303895,BAJAJ-AUTO,setup,SL too wide (1.85 ATR)
2026-08-10T11:56:40.303895,TECHM,setup,no fresh breakout/continuation trigger
2026-08-10T11:56:40.303895,ADANIPOWER,setup,no fresh breakout/continuation trigger
2026-08-10T11:56:40.303895,INDIGO,setup,no fresh breakout/continuation trigger
2026-08-10T11:56:40.303895,KOTAKBANK,setup,no fresh breakout/continuation trigger
2026-08-10T11:56:40.303895,KAYNES,setup,no fresh breakout/continuation trigger
2026-08-10T11:56:40.303895,HINDALCO,setup,no fresh breakout/continuation trigger
2026-08-10T11:56:40.303895,OFSS,setup,no fresh breakout/continuation trigger
2026-08-10T11:56:40.303895,SUNPHARMA,setup,no fresh breakout/continuation trigger
2026-08-10T11:56:40.303895,MCX,setup,no fresh breakout/continuation trigger
2026-08-10T11:56:40.303895,BEL,setup,SL too wide (1.97 ATR)
2026-08-10T11:56:40.303895,DIVISLAB,setup,no fresh breakout/continuation trigger
2026-08-10T11:56:40.303895,HCLTECH,setup,no fresh breakout/continuation trigger
2026-08-10T11:56:40.303895,LICI,setup,no fresh breakout/continuation trigger
2026-08-10T11:56:40.303895,ITC,setup,RVOL 0.29 below 1.0
2026-08-10T11:56:40.303895,GVT&D,setup,no fresh breakout/continuation trigger
2026-08-10T11:56:40.303895,TORNTPHARM,setup,no fresh breakout/continuation trigger
2026-08-10T11:57:40.786992,HDFCBANK,setup,no fresh breakout/continuation trigger
2026-08-10T11:57:40.788039,KALYANKJIL,setup,no fresh breakout/continuation trigger
2026-08-10T11:57:40.789097,ICICIBANK,setup,no fresh breakout/continuation trigger
2026-08-10T11:57:40.790120,RELIANCE,setup,no fresh breakout/continuation trigger
2026-08-10T11:57:40.790120,INFY,setup,SL too wide (1.64 ATR)
2026-08-10T11:57:40.791454,SBIN,setup,no fresh breakout/continuation trigger
2026-08-10T11:57:40.791454,BAJFINANCE,setup,no fresh breakout/continuation trigger
2026-08-10T11:57:40.792672,BHARTIARTL,setup,no fresh breakout/continuation trigger
2026-08-10T11:57:40.792672,ETERNAL,setup,no fresh breakout/continuation trigger
2026-08-10T11:57:40.793940,AXISBANK,setup,no fresh breakout/continuation trigger
2026-08-10T11:57:40.793940,BSE,setup,no fresh breakout/continuation trigger
2026-08-10T11:57:40.795150,TCS,setup,no fresh breakout/continuation trigger
2026-08-10T11:57:40.795150,M&M,setup,no fresh breakout/continuation trigger
2026-08-10T11:57:40.796716,LT,setup,SL too wide (1.98 ATR)
2026-08-10T11:57:40.796716,SWIGGY,setup,no fresh breakout/continuation trigger
2026-08-10T11:57:40.797722,DIXON,setup,no fresh breakout/continuation trigger
2026-08-10T11:57:40.797722,SHRIRAMFIN,setup,no fresh breakout/continuation trigger
2026-08-10T11:57:40.798737,TVSMOTOR,setup,RVOL 0.79 below 1.0
2026-08-10T11:57:40.799741,MARUTI,setup,no fresh breakout/continuation trigger
2026-08-10T11:57:40.799741,PAYTM,setup,no fresh breakout/continuation trigger
2026-08-10T11:57:40.800955,COFORGE,setup,no fresh breakout/continuation trigger
2026-08-10T11:57:40.800955,JIOFIN,setup,no fresh breakout/continuation trigger
2026-08-10T11:57:40.802185,BHEL,setup,no fresh breakout/continuation trigger
2026-08-10T11:57:40.802185,BAJAJ-AUTO,setup,SL too wide (1.85 ATR)
2026-08-10T11:57:40.803384,TECHM,setup,no fresh breakout/continuation trigger
2026-08-10T11:57:40.803384,ADANIPOWER,setup,no fresh breakout/continuation trigger
2026-08-10T11:57:40.804498,INDIGO,setup,no fresh breakout/continuation trigger
2026-08-10T11:57:40.804498,KOTAKBANK,setup,no fresh breakout/continuation trigger
2026-08-10T11:57:40.805502,KAYNES,setup,no fresh breakout/continuation trigger
2026-08-10T11:57:40.805502,HINDALCO,setup,no fresh breakout/continuation trigger
2026-08-10T11:57:40.806738,OFSS,setup,no fresh breakout/continuation trigger
2026-08-10T11:57:40.806738,SUNPHARMA,setup,no fresh breakout/continuation trigger
2026-08-10T11:57:40.808129,MCX,setup,no fresh breakout/continuation trigger
2026-08-10T11:57:40.808129,BEL,setup,SL too wide (1.97 ATR)
2026-08-10T11:57:40.809134,DIVISLAB,setup,no fresh breakout/continuation trigger
2026-08-10T11:57:40.809134,HCLTECH,setup,no fresh breakout/continuation trigger
2026-08-10T11:57:40.810124,LICI,setup,no fresh breakout/continuation trigger
2026-08-10T11:57:40.810124,ITC,setup,RVOL 0.29 below 1.0
2026-08-10T11:57:40.811203,GVT&D,setup,no fresh breakout/continuation trigger
2026-08-10T11:57:40.811203,TORNTPHARM,setup,no fresh breakout/continuation trigger
2026-08-10T11:58:43.272559,HDFCBANK,setup,no fresh breakout/continuation trigger
2026-08-10T11:58:43.272559,KALYANKJIL,setup,RVOL 0.32 below 1.0
2026-08-10T11:58:43.272559,ICICIBANK,setup,no fresh breakout/continuation trigger
2026-08-10T11:58:43.288349,RELIANCE,setup,RVOL 0.58 below 1.0
2026-08-10T11:58:43.288349,INFY,setup,SL too wide (2.27 ATR)
2026-08-10T11:58:43.288349,SBIN,setup,SL too wide (2.09 ATR)
2026-08-10T11:58:43.288349,BAJFINANCE,setup,no fresh breakout/continuation trigger
2026-08-10T11:58:43.288349,BHARTIARTL,setup,no fresh breakout/continuation trigger
2026-08-10T11:58:43.288349,ETERNAL,setup,no fresh breakout/continuation trigger
2026-08-10T11:58:43.288349,AXISBANK,setup,no fresh breakout/continuation trigger
2026-08-10T11:58:43.288349,BSE,setup,entry extended 0.34 ATR
2026-08-10T11:58:43.288349,TCS,setup,RVOL 0.88 below 1.0
2026-08-10T11:58:43.288349,M&M,setup,no fresh breakout/continuation trigger
2026-08-10T11:58:43.288349,LT,setup,no fresh breakout/continuation trigger
2026-08-10T11:58:43.288349,SWIGGY,setup,no fresh breakout/continuation trigger
2026-08-10T11:58:43.288349,DIXON,setup,no fresh breakout/continuation trigger
2026-08-10T11:58:43.288349,SHRIRAMFIN,setup,entry extended 0.75 ATR
2026-08-10T11:58:43.288349,TVSMOTOR,setup,RVOL 0.40 below 1.0
2026-08-10T11:58:43.288349,MARUTI,setup,no fresh breakout/continuation trigger
2026-08-10T11:58:43.288349,PAYTM,setup,no fresh breakout/continuation trigger
2026-08-10T11:58:43.288349,JIOFIN,setup,no fresh breakout/continuation trigger
2026-08-10T11:58:43.288349,BHEL,setup,no fresh breakout/continuation trigger
2026-08-10T11:58:43.288349,BAJAJ-AUTO,setup,no fresh breakout/continuation trigger
2026-08-10T11:58:43.288349,TECHM,setup,no fresh breakout/continuation trigger
2026-08-10T11:58:43.288349,ADANIPOWER,setup,no fresh breakout/continuation trigger
2026-08-10T11:58:43.288349,INDIGO,setup,no fresh breakout/continuation trigger
2026-08-10T11:58:43.288349,KOTAKBANK,setup,no fresh breakout/continuation trigger
2026-08-10T11:58:43.288349,HINDALCO,setup,entry extended 0.33 ATR
2026-08-10T11:58:43.304274,OFSS,setup,no fresh breakout/continuation trigger
2026-08-10T11:58:43.304274,SUNPHARMA,setup,no fresh breakout/continuation trigger
2026-08-10T11:58:43.304274,MCX,setup,no fresh breakout/continuation trigger
2026-08-10T11:58:43.304274,BEL,setup,no fresh breakout/continuation trigger
2026-08-10T11:58:43.304274,DIVISLAB,setup,no fresh breakout/continuation trigger
2026-08-10T11:58:43.304274,HCLTECH,setup,no fresh breakout/continuation trigger
2026-08-10T11:58:43.304274,LICI,setup,RVOL 0.34 below 1.0
2026-08-10T11:58:43.304274,ITC,setup,no fresh breakout/continuation trigger
2026-08-10T11:58:43.304274,GVT&D,setup,no fresh breakout/continuation trigger
2026-08-10T11:58:43.304274,TORNTPHARM,setup,no fresh breakout/continuation trigger
2026-08-10T11:58:43.304274,COFORGE,option,no eligible option contracts
2026-08-10T11:58:43.304274,KAYNES,option,no eligible option contracts
2026-08-10T11:59:43.773183,HDFCBANK,setup,no fresh breakout/continuation trigger
2026-08-10T11:59:43.788929,KALYANKJIL,setup,RVOL 0.32 below 1.0
2026-08-10T11:59:43.790170,ICICIBANK,setup,no fresh breakout/continuation trigger
2026-08-10T11:59:43.790170,RELIANCE,setup,RVOL 0.58 below 1.0
2026-08-10T11:59:43.791510,INFY,setup,SL too wide (2.27 ATR)
2026-08-10T11:59:43.792358,SBIN,setup,SL too wide (2.09 ATR)
2026-08-10T11:59:43.793376,BAJFINANCE,setup,no fresh breakout/continuation trigger
2026-08-10T11:59:43.793376,BHARTIARTL,setup,no fresh breakout/continuation trigger
2026-08-10T11:59:43.794421,ETERNAL,setup,no fresh breakout/continuation trigger
2026-08-10T11:59:43.794421,AXISBANK,setup,no fresh breakout/continuation trigger
2026-08-10T11:59:43.795427,BSE,setup,entry extended 0.34 ATR
2026-08-10T11:59:43.796436,TCS,setup,RVOL 0.88 below 1.0
2026-08-10T11:59:43.796436,M&M,setup,no fresh breakout/continuation trigger
2026-08-10T11:59:43.797439,LT,setup,no fresh breakout/continuation trigger
2026-08-10T11:59:43.798656,SWIGGY,setup,no fresh breakout/continuation trigger
2026-08-10T11:59:43.798656,DIXON,setup,no fresh breakout/continuation trigger
2026-08-10T11:59:43.799772,SHRIRAMFIN,setup,entry extended 0.75 ATR
2026-08-10T11:59:43.799772,TVSMOTOR,setup,RVOL 0.40 below 1.0
2026-08-10T11:59:43.800796,MARUTI,setup,no fresh breakout/continuation trigger
2026-08-10T11:59:43.801813,PAYTM,setup,no fresh breakout/continuation trigger
2026-08-10T11:59:43.801813,JIOFIN,setup,no fresh breakout/continuation trigger
2026-08-10T11:59:43.801813,BHEL,setup,no fresh breakout/continuation trigger
2026-08-10T11:59:43.803100,BAJAJ-AUTO,setup,no fresh breakout/continuation trigger
2026-08-10T11:59:43.803100,TECHM,setup,no fresh breakout/continuation trigger
2026-08-10T11:59:43.803100,ADANIPOWER,setup,no fresh breakout/continuation trigger
2026-08-10T11:59:43.803100,INDIGO,setup,no fresh breakout/continuation trigger
2026-08-10T11:59:43.803100,KOTAKBANK,setup,no fresh breakout/continuation trigger
2026-08-10T11:59:43.803100,HINDALCO,setup,entry extended 0.33 ATR
2026-08-10T11:59:43.803100,OFSS,setup,no fresh breakout/continuation trigger
2026-08-10T11:59:43.803100,SUNPHARMA,setup,no fresh breakout/continuation trigger
2026-08-10T11:59:43.803100,MCX,setup,no fresh breakout/continuation trigger
2026-08-10T11:59:43.803100,BEL,setup,no fresh breakout/continuation trigger
2026-08-10T11:59:43.803100,DIVISLAB,setup,no fresh breakout/continuation trigger
2026-08-10T11:59:43.803100,HCLTECH,setup,no fresh breakout/continuation trigger
2026-08-10T11:59:43.803100,LICI,setup,RVOL 0.34 below 1.0
2026-08-10T11:59:43.803100,ITC,setup,no fresh breakout/continuation trigger
2026-08-10T11:59:43.803100,GVT&D,setup,no fresh breakout/continuation trigger
2026-08-10T11:59:43.803100,TORNTPHARM,setup,no fresh breakout/continuation trigger
2026-08-10T11:59:43.803100,COFORGE,option,no eligible option contracts
2026-08-10T11:59:43.803100,KAYNES,option,no eligible option contracts
2026-08-10T12:00:44.286675,HDFCBANK,setup,no fresh breakout/continuation trigger
2026-08-10T12:00:44.287678,KALYANKJIL,setup,RVOL 0.32 below 1.0
2026-08-10T12:00:44.287678,ICICIBANK,setup,no fresh breakout/continuation trigger
2026-08-10T12:00:44.289057,RELIANCE,setup,RVOL 0.58 below 1.0
2026-08-10T12:00:44.289057,INFY,setup,SL too wide (2.27 ATR)
2026-08-10T12:00:44.290339,SBIN,setup,SL too wide (2.09 ATR)
2026-08-10T12:00:44.291549,BAJFINANCE,setup,no fresh breakout/continuation trigger
2026-08-10T12:00:44.292643,BHARTIARTL,setup,no fresh breakout/continuation trigger
2026-08-10T12:00:44.293659,ETERNAL,setup,no fresh breakout/continuation trigger
2026-08-10T12:00:44.294645,AXISBANK,setup,no fresh breakout/continuation trigger
2026-08-10T12:00:44.294645,BSE,setup,entry extended 0.34 ATR
2026-08-10T12:00:44.295943,TCS,setup,RVOL 0.88 below 1.0
2026-08-10T12:00:44.296983,M&M,setup,no fresh breakout/continuation trigger
2026-08-10T12:00:44.296983,LT,setup,no fresh breakout/continuation trigger
2026-08-10T12:00:44.297988,SWIGGY,setup,no fresh breakout/continuation trigger
2026-08-10T12:00:44.297988,DIXON,setup,no fresh breakout/continuation trigger
2026-08-10T12:00:44.298993,SHRIRAMFIN,setup,entry extended 0.75 ATR
2026-08-10T12:00:44.300073,TVSMOTOR,setup,RVOL 0.40 below 1.0
2026-08-10T12:00:44.300073,MARUTI,setup,no fresh breakout/continuation trigger
2026-08-10T12:00:44.301077,PAYTM,setup,no fresh breakout/continuation trigger
2026-08-10T12:00:44.301077,JIOFIN,setup,no fresh breakout/continuation trigger
2026-08-10T12:00:44.302478,BHEL,setup,no fresh breakout/continuation trigger
2026-08-10T12:00:44.302478,BAJAJ-AUTO,setup,no fresh breakout/continuation trigger
2026-08-10T12:00:44.302478,TECHM,setup,no fresh breakout/continuation trigger
2026-08-10T12:00:44.303498,ADANIPOWER,setup,no fresh breakout/continuation trigger
2026-08-10T12:00:44.303498,INDIGO,setup,no fresh breakout/continuation trigger
2026-08-10T12:00:44.304535,KOTAKBANK,setup,no fresh breakout/continuation trigger
2026-08-10T12:00:44.304535,HINDALCO,setup,entry extended 0.33 ATR
2026-08-10T12:00:44.305554,OFSS,setup,no fresh breakout/continuation trigger
2026-08-10T12:00:44.306807,SUNPHARMA,setup,no fresh breakout/continuation trigger
2026-08-10T12:00:44.307891,MCX,setup,no fresh breakout/continuation trigger
2026-08-10T12:00:44.307891,BEL,setup,no fresh breakout/continuation trigger
2026-08-10T12:00:44.308896,DIVISLAB,setup,no fresh breakout/continuation trigger
2026-08-10T12:00:44.308896,HCLTECH,setup,no fresh breakout/continuation trigger
2026-08-10T12:00:44.310054,LICI,setup,RVOL 0.34 below 1.0
2026-08-10T12:00:44.311060,ITC,setup,no fresh breakout/continuation trigger
2026-08-10T12:00:44.311060,GVT&D,setup,no fresh breakout/continuation trigger
2026-08-10T12:00:44.312066,TORNTPHARM,setup,no fresh breakout/continuation trigger
2026-08-10T12:00:44.312066,COFORGE,option,no eligible option contracts
2026-08-10T12:00:44.312066,KAYNES,option,no eligible option contracts
2026-08-10T12:01:44.773051,HDFCBANK,setup,no fresh breakout/continuation trigger
2026-08-10T12:01:44.773051,KALYANKJIL,setup,RVOL 0.32 below 1.0
2026-08-10T12:01:44.773051,ICICIBANK,setup,no fresh breakout/continuation trigger
2026-08-10T12:01:44.773051,RELIANCE,setup,RVOL 0.58 below 1.0
2026-08-10T12:01:44.773051,INFY,setup,SL too wide (2.27 ATR)
2026-08-10T12:01:44.773051,SBIN,setup,SL too wide (2.09 ATR)
2026-08-10T12:01:44.773051,BAJFINANCE,setup,no fresh breakout/continuation trigger
2026-08-10T12:01:44.788767,BHARTIARTL,setup,no fresh breakout/continuation trigger
2026-08-10T12:01:44.789981,ETERNAL,setup,no fresh breakout/continuation trigger
2026-08-10T12:01:44.789981,AXISBANK,setup,no fresh breakout/continuation trigger
2026-08-10T12:01:44.791173,BSE,setup,entry extended 0.34 ATR
2026-08-10T12:01:44.791173,TCS,setup,RVOL 0.88 below 1.0
2026-08-10T12:01:44.792481,M&M,setup,no fresh breakout/continuation trigger
2026-08-10T12:01:44.792481,LT,setup,no fresh breakout/continuation trigger
2026-08-10T12:01:44.793528,SWIGGY,setup,no fresh breakout/continuation trigger
2026-08-10T12:01:44.793528,DIXON,setup,no fresh breakout/continuation trigger
2026-08-10T12:01:44.794834,SHRIRAMFIN,setup,entry extended 0.75 ATR
2026-08-10T12:01:44.794834,TVSMOTOR,setup,RVOL 0.40 below 1.0
2026-08-10T12:01:44.795933,MARUTI,setup,no fresh breakout/continuation trigger
2026-08-10T12:01:44.795933,PAYTM,setup,no fresh breakout/continuation trigger
2026-08-10T12:01:44.797072,JIOFIN,setup,no fresh breakout/continuation trigger
2026-08-10T12:01:44.797072,BHEL,setup,no fresh breakout/continuation trigger
2026-08-10T12:01:44.798438,BAJAJ-AUTO,setup,no fresh breakout/continuation trigger
2026-08-10T12:01:44.798438,TECHM,setup,no fresh breakout/continuation trigger
2026-08-10T12:01:44.799673,ADANIPOWER,setup,no fresh breakout/continuation trigger
2026-08-10T12:01:44.799673,INDIGO,setup,no fresh breakout/continuation trigger
2026-08-10T12:01:44.800714,KOTAKBANK,setup,no fresh breakout/continuation trigger
2026-08-10T12:01:44.800714,HINDALCO,setup,entry extended 0.33 ATR
2026-08-10T12:01:44.800714,OFSS,setup,no fresh breakout/continuation trigger
2026-08-10T12:01:44.801941,SUNPHARMA,setup,no fresh breakout/continuation trigger
2026-08-10T12:01:44.801941,MCX,setup,no fresh breakout/continuation trigger
2026-08-10T12:01:44.802947,BEL,setup,no fresh breakout/continuation trigger
2026-08-10T12:01:44.802947,DIVISLAB,setup,no fresh breakout/continuation trigger
2026-08-10T12:01:44.802947,HCLTECH,setup,no fresh breakout/continuation trigger
2026-08-10T12:01:44.802947,LICI,setup,RVOL 0.34 below 1.0
2026-08-10T12:01:44.802947,ITC,setup,no fresh breakout/continuation trigger
2026-08-10T12:01:44.802947,GVT&D,setup,no fresh breakout/continuation trigger
2026-08-10T12:01:44.802947,TORNTPHARM,setup,no fresh breakout/continuation trigger
2026-08-10T12:01:44.802947,COFORGE,option,no eligible option contracts
2026-08-10T12:01:44.802947,KAYNES,option,no eligible option contracts
2026-08-10T12:02:45.273313,HDFCBANK,setup,no fresh breakout/continuation trigger
2026-08-10T12:02:45.273313,KALYANKJIL,setup,RVOL 0.32 below 1.0
2026-08-10T12:02:45.273313,ICICIBANK,setup,no fresh breakout/continuation trigger
2026-08-10T12:02:45.273313,RELIANCE,setup,RVOL 0.58 below 1.0
2026-08-10T12:02:45.273313,INFY,setup,SL too wide (2.27 ATR)
2026-08-10T12:02:45.289029,SBIN,setup,SL too wide (2.09 ATR)
2026-08-10T12:02:45.289029,BAJFINANCE,setup,no fresh breakout/continuation trigger
2026-08-10T12:02:45.289029,BHARTIARTL,setup,no fresh breakout/continuation trigger
2026-08-10T12:02:45.291047,ETERNAL,setup,no fresh breakout/continuation trigger
2026-08-10T12:02:45.291047,AXISBANK,setup,no fresh breakout/continuation trigger
2026-08-10T12:02:45.291047,BSE,setup,entry extended 0.34 ATR
2026-08-10T12:02:45.291047,TCS,setup,RVOL 0.88 below 1.0
2026-08-10T12:02:45.291047,M&M,setup,no fresh breakout/continuation trigger
2026-08-10T12:02:45.291047,LT,setup,no fresh breakout/continuation trigger
2026-08-10T12:02:45.291047,SWIGGY,setup,no fresh breakout/continuation trigger
2026-08-10T12:02:45.291047,DIXON,setup,no fresh breakout/continuation trigger
2026-08-10T12:02:45.291047,SHRIRAMFIN,setup,entry extended 0.75 ATR
2026-08-10T12:02:45.291047,TVSMOTOR,setup,RVOL 0.40 below 1.0
2026-08-10T12:02:45.291047,MARUTI,setup,no fresh breakout/continuation trigger
2026-08-10T12:02:45.291047,PAYTM,setup,no fresh breakout/continuation trigger
2026-08-10T12:02:45.291047,JIOFIN,setup,no fresh breakout/continuation trigger
2026-08-10T12:02:45.291047,BHEL,setup,no fresh breakout/continuation trigger
2026-08-10T12:02:45.291047,BAJAJ-AUTO,setup,no fresh breakout/continuation trigger
2026-08-10T12:02:45.291047,TECHM,setup,no fresh breakout/continuation trigger
2026-08-10T12:02:45.291047,ADANIPOWER,setup,no fresh breakout/continuation trigger
2026-08-10T12:02:45.291047,INDIGO,setup,no fresh breakout/continuation trigger
2026-08-10T12:02:45.291047,KOTAKBANK,setup,no fresh breakout/continuation trigger
2026-08-10T12:02:45.291047,HINDALCO,setup,entry extended 0.33 ATR
2026-08-10T12:02:45.291047,OFSS,setup,no fresh breakout/continuation trigger
2026-08-10T12:02:45.304663,SUNPHARMA,setup,no fresh breakout/continuation trigger
2026-08-10T12:02:45.304663,MCX,setup,no fresh breakout/continuation trigger
2026-08-10T12:02:45.304663,BEL,setup,no fresh breakout/continuation trigger
2026-08-10T12:02:45.304663,DIVISLAB,setup,no fresh breakout/continuation trigger
2026-08-10T12:02:45.304663,HCLTECH,setup,no fresh breakout/continuation trigger
2026-08-10T12:02:45.304663,LICI,setup,RVOL 0.34 below 1.0
2026-08-10T12:02:45.304663,ITC,setup,no fresh breakout/continuation trigger
2026-08-10T12:02:45.304663,GVT&D,setup,no fresh breakout/continuation trigger
2026-08-10T12:02:45.304663,TORNTPHARM,setup,no fresh breakout/continuation trigger
2026-08-10T12:02:45.304663,COFORGE,option,no eligible option contracts
2026-08-10T12:02:45.304663,KAYNES,option,no eligible option contracts
2026-08-10T12:03:47.787735,HDFCBANK,setup,no fresh breakout/continuation trigger
2026-08-10T12:03:47.787735,KALYANKJIL,setup,no fresh breakout/continuation trigger
2026-08-10T12:03:47.787735,ICICIBANK,setup,no fresh breakout/continuation trigger
2026-08-10T12:03:47.787735,RELIANCE,setup,no fresh breakout/continuation trigger
2026-08-10T12:03:47.787735,INFY,setup,no fresh breakout/continuation trigger
2026-08-10T12:03:47.787735,SBIN,setup,no fresh breakout/continuation trigger
2026-08-10T12:03:47.787735,BAJFINANCE,setup,no fresh breakout/continuation trigger
2026-08-10T12:03:47.787735,BHARTIARTL,setup,no fresh breakout/continuation trigger
2026-08-10T12:03:47.787735,ETERNAL,setup,no fresh breakout/continuation trigger
2026-08-10T12:03:47.787735,AXISBANK,setup,RVOL 0.64 below 1.0
2026-08-10T12:03:47.803383,BSE,setup,no fresh breakout/continuation trigger
2026-08-10T12:03:47.803383,TCS,setup,no fresh breakout/continuation trigger
2026-08-10T12:03:47.803383,M&M,setup,no fresh breakout/continuation trigger
2026-08-10T12:03:47.803383,LT,setup,RVOL 0.62 below 1.0
2026-08-10T12:03:47.803383,SWIGGY,setup,no fresh breakout/continuation trigger
2026-08-10T12:03:47.803383,DIXON,setup,no fresh breakout/continuation trigger
2026-08-10T12:03:47.803383,SHRIRAMFIN,setup,no fresh breakout/continuation trigger
2026-08-10T12:03:47.803383,TVSMOTOR,setup,no fresh breakout/continuation trigger
2026-08-10T12:03:47.803383,MARUTI,setup,no fresh breakout/continuation trigger
2026-08-10T12:03:47.803383,PAYTM,setup,no fresh breakout/continuation trigger
2026-08-10T12:03:47.803383,COFORGE,setup,no fresh breakout/continuation trigger
2026-08-10T12:03:47.803383,JIOFIN,setup,no fresh breakout/continuation trigger
2026-08-10T12:03:47.803383,BHEL,setup,no fresh breakout/continuation trigger
2026-08-10T12:03:47.803383,BAJAJ-AUTO,setup,no fresh breakout/continuation trigger
2026-08-10T12:03:47.803383,TECHM,setup,no fresh breakout/continuation trigger
2026-08-10T12:03:47.803383,ADANIPOWER,setup,no fresh breakout/continuation trigger
2026-08-10T12:03:47.803383,INDIGO,setup,no fresh breakout/continuation trigger
2026-08-10T12:03:47.803383,KOTAKBANK,setup,no fresh breakout/continuation trigger
2026-08-10T12:03:47.803383,KAYNES,setup,no fresh breakout/continuation trigger
2026-08-10T12:03:47.803383,HINDALCO,setup,no fresh breakout/continuation trigger
2026-08-10T12:03:47.803383,OFSS,setup,no fresh breakout/continuation trigger
2026-08-10T12:03:47.803383,SUNPHARMA,setup,no fresh breakout/continuation trigger
2026-08-10T12:03:47.803383,MCX,setup,no fresh breakout/continuation trigger
2026-08-10T12:03:47.803383,BEL,setup,no fresh breakout/continuation trigger
2026-08-10T12:03:47.803383,DIVISLAB,setup,no fresh breakout/continuation trigger
2026-08-10T12:03:47.803383,HCLTECH,setup,no fresh breakout/continuation trigger
2026-08-10T12:03:47.819317,LICI,setup,no fresh breakout/continuation trigger
2026-08-10T12:03:47.819317,ITC,setup,no fresh breakout/continuation trigger
2026-08-10T12:03:47.819317,GVT&D,setup,no fresh breakout/continuation trigger
2026-08-10T12:03:47.819317,TORNTPHARM,setup,no fresh breakout/continuation trigger
2026-08-10T12:04:48.275626,HDFCBANK,setup,no fresh breakout/continuation trigger
2026-08-10T12:04:48.275626,KALYANKJIL,setup,no fresh breakout/continuation trigger
2026-08-10T12:04:48.276629,ICICIBANK,setup,no fresh breakout/continuation trigger
2026-08-10T12:04:48.277968,RELIANCE,setup,no fresh breakout/continuation trigger
2026-08-10T12:04:48.277968,INFY,setup,no fresh breakout/continuation trigger
2026-08-10T12:04:48.278974,SBIN,setup,no fresh breakout/continuation trigger
2026-08-10T12:04:48.278974,BAJFINANCE,setup,no fresh breakout/continuation trigger
2026-08-10T12:04:48.280332,BHARTIARTL,setup,no fresh breakout/continuation trigger
2026-08-10T12:04:48.280332,ETERNAL,setup,no fresh breakout/continuation trigger
2026-08-10T12:04:48.281335,AXISBANK,setup,RVOL 0.64 below 1.0
2026-08-10T12:04:48.282353,BSE,setup,no fresh breakout/continuation trigger
2026-08-10T12:04:48.282353,TCS,setup,no fresh breakout/continuation trigger
2026-08-10T12:04:48.283580,M&M,setup,no fresh breakout/continuation trigger
2026-08-10T12:04:48.283580,LT,setup,RVOL 0.62 below 1.0
2026-08-10T12:04:48.284599,SWIGGY,setup,no fresh breakout/continuation trigger
2026-08-10T12:04:48.285603,DIXON,setup,no fresh breakout/continuation trigger
2026-08-10T12:04:48.285603,SHRIRAMFIN,setup,no fresh breakout/continuation trigger
2026-08-10T12:04:48.286880,TVSMOTOR,setup,no fresh breakout/continuation trigger
2026-08-10T12:04:48.287898,MARUTI,setup,no fresh breakout/continuation trigger
2026-08-10T12:04:48.287898,PAYTM,setup,no fresh breakout/continuation trigger
2026-08-10T12:04:48.287898,COFORGE,setup,no fresh breakout/continuation trigger
2026-08-10T12:04:48.287898,JIOFIN,setup,no fresh breakout/continuation trigger
2026-08-10T12:04:48.287898,BHEL,setup,no fresh breakout/continuation trigger
2026-08-10T12:04:48.287898,BAJAJ-AUTO,setup,no fresh breakout/continuation trigger
2026-08-10T12:04:48.287898,TECHM,setup,no fresh breakout/continuation trigger
2026-08-10T12:04:48.287898,ADANIPOWER,setup,no fresh breakout/continuation trigger
2026-08-10T12:04:48.287898,INDIGO,setup,no fresh breakout/continuation trigger
2026-08-10T12:04:48.287898,KOTAKBANK,setup,no fresh breakout/continuation trigger
2026-08-10T12:04:48.287898,KAYNES,setup,no fresh breakout/continuation trigger
2026-08-10T12:04:48.287898,HINDALCO,setup,no fresh breakout/continuation trigger
2026-08-10T12:04:48.287898,OFSS,setup,no fresh breakout/continuation trigger
2026-08-10T12:04:48.287898,SUNPHARMA,setup,no fresh breakout/continuation trigger
2026-08-10T12:04:48.287898,MCX,setup,no fresh breakout/continuation trigger
2026-08-10T12:04:48.287898,BEL,setup,no fresh breakout/continuation trigger
2026-08-10T12:04:48.287898,DIVISLAB,setup,no fresh breakout/continuation trigger
2026-08-10T12:04:48.287898,HCLTECH,setup,no fresh breakout/continuation trigger
2026-08-10T12:04:48.287898,LICI,setup,no fresh breakout/continuation trigger
2026-08-10T12:04:48.287898,ITC,setup,no fresh breakout/continuation trigger
2026-08-10T12:04:48.287898,GVT&D,setup,no fresh breakout/continuation trigger
2026-08-10T12:04:48.287898,TORNTPHARM,setup,no fresh breakout/continuation trigger
2026-08-10T12:05:48.762162,HDFCBANK,setup,no fresh breakout/continuation trigger
2026-08-10T12:05:48.763205,KALYANKJIL,setup,no fresh breakout/continuation trigger
2026-08-10T12:05:48.764244,ICICIBANK,setup,no fresh breakout/continuation trigger
2026-08-10T12:05:48.765360,RELIANCE,setup,no fresh breakout/continuation trigger
2026-08-10T12:05:48.765360,INFY,setup,no fresh breakout/continuation trigger
2026-08-10T12:05:48.766377,SBIN,setup,no fresh breakout/continuation trigger
2026-08-10T12:05:48.767525,BAJFINANCE,setup,no fresh breakout/continuation trigger
2026-08-10T12:05:48.767525,BHARTIARTL,setup,no fresh breakout/continuation trigger
2026-08-10T12:05:48.768530,ETERNAL,setup,no fresh breakout/continuation trigger
2026-08-10T12:05:48.768530,AXISBANK,setup,RVOL 0.64 below 1.0
2026-08-10T12:05:48.769856,BSE,setup,no fresh breakout/continuation trigger
2026-08-10T12:05:48.769856,TCS,setup,no fresh breakout/continuation trigger
2026-08-10T12:05:48.769856,M&M,setup,no fresh breakout/continuation trigger
2026-08-10T12:05:48.769856,LT,setup,RVOL 0.62 below 1.0
2026-08-10T12:05:48.769856,SWIGGY,setup,no fresh breakout/continuation trigger
2026-08-10T12:05:48.769856,DIXON,setup,no fresh breakout/continuation trigger
2026-08-10T12:05:48.769856,SHRIRAMFIN,setup,no fresh breakout/continuation trigger
2026-08-10T12:05:48.769856,TVSMOTOR,setup,no fresh breakout/continuation trigger
2026-08-10T12:05:48.769856,MARUTI,setup,no fresh breakout/continuation trigger
2026-08-10T12:05:48.769856,PAYTM,setup,no fresh breakout/continuation trigger
2026-08-10T12:05:48.769856,COFORGE,setup,no fresh breakout/continuation trigger
2026-08-10T12:05:48.769856,JIOFIN,setup,no fresh breakout/continuation trigger
2026-08-10T12:05:48.769856,BHEL,setup,no fresh breakout/continuation trigger
2026-08-10T12:05:48.769856,BAJAJ-AUTO,setup,no fresh breakout/continuation trigger
2026-08-10T12:05:48.769856,TECHM,setup,no fresh breakout/continuation trigger
2026-08-10T12:05:48.769856,ADANIPOWER,setup,no fresh breakout/continuation trigger
2026-08-10T12:05:48.769856,INDIGO,setup,no fresh breakout/continuation trigger
2026-08-10T12:05:48.769856,KOTAKBANK,setup,no fresh breakout/continuation trigger
2026-08-10T12:05:48.769856,KAYNES,setup,no fresh breakout/continuation trigger
2026-08-10T12:05:48.769856,HINDALCO,setup,no fresh breakout/continuation trigger
2026-08-10T12:05:48.769856,OFSS,setup,no fresh breakout/continuation trigger
2026-08-10T12:05:48.769856,SUNPHARMA,setup,no fresh breakout/continuation trigger
2026-08-10T12:05:48.769856,MCX,setup,no fresh breakout/continuation trigger
2026-08-10T12:05:48.769856,BEL,setup,no fresh breakout/continuation trigger
2026-08-10T12:05:48.769856,DIVISLAB,setup,no fresh breakout/continuation trigger
2026-08-10T12:05:48.785726,HCLTECH,setup,no fresh breakout/continuation trigger
2026-08-10T12:05:48.785726,LICI,setup,no fresh breakout/continuation trigger
2026-08-10T12:05:48.785726,ITC,setup,no fresh breakout/continuation trigger
2026-08-10T12:05:48.785726,GVT&D,setup,no fresh breakout/continuation trigger
2026-08-10T12:05:48.785726,TORNTPHARM,setup,no fresh breakout/continuation trigger
2026-08-10T12:06:49.250757,HDFCBANK,setup,no fresh breakout/continuation trigger
2026-08-10T12:06:49.251802,KALYANKJIL,setup,no fresh breakout/continuation trigger
2026-08-10T12:06:49.252849,ICICIBANK,setup,no fresh breakout/continuation trigger
2026-08-10T12:06:49.252849,RELIANCE,setup,no fresh breakout/continuation trigger
2026-08-10T12:06:49.253855,INFY,setup,no fresh breakout/continuation trigger
2026-08-10T12:06:49.255040,SBIN,setup,no fresh breakout/continuation trigger
2026-08-10T12:06:49.255040,BAJFINANCE,setup,no fresh breakout/continuation trigger
2026-08-10T12:06:49.256045,BHARTIARTL,setup,no fresh breakout/continuation trigger
2026-08-10T12:06:49.256045,ETERNAL,setup,no fresh breakout/continuation trigger
2026-08-10T12:06:49.257061,AXISBANK,setup,RVOL 0.64 below 1.0
2026-08-10T12:06:49.258129,BSE,setup,no fresh breakout/continuation trigger
2026-08-10T12:06:49.258129,TCS,setup,no fresh breakout/continuation trigger
2026-08-10T12:06:49.259179,M&M,setup,no fresh breakout/continuation trigger
2026-08-10T12:06:49.259179,LT,setup,RVOL 0.62 below 1.0
2026-08-10T12:06:49.260640,SWIGGY,setup,no fresh breakout/continuation trigger
2026-08-10T12:06:49.260640,DIXON,setup,no fresh breakout/continuation trigger
2026-08-10T12:06:49.262109,SHRIRAMFIN,setup,no fresh breakout/continuation trigger
2026-08-10T12:06:49.262109,TVSMOTOR,setup,no fresh breakout/continuation trigger
2026-08-10T12:06:49.263226,MARUTI,setup,no fresh breakout/continuation trigger
2026-08-10T12:06:49.263226,PAYTM,setup,no fresh breakout/continuation trigger
2026-08-10T12:06:49.264362,COFORGE,setup,no fresh breakout/continuation trigger
2026-08-10T12:06:49.264362,JIOFIN,setup,no fresh breakout/continuation trigger
2026-08-10T12:06:49.264362,BHEL,setup,no fresh breakout/continuation trigger
2026-08-10T12:06:49.265654,BAJAJ-AUTO,setup,no fresh breakout/continuation trigger
2026-08-10T12:06:49.266696,TECHM,setup,no fresh breakout/continuation trigger
2026-08-10T12:06:49.266696,ADANIPOWER,setup,no fresh breakout/continuation trigger
2026-08-10T12:06:49.267898,INDIGO,setup,no fresh breakout/continuation trigger
2026-08-10T12:06:49.268934,KOTAKBANK,setup,no fresh breakout/continuation trigger
2026-08-10T12:06:49.268934,KAYNES,setup,no fresh breakout/continuation trigger
2026-08-10T12:06:49.268934,HINDALCO,setup,no fresh breakout/continuation trigger
2026-08-10T12:06:49.269945,OFSS,setup,no fresh breakout/continuation trigger
2026-08-10T12:06:49.269945,SUNPHARMA,setup,no fresh breakout/continuation trigger
2026-08-10T12:06:49.270943,MCX,setup,no fresh breakout/continuation trigger
2026-08-10T12:06:49.271940,BEL,setup,no fresh breakout/continuation trigger
2026-08-10T12:06:49.271940,DIVISLAB,setup,no fresh breakout/continuation trigger
2026-08-10T12:06:49.273175,HCLTECH,setup,no fresh breakout/continuation trigger
2026-08-10T12:06:49.273175,LICI,setup,no fresh breakout/continuation trigger
2026-08-10T12:06:49.273175,ITC,setup,no fresh breakout/continuation trigger
2026-08-10T12:06:49.274209,GVT&D,setup,no fresh breakout/continuation trigger
2026-08-10T12:06:49.274209,TORNTPHARM,setup,no fresh breakout/continuation trigger
2026-08-10T12:07:49.725385,HDFCBANK,setup,no fresh breakout/continuation trigger
2026-08-10T12:07:49.725385,KALYANKJIL,setup,no fresh breakout/continuation trigger
2026-08-10T12:07:49.725385,ICICIBANK,setup,no fresh breakout/continuation trigger
2026-08-10T12:07:49.725385,RELIANCE,setup,no fresh breakout/continuation trigger
2026-08-10T12:07:49.725385,INFY,setup,no fresh breakout/continuation trigger
2026-08-10T12:07:49.725385,SBIN,setup,no fresh breakout/continuation trigger
2026-08-10T12:07:49.725385,BAJFINANCE,setup,no fresh breakout/continuation trigger
2026-08-10T12:07:49.725385,BHARTIARTL,setup,no fresh breakout/continuation trigger
2026-08-10T12:07:49.725385,ETERNAL,setup,no fresh breakout/continuation trigger
2026-08-10T12:07:49.725385,AXISBANK,setup,RVOL 0.64 below 1.0
2026-08-10T12:07:49.725385,BSE,setup,no fresh breakout/continuation trigger
2026-08-10T12:07:49.725385,TCS,setup,no fresh breakout/continuation trigger
2026-08-10T12:07:49.725385,M&M,setup,no fresh breakout/continuation trigger
2026-08-10T12:07:49.725385,LT,setup,RVOL 0.62 below 1.0
2026-08-10T12:07:49.725385,SWIGGY,setup,no fresh breakout/continuation trigger
2026-08-10T12:07:49.725385,DIXON,setup,no fresh breakout/continuation trigger
2026-08-10T12:07:49.725385,SHRIRAMFIN,setup,no fresh breakout/continuation trigger
2026-08-10T12:07:49.741443,TVSMOTOR,setup,no fresh breakout/continuation trigger
2026-08-10T12:07:49.741443,MARUTI,setup,no fresh breakout/continuation trigger
2026-08-10T12:07:49.741443,PAYTM,setup,no fresh breakout/continuation trigger
2026-08-10T12:07:49.744168,COFORGE,setup,no fresh breakout/continuation trigger
2026-08-10T12:07:49.744168,JIOFIN,setup,no fresh breakout/continuation trigger
2026-08-10T12:07:49.744168,BHEL,setup,no fresh breakout/continuation trigger
2026-08-10T12:07:49.744168,BAJAJ-AUTO,setup,no fresh breakout/continuation trigger
2026-08-10T12:07:49.744168,TECHM,setup,no fresh breakout/continuation trigger
2026-08-10T12:07:49.744168,ADANIPOWER,setup,no fresh breakout/continuation trigger
2026-08-10T12:07:49.744168,INDIGO,setup,no fresh breakout/continuation trigger
2026-08-10T12:07:49.744168,KOTAKBANK,setup,no fresh breakout/continuation trigger
2026-08-10T12:07:49.744168,KAYNES,setup,no fresh breakout/continuation trigger
2026-08-10T12:07:49.744168,HINDALCO,setup,no fresh breakout/continuation trigger
2026-08-10T12:07:49.744168,OFSS,setup,no fresh breakout/continuation trigger
2026-08-10T12:07:49.744168,SUNPHARMA,setup,no fresh breakout/continuation trigger
2026-08-10T12:07:49.744168,MCX,setup,no fresh breakout/continuation trigger
2026-08-10T12:07:49.744168,BEL,setup,no fresh breakout/continuation trigger
2026-08-10T12:07:49.744168,DIVISLAB,setup,no fresh breakout/continuation trigger
2026-08-10T12:07:49.744168,HCLTECH,setup,no fresh breakout/continuation trigger
2026-08-10T12:07:49.744168,LICI,setup,no fresh breakout/continuation trigger
2026-08-10T12:07:49.744168,ITC,setup,no fresh breakout/continuation trigger
2026-08-10T12:07:49.754741,GVT&D,setup,no fresh breakout/continuation trigger
2026-08-10T12:07:49.754741,TORNTPHARM,setup,no fresh breakout/continuation trigger
2026-08-10T12:10:08.440067,HDFCBANK,setup,no fresh breakout/continuation trigger
2026-08-10T12:10:08.440067,KALYANKJIL,setup,no fresh breakout/continuation trigger
2026-08-10T12:10:08.440067,ICICIBANK,setup,no fresh breakout/continuation trigger
2026-08-10T12:10:08.440067,RELIANCE,setup,no fresh breakout/continuation trigger
2026-08-10T12:10:08.440067,INFY,setup,no fresh breakout/continuation trigger
2026-08-10T12:10:08.440067,SBIN,setup,no fresh breakout/continuation trigger
2026-08-10T12:10:08.440067,BAJFINANCE,setup,RVOL 0.03 below 1.0
2026-08-10T12:10:08.440067,BHARTIARTL,setup,no fresh breakout/continuation trigger
2026-08-10T12:10:08.440067,ETERNAL,setup,no fresh breakout/continuation trigger
2026-08-10T12:10:08.440067,AXISBANK,setup,no fresh breakout/continuation trigger
2026-08-10T12:10:08.440067,BSE,setup,no fresh breakout/continuation trigger
2026-08-10T12:10:08.440067,TCS,setup,no fresh breakout/continuation trigger
2026-08-10T12:10:08.440067,M&M,setup,no fresh breakout/continuation trigger
2026-08-10T12:10:08.440067,LT,setup,no fresh breakout/continuation trigger
2026-08-10T12:10:08.440067,SWIGGY,setup,no fresh breakout/continuation trigger
2026-08-10T12:10:08.456152,DIXON,setup,no fresh breakout/continuation trigger
2026-08-10T12:10:08.456152,SHRIRAMFIN,setup,no fresh breakout/continuation trigger
2026-08-10T12:10:08.456152,TVSMOTOR,setup,no fresh breakout/continuation trigger
2026-08-10T12:10:08.458104,MARUTI,setup,entry extended 0.41 ATR
2026-08-10T12:10:08.458104,PAYTM,setup,no fresh breakout/continuation trigger
2026-08-10T12:10:08.458104,COFORGE,setup,no fresh breakout/continuation trigger
2026-08-10T12:10:08.458104,JIOFIN,setup,no fresh breakout/continuation trigger
2026-08-10T12:10:08.458104,BHEL,setup,no fresh breakout/continuation trigger
2026-08-10T12:10:08.458104,BAJAJ-AUTO,setup,no fresh breakout/continuation trigger
2026-08-10T12:10:08.458104,TECHM,setup,no fresh breakout/continuation trigger
2026-08-10T12:10:08.458104,ADANIPOWER,setup,no fresh breakout/continuation trigger
2026-08-10T12:10:08.458104,INDIGO,setup,no fresh breakout/continuation trigger
2026-08-10T12:10:08.458104,KOTAKBANK,setup,RVOL 0.54 below 1.0
2026-08-10T12:10:08.458104,KAYNES,setup,no fresh breakout/continuation trigger
2026-08-10T12:10:08.458104,HINDALCO,setup,no fresh breakout/continuation trigger
2026-08-10T12:10:08.458104,OFSS,setup,no fresh breakout/continuation trigger
2026-08-10T12:10:08.458104,SUNPHARMA,setup,no fresh breakout/continuation trigger
2026-08-10T12:10:08.458104,MCX,setup,no fresh breakout/continuation trigger
2026-08-10T12:10:08.458104,BEL,setup,no fresh breakout/continuation trigger
2026-08-10T12:10:08.458104,DIVISLAB,setup,no fresh breakout/continuation trigger
2026-08-10T12:10:08.458104,HCLTECH,setup,no fresh breakout/continuation trigger
2026-08-10T12:10:08.458104,LICI,setup,no fresh breakout/continuation trigger
2026-08-10T12:10:08.458104,ITC,setup,no fresh breakout/continuation trigger
2026-08-10T12:10:08.458104,GVT&D,setup,no fresh breakout/continuation trigger
2026-08-10T12:10:08.458104,TORNTPHARM,setup,no fresh breakout/continuation trigger
2026-08-10T12:11:08.928203,HDFCBANK,setup,no fresh breakout/continuation trigger
2026-08-10T12:11:08.928203,KALYANKJIL,setup,no fresh breakout/continuation trigger
2026-08-10T12:11:08.928203,ICICIBANK,setup,no fresh breakout/continuation trigger
2026-08-10T12:11:08.928203,RELIANCE,setup,no fresh breakout/continuation trigger
2026-08-10T12:11:08.928203,INFY,setup,no fresh breakout/continuation trigger
2026-08-10T12:11:08.928203,SBIN,setup,no fresh breakout/continuation trigger
2026-08-10T12:11:08.928203,BAJFINANCE,setup,RVOL 0.03 below 1.0
2026-08-10T12:11:08.928203,BHARTIARTL,setup,no fresh breakout/continuation trigger
2026-08-10T12:11:08.928203,ETERNAL,setup,no fresh breakout/continuation trigger
2026-08-10T12:11:08.928203,AXISBANK,setup,no fresh breakout/continuation trigger
2026-08-10T12:11:08.928203,BSE,setup,no fresh breakout/continuation trigger
2026-08-10T12:11:08.928203,TCS,setup,no fresh breakout/continuation trigger
2026-08-10T12:11:08.928203,M&M,setup,no fresh breakout/continuation trigger
2026-08-10T12:11:08.928203,LT,setup,no fresh breakout/continuation trigger
2026-08-10T12:11:08.928203,SWIGGY,setup,no fresh breakout/continuation trigger
2026-08-10T12:11:08.928203,DIXON,setup,no fresh breakout/continuation trigger
2026-08-10T12:11:08.928203,SHRIRAMFIN,setup,no fresh breakout/continuation trigger
2026-08-10T12:11:08.928203,TVSMOTOR,setup,no fresh breakout/continuation trigger
2026-08-10T12:11:08.928203,MARUTI,setup,entry extended 0.41 ATR
2026-08-10T12:11:08.943871,PAYTM,setup,no fresh breakout/continuation trigger
2026-08-10T12:11:08.943871,COFORGE,setup,no fresh breakout/continuation trigger
2026-08-10T12:11:08.943871,JIOFIN,setup,no fresh breakout/continuation trigger
2026-08-10T12:11:08.943871,BHEL,setup,no fresh breakout/continuation trigger
2026-08-10T12:11:08.943871,BAJAJ-AUTO,setup,no fresh breakout/continuation trigger
2026-08-10T12:11:08.943871,TECHM,setup,no fresh breakout/continuation trigger
2026-08-10T12:11:08.943871,ADANIPOWER,setup,no fresh breakout/continuation trigger
2026-08-10T12:11:08.943871,INDIGO,setup,no fresh breakout/continuation trigger
2026-08-10T12:11:08.943871,KOTAKBANK,setup,RVOL 0.54 below 1.0
2026-08-10T12:11:08.943871,KAYNES,setup,no fresh breakout/continuation trigger
2026-08-10T12:11:08.943871,HINDALCO,setup,no fresh breakout/continuation trigger
2026-08-10T12:11:08.943871,OFSS,setup,no fresh breakout/continuation trigger
2026-08-10T12:11:08.943871,SUNPHARMA,setup,no fresh breakout/continuation trigger
2026-08-10T12:11:08.943871,MCX,setup,no fresh breakout/continuation trigger
2026-08-10T12:11:08.943871,BEL,setup,no fresh breakout/continuation trigger
2026-08-10T12:11:08.943871,DIVISLAB,setup,no fresh breakout/continuation trigger
2026-08-10T12:11:08.943871,HCLTECH,setup,no fresh breakout/continuation trigger
2026-08-10T12:11:08.943871,LICI,setup,no fresh breakout/continuation trigger
2026-08-10T12:11:08.943871,ITC,setup,no fresh breakout/continuation trigger
2026-08-10T12:11:08.943871,GVT&D,setup,no fresh breakout/continuation trigger
2026-08-10T12:11:08.943871,TORNTPHARM,setup,no fresh breakout/continuation trigger
2026-08-10T12:12:09.398172,HDFCBANK,setup,no fresh breakout/continuation trigger
2026-08-10T12:12:09.398172,KALYANKJIL,setup,no fresh breakout/continuation trigger
2026-08-10T12:12:09.398172,ICICIBANK,setup,no fresh breakout/continuation trigger
2026-08-10T12:12:09.398172,RELIANCE,setup,no fresh breakout/continuation trigger
2026-08-10T12:12:09.413855,INFY,setup,no fresh breakout/continuation trigger
2026-08-10T12:12:09.413855,SBIN,setup,no fresh breakout/continuation trigger
2026-08-10T12:12:09.413855,BAJFINANCE,setup,RVOL 0.03 below 1.0
2026-08-10T12:12:09.413855,BHARTIARTL,setup,no fresh breakout/continuation trigger
2026-08-10T12:12:09.413855,ETERNAL,setup,no fresh breakout/continuation trigger
2026-08-10T12:12:09.413855,AXISBANK,setup,no fresh breakout/continuation trigger
2026-08-10T12:12:09.413855,BSE,setup,no fresh breakout/continuation trigger
2026-08-10T12:12:09.413855,TCS,setup,no fresh breakout/continuation trigger
2026-08-10T12:12:09.413855,M&M,setup,no fresh breakout/continuation trigger
2026-08-10T12:12:09.413855,LT,setup,no fresh breakout/continuation trigger
2026-08-10T12:12:09.413855,SWIGGY,setup,no fresh breakout/continuation trigger
2026-08-10T12:12:09.413855,DIXON,setup,no fresh breakout/continuation trigger
2026-08-10T12:12:09.413855,SHRIRAMFIN,setup,no fresh breakout/continuation trigger
2026-08-10T12:12:09.413855,TVSMOTOR,setup,no fresh breakout/continuation trigger
2026-08-10T12:12:09.413855,MARUTI,setup,entry extended 0.41 ATR
2026-08-10T12:12:09.413855,PAYTM,setup,no fresh breakout/continuation trigger
2026-08-10T12:12:09.413855,COFORGE,setup,no fresh breakout/continuation trigger
2026-08-10T12:12:09.413855,JIOFIN,setup,no fresh breakout/continuation trigger
2026-08-10T12:12:09.413855,BHEL,setup,no fresh breakout/continuation trigger
2026-08-10T12:12:09.413855,BAJAJ-AUTO,setup,no fresh breakout/continuation trigger
2026-08-10T12:12:09.413855,TECHM,setup,no fresh breakout/continuation trigger
2026-08-10T12:12:09.413855,ADANIPOWER,setup,no fresh breakout/continuation trigger
2026-08-10T12:12:09.413855,INDIGO,setup,no fresh breakout/continuation trigger
2026-08-10T12:12:09.413855,KOTAKBANK,setup,RVOL 0.54 below 1.0
2026-08-10T12:12:09.413855,KAYNES,setup,no fresh breakout/continuation trigger
2026-08-10T12:12:09.429742,HINDALCO,setup,no fresh breakout/continuation trigger
2026-08-10T12:12:09.429742,OFSS,setup,no fresh breakout/continuation trigger
2026-08-10T12:12:09.429742,SUNPHARMA,setup,no fresh breakout/continuation trigger
2026-08-10T12:12:09.429742,MCX,setup,no fresh breakout/continuation trigger
2026-08-10T12:12:09.429742,BEL,setup,no fresh breakout/continuation trigger
2026-08-10T12:12:09.429742,DIVISLAB,setup,no fresh breakout/continuation trigger
2026-08-10T12:12:09.429742,HCLTECH,setup,no fresh breakout/continuation trigger
2026-08-10T12:12:09.429742,LICI,setup,no fresh breakout/continuation trigger
2026-08-10T12:12:09.429742,ITC,setup,no fresh breakout/continuation trigger
2026-08-10T12:12:09.429742,GVT&D,setup,no fresh breakout/continuation trigger
2026-08-10T12:12:09.429742,TORNTPHARM,setup,no fresh breakout/continuation trigger
2026-08-10T12:13:09.881498,HDFCBANK,setup,no fresh breakout/continuation trigger
2026-08-10T12:13:09.881498,KALYANKJIL,setup,no fresh breakout/continuation trigger
2026-08-10T12:13:09.881498,ICICIBANK,setup,no fresh breakout/continuation trigger
2026-08-10T12:13:09.881498,RELIANCE,setup,no fresh breakout/continuation trigger
2026-08-10T12:13:09.881498,INFY,setup,no fresh breakout/continuation trigger
2026-08-10T12:13:09.881498,SBIN,setup,no fresh breakout/continuation trigger
2026-08-10T12:13:09.881498,BAJFINANCE,setup,RVOL 0.03 below 1.0
2026-08-10T12:13:09.881498,BHARTIARTL,setup,no fresh breakout/continuation trigger
2026-08-10T12:13:09.881498,ETERNAL,setup,no fresh breakout/continuation trigger
2026-08-10T12:13:09.881498,AXISBANK,setup,no fresh breakout/continuation trigger
2026-08-10T12:13:09.881498,BSE,setup,no fresh breakout/continuation trigger
2026-08-10T12:13:09.881498,TCS,setup,no fresh breakout/continuation trigger
2026-08-10T12:13:09.881498,M&M,setup,no fresh breakout/continuation trigger
2026-08-10T12:13:09.881498,LT,setup,no fresh breakout/continuation trigger
2026-08-10T12:13:09.881498,SWIGGY,setup,no fresh breakout/continuation trigger
2026-08-10T12:13:09.881498,DIXON,setup,no fresh breakout/continuation trigger
2026-08-10T12:13:09.881498,SHRIRAMFIN,setup,no fresh breakout/continuation trigger
2026-08-10T12:13:09.881498,TVSMOTOR,setup,no fresh breakout/continuation trigger
2026-08-10T12:13:09.897224,MARUTI,setup,entry extended 0.41 ATR
2026-08-10T12:13:09.897224,PAYTM,setup,no fresh breakout/continuation trigger
2026-08-10T12:13:09.897224,COFORGE,setup,no fresh breakout/continuation trigger
2026-08-10T12:13:09.897224,JIOFIN,setup,no fresh breakout/continuation trigger
2026-08-10T12:13:09.897224,BHEL,setup,no fresh breakout/continuation trigger
2026-08-10T12:13:09.897224,BAJAJ-AUTO,setup,no fresh breakout/continuation trigger
2026-08-10T12:13:09.897224,TECHM,setup,no fresh breakout/continuation trigger
2026-08-10T12:13:09.897224,ADANIPOWER,setup,no fresh breakout/continuation trigger
2026-08-10T12:13:09.897224,INDIGO,setup,no fresh breakout/continuation trigger
2026-08-10T12:13:09.897224,KOTAKBANK,setup,RVOL 0.54 below 1.0
2026-08-10T12:13:09.897224,KAYNES,setup,no fresh breakout/continuation trigger
2026-08-10T12:13:09.897224,HINDALCO,setup,no fresh breakout/continuation trigger
2026-08-10T12:13:09.897224,OFSS,setup,no fresh breakout/continuation trigger
2026-08-10T12:13:09.897224,SUNPHARMA,setup,no fresh breakout/continuation trigger
2026-08-10T12:13:09.897224,MCX,setup,no fresh breakout/continuation trigger
2026-08-10T12:13:09.897224,BEL,setup,no fresh breakout/continuation trigger
2026-08-10T12:13:09.897224,DIVISLAB,setup,no fresh breakout/continuation trigger
2026-08-10T12:13:09.897224,HCLTECH,setup,no fresh breakout/continuation trigger
2026-08-10T12:13:09.897224,LICI,setup,no fresh breakout/continuation trigger
2026-08-10T12:13:09.897224,ITC,setup,no fresh breakout/continuation trigger
2026-08-10T12:13:09.897224,GVT&D,setup,no fresh breakout/continuation trigger
2026-08-10T12:13:09.897224,TORNTPHARM,setup,no fresh breakout/continuation trigger
2026-08-10T12:14:10.350787,HDFCBANK,setup,no fresh breakout/continuation trigger
2026-08-10T12:14:10.350787,KALYANKJIL,setup,no fresh breakout/continuation trigger
2026-08-10T12:14:10.366566,ICICIBANK,setup,no fresh breakout/continuation trigger
2026-08-10T12:14:10.366566,RELIANCE,setup,no fresh breakout/continuation trigger
2026-08-10T12:14:10.366566,INFY,setup,no fresh breakout/continuation trigger
2026-08-10T12:14:10.366566,SBIN,setup,no fresh breakout/continuation trigger
2026-08-10T12:14:10.366566,BAJFINANCE,setup,RVOL 0.03 below 1.0
2026-08-10T12:14:10.366566,BHARTIARTL,setup,no fresh breakout/continuation trigger
2026-08-10T12:14:10.370660,ETERNAL,setup,no fresh breakout/continuation trigger
2026-08-10T12:14:10.370660,AXISBANK,setup,no fresh breakout/continuation trigger
2026-08-10T12:14:10.370660,BSE,setup,no fresh breakout/continuation trigger
2026-08-10T12:14:10.370660,TCS,setup,no fresh breakout/continuation trigger
2026-08-10T12:14:10.370660,M&M,setup,no fresh breakout/continuation trigger
2026-08-10T12:14:10.370660,LT,setup,no fresh breakout/continuation trigger
2026-08-10T12:14:10.370660,SWIGGY,setup,no fresh breakout/continuation trigger
2026-08-10T12:14:10.370660,DIXON,setup,no fresh breakout/continuation trigger
2026-08-10T12:14:10.370660,SHRIRAMFIN,setup,no fresh breakout/continuation trigger
2026-08-10T12:14:10.370660,TVSMOTOR,setup,no fresh breakout/continuation trigger
2026-08-10T12:14:10.370660,MARUTI,setup,entry extended 0.41 ATR
2026-08-10T12:14:10.370660,PAYTM,setup,no fresh breakout/continuation trigger
2026-08-10T12:14:10.370660,COFORGE,setup,no fresh breakout/continuation trigger
2026-08-10T12:14:10.370660,JIOFIN,setup,no fresh breakout/continuation trigger
2026-08-10T12:14:10.370660,BHEL,setup,no fresh breakout/continuation trigger
2026-08-10T12:14:10.370660,BAJAJ-AUTO,setup,no fresh breakout/continuation trigger
2026-08-10T12:14:10.370660,TECHM,setup,no fresh breakout/continuation trigger
2026-08-10T12:14:10.370660,ADANIPOWER,setup,no fresh breakout/continuation trigger
2026-08-10T12:14:10.382215,INDIGO,setup,no fresh breakout/continuation trigger
2026-08-10T12:14:10.382215,KOTAKBANK,setup,RVOL 0.54 below 1.0
2026-08-10T12:14:10.382215,KAYNES,setup,no fresh breakout/continuation trigger
2026-08-10T12:14:10.382215,HINDALCO,setup,no fresh breakout/continuation trigger
2026-08-10T12:14:10.382215,OFSS,setup,no fresh breakout/continuation trigger
2026-08-10T12:14:10.382215,SUNPHARMA,setup,no fresh breakout/continuation trigger
2026-08-10T12:14:10.382215,MCX,setup,no fresh breakout/continuation trigger
2026-08-10T12:14:10.382215,BEL,setup,no fresh breakout/continuation trigger
2026-08-10T12:14:10.382215,DIVISLAB,setup,no fresh breakout/continuation trigger
2026-08-10T12:14:10.382215,HCLTECH,setup,no fresh breakout/continuation trigger
2026-08-10T12:14:10.382215,LICI,setup,no fresh breakout/continuation trigger
2026-08-10T12:14:10.382215,ITC,setup,no fresh breakout/continuation trigger
2026-08-10T12:14:10.382215,GVT&D,setup,no fresh breakout/continuation trigger
2026-08-10T12:14:10.382215,TORNTPHARM,setup,no fresh breakout/continuation trigger
2026-08-10T12:15:13.039999,HDFCBANK,setup,no fresh breakout/continuation trigger
2026-08-10T12:15:13.055681,KALYANKJIL,setup,no fresh breakout/continuation trigger
2026-08-10T12:15:13.056917,ICICIBANK,setup,no fresh breakout/continuation trigger
2026-08-10T12:15:13.057946,RELIANCE,setup,no fresh breakout/continuation trigger
2026-08-10T12:15:13.057946,INFY,setup,no fresh breakout/continuation trigger
2026-08-10T12:15:13.059216,SBIN,setup,no fresh breakout/continuation trigger
2026-08-10T12:15:13.059216,BAJFINANCE,setup,no fresh breakout/continuation trigger
2026-08-10T12:15:13.060615,BHARTIARTL,setup,no fresh breakout/continuation trigger
2026-08-10T12:15:13.060615,ETERNAL,setup,no fresh breakout/continuation trigger
2026-08-10T12:15:13.062013,AXISBANK,setup,no fresh breakout/continuation trigger
2026-08-10T12:15:13.062013,BSE,setup,no fresh breakout/continuation trigger
2026-08-10T12:15:13.063390,TCS,setup,no fresh breakout/continuation trigger
2026-08-10T12:15:13.063390,M&M,setup,no fresh breakout/continuation trigger
2026-08-10T12:15:13.064866,LT,setup,no fresh breakout/continuation trigger
2026-08-10T12:15:13.064866,SWIGGY,setup,no fresh breakout/continuation trigger
2026-08-10T12:15:13.065873,DIXON,setup,no fresh breakout/continuation trigger
2026-08-10T12:15:13.066958,SHRIRAMFIN,setup,no fresh breakout/continuation trigger
2026-08-10T12:15:13.066958,TVSMOTOR,setup,no fresh breakout/continuation trigger
2026-08-10T12:15:13.067981,MARUTI,setup,no fresh breakout/continuation trigger
2026-08-10T12:15:13.068987,PAYTM,setup,no fresh breakout/continuation trigger
2026-08-10T12:15:13.068987,COFORGE,setup,no fresh breakout/continuation trigger
2026-08-10T12:15:13.068987,JIOFIN,setup,no fresh breakout/continuation trigger
2026-08-10T12:15:13.068987,BHEL,setup,no fresh breakout/continuation trigger
2026-08-10T12:15:13.068987,BAJAJ-AUTO,setup,no fresh breakout/continuation trigger
2026-08-10T12:15:13.068987,TECHM,setup,no fresh breakout/continuation trigger
2026-08-10T12:15:13.068987,ADANIPOWER,setup,no fresh breakout/continuation trigger
2026-08-10T12:15:13.068987,INDIGO,setup,no fresh breakout/continuation trigger
2026-08-10T12:15:13.068987,KOTAKBANK,setup,no fresh breakout/continuation trigger
2026-08-10T12:15:13.068987,KAYNES,setup,no fresh breakout/continuation trigger
2026-08-10T12:15:13.068987,HINDALCO,setup,no fresh breakout/continuation trigger
2026-08-10T12:15:13.068987,OFSS,setup,no fresh breakout/continuation trigger
2026-08-10T12:15:13.068987,SUNPHARMA,setup,no fresh breakout/continuation trigger
2026-08-10T12:15:13.068987,MCX,setup,no fresh breakout/continuation trigger
2026-08-10T12:15:13.068987,BEL,setup,no fresh breakout/continuation trigger
2026-08-10T12:15:13.068987,DIVISLAB,setup,no fresh breakout/continuation trigger
2026-08-10T12:15:13.068987,HCLTECH,setup,no fresh breakout/continuation trigger
2026-08-10T12:15:13.068987,LICI,setup,no fresh breakout/continuation trigger
2026-08-10T12:15:13.068987,ITC,setup,no fresh breakout/continuation trigger
2026-08-10T12:15:13.068987,GVT&D,setup,no fresh breakout/continuation trigger
2026-08-10T12:15:13.068987,TORNTPHARM,setup,no fresh breakout/continuation trigger
2026-08-10T12:16:13.523649,HDFCBANK,setup,no fresh breakout/continuation trigger
2026-08-10T12:16:13.523649,KALYANKJIL,setup,no fresh breakout/continuation trigger
2026-08-10T12:16:13.523649,ICICIBANK,setup,no fresh breakout/continuation trigger
2026-08-10T12:16:13.523649,RELIANCE,setup,no fresh breakout/continuation trigger
2026-08-10T12:16:13.523649,INFY,setup,no fresh breakout/continuation trigger
2026-08-10T12:16:13.523649,SBIN,setup,no fresh breakout/continuation trigger
2026-08-10T12:16:13.523649,BAJFINANCE,setup,no fresh breakout/continuation trigger
2026-08-10T12:16:13.539418,BHARTIARTL,setup,no fresh breakout/continuation trigger
2026-08-10T12:16:13.540770,ETERNAL,setup,no fresh breakout/continuation trigger
2026-08-10T12:16:13.541779,AXISBANK,setup,no fresh breakout/continuation trigger
2026-08-10T12:16:13.541779,BSE,setup,no fresh breakout/continuation trigger
2026-08-10T12:16:13.541779,TCS,setup,no fresh breakout/continuation trigger
2026-08-10T12:16:13.542996,M&M,setup,no fresh breakout/continuation trigger
2026-08-10T12:16:13.542996,LT,setup,no fresh breakout/continuation trigger
2026-08-10T12:16:13.544197,SWIGGY,setup,no fresh breakout/continuation trigger
2026-08-10T12:16:13.545245,DIXON,setup,no fresh breakout/continuation trigger
2026-08-10T12:16:13.545245,SHRIRAMFIN,setup,no fresh breakout/continuation trigger
2026-08-10T12:16:13.546329,TVSMOTOR,setup,no fresh breakout/continuation trigger
2026-08-10T12:16:13.546329,MARUTI,setup,no fresh breakout/continuation trigger
2026-08-10T12:16:13.547331,PAYTM,setup,no fresh breakout/continuation trigger
2026-08-10T12:16:13.548353,COFORGE,setup,no fresh breakout/continuation trigger
2026-08-10T12:16:13.548353,JIOFIN,setup,no fresh breakout/continuation trigger
2026-08-10T12:16:13.549407,BHEL,setup,no fresh breakout/continuation trigger
2026-08-10T12:16:13.549407,BAJAJ-AUTO,setup,no fresh breakout/continuation trigger
2026-08-10T12:16:13.550410,TECHM,setup,no fresh breakout/continuation trigger
2026-08-10T12:16:13.550410,ADANIPOWER,setup,no fresh breakout/continuation trigger
2026-08-10T12:16:13.551767,INDIGO,setup,no fresh breakout/continuation trigger
2026-08-10T12:16:13.551767,KOTAKBANK,setup,no fresh breakout/continuation trigger
2026-08-10T12:16:13.552915,KAYNES,setup,no fresh breakout/continuation trigger
2026-08-10T12:16:13.552915,HINDALCO,setup,no fresh breakout/continuation trigger
2026-08-10T12:16:13.554107,OFSS,setup,no fresh breakout/continuation trigger
2026-08-10T12:16:13.555116,SUNPHARMA,setup,no fresh breakout/continuation trigger
2026-08-10T12:16:13.555116,MCX,setup,no fresh breakout/continuation trigger
2026-08-10T12:16:13.556215,BEL,setup,no fresh breakout/continuation trigger
2026-08-10T12:16:13.556215,DIVISLAB,setup,no fresh breakout/continuation trigger
2026-08-10T12:16:13.557425,HCLTECH,setup,no fresh breakout/continuation trigger
2026-08-10T12:16:13.557425,LICI,setup,no fresh breakout/continuation trigger
2026-08-10T12:16:13.557425,ITC,setup,no fresh breakout/continuation trigger
2026-08-10T12:16:13.558599,GVT&D,setup,no fresh breakout/continuation trigger
2026-08-10T12:16:13.558599,TORNTPHARM,setup,no fresh breakout/continuation trigger
2026-08-10T12:17:14.013691,HDFCBANK,setup,no fresh breakout/continuation trigger
2026-08-10T12:17:14.014730,KALYANKJIL,setup,no fresh breakout/continuation trigger
2026-08-10T12:17:14.015733,ICICIBANK,setup,no fresh breakout/continuation trigger
2026-08-10T12:17:14.016999,RELIANCE,setup,no fresh breakout/continuation trigger
2026-08-10T12:17:14.016999,INFY,setup,no fresh breakout/continuation trigger
2026-08-10T12:17:14.018012,SBIN,setup,no fresh breakout/continuation trigger
2026-08-10T12:17:14.019030,BAJFINANCE,setup,no fresh breakout/continuation trigger
2026-08-10T12:17:14.019030,BHARTIARTL,setup,no fresh breakout/continuation trigger
2026-08-10T12:17:14.019030,ETERNAL,setup,no fresh breakout/continuation trigger
2026-08-10T12:17:14.020227,AXISBANK,setup,no fresh breakout/continuation trigger
2026-08-10T12:17:14.021277,BSE,setup,no fresh breakout/continuation trigger
2026-08-10T12:17:14.021277,TCS,setup,no fresh breakout/continuation trigger
2026-08-10T12:17:14.022281,M&M,setup,no fresh breakout/continuation trigger
2026-08-10T12:17:14.023403,LT,setup,no fresh breakout/continuation trigger
2026-08-10T12:17:14.023403,SWIGGY,setup,no fresh breakout/continuation trigger
2026-08-10T12:17:14.024426,DIXON,setup,no fresh breakout/continuation trigger
2026-08-10T12:17:14.024426,SHRIRAMFIN,setup,no fresh breakout/continuation trigger
2026-08-10T12:17:14.025801,TVSMOTOR,setup,no fresh breakout/continuation trigger
2026-08-10T12:17:14.026798,MARUTI,setup,no fresh breakout/continuation trigger
2026-08-10T12:17:14.026798,PAYTM,setup,no fresh breakout/continuation trigger
2026-08-10T12:17:14.028059,COFORGE,setup,no fresh breakout/continuation trigger
2026-08-10T12:17:14.028059,JIOFIN,setup,no fresh breakout/continuation trigger
2026-08-10T12:17:14.029176,BHEL,setup,no fresh breakout/continuation trigger
2026-08-10T12:17:14.029176,BAJAJ-AUTO,setup,no fresh breakout/continuation trigger
2026-08-10T12:17:14.030190,TECHM,setup,no fresh breakout/continuation trigger
2026-08-10T12:17:14.031234,ADANIPOWER,setup,no fresh breakout/continuation trigger
2026-08-10T12:17:14.031234,INDIGO,setup,no fresh breakout/continuation trigger
2026-08-10T12:17:14.032269,KOTAKBANK,setup,no fresh breakout/continuation trigger
2026-08-10T12:17:14.032269,KAYNES,setup,no fresh breakout/continuation trigger
2026-08-10T12:17:14.033627,HINDALCO,setup,no fresh breakout/continuation trigger
2026-08-10T12:17:14.033627,OFSS,setup,no fresh breakout/continuation trigger
2026-08-10T12:17:14.034832,SUNPHARMA,setup,no fresh breakout/continuation trigger
2026-08-10T12:17:14.035868,MCX,setup,no fresh breakout/continuation trigger
2026-08-10T12:17:14.035868,BEL,setup,no fresh breakout/continuation trigger
2026-08-10T12:17:14.036894,DIVISLAB,setup,no fresh breakout/continuation trigger
2026-08-10T12:17:14.036894,HCLTECH,setup,no fresh breakout/continuation trigger
2026-08-10T12:17:14.037999,LICI,setup,no fresh breakout/continuation trigger
2026-08-10T12:17:14.037999,ITC,setup,no fresh breakout/continuation trigger
2026-08-10T12:17:14.037999,GVT&D,setup,no fresh breakout/continuation trigger
2026-08-10T12:17:14.037999,TORNTPHARM,setup,no fresh breakout/continuation trigger
2026-08-10T12:18:14.523357,HDFCBANK,setup,no fresh breakout/continuation trigger
2026-08-10T12:18:14.523357,KALYANKJIL,setup,no fresh breakout/continuation trigger
2026-08-10T12:18:14.523357,ICICIBANK,setup,no fresh breakout/continuation trigger
2026-08-10T12:18:14.523357,RELIANCE,setup,no fresh breakout/continuation trigger
2026-08-10T12:18:14.523357,INFY,setup,no fresh breakout/continuation trigger
2026-08-10T12:18:14.523357,SBIN,setup,no fresh breakout/continuation trigger
2026-08-10T12:18:14.523357,BAJFINANCE,setup,no fresh breakout/continuation trigger
2026-08-10T12:18:14.523357,BHARTIARTL,setup,no fresh breakout/continuation trigger
2026-08-10T12:18:14.523357,ETERNAL,setup,no fresh breakout/continuation trigger
2026-08-10T12:18:14.523357,AXISBANK,setup,no fresh breakout/continuation trigger
2026-08-10T12:18:14.523357,BSE,setup,no fresh breakout/continuation trigger
2026-08-10T12:18:14.523357,TCS,setup,no fresh breakout/continuation trigger
2026-08-10T12:18:14.539419,M&M,setup,no fresh breakout/continuation trigger
2026-08-10T12:18:14.539419,LT,setup,no fresh breakout/continuation trigger
2026-08-10T12:18:14.539419,SWIGGY,setup,no fresh breakout/continuation trigger
2026-08-10T12:18:14.539419,DIXON,setup,no fresh breakout/continuation trigger
2026-08-10T12:18:14.539419,SHRIRAMFIN,setup,no fresh breakout/continuation trigger
2026-08-10T12:18:14.539419,TVSMOTOR,setup,no fresh breakout/continuation trigger
2026-08-10T12:18:14.539419,MARUTI,setup,no fresh breakout/continuation trigger
2026-08-10T12:18:14.539419,PAYTM,setup,no fresh breakout/continuation trigger
2026-08-10T12:18:14.539419,COFORGE,setup,no fresh breakout/continuation trigger
2026-08-10T12:18:14.539419,JIOFIN,setup,no fresh breakout/continuation trigger
2026-08-10T12:18:14.539419,BHEL,setup,no fresh breakout/continuation trigger
2026-08-10T12:18:14.539419,BAJAJ-AUTO,setup,no fresh breakout/continuation trigger
2026-08-10T12:18:14.539419,TECHM,setup,no fresh breakout/continuation trigger
2026-08-10T12:18:14.539419,ADANIPOWER,setup,no fresh breakout/continuation trigger
2026-08-10T12:18:14.539419,INDIGO,setup,no fresh breakout/continuation trigger
2026-08-10T12:18:14.539419,KOTAKBANK,setup,no fresh breakout/continuation trigger
2026-08-10T12:18:14.539419,KAYNES,setup,no fresh breakout/continuation trigger
2026-08-10T12:18:14.539419,HINDALCO,setup,no fresh breakout/continuation trigger
2026-08-10T12:18:14.539419,OFSS,setup,no fresh breakout/continuation trigger
2026-08-10T12:18:14.539419,SUNPHARMA,setup,no fresh breakout/continuation trigger
2026-08-10T12:18:14.539419,MCX,setup,no fresh breakout/continuation trigger
2026-08-10T12:18:14.539419,BEL,setup,no fresh breakout/continuation trigger
2026-08-10T12:18:14.539419,DIVISLAB,setup,no fresh breakout/continuation trigger
2026-08-10T12:18:14.539419,HCLTECH,setup,no fresh breakout/continuation trigger
2026-08-10T12:18:14.539419,LICI,setup,no fresh breakout/continuation trigger
2026-08-10T12:18:14.539419,ITC,setup,no fresh breakout/continuation trigger
2026-08-10T12:18:14.555417,GVT&D,setup,no fresh breakout/continuation trigger
2026-08-10T12:18:14.556673,TORNTPHARM,setup,no fresh breakout/continuation trigger
2026-08-10T12:19:15.006768,HDFCBANK,setup,no fresh breakout/continuation trigger
2026-08-10T12:19:15.006768,KALYANKJIL,setup,no fresh breakout/continuation trigger
2026-08-10T12:19:15.006768,ICICIBANK,setup,no fresh breakout/continuation trigger
2026-08-10T12:19:15.006768,RELIANCE,setup,no fresh breakout/continuation trigger
2026-08-10T12:19:15.006768,INFY,setup,no fresh breakout/continuation trigger
2026-08-10T12:19:15.006768,SBIN,setup,no fresh breakout/continuation trigger
2026-08-10T12:19:15.006768,BAJFINANCE,setup,no fresh breakout/continuation trigger
2026-08-10T12:19:15.006768,BHARTIARTL,setup,no fresh breakout/continuation trigger
2026-08-10T12:19:15.006768,ETERNAL,setup,no fresh breakout/continuation trigger
2026-08-10T12:19:15.006768,AXISBANK,setup,no fresh breakout/continuation trigger
2026-08-10T12:19:15.006768,BSE,setup,no fresh breakout/continuation trigger
2026-08-10T12:19:15.006768,TCS,setup,no fresh breakout/continuation trigger
2026-08-10T12:19:15.006768,M&M,setup,no fresh breakout/continuation trigger
2026-08-10T12:19:15.022455,LT,setup,no fresh breakout/continuation trigger
2026-08-10T12:19:15.022455,SWIGGY,setup,no fresh breakout/continuation trigger
2026-08-10T12:19:15.022455,DIXON,setup,no fresh breakout/continuation trigger
2026-08-10T12:19:15.022455,SHRIRAMFIN,setup,no fresh breakout/continuation trigger
2026-08-10T12:19:15.022455,TVSMOTOR,setup,no fresh breakout/continuation trigger
2026-08-10T12:19:15.022455,MARUTI,setup,no fresh breakout/continuation trigger
2026-08-10T12:19:15.022455,PAYTM,setup,no fresh breakout/continuation trigger
2026-08-10T12:19:15.022455,COFORGE,setup,no fresh breakout/continuation trigger
2026-08-10T12:19:15.022455,JIOFIN,setup,no fresh breakout/continuation trigger
2026-08-10T12:19:15.022455,BHEL,setup,no fresh breakout/continuation trigger
2026-08-10T12:19:15.022455,BAJAJ-AUTO,setup,no fresh breakout/continuation trigger
2026-08-10T12:19:15.022455,TECHM,setup,no fresh breakout/continuation trigger
2026-08-10T12:19:15.022455,ADANIPOWER,setup,no fresh breakout/continuation trigger
2026-08-10T12:19:15.022455,INDIGO,setup,no fresh breakout/continuation trigger
2026-08-10T12:19:15.022455,KOTAKBANK,setup,no fresh breakout/continuation trigger
2026-08-10T12:19:15.022455,KAYNES,setup,no fresh breakout/continuation trigger
2026-08-10T12:19:15.022455,HINDALCO,setup,no fresh breakout/continuation trigger
2026-08-10T12:19:15.022455,OFSS,setup,no fresh breakout/continuation trigger
2026-08-10T12:19:15.022455,SUNPHARMA,setup,no fresh breakout/continuation trigger
2026-08-10T12:19:15.022455,MCX,setup,no fresh breakout/continuation trigger
2026-08-10T12:19:15.022455,BEL,setup,no fresh breakout/continuation trigger
2026-08-10T12:19:15.022455,DIVISLAB,setup,no fresh breakout/continuation trigger
2026-08-10T12:19:15.022455,HCLTECH,setup,no fresh breakout/continuation trigger
2026-08-10T12:19:15.022455,LICI,setup,no fresh breakout/continuation trigger
2026-08-10T12:19:15.022455,ITC,setup,no fresh breakout/continuation trigger
2026-08-10T12:19:15.022455,GVT&D,setup,no fresh breakout/continuation trigger
2026-08-10T12:19:15.038112,TORNTPHARM,setup,no fresh breakout/continuation trigger
2026-08-10T12:20:17.501429,HDFCBANK,setup,no fresh breakout/continuation trigger
2026-08-10T12:20:17.501429,KALYANKJIL,setup,no fresh breakout/continuation trigger
2026-08-10T12:20:17.501429,ICICIBANK,setup,no fresh breakout/continuation trigger
2026-08-10T12:20:17.501429,RELIANCE,setup,no fresh breakout/continuation trigger
2026-08-10T12:20:17.501429,INFY,setup,no fresh breakout/continuation trigger
2026-08-10T12:20:17.517176,SBIN,setup,no fresh breakout/continuation trigger
2026-08-10T12:20:17.517176,BAJFINANCE,setup,no fresh breakout/continuation trigger
2026-08-10T12:20:17.517176,BHARTIARTL,setup,no fresh breakout/continuation trigger
2026-08-10T12:20:17.517176,ETERNAL,setup,no fresh breakout/continuation trigger
2026-08-10T12:20:17.517176,AXISBANK,setup,no fresh breakout/continuation trigger
2026-08-10T12:20:17.517176,BSE,setup,no fresh breakout/continuation trigger
2026-08-10T12:20:17.517176,TCS,setup,no fresh breakout/continuation trigger
2026-08-10T12:20:17.517176,M&M,setup,no fresh breakout/continuation trigger
2026-08-10T12:20:17.517176,LT,setup,no fresh breakout/continuation trigger
2026-08-10T12:20:17.517176,SWIGGY,setup,no fresh breakout/continuation trigger
2026-08-10T12:20:17.517176,DIXON,setup,no fresh breakout/continuation trigger
2026-08-10T12:20:17.517176,SHRIRAMFIN,setup,no fresh breakout/continuation trigger
2026-08-10T12:20:17.517176,TVSMOTOR,setup,no fresh breakout/continuation trigger
2026-08-10T12:20:17.517176,MARUTI,setup,no fresh breakout/continuation trigger
2026-08-10T12:20:17.517176,PAYTM,setup,no fresh breakout/continuation trigger
2026-08-10T12:20:17.517176,COFORGE,setup,no fresh breakout/continuation trigger
2026-08-10T12:20:17.517176,JIOFIN,setup,no fresh breakout/continuation trigger
2026-08-10T12:20:17.517176,BHEL,setup,no fresh breakout/continuation trigger
2026-08-10T12:20:17.517176,BAJAJ-AUTO,setup,no fresh breakout/continuation trigger
2026-08-10T12:20:17.517176,TECHM,setup,no fresh breakout/continuation trigger
2026-08-10T12:20:17.517176,ADANIPOWER,setup,no fresh breakout/continuation trigger
2026-08-10T12:20:17.517176,INDIGO,setup,no fresh breakout/continuation trigger
2026-08-10T12:20:17.517176,KOTAKBANK,setup,no fresh breakout/continuation trigger
2026-08-10T12:20:17.531664,KAYNES,setup,no fresh breakout/continuation trigger
2026-08-10T12:20:17.531664,HINDALCO,setup,no fresh breakout/continuation trigger
2026-08-10T12:20:17.531664,OFSS,setup,no fresh breakout/continuation trigger
2026-08-10T12:20:17.533174,SUNPHARMA,setup,no fresh breakout/continuation trigger
2026-08-10T12:20:17.533174,MCX,setup,no fresh breakout/continuation trigger
2026-08-10T12:20:17.533174,BEL,setup,no fresh breakout/continuation trigger
2026-08-10T12:20:17.533174,DIVISLAB,setup,no fresh breakout/continuation trigger
2026-08-10T12:20:17.533174,HCLTECH,setup,no fresh breakout/continuation trigger
2026-08-10T12:20:17.533174,LICI,setup,no fresh breakout/continuation trigger
2026-08-10T12:20:17.533174,ITC,setup,no fresh breakout/continuation trigger
2026-08-10T12:20:17.533174,GVT&D,setup,no fresh breakout/continuation trigger
2026-08-10T12:20:17.533174,TORNTPHARM,setup,no fresh breakout/continuation trigger
2026-08-10T12:21:17.988152,HDFCBANK,setup,no fresh breakout/continuation trigger
2026-08-10T12:21:17.988152,KALYANKJIL,setup,no fresh breakout/continuation trigger
2026-08-10T12:21:17.988152,ICICIBANK,setup,no fresh breakout/continuation trigger
2026-08-10T12:21:17.988152,RELIANCE,setup,no fresh breakout/continuation trigger
2026-08-10T12:21:17.988152,INFY,setup,no fresh breakout/continuation trigger
2026-08-10T12:21:17.988152,SBIN,setup,no fresh breakout/continuation trigger
2026-08-10T12:21:17.988152,BAJFINANCE,setup,no fresh breakout/continuation trigger
2026-08-10T12:21:17.988152,BHARTIARTL,setup,no fresh breakout/continuation trigger
2026-08-10T12:21:17.988152,ETERNAL,setup,no fresh breakout/continuation trigger
2026-08-10T12:21:17.988152,AXISBANK,setup,no fresh breakout/continuation trigger
2026-08-10T12:21:17.988152,BSE,setup,no fresh breakout/continuation trigger
2026-08-10T12:21:17.988152,TCS,setup,no fresh breakout/continuation trigger
2026-08-10T12:21:17.988152,M&M,setup,no fresh breakout/continuation trigger
2026-08-10T12:21:17.988152,LT,setup,no fresh breakout/continuation trigger
2026-08-10T12:21:18.004034,SWIGGY,setup,no fresh breakout/continuation trigger
2026-08-10T12:21:18.004034,DIXON,setup,no fresh breakout/continuation trigger
2026-08-10T12:21:18.004034,SHRIRAMFIN,setup,no fresh breakout/continuation trigger
2026-08-10T12:21:18.004034,TVSMOTOR,setup,no fresh breakout/continuation trigger
2026-08-10T12:21:18.004034,MARUTI,setup,no fresh breakout/continuation trigger
2026-08-10T12:21:18.004034,PAYTM,setup,no fresh breakout/continuation trigger
2026-08-10T12:21:18.004034,COFORGE,setup,no fresh breakout/continuation trigger
2026-08-10T12:21:18.004034,JIOFIN,setup,no fresh breakout/continuation trigger
2026-08-10T12:21:18.004034,BHEL,setup,no fresh breakout/continuation trigger
2026-08-10T12:21:18.004034,BAJAJ-AUTO,setup,no fresh breakout/continuation trigger
2026-08-10T12:21:18.004034,TECHM,setup,no fresh breakout/continuation trigger
2026-08-10T12:21:18.004034,ADANIPOWER,setup,no fresh breakout/continuation trigger
2026-08-10T12:21:18.004034,INDIGO,setup,no fresh breakout/continuation trigger
2026-08-10T12:21:18.004034,KOTAKBANK,setup,no fresh breakout/continuation trigger
2026-08-10T12:21:18.004034,KAYNES,setup,no fresh breakout/continuation trigger
2026-08-10T12:21:18.004034,HINDALCO,setup,no fresh breakout/continuation trigger
2026-08-10T12:21:18.004034,OFSS,setup,no fresh breakout/continuation trigger
2026-08-10T12:21:18.004034,SUNPHARMA,setup,no fresh breakout/continuation trigger
2026-08-10T12:21:18.004034,MCX,setup,no fresh breakout/continuation trigger
2026-08-10T12:21:18.004034,BEL,setup,no fresh breakout/continuation trigger
2026-08-10T12:21:18.004034,DIVISLAB,setup,no fresh breakout/continuation trigger
2026-08-10T12:21:18.004034,HCLTECH,setup,no fresh breakout/continuation trigger
2026-08-10T12:21:18.004034,LICI,setup,no fresh breakout/continuation trigger
2026-08-10T12:21:18.019956,ITC,setup,no fresh breakout/continuation trigger
2026-08-10T12:21:18.019956,GVT&D,setup,no fresh breakout/continuation trigger
2026-08-10T12:21:18.019956,TORNTPHARM,setup,no fresh breakout/continuation trigger
2026-08-10T12:22:18.459917,HDFCBANK,setup,no fresh breakout/continuation trigger
2026-08-10T12:22:18.459917,KALYANKJIL,setup,no fresh breakout/continuation trigger
2026-08-10T12:22:18.459917,ICICIBANK,setup,no fresh breakout/continuation trigger
2026-08-10T12:22:18.459917,RELIANCE,setup,no fresh breakout/continuation trigger
2026-08-10T12:22:18.459917,INFY,setup,no fresh breakout/continuation trigger
2026-08-10T12:22:18.475751,SBIN,setup,no fresh breakout/continuation trigger
2026-08-10T12:22:18.475751,BAJFINANCE,setup,no fresh breakout/continuation trigger
2026-08-10T12:22:18.475751,BHARTIARTL,setup,no fresh breakout/continuation trigger
2026-08-10T12:22:18.475751,ETERNAL,setup,no fresh breakout/continuation trigger
2026-08-10T12:22:18.475751,AXISBANK,setup,no fresh breakout/continuation trigger
2026-08-10T12:22:18.475751,BSE,setup,no fresh breakout/continuation trigger
2026-08-10T12:22:18.475751,TCS,setup,no fresh breakout/continuation trigger
2026-08-10T12:22:18.475751,M&M,setup,no fresh breakout/continuation trigger
2026-08-10T12:22:18.475751,LT,setup,no fresh breakout/continuation trigger
2026-08-10T12:22:18.475751,SWIGGY,setup,no fresh breakout/continuation trigger
2026-08-10T12:22:18.475751,DIXON,setup,no fresh breakout/continuation trigger
2026-08-10T12:22:18.475751,SHRIRAMFIN,setup,no fresh breakout/continuation trigger
2026-08-10T12:22:18.475751,TVSMOTOR,setup,no fresh breakout/continuation trigger
2026-08-10T12:22:18.475751,MARUTI,setup,no fresh breakout/continuation trigger
2026-08-10T12:22:18.475751,PAYTM,setup,no fresh breakout/continuation trigger
2026-08-10T12:22:18.475751,COFORGE,setup,no fresh breakout/continuation trigger
2026-08-10T12:22:18.475751,JIOFIN,setup,no fresh breakout/continuation trigger
2026-08-10T12:22:18.475751,BHEL,setup,no fresh breakout/continuation trigger
2026-08-10T12:22:18.475751,BAJAJ-AUTO,setup,no fresh breakout/continuation trigger
2026-08-10T12:22:18.475751,TECHM,setup,no fresh breakout/continuation trigger
2026-08-10T12:22:18.475751,ADANIPOWER,setup,no fresh breakout/continuation trigger
2026-08-10T12:22:18.475751,INDIGO,setup,no fresh breakout/continuation trigger
2026-08-10T12:22:18.475751,KOTAKBANK,setup,no fresh breakout/continuation trigger
2026-08-10T12:22:18.475751,KAYNES,setup,no fresh breakout/continuation trigger
2026-08-10T12:22:18.475751,HINDALCO,setup,no fresh breakout/continuation trigger
2026-08-10T12:22:18.475751,OFSS,setup,no fresh breakout/continuation trigger
2026-08-10T12:22:18.491552,SUNPHARMA,setup,no fresh breakout/continuation trigger
2026-08-10T12:22:18.491552,MCX,setup,no fresh breakout/continuation trigger
2026-08-10T12:22:18.491552,BEL,setup,no fresh breakout/continuation trigger
2026-08-10T12:22:18.491552,DIVISLAB,setup,no fresh breakout/continuation trigger
2026-08-10T12:22:18.491552,HCLTECH,setup,no fresh breakout/continuation trigger
2026-08-10T12:22:18.491552,LICI,setup,no fresh breakout/continuation trigger
2026-08-10T12:22:18.491552,ITC,setup,no fresh breakout/continuation trigger
2026-08-10T12:22:18.491552,GVT&D,setup,no fresh breakout/continuation trigger
2026-08-10T12:22:18.491552,TORNTPHARM,setup,no fresh breakout/continuation trigger
2026-08-10T12:23:18.954582,HDFCBANK,setup,no fresh breakout/continuation trigger
2026-08-10T12:23:18.955623,KALYANKJIL,setup,no fresh breakout/continuation trigger
2026-08-10T12:23:18.956627,ICICIBANK,setup,no fresh breakout/continuation trigger
2026-08-10T12:23:18.957643,RELIANCE,setup,no fresh breakout/continuation trigger
2026-08-10T12:23:18.957643,INFY,setup,no fresh breakout/continuation trigger
2026-08-10T12:23:18.958882,SBIN,setup,no fresh breakout/continuation trigger
2026-08-10T12:23:18.959926,BAJFINANCE,setup,no fresh breakout/continuation trigger
2026-08-10T12:23:18.959926,BHARTIARTL,setup,no fresh breakout/continuation trigger
2026-08-10T12:23:18.959926,ETERNAL,setup,no fresh breakout/continuation trigger
2026-08-10T12:23:18.959926,AXISBANK,setup,no fresh breakout/continuation trigger
2026-08-10T12:23:18.959926,BSE,setup,no fresh breakout/continuation trigger
2026-08-10T12:23:18.959926,TCS,setup,no fresh breakout/continuation trigger
2026-08-10T12:23:18.959926,M&M,setup,no fresh breakout/continuation trigger
2026-08-10T12:23:18.959926,LT,setup,no fresh breakout/continuation trigger
2026-08-10T12:23:18.959926,SWIGGY,setup,no fresh breakout/continuation trigger
2026-08-10T12:23:18.959926,DIXON,setup,no fresh breakout/continuation trigger
2026-08-10T12:23:18.959926,SHRIRAMFIN,setup,no fresh breakout/continuation trigger
2026-08-10T12:23:18.959926,TVSMOTOR,setup,no fresh breakout/continuation trigger
2026-08-10T12:23:18.959926,MARUTI,setup,no fresh breakout/continuation trigger
2026-08-10T12:23:18.959926,PAYTM,setup,no fresh breakout/continuation trigger
2026-08-10T12:23:18.959926,COFORGE,setup,no fresh breakout/continuation trigger
2026-08-10T12:23:18.959926,JIOFIN,setup,no fresh breakout/continuation trigger
2026-08-10T12:23:18.959926,BHEL,setup,no fresh breakout/continuation trigger
2026-08-10T12:23:18.959926,BAJAJ-AUTO,setup,no fresh breakout/continuation trigger
2026-08-10T12:23:18.959926,TECHM,setup,no fresh breakout/continuation trigger
2026-08-10T12:23:18.959926,ADANIPOWER,setup,no fresh breakout/continuation trigger
2026-08-10T12:23:18.959926,INDIGO,setup,no fresh breakout/continuation trigger
2026-08-10T12:23:18.959926,KOTAKBANK,setup,no fresh breakout/continuation trigger
2026-08-10T12:23:18.959926,KAYNES,setup,no fresh breakout/continuation trigger
2026-08-10T12:23:18.959926,HINDALCO,setup,no fresh breakout/continuation trigger
2026-08-10T12:23:18.959926,OFSS,setup,no fresh breakout/continuation trigger
2026-08-10T12:23:18.959926,SUNPHARMA,setup,no fresh breakout/continuation trigger
2026-08-10T12:23:18.975593,MCX,setup,no fresh breakout/continuation trigger
2026-08-10T12:23:18.975593,BEL,setup,no fresh breakout/continuation trigger
2026-08-10T12:23:18.975593,DIVISLAB,setup,no fresh breakout/continuation trigger
2026-08-10T12:23:18.975593,HCLTECH,setup,no fresh breakout/continuation trigger
2026-08-10T12:23:18.975593,LICI,setup,no fresh breakout/continuation trigger
2026-08-10T12:23:18.975593,ITC,setup,no fresh breakout/continuation trigger
2026-08-10T12:23:18.975593,GVT&D,setup,no fresh breakout/continuation trigger
2026-08-10T12:23:18.975593,TORNTPHARM,setup,no fresh breakout/continuation trigger
2026-08-10T12:24:19.428762,HDFCBANK,setup,no fresh breakout/continuation trigger
2026-08-10T12:24:19.428762,KALYANKJIL,setup,no fresh breakout/continuation trigger
2026-08-10T12:24:19.428762,ICICIBANK,setup,no fresh breakout/continuation trigger
2026-08-10T12:24:19.428762,RELIANCE,setup,no fresh breakout/continuation trigger
2026-08-10T12:24:19.436543,INFY,setup,no fresh breakout/continuation trigger
2026-08-10T12:24:19.436543,SBIN,setup,no fresh breakout/continuation trigger
2026-08-10T12:24:19.436543,BAJFINANCE,setup,no fresh breakout/continuation trigger
2026-08-10T12:24:19.436543,BHARTIARTL,setup,no fresh breakout/continuation trigger
2026-08-10T12:24:19.436543,ETERNAL,setup,no fresh breakout/continuation trigger
2026-08-10T12:24:19.436543,AXISBANK,setup,no fresh breakout/continuation trigger
2026-08-10T12:24:19.436543,BSE,setup,no fresh breakout/continuation trigger
2026-08-10T12:24:19.436543,TCS,setup,no fresh breakout/continuation trigger
2026-08-10T12:24:19.442235,M&M,setup,no fresh breakout/continuation trigger
2026-08-10T12:24:19.442235,LT,setup,no fresh breakout/continuation trigger
2026-08-10T12:24:19.442235,SWIGGY,setup,no fresh breakout/continuation trigger
2026-08-10T12:24:19.444588,DIXON,setup,no fresh breakout/continuation trigger
2026-08-10T12:24:19.444588,SHRIRAMFIN,setup,no fresh breakout/continuation trigger
2026-08-10T12:24:19.444588,TVSMOTOR,setup,no fresh breakout/continuation trigger
2026-08-10T12:24:19.444588,MARUTI,setup,no fresh breakout/continuation trigger
2026-08-10T12:24:19.444588,PAYTM,setup,no fresh breakout/continuation trigger
2026-08-10T12:24:19.444588,COFORGE,setup,no fresh breakout/continuation trigger
2026-08-10T12:24:19.444588,JIOFIN,setup,no fresh breakout/continuation trigger
2026-08-10T12:24:19.444588,BHEL,setup,no fresh breakout/continuation trigger
2026-08-10T12:24:19.444588,BAJAJ-AUTO,setup,no fresh breakout/continuation trigger
2026-08-10T12:24:19.444588,TECHM,setup,no fresh breakout/continuation trigger
2026-08-10T12:24:19.450411,ADANIPOWER,setup,no fresh breakout/continuation trigger
2026-08-10T12:24:19.450411,INDIGO,setup,no fresh breakout/continuation trigger
2026-08-10T12:24:19.450411,KOTAKBANK,setup,no fresh breakout/continuation trigger
2026-08-10T12:24:19.450411,KAYNES,setup,no fresh breakout/continuation trigger
2026-08-10T12:24:19.450411,HINDALCO,setup,no fresh breakout/continuation trigger
2026-08-10T12:24:19.450411,OFSS,setup,no fresh breakout/continuation trigger
2026-08-10T12:24:19.450411,SUNPHARMA,setup,no fresh breakout/continuation trigger
2026-08-10T12:24:19.450411,MCX,setup,no fresh breakout/continuation trigger
2026-08-10T12:24:19.450411,BEL,setup,no fresh breakout/continuation trigger
2026-08-10T12:24:19.450411,DIVISLAB,setup,no fresh breakout/continuation trigger
2026-08-10T12:24:19.450411,HCLTECH,setup,no fresh breakout/continuation trigger
2026-08-10T12:24:19.450411,LICI,setup,no fresh breakout/continuation trigger
2026-08-10T12:24:19.450411,ITC,setup,no fresh breakout/continuation trigger
2026-08-10T12:24:19.450411,GVT&D,setup,no fresh breakout/continuation trigger
2026-08-10T12:24:19.450411,TORNTPHARM,setup,no fresh breakout/continuation trigger
2026-08-10T12:26:38.350516,HDFCBANK,setup,no fresh breakout/continuation trigger
2026-08-10T12:26:38.350516,KALYANKJIL,setup,no fresh breakout/continuation trigger
2026-08-10T12:26:38.350516,ICICIBANK,setup,no fresh breakout/continuation trigger
2026-08-10T12:26:38.350516,RELIANCE,setup,no fresh breakout/continuation trigger
2026-08-10T12:26:38.350516,INFY,setup,no fresh breakout/continuation trigger
2026-08-10T12:26:38.350516,SBIN,setup,no fresh breakout/continuation trigger
2026-08-10T12:26:38.350516,BAJFINANCE,setup,no fresh breakout/continuation trigger
2026-08-10T12:26:38.350516,BHARTIARTL,setup,no fresh breakout/continuation trigger
2026-08-10T12:26:38.350516,ETERNAL,setup,no fresh breakout/continuation trigger
2026-08-10T12:26:38.350516,AXISBANK,setup,no fresh breakout/continuation trigger
2026-08-10T12:26:38.350516,BSE,setup,no fresh breakout/continuation trigger
2026-08-10T12:26:38.350516,TCS,setup,no fresh breakout/continuation trigger
2026-08-10T12:26:38.350516,M&M,setup,no fresh breakout/continuation trigger
2026-08-10T12:26:38.350516,LT,setup,no fresh breakout/continuation trigger
2026-08-10T12:26:38.366234,SWIGGY,setup,no fresh breakout/continuation trigger
2026-08-10T12:26:38.366234,DIXON,setup,no fresh breakout/continuation trigger
2026-08-10T12:26:38.366234,SHRIRAMFIN,setup,no fresh breakout/continuation trigger
2026-08-10T12:26:38.366234,TVSMOTOR,setup,no fresh breakout/continuation trigger
2026-08-10T12:26:38.366234,PAYTM,setup,no fresh breakout/continuation trigger
2026-08-10T12:26:38.366234,MARUTI,setup,no fresh breakout/continuation trigger
2026-08-10T12:26:38.366234,COFORGE,setup,no fresh breakout/continuation trigger
2026-08-10T12:26:38.366234,JIOFIN,setup,no fresh breakout/continuation trigger
2026-08-10T12:26:38.366234,BHEL,setup,RVOL 0.29 below 1.0
2026-08-10T12:26:38.366234,BAJAJ-AUTO,setup,no fresh breakout/continuation trigger
2026-08-10T12:26:38.366234,TECHM,setup,no fresh breakout/continuation trigger
2026-08-10T12:26:38.366234,ADANIPOWER,setup,no fresh breakout/continuation trigger
2026-08-10T12:26:38.366234,INDIGO,setup,no fresh breakout/continuation trigger
2026-08-10T12:26:38.366234,KOTAKBANK,setup,no fresh breakout/continuation trigger
2026-08-10T12:26:38.366234,KAYNES,setup,no fresh breakout/continuation trigger
2026-08-10T12:26:38.366234,HINDALCO,setup,no fresh breakout/continuation trigger
2026-08-10T12:26:38.366234,OFSS,setup,no fresh breakout/continuation trigger
2026-08-10T12:26:38.366234,SUNPHARMA,setup,no fresh breakout/continuation trigger
2026-08-10T12:26:38.366234,MCX,setup,no fresh breakout/continuation trigger
2026-08-10T12:26:38.366234,BEL,setup,no fresh breakout/continuation trigger
2026-08-10T12:26:38.366234,DIVISLAB,setup,no fresh breakout/continuation trigger
2026-08-10T12:26:38.366234,HCLTECH,setup,no fresh breakout/continuation trigger
2026-08-10T12:26:38.366234,LICI,setup,RVOL 0.70 below 1.0
2026-08-10T12:26:38.366234,ITC,setup,no fresh breakout/continuation trigger
2026-08-10T12:26:38.366234,GVT&D,setup,no fresh breakout/continuation trigger
2026-08-10T12:26:38.366234,TORNTPHARM,setup,no fresh breakout/continuation trigger
2026-08-10T12:27:38.832278,HDFCBANK,setup,no fresh breakout/continuation trigger
2026-08-10T12:27:38.832278,KALYANKJIL,setup,no fresh breakout/continuation trigger
2026-08-10T12:27:38.832278,ICICIBANK,setup,no fresh breakout/continuation trigger
2026-08-10T12:27:38.832278,RELIANCE,setup,no fresh breakout/continuation trigger
2026-08-10T12:27:38.848039,INFY,setup,no fresh breakout/continuation trigger
2026-08-10T12:27:38.848039,SBIN,setup,no fresh breakout/continuation trigger
2026-08-10T12:27:38.848039,BAJFINANCE,setup,no fresh breakout/continuation trigger
2026-08-10T12:27:38.850266,BHARTIARTL,setup,no fresh breakout/continuation trigger
2026-08-10T12:27:38.850266,ETERNAL,setup,no fresh breakout/continuation trigger
2026-08-10T12:27:38.851708,AXISBANK,setup,no fresh breakout/continuation trigger
2026-08-10T12:27:38.851708,BSE,setup,no fresh breakout/continuation trigger
2026-08-10T12:27:38.851708,TCS,setup,no fresh breakout/continuation trigger
2026-08-10T12:27:38.851708,M&M,setup,no fresh breakout/continuation trigger
2026-08-10T12:27:38.851708,LT,setup,no fresh breakout/continuation trigger
2026-08-10T12:27:38.851708,SWIGGY,setup,no fresh breakout/continuation trigger
2026-08-10T12:27:38.851708,DIXON,setup,no fresh breakout/continuation trigger
2026-08-10T12:27:38.851708,SHRIRAMFIN,setup,no fresh breakout/continuation trigger
2026-08-10T12:27:38.851708,TVSMOTOR,setup,no fresh breakout/continuation trigger
2026-08-10T12:27:38.851708,PAYTM,setup,no fresh breakout/continuation trigger
2026-08-10T12:27:38.851708,MARUTI,setup,no fresh breakout/continuation trigger
2026-08-10T12:27:38.851708,COFORGE,setup,no fresh breakout/continuation trigger
2026-08-10T12:27:38.851708,JIOFIN,setup,no fresh breakout/continuation trigger
2026-08-10T12:27:38.851708,BHEL,setup,RVOL 0.29 below 1.0
2026-08-10T12:27:38.851708,BAJAJ-AUTO,setup,no fresh breakout/continuation trigger
2026-08-10T12:27:38.851708,TECHM,setup,no fresh breakout/continuation trigger
2026-08-10T12:27:38.851708,ADANIPOWER,setup,no fresh breakout/continuation trigger
2026-08-10T12:27:38.851708,INDIGO,setup,no fresh breakout/continuation trigger
2026-08-10T12:27:38.851708,KOTAKBANK,setup,no fresh breakout/continuation trigger
2026-08-10T12:27:38.863814,KAYNES,setup,no fresh breakout/continuation trigger
2026-08-10T12:27:38.863814,HINDALCO,setup,no fresh breakout/continuation trigger
2026-08-10T12:27:38.863814,OFSS,setup,no fresh breakout/continuation trigger
2026-08-10T12:27:38.863814,SUNPHARMA,setup,no fresh breakout/continuation trigger
2026-08-10T12:27:38.863814,MCX,setup,no fresh breakout/continuation trigger
2026-08-10T12:27:38.863814,BEL,setup,no fresh breakout/continuation trigger
2026-08-10T12:27:38.863814,DIVISLAB,setup,no fresh breakout/continuation trigger
2026-08-10T12:27:38.863814,HCLTECH,setup,no fresh breakout/continuation trigger
2026-08-10T12:27:38.863814,LICI,setup,RVOL 0.70 below 1.0
2026-08-10T12:27:38.863814,ITC,setup,no fresh breakout/continuation trigger
2026-08-10T12:27:38.863814,GVT&D,setup,no fresh breakout/continuation trigger
2026-08-10T12:27:38.863814,TORNTPHARM,setup,no fresh breakout/continuation trigger
2026-08-10T12:28:39.319246,HDFCBANK,setup,no fresh breakout/continuation trigger
2026-08-10T12:28:39.319246,KALYANKJIL,setup,no fresh breakout/continuation trigger
2026-08-10T12:28:39.319246,ICICIBANK,setup,no fresh breakout/continuation trigger
2026-08-10T12:28:39.319246,RELIANCE,setup,no fresh breakout/continuation trigger
2026-08-10T12:28:39.335020,INFY,setup,no fresh breakout/continuation trigger
2026-08-10T12:28:39.335020,SBIN,setup,no fresh breakout/continuation trigger
2026-08-10T12:28:39.335020,BAJFINANCE,setup,no fresh breakout/continuation trigger
2026-08-10T12:28:39.335020,BHARTIARTL,setup,no fresh breakout/continuation trigger
2026-08-10T12:28:39.335020,ETERNAL,setup,no fresh breakout/continuation trigger
2026-08-10T12:28:39.335020,AXISBANK,setup,no fresh breakout/continuation trigger
2026-08-10T12:28:39.335020,BSE,setup,no fresh breakout/continuation trigger
2026-08-10T12:28:39.335020,TCS,setup,no fresh breakout/continuation trigger
2026-08-10T12:28:39.335020,M&M,setup,no fresh breakout/continuation trigger
2026-08-10T12:28:39.335020,LT,setup,no fresh breakout/continuation trigger
2026-08-10T12:28:39.335020,SWIGGY,setup,no fresh breakout/continuation trigger
2026-08-10T12:28:39.335020,DIXON,setup,no fresh breakout/continuation trigger
2026-08-10T12:28:39.335020,SHRIRAMFIN,setup,no fresh breakout/continuation trigger
2026-08-10T12:28:39.335020,TVSMOTOR,setup,no fresh breakout/continuation trigger
2026-08-10T12:28:39.335020,PAYTM,setup,no fresh breakout/continuation trigger
2026-08-10T12:28:39.335020,MARUTI,setup,no fresh breakout/continuation trigger
2026-08-10T12:28:39.335020,COFORGE,setup,no fresh breakout/continuation trigger
2026-08-10T12:28:39.335020,JIOFIN,setup,no fresh breakout/continuation trigger
2026-08-10T12:28:39.335020,BHEL,setup,RVOL 0.29 below 1.0
2026-08-10T12:28:39.335020,BAJAJ-AUTO,setup,no fresh breakout/continuation trigger
2026-08-10T12:28:39.335020,TECHM,setup,no fresh breakout/continuation trigger
2026-08-10T12:28:39.335020,ADANIPOWER,setup,no fresh breakout/continuation trigger
2026-08-10T12:28:39.335020,INDIGO,setup,no fresh breakout/continuation trigger
2026-08-10T12:28:39.335020,KOTAKBANK,setup,no fresh breakout/continuation trigger
2026-08-10T12:28:39.350836,KAYNES,setup,no fresh breakout/continuation trigger
2026-08-10T12:28:39.350836,HINDALCO,setup,no fresh breakout/continuation trigger
2026-08-10T12:28:39.350836,OFSS,setup,no fresh breakout/continuation trigger
2026-08-10T12:28:39.350836,SUNPHARMA,setup,no fresh breakout/continuation trigger
2026-08-10T12:28:39.350836,MCX,setup,no fresh breakout/continuation trigger
2026-08-10T12:28:39.350836,BEL,setup,no fresh breakout/continuation trigger
2026-08-10T12:28:39.350836,DIVISLAB,setup,no fresh breakout/continuation trigger
2026-08-10T12:28:39.350836,HCLTECH,setup,no fresh breakout/continuation trigger
2026-08-10T12:28:39.350836,LICI,setup,RVOL 0.70 below 1.0
2026-08-10T12:28:39.350836,ITC,setup,no fresh breakout/continuation trigger
2026-08-10T12:28:39.350836,GVT&D,setup,no fresh breakout/continuation trigger
2026-08-10T12:28:39.350836,TORNTPHARM,setup,no fresh breakout/continuation trigger
2026-08-10T12:29:39.820119,HDFCBANK,setup,no fresh breakout/continuation trigger
2026-08-10T12:29:39.820119,KALYANKJIL,setup,no fresh breakout/continuation trigger
2026-08-10T12:29:39.820119,ICICIBANK,setup,no fresh breakout/continuation trigger
2026-08-10T12:29:39.820119,RELIANCE,setup,no fresh breakout/continuation trigger
2026-08-10T12:29:39.820119,INFY,setup,no fresh breakout/continuation trigger
2026-08-10T12:29:39.820119,SBIN,setup,no fresh breakout/continuation trigger
2026-08-10T12:29:39.820119,BAJFINANCE,setup,no fresh breakout/continuation trigger
2026-08-10T12:29:39.820119,BHARTIARTL,setup,no fresh breakout/continuation trigger
2026-08-10T12:29:39.820119,ETERNAL,setup,no fresh breakout/continuation trigger
2026-08-10T12:29:39.820119,AXISBANK,setup,no fresh breakout/continuation trigger
2026-08-10T12:29:39.820119,BSE,setup,no fresh breakout/continuation trigger
2026-08-10T12:29:39.820119,TCS,setup,no fresh breakout/continuation trigger
2026-08-10T12:29:39.820119,M&M,setup,no fresh breakout/continuation trigger
2026-08-10T12:29:39.820119,LT,setup,no fresh breakout/continuation trigger
2026-08-10T12:29:39.820119,SWIGGY,setup,no fresh breakout/continuation trigger
2026-08-10T12:29:39.820119,DIXON,setup,no fresh breakout/continuation trigger
2026-08-10T12:29:39.820119,SHRIRAMFIN,setup,no fresh breakout/continuation trigger
2026-08-10T12:29:39.820119,TVSMOTOR,setup,no fresh breakout/continuation trigger
2026-08-10T12:29:39.820119,PAYTM,setup,no fresh breakout/continuation trigger
2026-08-10T12:29:39.820119,MARUTI,setup,no fresh breakout/continuation trigger
2026-08-10T12:29:39.820119,COFORGE,setup,no fresh breakout/continuation trigger
2026-08-10T12:29:39.835749,JIOFIN,setup,no fresh breakout/continuation trigger
2026-08-10T12:29:39.835749,BHEL,setup,RVOL 0.29 below 1.0
2026-08-10T12:29:39.835749,BAJAJ-AUTO,setup,no fresh breakout/continuation trigger
2026-08-10T12:29:39.835749,TECHM,setup,no fresh breakout/continuation trigger
2026-08-10T12:29:39.835749,ADANIPOWER,setup,no fresh breakout/continuation trigger
2026-08-10T12:29:39.835749,INDIGO,setup,no fresh breakout/continuation trigger
2026-08-10T12:29:39.835749,KOTAKBANK,setup,no fresh breakout/continuation trigger
2026-08-10T12:29:39.835749,KAYNES,setup,no fresh breakout/continuation trigger
2026-08-10T12:29:39.835749,HINDALCO,setup,no fresh breakout/continuation trigger
2026-08-10T12:29:39.835749,OFSS,setup,no fresh breakout/continuation trigger
2026-08-10T12:29:39.835749,SUNPHARMA,setup,no fresh breakout/continuation trigger
2026-08-10T12:29:39.835749,MCX,setup,no fresh breakout/continuation trigger
2026-08-10T12:29:39.835749,BEL,setup,no fresh breakout/continuation trigger
2026-08-10T12:29:39.835749,DIVISLAB,setup,no fresh breakout/continuation trigger
2026-08-10T12:29:39.835749,HCLTECH,setup,no fresh breakout/continuation trigger
2026-08-10T12:29:39.835749,LICI,setup,RVOL 0.70 below 1.0
2026-08-10T12:29:39.835749,ITC,setup,no fresh breakout/continuation trigger
2026-08-10T12:29:39.835749,GVT&D,setup,no fresh breakout/continuation trigger
2026-08-10T12:29:39.835749,TORNTPHARM,setup,no fresh breakout/continuation trigger
2026-08-10T12:30:40.300496,HDFCBANK,setup,no fresh breakout/continuation trigger
2026-08-10T12:30:40.300496,KALYANKJIL,setup,no fresh breakout/continuation trigger
2026-08-10T12:30:40.300496,ICICIBANK,setup,no fresh breakout/continuation trigger
2026-08-10T12:30:40.300496,RELIANCE,setup,no fresh breakout/continuation trigger
2026-08-10T12:30:40.300496,INFY,setup,no fresh breakout/continuation trigger
2026-08-10T12:30:40.300496,SBIN,setup,no fresh breakout/continuation trigger
2026-08-10T12:30:40.300496,BAJFINANCE,setup,no fresh breakout/continuation trigger
2026-08-10T12:30:40.316127,BHARTIARTL,setup,no fresh breakout/continuation trigger
2026-08-10T12:30:40.316127,ETERNAL,setup,no fresh breakout/continuation trigger
2026-08-10T12:30:40.316127,AXISBANK,setup,no fresh breakout/continuation trigger
2026-08-10T12:30:40.316127,BSE,setup,no fresh breakout/continuation trigger
2026-08-10T12:30:40.316127,TCS,setup,no fresh breakout/continuation trigger
2026-08-10T12:30:40.316127,M&M,setup,no fresh breakout/continuation trigger
2026-08-10T12:30:40.316127,LT,setup,no fresh breakout/continuation trigger
2026-08-10T12:30:40.316127,SWIGGY,setup,no fresh breakout/continuation trigger
2026-08-10T12:30:40.316127,DIXON,setup,no fresh breakout/continuation trigger
2026-08-10T12:30:40.316127,SHRIRAMFIN,setup,no fresh breakout/continuation trigger
2026-08-10T12:30:40.316127,TVSMOTOR,setup,no fresh breakout/continuation trigger
2026-08-10T12:30:40.316127,PAYTM,setup,no fresh breakout/continuation trigger
2026-08-10T12:30:40.316127,MARUTI,setup,no fresh breakout/continuation trigger
2026-08-10T12:30:40.316127,COFORGE,setup,no fresh breakout/continuation trigger
2026-08-10T12:30:40.316127,JIOFIN,setup,no fresh breakout/continuation trigger
2026-08-10T12:30:40.316127,BHEL,setup,RVOL 0.29 below 1.0
2026-08-10T12:30:40.316127,BAJAJ-AUTO,setup,no fresh breakout/continuation trigger
2026-08-10T12:30:40.316127,TECHM,setup,no fresh breakout/continuation trigger
2026-08-10T12:30:40.316127,ADANIPOWER,setup,no fresh breakout/continuation trigger
2026-08-10T12:30:40.316127,INDIGO,setup,no fresh breakout/continuation trigger
2026-08-10T12:30:40.316127,KOTAKBANK,setup,no fresh breakout/continuation trigger
2026-08-10T12:30:40.316127,KAYNES,setup,no fresh breakout/continuation trigger
2026-08-10T12:30:40.316127,HINDALCO,setup,no fresh breakout/continuation trigger
2026-08-10T12:30:40.316127,OFSS,setup,no fresh breakout/continuation trigger
2026-08-10T12:30:40.316127,SUNPHARMA,setup,no fresh breakout/continuation trigger
2026-08-10T12:30:40.331938,MCX,setup,no fresh breakout/continuation trigger
2026-08-10T12:30:40.332709,BEL,setup,no fresh breakout/continuation trigger
2026-08-10T12:30:40.333098,DIVISLAB,setup,no fresh breakout/continuation trigger
2026-08-10T12:30:40.334098,HCLTECH,setup,no fresh breakout/continuation trigger
2026-08-10T12:30:40.334098,LICI,setup,RVOL 0.70 below 1.0
2026-08-10T12:30:40.334098,ITC,setup,no fresh breakout/continuation trigger
2026-08-10T12:30:40.335096,GVT&D,setup,no fresh breakout/continuation trigger
2026-08-10T12:30:40.335096,TORNTPHARM,setup,no fresh breakout/continuation trigger
2026-08-10T12:31:42.804028,HDFCBANK,setup,no fresh breakout/continuation trigger
2026-08-10T12:31:42.804028,KALYANKJIL,setup,no fresh breakout/continuation trigger
2026-08-10T12:31:42.804028,ICICIBANK,setup,no fresh breakout/continuation trigger
2026-08-10T12:31:42.804028,RELIANCE,setup,no fresh breakout/continuation trigger
2026-08-10T12:31:42.804028,INFY,setup,no fresh breakout/continuation trigger
2026-08-10T12:31:42.804028,SBIN,setup,no fresh breakout/continuation trigger
2026-08-10T12:31:42.804028,BAJFINANCE,setup,no fresh breakout/continuation trigger
2026-08-10T12:31:42.819718,BHARTIARTL,setup,no fresh breakout/continuation trigger
2026-08-10T12:31:42.819718,ETERNAL,setup,RVOL 0.07 below 1.0
2026-08-10T12:31:42.821520,AXISBANK,setup,no fresh breakout/continuation trigger
2026-08-10T12:31:42.821520,BSE,setup,no fresh breakout/continuation trigger
2026-08-10T12:31:42.821520,TCS,setup,no fresh breakout/continuation trigger
2026-08-10T12:31:42.821520,M&M,setup,RVOL 0.35 below 1.0
2026-08-10T12:31:42.821520,LT,setup,no fresh breakout/continuation trigger
2026-08-10T12:31:42.821520,SWIGGY,setup,no fresh breakout/continuation trigger
2026-08-10T12:31:42.821520,DIXON,setup,no fresh breakout/continuation trigger
2026-08-10T12:31:42.821520,SHRIRAMFIN,setup,no fresh breakout/continuation trigger
2026-08-10T12:31:42.821520,TVSMOTOR,setup,no fresh breakout/continuation trigger
2026-08-10T12:31:42.821520,PAYTM,setup,no fresh breakout/continuation trigger
2026-08-10T12:31:42.821520,MARUTI,setup,no fresh breakout/continuation trigger
2026-08-10T12:31:42.821520,COFORGE,setup,no fresh breakout/continuation trigger
2026-08-10T12:31:42.821520,JIOFIN,setup,no fresh breakout/continuation trigger
2026-08-10T12:31:42.821520,BHEL,setup,no fresh breakout/continuation trigger
2026-08-10T12:31:42.821520,BAJAJ-AUTO,setup,RVOL 0.29 below 1.0
2026-08-10T12:31:42.821520,TECHM,setup,no fresh breakout/continuation trigger
2026-08-10T12:31:42.821520,ADANIPOWER,setup,no fresh breakout/continuation trigger
2026-08-10T12:31:42.831401,INDIGO,setup,no fresh breakout/continuation trigger
2026-08-10T12:31:42.831401,KOTAKBANK,setup,RVOL 0.72 below 1.0
2026-08-10T12:31:42.831401,KAYNES,setup,no fresh breakout/continuation trigger
2026-08-10T12:31:42.831401,HINDALCO,setup,no fresh breakout/continuation trigger
2026-08-10T12:31:42.831401,OFSS,setup,no fresh breakout/continuation trigger
2026-08-10T12:31:42.831401,SUNPHARMA,setup,no fresh breakout/continuation trigger
2026-08-10T12:31:42.831401,MCX,setup,no fresh breakout/continuation trigger
2026-08-10T12:31:42.835602,BEL,setup,no fresh breakout/continuation trigger
2026-08-10T12:31:42.835602,DIVISLAB,setup,no fresh breakout/continuation trigger
2026-08-10T12:31:42.835602,HCLTECH,setup,no fresh breakout/continuation trigger
2026-08-10T12:31:42.835602,LICI,setup,no fresh breakout/continuation trigger
2026-08-10T12:31:42.835602,ITC,setup,no fresh breakout/continuation trigger
2026-08-10T12:31:42.835602,GVT&D,setup,no fresh breakout/continuation trigger
2026-08-10T12:31:42.835602,TORNTPHARM,setup,no fresh breakout/continuation trigger
2026-08-10T12:32:43.285520,HDFCBANK,setup,no fresh breakout/continuation trigger
2026-08-10T12:32:43.285520,KALYANKJIL,setup,no fresh breakout/continuation trigger
2026-08-10T12:32:43.301456,ICICIBANK,setup,no fresh breakout/continuation trigger
2026-08-10T12:32:43.301456,RELIANCE,setup,no fresh breakout/continuation trigger
2026-08-10T12:32:43.301456,INFY,setup,no fresh breakout/continuation trigger
2026-08-10T12:32:43.301456,SBIN,setup,no fresh breakout/continuation trigger
2026-08-10T12:32:43.301456,BAJFINANCE,setup,no fresh breakout/continuation trigger
2026-08-10T12:32:43.301456,BHARTIARTL,setup,no fresh breakout/continuation trigger
2026-08-10T12:32:43.301456,ETERNAL,setup,RVOL 0.07 below 1.0
2026-08-10T12:32:43.301456,AXISBANK,setup,no fresh breakout/continuation trigger
2026-08-10T12:32:43.301456,BSE,setup,no fresh breakout/continuation trigger
2026-08-10T12:32:43.301456,TCS,setup,no fresh breakout/continuation trigger
2026-08-10T12:32:43.301456,M&M,setup,RVOL 0.35 below 1.0
2026-08-10T12:32:43.301456,LT,setup,no fresh breakout/continuation trigger
2026-08-10T12:32:43.301456,SWIGGY,setup,no fresh breakout/continuation trigger
2026-08-10T12:32:43.301456,DIXON,setup,no fresh breakout/continuation trigger
2026-08-10T12:32:43.301456,SHRIRAMFIN,setup,no fresh breakout/continuation trigger
2026-08-10T12:32:43.301456,TVSMOTOR,setup,no fresh breakout/continuation trigger
2026-08-10T12:32:43.301456,PAYTM,setup,no fresh breakout/continuation trigger
2026-08-10T12:32:43.301456,MARUTI,setup,no fresh breakout/continuation trigger
2026-08-10T12:32:43.301456,COFORGE,setup,no fresh breakout/continuation trigger
2026-08-10T12:32:43.301456,JIOFIN,setup,no fresh breakout/continuation trigger
2026-08-10T12:32:43.301456,BHEL,setup,no fresh breakout/continuation trigger
2026-08-10T12:32:43.301456,BAJAJ-AUTO,setup,RVOL 0.29 below 1.0
2026-08-10T12:32:43.301456,TECHM,setup,no fresh breakout/continuation trigger
2026-08-10T12:32:43.301456,ADANIPOWER,setup,no fresh breakout/continuation trigger
2026-08-10T12:32:43.301456,INDIGO,setup,no fresh breakout/continuation trigger
2026-08-10T12:32:43.301456,KOTAKBANK,setup,RVOL 0.72 below 1.0
2026-08-10T12:32:43.301456,KAYNES,setup,no fresh breakout/continuation trigger
2026-08-10T12:32:43.317257,HINDALCO,setup,no fresh breakout/continuation trigger
2026-08-10T12:32:43.317257,OFSS,setup,no fresh breakout/continuation trigger
2026-08-10T12:32:43.317257,SUNPHARMA,setup,no fresh breakout/continuation trigger
2026-08-10T12:32:43.317257,MCX,setup,no fresh breakout/continuation trigger
2026-08-10T12:32:43.317257,BEL,setup,no fresh breakout/continuation trigger
2026-08-10T12:32:43.317257,DIVISLAB,setup,no fresh breakout/continuation trigger
2026-08-10T12:32:43.317257,HCLTECH,setup,no fresh breakout/continuation trigger
2026-08-10T12:32:43.317257,LICI,setup,no fresh breakout/continuation trigger
2026-08-10T12:32:43.317257,ITC,setup,no fresh breakout/continuation trigger
2026-08-10T12:32:43.322174,GVT&D,setup,no fresh breakout/continuation trigger
2026-08-10T12:32:43.322174,TORNTPHARM,setup,no fresh breakout/continuation trigger
2026-08-10T12:33:43.757134,HDFCBANK,setup,no fresh breakout/continuation trigger
2026-08-10T12:33:43.757134,KALYANKJIL,setup,no fresh breakout/continuation trigger
2026-08-10T12:33:43.757134,ICICIBANK,setup,no fresh breakout/continuation trigger
2026-08-10T12:33:43.757134,RELIANCE,setup,no fresh breakout/continuation trigger
2026-08-10T12:33:43.772904,INFY,setup,no fresh breakout/continuation trigger
2026-08-10T12:33:43.772904,SBIN,setup,no fresh breakout/continuation trigger
2026-08-10T12:33:43.772904,BAJFINANCE,setup,no fresh breakout/continuation trigger
2026-08-10T12:33:43.772904,BHARTIARTL,setup,no fresh breakout/continuation trigger
2026-08-10T12:33:43.772904,ETERNAL,setup,RVOL 0.07 below 1.0
2026-08-10T12:33:43.772904,AXISBANK,setup,no fresh breakout/continuation trigger
2026-08-10T12:33:43.777213,BSE,setup,no fresh breakout/continuation trigger
2026-08-10T12:33:43.777213,TCS,setup,no fresh breakout/continuation trigger
2026-08-10T12:33:43.777213,M&M,setup,RVOL 0.35 below 1.0
2026-08-10T12:33:43.777213,LT,setup,no fresh breakout/continuation trigger
2026-08-10T12:33:43.777213,SWIGGY,setup,no fresh breakout/continuation trigger
2026-08-10T12:33:43.777213,DIXON,setup,no fresh breakout/continuation trigger
2026-08-10T12:33:43.777213,SHRIRAMFIN,setup,no fresh breakout/continuation trigger
2026-08-10T12:33:43.777213,TVSMOTOR,setup,no fresh breakout/continuation trigger
2026-08-10T12:33:43.777213,PAYTM,setup,no fresh breakout/continuation trigger
2026-08-10T12:33:43.777213,MARUTI,setup,no fresh breakout/continuation trigger
2026-08-10T12:33:43.777213,COFORGE,setup,no fresh breakout/continuation trigger
2026-08-10T12:33:43.777213,JIOFIN,setup,no fresh breakout/continuation trigger
2026-08-10T12:33:43.777213,BHEL,setup,no fresh breakout/continuation trigger
2026-08-10T12:33:43.777213,BAJAJ-AUTO,setup,RVOL 0.29 below 1.0
2026-08-10T12:33:43.777213,TECHM,setup,no fresh breakout/continuation trigger
2026-08-10T12:33:43.777213,ADANIPOWER,setup,no fresh breakout/continuation trigger
2026-08-10T12:33:43.777213,INDIGO,setup,no fresh breakout/continuation trigger
2026-08-10T12:33:43.777213,KOTAKBANK,setup,RVOL 0.72 below 1.0
2026-08-10T12:33:43.777213,KAYNES,setup,no fresh breakout/continuation trigger
2026-08-10T12:33:43.789014,HINDALCO,setup,no fresh breakout/continuation trigger
2026-08-10T12:33:43.789014,OFSS,setup,no fresh breakout/continuation trigger
2026-08-10T12:33:43.789014,SUNPHARMA,setup,no fresh breakout/continuation trigger
2026-08-10T12:33:43.789014,MCX,setup,no fresh breakout/continuation trigger
2026-08-10T12:33:43.789014,BEL,setup,no fresh breakout/continuation trigger
2026-08-10T12:33:43.789014,DIVISLAB,setup,no fresh breakout/continuation trigger
2026-08-10T12:33:43.789014,HCLTECH,setup,no fresh breakout/continuation trigger
2026-08-10T12:33:43.789014,LICI,setup,no fresh breakout/continuation trigger
2026-08-10T12:33:43.789014,ITC,setup,no fresh breakout/continuation trigger
2026-08-10T12:33:43.789014,GVT&D,setup,no fresh breakout/continuation trigger
2026-08-10T12:33:43.789014,TORNTPHARM,setup,no fresh breakout/continuation trigger
2026-08-10T12:34:44.241231,HDFCBANK,setup,no fresh breakout/continuation trigger
2026-08-10T12:34:44.241231,KALYANKJIL,setup,no fresh breakout/continuation trigger
2026-08-10T12:34:44.241231,ICICIBANK,setup,no fresh breakout/continuation trigger
2026-08-10T12:34:44.241231,RELIANCE,setup,no fresh breakout/continuation trigger
2026-08-10T12:34:44.241231,INFY,setup,no fresh breakout/continuation trigger
2026-08-10T12:34:44.241231,SBIN,setup,no fresh breakout/continuation trigger
2026-08-10T12:34:44.241231,BAJFINANCE,setup,no fresh breakout/continuation trigger
2026-08-10T12:34:44.241231,BHARTIARTL,setup,no fresh breakout/continuation trigger
2026-08-10T12:34:44.256909,ETERNAL,setup,RVOL 0.07 below 1.0
2026-08-10T12:34:44.256909,AXISBANK,setup,no fresh breakout/continuation trigger
2026-08-10T12:34:44.256909,BSE,setup,no fresh breakout/continuation trigger
2026-08-10T12:34:44.256909,TCS,setup,no fresh breakout/continuation trigger
2026-08-10T12:34:44.256909,M&M,setup,RVOL 0.35 below 1.0
2026-08-10T12:34:44.256909,LT,setup,no fresh breakout/continuation trigger
2026-08-10T12:34:44.256909,SWIGGY,setup,no fresh breakout/continuation trigger
2026-08-10T12:34:44.256909,DIXON,setup,no fresh breakout/continuation trigger
2026-08-10T12:34:44.256909,SHRIRAMFIN,setup,no fresh breakout/continuation trigger
2026-08-10T12:34:44.256909,TVSMOTOR,setup,no fresh breakout/continuation trigger
2026-08-10T12:34:44.256909,PAYTM,setup,no fresh breakout/continuation trigger
2026-08-10T12:34:44.256909,MARUTI,setup,no fresh breakout/continuation trigger
2026-08-10T12:34:44.256909,COFORGE,setup,no fresh breakout/continuation trigger
2026-08-10T12:34:44.256909,JIOFIN,setup,no fresh breakout/continuation trigger
2026-08-10T12:34:44.256909,BHEL,setup,no fresh breakout/continuation trigger
2026-08-10T12:34:44.256909,BAJAJ-AUTO,setup,RVOL 0.29 below 1.0
2026-08-10T12:34:44.256909,TECHM,setup,no fresh breakout/continuation trigger
2026-08-10T12:34:44.256909,ADANIPOWER,setup,no fresh breakout/continuation trigger
2026-08-10T12:34:44.256909,INDIGO,setup,no fresh breakout/continuation trigger
2026-08-10T12:34:44.256909,KOTAKBANK,setup,RVOL 0.72 below 1.0
2026-08-10T12:34:44.256909,KAYNES,setup,no fresh breakout/continuation trigger
2026-08-10T12:34:44.256909,HINDALCO,setup,no fresh breakout/continuation trigger
2026-08-10T12:34:44.256909,OFSS,setup,no fresh breakout/continuation trigger
2026-08-10T12:34:44.256909,SUNPHARMA,setup,no fresh breakout/continuation trigger
2026-08-10T12:34:44.256909,MCX,setup,no fresh breakout/continuation trigger
2026-08-10T12:34:44.256909,BEL,setup,no fresh breakout/continuation trigger
2026-08-10T12:34:44.272854,DIVISLAB,setup,no fresh breakout/continuation trigger
2026-08-10T12:34:44.272854,HCLTECH,setup,no fresh breakout/continuation trigger
2026-08-10T12:34:44.272854,LICI,setup,no fresh breakout/continuation trigger
2026-08-10T12:34:44.272854,ITC,setup,no fresh breakout/continuation trigger
2026-08-10T12:34:44.272854,GVT&D,setup,no fresh breakout/continuation trigger
2026-08-10T12:34:44.272854,TORNTPHARM,setup,no fresh breakout/continuation trigger
2026-08-10T12:35:44.725662,HDFCBANK,setup,no fresh breakout/continuation trigger
2026-08-10T12:35:44.725662,KALYANKJIL,setup,no fresh breakout/continuation trigger
2026-08-10T12:35:44.725662,ICICIBANK,setup,no fresh breakout/continuation trigger
2026-08-10T12:35:44.725662,RELIANCE,setup,no fresh breakout/continuation trigger
2026-08-10T12:35:44.725662,INFY,setup,no fresh breakout/continuation trigger
2026-08-10T12:35:44.725662,SBIN,setup,no fresh breakout/continuation trigger
2026-08-10T12:35:44.725662,BAJFINANCE,setup,no fresh breakout/continuation trigger
2026-08-10T12:35:44.741443,BHARTIARTL,setup,no fresh breakout/continuation trigger
2026-08-10T12:35:44.741443,ETERNAL,setup,RVOL 0.07 below 1.0
2026-08-10T12:35:44.741443,AXISBANK,setup,no fresh breakout/continuation trigger
2026-08-10T12:35:44.741443,BSE,setup,no fresh breakout/continuation trigger
2026-08-10T12:35:44.741443,TCS,setup,no fresh breakout/continuation trigger
2026-08-10T12:35:44.741443,M&M,setup,RVOL 0.35 below 1.0
2026-08-10T12:35:44.745497,LT,setup,no fresh breakout/continuation trigger
2026-08-10T12:35:44.745497,SWIGGY,setup,no fresh breakout/continuation trigger
2026-08-10T12:35:44.745497,DIXON,setup,no fresh breakout/continuation trigger
2026-08-10T12:35:44.745497,SHRIRAMFIN,setup,no fresh breakout/continuation trigger
2026-08-10T12:35:44.745497,TVSMOTOR,setup,no fresh breakout/continuation trigger
2026-08-10T12:35:44.745497,PAYTM,setup,no fresh breakout/continuation trigger
2026-08-10T12:35:44.745497,MARUTI,setup,no fresh breakout/continuation trigger
2026-08-10T12:35:44.745497,COFORGE,setup,no fresh breakout/continuation trigger
2026-08-10T12:35:44.745497,JIOFIN,setup,no fresh breakout/continuation trigger
2026-08-10T12:35:44.745497,BHEL,setup,no fresh breakout/continuation trigger
2026-08-10T12:35:44.745497,BAJAJ-AUTO,setup,RVOL 0.29 below 1.0
2026-08-10T12:35:44.745497,TECHM,setup,no fresh breakout/continuation trigger
2026-08-10T12:35:44.745497,ADANIPOWER,setup,no fresh breakout/continuation trigger
2026-08-10T12:35:44.745497,INDIGO,setup,no fresh breakout/continuation trigger
2026-08-10T12:35:44.745497,KOTAKBANK,setup,RVOL 0.72 below 1.0
2026-08-10T12:35:44.745497,KAYNES,setup,no fresh breakout/continuation trigger
2026-08-10T12:35:44.745497,HINDALCO,setup,no fresh breakout/continuation trigger
2026-08-10T12:35:44.745497,OFSS,setup,no fresh breakout/continuation trigger
2026-08-10T12:35:44.745497,SUNPHARMA,setup,no fresh breakout/continuation trigger
2026-08-10T12:35:44.757084,MCX,setup,no fresh breakout/continuation trigger
2026-08-10T12:35:44.757084,BEL,setup,no fresh breakout/continuation trigger
2026-08-10T12:35:44.758294,DIVISLAB,setup,no fresh breakout/continuation trigger
2026-08-10T12:35:44.758294,HCLTECH,setup,no fresh breakout/continuation trigger
2026-08-10T12:35:44.759776,LICI,setup,no fresh breakout/continuation trigger
2026-08-10T12:35:44.759776,ITC,setup,no fresh breakout/continuation trigger
2026-08-10T12:35:44.760797,GVT&D,setup,no fresh breakout/continuation trigger
2026-08-10T12:35:44.760797,TORNTPHARM,setup,no fresh breakout/continuation trigger
2026-08-10T12:36:47.243490,HDFCBANK,setup,no fresh breakout/continuation trigger
2026-08-10T12:36:47.244497,KALYANKJIL,setup,entry extended 0.69 ATR
2026-08-10T12:36:47.245523,ICICIBANK,setup,no fresh breakout/continuation trigger
2026-08-10T12:36:47.245523,RELIANCE,setup,no fresh breakout/continuation trigger
2026-08-10T12:36:47.246568,INFY,setup,no fresh breakout/continuation trigger
2026-08-10T12:36:47.246568,SBIN,setup,no fresh breakout/continuation trigger
2026-08-10T12:36:47.247590,BAJFINANCE,setup,no fresh breakout/continuation trigger
2026-08-10T12:36:47.247590,BHARTIARTL,setup,no fresh breakout/continuation trigger
2026-08-10T12:36:47.248595,ETERNAL,setup,no fresh breakout/continuation trigger
2026-08-10T12:36:47.249770,AXISBANK,setup,no fresh breakout/continuation trigger
2026-08-10T12:36:47.249770,TCS,setup,no fresh breakout/continuation trigger
2026-08-10T12:36:47.250779,M&M,setup,no fresh breakout/continuation trigger
2026-08-10T12:36:47.250779,LT,setup,no fresh breakout/continuation trigger
2026-08-10T12:36:47.251784,SWIGGY,setup,no fresh breakout/continuation trigger
2026-08-10T12:36:47.251784,DIXON,setup,no fresh breakout/continuation trigger
2026-08-10T12:36:47.252789,SHRIRAMFIN,setup,no fresh breakout/continuation trigger
2026-08-10T12:36:47.253794,TVSMOTOR,setup,no fresh breakout/continuation trigger
2026-08-10T12:36:47.253794,PAYTM,setup,no fresh breakout/continuation trigger
2026-08-10T12:36:47.254798,MARUTI,setup,no fresh breakout/continuation trigger
2026-08-10T12:36:47.254798,COFORGE,setup,no fresh breakout/continuation trigger
2026-08-10T12:36:47.255920,JIOFIN,setup,no fresh breakout/continuation trigger
2026-08-10T12:36:47.257027,BHEL,setup,no fresh breakout/continuation trigger
2026-08-10T12:36:47.257027,BAJAJ-AUTO,setup,no fresh breakout/continuation trigger
2026-08-10T12:36:47.257027,TECHM,setup,no fresh breakout/continuation trigger
2026-08-10T12:36:47.258113,ADANIPOWER,setup,no fresh breakout/continuation trigger
2026-08-10T12:36:47.258113,INDIGO,setup,no fresh breakout/continuation trigger
2026-08-10T12:36:47.259120,KOTAKBANK,setup,no fresh breakout/continuation trigger
2026-08-10T12:36:47.259120,KAYNES,setup,no fresh breakout/continuation trigger
2026-08-10T12:36:47.260126,HINDALCO,setup,no fresh breakout/continuation trigger
2026-08-10T12:36:47.260126,OFSS,setup,no fresh breakout/continuation trigger
2026-08-10T12:36:47.261133,SUNPHARMA,setup,no fresh breakout/continuation trigger
2026-08-10T12:36:47.261133,MCX,setup,RVOL 0.53 below 1.0
2026-08-10T12:36:47.262158,BEL,setup,no fresh breakout/continuation trigger
2026-08-10T12:36:47.262158,DIVISLAB,setup,no fresh breakout/continuation trigger
2026-08-10T12:36:47.262158,HCLTECH,setup,no fresh breakout/continuation trigger
2026-08-10T12:36:47.263165,LICI,setup,no fresh breakout/continuation trigger
2026-08-10T12:36:47.263165,ITC,setup,no fresh breakout/continuation trigger
2026-08-10T12:36:47.264171,GVT&D,setup,no fresh breakout/continuation trigger
2026-08-10T12:36:47.264171,TORNTPHARM,setup,no fresh breakout/continuation trigger
2026-08-10T12:36:47.265178,BSE,option,no eligible option contracts
2026-08-10T12:37:47.740533,HDFCBANK,setup,no fresh breakout/continuation trigger
2026-08-10T12:37:47.740533,KALYANKJIL,setup,entry extended 0.69 ATR
2026-08-10T12:37:47.740533,ICICIBANK,setup,no fresh breakout/continuation trigger
2026-08-10T12:37:47.740533,RELIANCE,setup,no fresh breakout/continuation trigger
2026-08-10T12:37:47.740533,INFY,setup,no fresh breakout/continuation trigger
2026-08-10T12:37:47.740533,SBIN,setup,no fresh breakout/continuation trigger
2026-08-10T12:37:47.740533,BAJFINANCE,setup,no fresh breakout/continuation trigger
2026-08-10T12:37:47.740533,BHARTIARTL,setup,no fresh breakout/continuation trigger
2026-08-10T12:37:47.740533,ETERNAL,setup,no fresh breakout/continuation trigger
2026-08-10T12:37:47.740533,AXISBANK,setup,no fresh breakout/continuation trigger
2026-08-10T12:37:47.740533,TCS,setup,no fresh breakout/continuation trigger
2026-08-10T12:37:47.740533,M&M,setup,no fresh breakout/continuation trigger
2026-08-10T12:37:47.740533,LT,setup,no fresh breakout/continuation trigger
2026-08-10T12:37:47.740533,SWIGGY,setup,no fresh breakout/continuation trigger
2026-08-10T12:37:47.740533,DIXON,setup,no fresh breakout/continuation trigger
2026-08-10T12:37:47.740533,SHRIRAMFIN,setup,no fresh breakout/continuation trigger
2026-08-10T12:37:47.740533,TVSMOTOR,setup,no fresh breakout/continuation trigger
2026-08-10T12:37:47.740533,PAYTM,setup,no fresh breakout/continuation trigger
2026-08-10T12:37:47.740533,MARUTI,setup,no fresh breakout/continuation trigger
2026-08-10T12:37:47.740533,COFORGE,setup,no fresh breakout/continuation trigger
2026-08-10T12:37:47.740533,JIOFIN,setup,no fresh breakout/continuation trigger
2026-08-10T12:37:47.740533,BHEL,setup,no fresh breakout/continuation trigger
2026-08-10T12:37:47.756445,BAJAJ-AUTO,setup,no fresh breakout/continuation trigger
2026-08-10T12:37:47.756445,TECHM,setup,no fresh breakout/continuation trigger
2026-08-10T12:37:47.756445,ADANIPOWER,setup,no fresh breakout/continuation trigger
2026-08-10T12:37:47.756445,INDIGO,setup,no fresh breakout/continuation trigger
2026-08-10T12:37:47.756445,KOTAKBANK,setup,no fresh breakout/continuation trigger
2026-08-10T12:37:47.756445,KAYNES,setup,no fresh breakout/continuation trigger
2026-08-10T12:37:47.756445,HINDALCO,setup,no fresh breakout/continuation trigger
2026-08-10T12:37:47.756445,OFSS,setup,no fresh breakout/continuation trigger
2026-08-10T12:37:47.756445,SUNPHARMA,setup,no fresh breakout/continuation trigger
2026-08-10T12:37:47.756445,MCX,setup,RVOL 0.53 below 1.0
2026-08-10T12:37:47.756445,BEL,setup,no fresh breakout/continuation trigger
2026-08-10T12:37:47.756445,DIVISLAB,setup,no fresh breakout/continuation trigger
2026-08-10T12:37:47.756445,HCLTECH,setup,no fresh breakout/continuation trigger
2026-08-10T12:37:47.756445,LICI,setup,no fresh breakout/continuation trigger
2026-08-10T12:37:47.756445,ITC,setup,no fresh breakout/continuation trigger
2026-08-10T12:37:47.756445,GVT&D,setup,no fresh breakout/continuation trigger
2026-08-10T12:37:47.756445,TORNTPHARM,setup,no fresh breakout/continuation trigger
2026-08-10T12:37:47.756445,BSE,option,no eligible option contracts
2026-08-10T12:38:48.225265,HDFCBANK,setup,no fresh breakout/continuation trigger
2026-08-10T12:38:48.225265,KALYANKJIL,setup,entry extended 0.69 ATR
2026-08-10T12:38:48.225265,ICICIBANK,setup,no fresh breakout/continuation trigger
2026-08-10T12:38:48.225265,RELIANCE,setup,no fresh breakout/continuation trigger
2026-08-10T12:38:48.225265,INFY,setup,no fresh breakout/continuation trigger
2026-08-10T12:38:48.225265,SBIN,setup,no fresh breakout/continuation trigger
2026-08-10T12:38:48.225265,BAJFINANCE,setup,no fresh breakout/continuation trigger
2026-08-10T12:38:48.225265,BHARTIARTL,setup,no fresh breakout/continuation trigger
2026-08-10T12:38:48.225265,ETERNAL,setup,no fresh breakout/continuation trigger
2026-08-10T12:38:48.225265,AXISBANK,setup,no fresh breakout/continuation trigger
2026-08-10T12:38:48.225265,TCS,setup,no fresh breakout/continuation trigger
2026-08-10T12:38:48.225265,M&M,setup,no fresh breakout/continuation trigger
2026-08-10T12:38:48.225265,LT,setup,no fresh breakout/continuation trigger
2026-08-10T12:38:48.225265,SWIGGY,setup,no fresh breakout/continuation trigger
2026-08-10T12:38:48.225265,DIXON,setup,no fresh breakout/continuation trigger
2026-08-10T12:38:48.225265,SHRIRAMFIN,setup,no fresh breakout/continuation trigger
2026-08-10T12:38:48.225265,TVSMOTOR,setup,no fresh breakout/continuation trigger
2026-08-10T12:38:48.225265,PAYTM,setup,no fresh breakout/continuation trigger
2026-08-10T12:38:48.225265,MARUTI,setup,no fresh breakout/continuation trigger
2026-08-10T12:38:48.225265,COFORGE,setup,no fresh breakout/continuation trigger
2026-08-10T12:38:48.225265,JIOFIN,setup,no fresh breakout/continuation trigger
2026-08-10T12:38:48.225265,BHEL,setup,no fresh breakout/continuation trigger
2026-08-10T12:38:48.225265,BAJAJ-AUTO,setup,no fresh breakout/continuation trigger
2026-08-10T12:38:48.241156,TECHM,setup,no fresh breakout/continuation trigger
2026-08-10T12:38:48.241156,ADANIPOWER,setup,no fresh breakout/continuation trigger
2026-08-10T12:38:48.241156,INDIGO,setup,no fresh breakout/continuation trigger
2026-08-10T12:38:48.241156,KOTAKBANK,setup,no fresh breakout/continuation trigger
2026-08-10T12:38:48.241156,KAYNES,setup,no fresh breakout/continuation trigger
2026-08-10T12:38:48.241156,HINDALCO,setup,no fresh breakout/continuation trigger
2026-08-10T12:38:48.241156,OFSS,setup,no fresh breakout/continuation trigger
2026-08-10T12:38:48.241156,SUNPHARMA,setup,no fresh breakout/continuation trigger
2026-08-10T12:38:48.241156,MCX,setup,RVOL 0.53 below 1.0
2026-08-10T12:38:48.241156,BEL,setup,no fresh breakout/continuation trigger
2026-08-10T12:38:48.241156,DIVISLAB,setup,no fresh breakout/continuation trigger
2026-08-10T12:38:48.241156,HCLTECH,setup,no fresh breakout/continuation trigger
2026-08-10T12:38:48.241156,LICI,setup,no fresh breakout/continuation trigger
2026-08-10T12:38:48.241156,ITC,setup,no fresh breakout/continuation trigger
2026-08-10T12:38:48.241156,GVT&D,setup,no fresh breakout/continuation trigger
2026-08-10T12:38:48.241156,TORNTPHARM,setup,no fresh breakout/continuation trigger
2026-08-10T12:38:48.241156,BSE,option,no eligible option contracts
2026-08-10T12:39:48.710074,HDFCBANK,setup,no fresh breakout/continuation trigger
2026-08-10T12:39:48.710074,KALYANKJIL,setup,entry extended 0.69 ATR
2026-08-10T12:39:48.710074,ICICIBANK,setup,no fresh breakout/continuation trigger
2026-08-10T12:39:48.710074,RELIANCE,setup,no fresh breakout/continuation trigger
2026-08-10T12:39:48.710074,INFY,setup,no fresh breakout/continuation trigger
2026-08-10T12:39:48.710074,SBIN,setup,no fresh breakout/continuation trigger
2026-08-10T12:39:48.710074,BAJFINANCE,setup,no fresh breakout/continuation trigger
2026-08-10T12:39:48.710074,BHARTIARTL,setup,no fresh breakout/continuation trigger
2026-08-10T12:39:48.710074,ETERNAL,setup,no fresh breakout/continuation trigger
2026-08-10T12:39:48.710074,AXISBANK,setup,no fresh breakout/continuation trigger
2026-08-10T12:39:48.710074,TCS,setup,no fresh breakout/continuation trigger
2026-08-10T12:39:48.710074,M&M,setup,no fresh breakout/continuation trigger
2026-08-10T12:39:48.725814,LT,setup,no fresh breakout/continuation trigger
2026-08-10T12:39:48.725814,SWIGGY,setup,no fresh breakout/continuation trigger
2026-08-10T12:39:48.725814,DIXON,setup,no fresh breakout/continuation trigger
2026-08-10T12:39:48.725814,SHRIRAMFIN,setup,no fresh breakout/continuation trigger
2026-08-10T12:39:48.725814,TVSMOTOR,setup,no fresh breakout/continuation trigger
2026-08-10T12:39:48.725814,PAYTM,setup,no fresh breakout/continuation trigger
2026-08-10T12:39:48.725814,MARUTI,setup,no fresh breakout/continuation trigger
2026-08-10T12:39:48.725814,COFORGE,setup,no fresh breakout/continuation trigger
2026-08-10T12:39:48.725814,JIOFIN,setup,no fresh breakout/continuation trigger
2026-08-10T12:39:48.725814,BHEL,setup,no fresh breakout/continuation trigger
2026-08-10T12:39:48.725814,BAJAJ-AUTO,setup,no fresh breakout/continuation trigger
2026-08-10T12:39:48.725814,TECHM,setup,no fresh breakout/continuation trigger
2026-08-10T12:39:48.725814,ADANIPOWER,setup,no fresh breakout/continuation trigger
2026-08-10T12:39:48.725814,INDIGO,setup,no fresh breakout/continuation trigger
2026-08-10T12:39:48.725814,KOTAKBANK,setup,no fresh breakout/continuation trigger
2026-08-10T12:39:48.725814,KAYNES,setup,no fresh breakout/continuation trigger
2026-08-10T12:39:48.725814,HINDALCO,setup,no fresh breakout/continuation trigger
2026-08-10T12:39:48.725814,OFSS,setup,no fresh breakout/continuation trigger
2026-08-10T12:39:48.725814,SUNPHARMA,setup,no fresh breakout/continuation trigger
2026-08-10T12:39:48.725814,MCX,setup,RVOL 0.53 below 1.0
2026-08-10T12:39:48.725814,BEL,setup,no fresh breakout/continuation trigger
2026-08-10T12:39:48.725814,DIVISLAB,setup,no fresh breakout/continuation trigger
2026-08-10T12:39:48.725814,HCLTECH,setup,no fresh breakout/continuation trigger
2026-08-10T12:39:48.725814,LICI,setup,no fresh breakout/continuation trigger
2026-08-10T12:39:48.725814,ITC,setup,no fresh breakout/continuation trigger
2026-08-10T12:39:48.725814,GVT&D,setup,no fresh breakout/continuation trigger
2026-08-10T12:39:48.741459,TORNTPHARM,setup,no fresh breakout/continuation trigger
2026-08-10T12:39:48.741459,BSE,option,no eligible option contracts
2026-08-10T12:40:49.195065,HDFCBANK,setup,no fresh breakout/continuation trigger
2026-08-10T12:40:49.195065,KALYANKJIL,setup,entry extended 0.69 ATR
2026-08-10T12:40:49.210742,ICICIBANK,setup,no fresh breakout/continuation trigger
2026-08-10T12:40:49.210742,RELIANCE,setup,no fresh breakout/continuation trigger
2026-08-10T12:40:49.210742,INFY,setup,no fresh breakout/continuation trigger
2026-08-10T12:40:49.210742,SBIN,setup,no fresh breakout/continuation trigger
2026-08-10T12:40:49.210742,BAJFINANCE,setup,no fresh breakout/continuation trigger
2026-08-10T12:40:49.210742,BHARTIARTL,setup,no fresh breakout/continuation trigger
2026-08-10T12:40:49.210742,ETERNAL,setup,no fresh breakout/continuation trigger
2026-08-10T12:40:49.210742,AXISBANK,setup,no fresh breakout/continuation trigger
2026-08-10T12:40:49.210742,TCS,setup,no fresh breakout/continuation trigger
2026-08-10T12:40:49.210742,M&M,setup,no fresh breakout/continuation trigger
2026-08-10T12:40:49.210742,LT,setup,no fresh breakout/continuation trigger
2026-08-10T12:40:49.210742,SWIGGY,setup,no fresh breakout/continuation trigger
2026-08-10T12:40:49.210742,DIXON,setup,no fresh breakout/continuation trigger
2026-08-10T12:40:49.210742,SHRIRAMFIN,setup,no fresh breakout/continuation trigger
2026-08-10T12:40:49.210742,TVSMOTOR,setup,no fresh breakout/continuation trigger
2026-08-10T12:40:49.210742,PAYTM,setup,no fresh breakout/continuation trigger
2026-08-10T12:40:49.210742,MARUTI,setup,no fresh breakout/continuation trigger
2026-08-10T12:40:49.210742,COFORGE,setup,no fresh breakout/continuation trigger
2026-08-10T12:40:49.210742,JIOFIN,setup,no fresh breakout/continuation trigger
2026-08-10T12:40:49.210742,BHEL,setup,no fresh breakout/continuation trigger
2026-08-10T12:40:49.210742,BAJAJ-AUTO,setup,no fresh breakout/continuation trigger
2026-08-10T12:40:49.210742,TECHM,setup,no fresh breakout/continuation trigger
2026-08-10T12:40:49.210742,ADANIPOWER,setup,no fresh breakout/continuation trigger
2026-08-10T12:40:49.210742,INDIGO,setup,no fresh breakout/continuation trigger
2026-08-10T12:40:49.210742,KOTAKBANK,setup,no fresh breakout/continuation trigger
2026-08-10T12:40:49.226803,KAYNES,setup,no fresh breakout/continuation trigger
2026-08-10T12:40:49.228032,HINDALCO,setup,no fresh breakout/continuation trigger
2026-08-10T12:40:49.229064,OFSS,setup,no fresh breakout/continuation trigger
2026-08-10T12:40:49.229064,SUNPHARMA,setup,no fresh breakout/continuation trigger
2026-08-10T12:40:49.230114,MCX,setup,RVOL 0.53 below 1.0
2026-08-10T12:40:49.230114,BEL,setup,no fresh breakout/continuation trigger
2026-08-10T12:40:49.231117,DIVISLAB,setup,no fresh breakout/continuation trigger
2026-08-10T12:40:49.231117,HCLTECH,setup,no fresh breakout/continuation trigger
2026-08-10T12:40:49.232410,LICI,setup,no fresh breakout/continuation trigger
2026-08-10T12:40:49.232410,ITC,setup,no fresh breakout/continuation trigger
2026-08-10T12:40:49.233750,GVT&D,setup,no fresh breakout/continuation trigger
2026-08-10T12:40:49.233750,TORNTPHARM,setup,no fresh breakout/continuation trigger
2026-08-10T12:40:49.235129,BSE,option,no eligible option contracts
2026-08-10T12:43:08.538136,HDFCBANK,setup,no fresh breakout/continuation trigger
2026-08-10T12:43:08.538136,KALYANKJIL,setup,no fresh breakout/continuation trigger
2026-08-10T12:43:08.538136,ICICIBANK,setup,no fresh breakout/continuation trigger
2026-08-10T12:43:08.538136,RELIANCE,setup,no fresh breakout/continuation trigger
2026-08-10T12:43:08.538136,INFY,setup,no fresh breakout/continuation trigger
2026-08-10T12:43:08.538136,SBIN,setup,no fresh breakout/continuation trigger
2026-08-10T12:43:08.538136,BAJFINANCE,setup,no fresh breakout/continuation trigger
2026-08-10T12:43:08.538136,BHARTIARTL,setup,no fresh breakout/continuation trigger
2026-08-10T12:43:08.538136,ETERNAL,setup,no fresh breakout/continuation trigger
2026-08-10T12:43:08.538136,AXISBANK,setup,no fresh breakout/continuation trigger
2026-08-10T12:43:08.538136,TCS,setup,no fresh breakout/continuation trigger
2026-08-10T12:43:08.538136,M&M,setup,no fresh breakout/continuation trigger
2026-08-10T12:43:08.538136,LT,setup,no fresh breakout/continuation trigger
2026-08-10T12:43:08.538136,SWIGGY,setup,RVOL 0.69 below 1.0
2026-08-10T12:43:08.538136,DIXON,setup,no fresh breakout/continuation trigger
2026-08-10T12:43:08.538136,SHRIRAMFIN,setup,no fresh breakout/continuation trigger
2026-08-10T12:43:08.538136,TVSMOTOR,setup,no fresh breakout/continuation trigger
2026-08-10T12:43:08.538136,PAYTM,setup,no fresh breakout/continuation trigger
2026-08-10T12:43:08.538136,MARUTI,setup,no fresh breakout/continuation trigger
2026-08-10T12:43:08.538136,COFORGE,setup,no fresh breakout/continuation trigger
2026-08-10T12:43:08.538136,JIOFIN,setup,no fresh breakout/continuation trigger
2026-08-10T12:43:08.554289,BHEL,setup,no fresh breakout/continuation trigger
2026-08-10T12:43:08.554289,BAJAJ-AUTO,setup,no fresh breakout/continuation trigger
2026-08-10T12:43:08.554289,TECHM,setup,no fresh breakout/continuation trigger
2026-08-10T12:43:08.554289,ADANIPOWER,setup,no fresh breakout/continuation trigger
2026-08-10T12:43:08.554289,INDIGO,setup,no fresh breakout/continuation trigger
2026-08-10T12:43:08.554289,KOTAKBANK,setup,SL too wide (1.95 ATR)
2026-08-10T12:43:08.554289,HINDALCO,setup,no fresh breakout/continuation trigger
2026-08-10T12:43:08.554289,OFSS,setup,no fresh breakout/continuation trigger
2026-08-10T12:43:08.554289,SUNPHARMA,setup,no fresh breakout/continuation trigger
2026-08-10T12:43:08.554289,MCX,setup,SL too wide (2.31 ATR)
2026-08-10T12:43:08.554289,BEL,setup,no fresh breakout/continuation trigger
2026-08-10T12:43:08.554289,DIVISLAB,setup,no fresh breakout/continuation trigger
2026-08-10T12:43:08.554289,LICI,setup,no fresh breakout/continuation trigger
2026-08-10T12:43:08.554289,HCLTECH,setup,SL too wide (1.61 ATR)
2026-08-10T12:43:08.554289,ITC,setup,no fresh breakout/continuation trigger
2026-08-10T12:43:08.554289,GVT&D,setup,no fresh breakout/continuation trigger
2026-08-10T12:43:08.554289,TORNTPHARM,setup,no fresh breakout/continuation trigger
2026-08-10T12:43:08.554289,BSE,option,no eligible option contracts
2026-08-10T12:43:08.554289,KAYNES,option,no eligible option contracts
2026-08-10T12:44:09.041381,HDFCBANK,setup,no fresh breakout/continuation trigger
2026-08-10T12:44:09.041381,KALYANKJIL,setup,no fresh breakout/continuation trigger
2026-08-10T12:44:09.042385,ICICIBANK,setup,no fresh breakout/continuation trigger
2026-08-10T12:44:09.043639,RELIANCE,setup,no fresh breakout/continuation trigger
2026-08-10T12:44:09.043639,INFY,setup,no fresh breakout/continuation trigger
2026-08-10T12:44:09.044646,SBIN,setup,no fresh breakout/continuation trigger
2026-08-10T12:44:09.045652,BAJFINANCE,setup,no fresh breakout/continuation trigger
2026-08-10T12:44:09.045652,BHARTIARTL,setup,no fresh breakout/continuation trigger
2026-08-10T12:44:09.046658,ETERNAL,setup,no fresh breakout/continuation trigger
2026-08-10T12:44:09.047672,AXISBANK,setup,no fresh breakout/continuation trigger
2026-08-10T12:44:09.047672,TCS,setup,no fresh breakout/continuation trigger
2026-08-10T12:44:09.048798,M&M,setup,no fresh breakout/continuation trigger
2026-08-10T12:44:09.048798,LT,setup,no fresh breakout/continuation trigger
2026-08-10T12:44:09.049802,SWIGGY,setup,RVOL 0.69 below 1.0
2026-08-10T12:44:09.049802,DIXON,setup,no fresh breakout/continuation trigger
2026-08-10T12:44:09.051189,SHRIRAMFIN,setup,no fresh breakout/continuation trigger
2026-08-10T12:44:09.051189,TVSMOTOR,setup,no fresh breakout/continuation trigger
2026-08-10T12:44:09.052235,PAYTM,setup,no fresh breakout/continuation trigger
2026-08-10T12:44:09.052235,MARUTI,setup,no fresh breakout/continuation trigger
2026-08-10T12:44:09.053240,COFORGE,setup,no fresh breakout/continuation trigger
2026-08-10T12:44:09.053240,JIOFIN,setup,no fresh breakout/continuation trigger
2026-08-10T12:44:09.054414,BHEL,setup,no fresh breakout/continuation trigger
2026-08-10T12:44:09.055470,BAJAJ-AUTO,setup,no fresh breakout/continuation trigger
2026-08-10T12:44:09.056495,TECHM,setup,no fresh breakout/continuation trigger
2026-08-10T12:44:09.056495,ADANIPOWER,setup,no fresh breakout/continuation trigger
2026-08-10T12:44:09.057505,INDIGO,setup,no fresh breakout/continuation trigger
2026-08-10T12:44:09.058548,KOTAKBANK,setup,SL too wide (1.95 ATR)
2026-08-10T12:44:09.059558,HINDALCO,setup,no fresh breakout/continuation trigger
2026-08-10T12:44:09.059558,OFSS,setup,no fresh breakout/continuation trigger
2026-08-10T12:44:09.060656,SUNPHARMA,setup,no fresh breakout/continuation trigger
2026-08-10T12:44:09.061891,MCX,setup,SL too wide (2.31 ATR)
2026-08-10T12:44:09.061891,BEL,setup,no fresh breakout/continuation trigger
2026-08-10T12:44:09.063012,DIVISLAB,setup,no fresh breakout/continuation trigger
2026-08-10T12:44:09.063012,LICI,setup,no fresh breakout/continuation trigger
2026-08-10T12:44:09.063012,HCLTECH,setup,SL too wide (1.61 ATR)
2026-08-10T12:44:09.064055,ITC,setup,no fresh breakout/continuation trigger
2026-08-10T12:44:09.065104,GVT&D,setup,no fresh breakout/continuation trigger
2026-08-10T12:44:09.065104,TORNTPHARM,setup,no fresh breakout/continuation trigger
2026-08-10T12:44:09.065104,BSE,option,no eligible option contracts
2026-08-10T12:44:09.066108,KAYNES,option,no eligible option contracts
2026-08-10T12:45:09.538019,HDFCBANK,setup,no fresh breakout/continuation trigger
2026-08-10T12:45:09.538019,KALYANKJIL,setup,no fresh breakout/continuation trigger
2026-08-10T12:45:09.538019,ICICIBANK,setup,no fresh breakout/continuation trigger
2026-08-10T12:45:09.538019,RELIANCE,setup,no fresh breakout/continuation trigger
2026-08-10T12:45:09.538019,INFY,setup,no fresh breakout/continuation trigger
2026-08-10T12:45:09.538019,SBIN,setup,no fresh breakout/continuation trigger
2026-08-10T12:45:09.538019,BAJFINANCE,setup,no fresh breakout/continuation trigger
2026-08-10T12:45:09.538019,BHARTIARTL,setup,no fresh breakout/continuation trigger
2026-08-10T12:45:09.553750,ETERNAL,setup,no fresh breakout/continuation trigger
2026-08-10T12:45:09.554113,AXISBANK,setup,no fresh breakout/continuation trigger
2026-08-10T12:45:09.554113,TCS,setup,no fresh breakout/continuation trigger
2026-08-10T12:45:09.554113,M&M,setup,no fresh breakout/continuation trigger
2026-08-10T12:45:09.554113,LT,setup,no fresh breakout/continuation trigger
2026-08-10T12:45:09.554113,SWIGGY,setup,RVOL 0.69 below 1.0
2026-08-10T12:45:09.554113,DIXON,setup,no fresh breakout/continuation trigger
2026-08-10T12:45:09.554113,SHRIRAMFIN,setup,no fresh breakout/continuation trigger
2026-08-10T12:45:09.554113,TVSMOTOR,setup,no fresh breakout/continuation trigger
2026-08-10T12:45:09.554113,PAYTM,setup,no fresh breakout/continuation trigger
2026-08-10T12:45:09.554113,MARUTI,setup,no fresh breakout/continuation trigger
2026-08-10T12:45:09.554113,COFORGE,setup,no fresh breakout/continuation trigger
2026-08-10T12:45:09.554113,JIOFIN,setup,no fresh breakout/continuation trigger
2026-08-10T12:45:09.554113,BHEL,setup,no fresh breakout/continuation trigger
2026-08-10T12:45:09.554113,BAJAJ-AUTO,setup,no fresh breakout/continuation trigger
2026-08-10T12:45:09.554113,TECHM,setup,no fresh breakout/continuation trigger
2026-08-10T12:45:09.554113,ADANIPOWER,setup,no fresh breakout/continuation trigger
2026-08-10T12:45:09.554113,INDIGO,setup,no fresh breakout/continuation trigger
2026-08-10T12:45:09.564701,KOTAKBANK,setup,SL too wide (1.95 ATR)
2026-08-10T12:45:09.564701,HINDALCO,setup,no fresh breakout/continuation trigger
2026-08-10T12:45:09.564701,OFSS,setup,no fresh breakout/continuation trigger
2026-08-10T12:45:09.564701,SUNPHARMA,setup,no fresh breakout/continuation trigger
2026-08-10T12:45:09.564701,MCX,setup,SL too wide (2.31 ATR)
2026-08-10T12:45:09.564701,BEL,setup,no fresh breakout/continuation trigger
2026-08-10T12:45:09.564701,DIVISLAB,setup,no fresh breakout/continuation trigger
2026-08-10T12:45:09.564701,LICI,setup,no fresh breakout/continuation trigger
2026-08-10T12:45:09.564701,HCLTECH,setup,SL too wide (1.61 ATR)
2026-08-10T12:45:09.569703,ITC,setup,no fresh breakout/continuation trigger
2026-08-10T12:45:09.569703,GVT&D,setup,no fresh breakout/continuation trigger
2026-08-10T12:45:09.569703,TORNTPHARM,setup,no fresh breakout/continuation trigger
2026-08-10T12:45:09.569703,BSE,option,no eligible option contracts
2026-08-10T12:45:09.569703,KAYNES,option,no eligible option contracts
2026-08-10T12:46:10.050295,HDFCBANK,setup,no fresh breakout/continuation trigger
2026-08-10T12:46:10.050295,KALYANKJIL,setup,no fresh breakout/continuation trigger
2026-08-10T12:46:10.050295,ICICIBANK,setup,no fresh breakout/continuation trigger
2026-08-10T12:46:10.050295,RELIANCE,setup,no fresh breakout/continuation trigger
2026-08-10T12:46:10.050295,INFY,setup,no fresh breakout/continuation trigger
2026-08-10T12:46:10.050295,SBIN,setup,no fresh breakout/continuation trigger
2026-08-10T12:46:10.050295,BAJFINANCE,setup,no fresh breakout/continuation trigger
2026-08-10T12:46:10.050295,BHARTIARTL,setup,no fresh breakout/continuation trigger
2026-08-10T12:46:10.050295,ETERNAL,setup,no fresh breakout/continuation trigger
2026-08-10T12:46:10.050295,AXISBANK,setup,no fresh breakout/continuation trigger
2026-08-10T12:46:10.050295,TCS,setup,no fresh breakout/continuation trigger
2026-08-10T12:46:10.050295,M&M,setup,no fresh breakout/continuation trigger
2026-08-10T12:46:10.050295,LT,setup,no fresh breakout/continuation trigger
2026-08-10T12:46:10.050295,SWIGGY,setup,RVOL 0.69 below 1.0
2026-08-10T12:46:10.050295,DIXON,setup,no fresh breakout/continuation trigger
2026-08-10T12:46:10.050295,SHRIRAMFIN,setup,no fresh breakout/continuation trigger
2026-08-10T12:46:10.050295,TVSMOTOR,setup,no fresh breakout/continuation trigger
2026-08-10T12:46:10.050295,PAYTM,setup,no fresh breakout/continuation trigger
2026-08-10T12:46:10.050295,MARUTI,setup,no fresh breakout/continuation trigger
2026-08-10T12:46:10.050295,COFORGE,setup,no fresh breakout/continuation trigger
2026-08-10T12:46:10.050295,JIOFIN,setup,no fresh breakout/continuation trigger
2026-08-10T12:46:10.050295,BHEL,setup,no fresh breakout/continuation trigger
2026-08-10T12:46:10.066118,BAJAJ-AUTO,setup,no fresh breakout/continuation trigger
2026-08-10T12:46:10.066118,TECHM,setup,no fresh breakout/continuation trigger
2026-08-10T12:46:10.066118,ADANIPOWER,setup,no fresh breakout/continuation trigger
2026-08-10T12:46:10.066118,INDIGO,setup,no fresh breakout/continuation trigger
2026-08-10T12:46:10.066118,KOTAKBANK,setup,SL too wide (1.95 ATR)
2026-08-10T12:46:10.066118,HINDALCO,setup,no fresh breakout/continuation trigger
2026-08-10T12:46:10.066118,OFSS,setup,no fresh breakout/continuation trigger
2026-08-10T12:46:10.066118,SUNPHARMA,setup,no fresh breakout/continuation trigger
2026-08-10T12:46:10.066118,MCX,setup,SL too wide (2.31 ATR)
2026-08-10T12:46:10.066118,BEL,setup,no fresh breakout/continuation trigger
2026-08-10T12:46:10.066118,DIVISLAB,setup,no fresh breakout/continuation trigger
2026-08-10T12:46:10.066118,LICI,setup,no fresh breakout/continuation trigger
2026-08-10T12:46:10.066118,HCLTECH,setup,SL too wide (1.61 ATR)
2026-08-10T12:46:10.066118,ITC,setup,no fresh breakout/continuation trigger
2026-08-10T12:46:10.066118,GVT&D,setup,no fresh breakout/continuation trigger
2026-08-10T12:46:10.066118,TORNTPHARM,setup,no fresh breakout/continuation trigger
2026-08-10T12:46:10.066118,BSE,option,no eligible option contracts
2026-08-10T12:46:10.066118,KAYNES,option,no eligible option contracts
2026-08-10T12:47:10.557768,HDFCBANK,setup,no fresh breakout/continuation trigger
2026-08-10T12:47:10.558771,KALYANKJIL,setup,no fresh breakout/continuation trigger
2026-08-10T12:47:10.558771,ICICIBANK,setup,no fresh breakout/continuation trigger
2026-08-10T12:47:10.559796,RELIANCE,setup,no fresh breakout/continuation trigger
2026-08-10T12:47:10.560798,INFY,setup,no fresh breakout/continuation trigger
2026-08-10T12:47:10.560798,SBIN,setup,no fresh breakout/continuation trigger
2026-08-10T12:47:10.561856,BAJFINANCE,setup,no fresh breakout/continuation trigger
2026-08-10T12:47:10.561856,BHARTIARTL,setup,no fresh breakout/continuation trigger
2026-08-10T12:47:10.563136,ETERNAL,setup,no fresh breakout/continuation trigger
2026-08-10T12:47:10.563136,AXISBANK,setup,no fresh breakout/continuation trigger
2026-08-10T12:47:10.564138,TCS,setup,no fresh breakout/continuation trigger
2026-08-10T12:47:10.565148,M&M,setup,no fresh breakout/continuation trigger
2026-08-10T12:47:10.565148,LT,setup,no fresh breakout/continuation trigger
2026-08-10T12:47:10.566376,SWIGGY,setup,RVOL 0.69 below 1.0
2026-08-10T12:47:10.566376,DIXON,setup,no fresh breakout/continuation trigger
2026-08-10T12:47:10.567603,SHRIRAMFIN,setup,no fresh breakout/continuation trigger
2026-08-10T12:47:10.568622,TVSMOTOR,setup,no fresh breakout/continuation trigger
2026-08-10T12:47:10.568622,PAYTM,setup,no fresh breakout/continuation trigger
2026-08-10T12:47:10.568622,MARUTI,setup,no fresh breakout/continuation trigger
2026-08-10T12:47:10.568622,COFORGE,setup,no fresh breakout/continuation trigger
2026-08-10T12:47:10.568622,JIOFIN,setup,no fresh breakout/continuation trigger
2026-08-10T12:47:10.568622,BHEL,setup,no fresh breakout/continuation trigger
2026-08-10T12:47:10.568622,BAJAJ-AUTO,setup,no fresh breakout/continuation trigger
2026-08-10T12:47:10.568622,TECHM,setup,no fresh breakout/continuation trigger
2026-08-10T12:47:10.568622,ADANIPOWER,setup,no fresh breakout/continuation trigger
2026-08-10T12:47:10.568622,INDIGO,setup,no fresh breakout/continuation trigger
2026-08-10T12:47:10.568622,KOTAKBANK,setup,SL too wide (1.95 ATR)
2026-08-10T12:47:10.568622,HINDALCO,setup,no fresh breakout/continuation trigger
2026-08-10T12:47:10.568622,OFSS,setup,no fresh breakout/continuation trigger
2026-08-10T12:47:10.568622,SUNPHARMA,setup,no fresh breakout/continuation trigger
2026-08-10T12:47:10.568622,MCX,setup,SL too wide (2.31 ATR)
2026-08-10T12:47:10.568622,BEL,setup,no fresh breakout/continuation trigger
2026-08-10T12:47:10.568622,DIVISLAB,setup,no fresh breakout/continuation trigger
2026-08-10T12:47:10.568622,LICI,setup,no fresh breakout/continuation trigger
2026-08-10T12:47:10.568622,HCLTECH,setup,SL too wide (1.61 ATR)
2026-08-10T12:47:10.568622,ITC,setup,no fresh breakout/continuation trigger
2026-08-10T12:47:10.568622,GVT&D,setup,no fresh breakout/continuation trigger
2026-08-10T12:47:10.568622,TORNTPHARM,setup,no fresh breakout/continuation trigger
2026-08-10T12:47:10.568622,BSE,option,no eligible option contracts
2026-08-10T12:47:10.568622,KAYNES,option,no eligible option contracts
2026-08-10T12:48:13.276008,HDFCBANK,setup,no fresh breakout/continuation trigger
2026-08-10T12:48:13.276008,KALYANKJIL,setup,no fresh breakout/continuation trigger
2026-08-10T12:48:13.291778,ICICIBANK,setup,no fresh breakout/continuation trigger
2026-08-10T12:48:13.291778,RELIANCE,setup,no fresh breakout/continuation trigger
2026-08-10T12:48:13.292907,INFY,setup,no fresh breakout/continuation trigger
2026-08-10T12:48:13.294067,SBIN,setup,no fresh breakout/continuation trigger
2026-08-10T12:48:13.294067,BAJFINANCE,setup,no fresh breakout/continuation trigger
2026-08-10T12:48:13.295070,BHARTIARTL,setup,no fresh breakout/continuation trigger
2026-08-10T12:48:13.296067,ETERNAL,setup,SL too wide (1.91 ATR)
2026-08-10T12:48:13.296067,BSE,setup,SL too wide (1.90 ATR)
2026-08-10T12:48:13.296067,AXISBANK,setup,no fresh breakout/continuation trigger
2026-08-10T12:48:13.297406,TCS,setup,no fresh breakout/continuation trigger
2026-08-10T12:48:13.298455,M&M,setup,no fresh breakout/continuation trigger
2026-08-10T12:48:13.298455,LT,setup,no fresh breakout/continuation trigger
2026-08-10T12:48:13.299463,SWIGGY,setup,no fresh breakout/continuation trigger
2026-08-10T12:48:13.299463,DIXON,setup,SL too wide (1.86 ATR)
2026-08-10T12:48:13.300477,SHRIRAMFIN,setup,no fresh breakout/continuation trigger
2026-08-10T12:48:13.301607,TVSMOTOR,setup,no fresh breakout/continuation trigger
2026-08-10T12:48:13.301607,PAYTM,setup,no fresh breakout/continuation trigger
2026-08-10T12:48:13.302622,MARUTI,setup,no fresh breakout/continuation trigger
2026-08-10T12:48:13.302622,COFORGE,setup,no fresh breakout/continuation trigger
2026-08-10T12:48:13.303984,JIOFIN,setup,SL too wide (1.68 ATR)
2026-08-10T12:48:13.303984,BHEL,setup,no fresh breakout/continuation trigger
2026-08-10T12:48:13.303984,BAJAJ-AUTO,setup,no fresh breakout/continuation trigger
2026-08-10T12:48:13.303984,TECHM,setup,no fresh breakout/continuation trigger
2026-08-10T12:48:13.303984,ADANIPOWER,setup,no fresh breakout/continuation trigger
2026-08-10T12:48:13.303984,INDIGO,setup,no fresh breakout/continuation trigger
2026-08-10T12:48:13.303984,KOTAKBANK,setup,no fresh breakout/continuation trigger
2026-08-10T12:48:13.303984,HINDALCO,setup,no fresh breakout/continuation trigger
2026-08-10T12:48:13.303984,OFSS,setup,no fresh breakout/continuation trigger
2026-08-10T12:48:13.303984,SUNPHARMA,setup,no fresh breakout/continuation trigger
2026-08-10T12:48:13.303984,MCX,setup,no fresh breakout/continuation trigger
2026-08-10T12:48:13.303984,BEL,setup,no fresh breakout/continuation trigger
2026-08-10T12:48:13.303984,DIVISLAB,setup,no fresh breakout/continuation trigger
2026-08-10T12:48:13.303984,LICI,setup,no fresh breakout/continuation trigger
2026-08-10T12:48:13.303984,HCLTECH,setup,no fresh breakout/continuation trigger
2026-08-10T12:48:13.303984,ITC,setup,no fresh breakout/continuation trigger
2026-08-10T12:48:13.303984,GVT&D,setup,no fresh breakout/continuation trigger
2026-08-10T12:48:13.303984,TORNTPHARM,setup,no fresh breakout/continuation trigger
2026-08-10T12:48:13.303984,KAYNES,option,no eligible option contracts
2026-08-10T12:49:13.803342,HDFCBANK,setup,no fresh breakout/continuation trigger
2026-08-10T12:49:13.803342,KALYANKJIL,setup,no fresh breakout/continuation trigger
2026-08-10T12:49:13.803342,ICICIBANK,setup,no fresh breakout/continuation trigger
2026-08-10T12:49:13.803342,RELIANCE,setup,no fresh breakout/continuation trigger
2026-08-10T12:49:13.803342,INFY,setup,no fresh breakout/continuation trigger
2026-08-10T12:49:13.803342,SBIN,setup,no fresh breakout/continuation trigger
2026-08-10T12:49:13.803342,BAJFINANCE,setup,no fresh breakout/continuation trigger
2026-08-10T12:49:13.803342,BHARTIARTL,setup,no fresh breakout/continuation trigger
2026-08-10T12:49:13.803342,ETERNAL,setup,SL too wide (1.91 ATR)
2026-08-10T12:49:13.803342,BSE,setup,SL too wide (1.90 ATR)
2026-08-10T12:49:13.803342,AXISBANK,setup,no fresh breakout/continuation trigger
2026-08-10T12:49:13.803342,TCS,setup,no fresh breakout/continuation trigger
2026-08-10T12:49:13.819066,M&M,setup,no fresh breakout/continuation trigger
2026-08-10T12:49:13.819066,LT,setup,no fresh breakout/continuation trigger
2026-08-10T12:49:13.819066,SWIGGY,setup,no fresh breakout/continuation trigger
2026-08-10T12:49:13.819066,DIXON,setup,SL too wide (1.86 ATR)
2026-08-10T12:49:13.819066,SHRIRAMFIN,setup,no fresh breakout/continuation trigger
2026-08-10T12:49:13.819066,TVSMOTOR,setup,no fresh breakout/continuation trigger
2026-08-10T12:49:13.819066,PAYTM,setup,no fresh breakout/continuation trigger
2026-08-10T12:49:13.819066,MARUTI,setup,no fresh breakout/continuation trigger
2026-08-10T12:49:13.819066,COFORGE,setup,no fresh breakout/continuation trigger
2026-08-10T12:49:13.819066,JIOFIN,setup,SL too wide (1.68 ATR)
2026-08-10T12:49:13.819066,BHEL,setup,no fresh breakout/continuation trigger
2026-08-10T12:49:13.819066,BAJAJ-AUTO,setup,no fresh breakout/continuation trigger
2026-08-10T12:49:13.819066,TECHM,setup,no fresh breakout/continuation trigger
2026-08-10T12:49:13.819066,ADANIPOWER,setup,no fresh breakout/continuation trigger
2026-08-10T12:49:13.819066,INDIGO,setup,no fresh breakout/continuation trigger
2026-08-10T12:49:13.819066,KOTAKBANK,setup,no fresh breakout/continuation trigger
2026-08-10T12:49:13.819066,HINDALCO,setup,no fresh breakout/continuation trigger
2026-08-10T12:49:13.819066,OFSS,setup,no fresh breakout/continuation trigger
2026-08-10T12:49:13.819066,SUNPHARMA,setup,no fresh breakout/continuation trigger
2026-08-10T12:49:13.819066,MCX,setup,no fresh breakout/continuation trigger
2026-08-10T12:49:13.819066,BEL,setup,no fresh breakout/continuation trigger
2026-08-10T12:49:13.819066,DIVISLAB,setup,no fresh breakout/continuation trigger
2026-08-10T12:49:13.819066,LICI,setup,no fresh breakout/continuation trigger
2026-08-10T12:49:13.819066,HCLTECH,setup,no fresh breakout/continuation trigger
2026-08-10T12:49:13.819066,ITC,setup,no fresh breakout/continuation trigger
2026-08-10T12:49:13.819066,GVT&D,setup,no fresh breakout/continuation trigger
2026-08-10T12:49:13.819066,TORNTPHARM,setup,no fresh breakout/continuation trigger
2026-08-10T12:49:13.835014,KAYNES,option,no eligible option contracts
2026-08-10T12:50:14.300670,HDFCBANK,setup,no fresh breakout/continuation trigger
2026-08-10T12:50:14.301704,KALYANKJIL,setup,no fresh breakout/continuation trigger
2026-08-10T12:50:14.302740,ICICIBANK,setup,no fresh breakout/continuation trigger
2026-08-10T12:50:14.302740,RELIANCE,setup,no fresh breakout/continuation trigger
2026-08-10T12:50:14.303742,INFY,setup,no fresh breakout/continuation trigger
2026-08-10T12:50:14.303742,SBIN,setup,no fresh breakout/continuation trigger
2026-08-10T12:50:14.303742,BAJFINANCE,setup,no fresh breakout/continuation trigger
2026-08-10T12:50:14.303742,BHARTIARTL,setup,no fresh breakout/continuation trigger
2026-08-10T12:50:14.303742,ETERNAL,setup,SL too wide (1.91 ATR)
2026-08-10T12:50:14.303742,BSE,setup,SL too wide (1.90 ATR)
2026-08-10T12:50:14.303742,AXISBANK,setup,no fresh breakout/continuation trigger
2026-08-10T12:50:14.303742,TCS,setup,no fresh breakout/continuation trigger
2026-08-10T12:50:14.303742,M&M,setup,no fresh breakout/continuation trigger
2026-08-10T12:50:14.303742,LT,setup,no fresh breakout/continuation trigger
2026-08-10T12:50:14.303742,SWIGGY,setup,no fresh breakout/continuation trigger
2026-08-10T12:50:14.303742,DIXON,setup,SL too wide (1.86 ATR)
2026-08-10T12:50:14.303742,SHRIRAMFIN,setup,no fresh breakout/continuation trigger
2026-08-10T12:50:14.303742,TVSMOTOR,setup,no fresh breakout/continuation trigger
2026-08-10T12:50:14.303742,PAYTM,setup,no fresh breakout/continuation trigger
2026-08-10T12:50:14.303742,MARUTI,setup,no fresh breakout/continuation trigger
2026-08-10T12:50:14.303742,COFORGE,setup,no fresh breakout/continuation trigger
2026-08-10T12:50:14.303742,JIOFIN,setup,SL too wide (1.68 ATR)
2026-08-10T12:50:14.303742,BHEL,setup,no fresh breakout/continuation trigger
2026-08-10T12:50:14.303742,BAJAJ-AUTO,setup,no fresh breakout/continuation trigger
2026-08-10T12:50:14.303742,TECHM,setup,no fresh breakout/continuation trigger
2026-08-10T12:50:14.303742,ADANIPOWER,setup,no fresh breakout/continuation trigger
2026-08-10T12:50:14.303742,INDIGO,setup,no fresh breakout/continuation trigger
2026-08-10T12:50:14.303742,KOTAKBANK,setup,no fresh breakout/continuation trigger
2026-08-10T12:50:14.303742,HINDALCO,setup,no fresh breakout/continuation trigger
2026-08-10T12:50:14.303742,OFSS,setup,no fresh breakout/continuation trigger
2026-08-10T12:50:14.303742,SUNPHARMA,setup,no fresh breakout/continuation trigger
2026-08-10T12:50:14.303742,MCX,setup,no fresh breakout/continuation trigger
2026-08-10T12:50:14.319866,BEL,setup,no fresh breakout/continuation trigger
2026-08-10T12:50:14.319866,DIVISLAB,setup,no fresh breakout/continuation trigger
2026-08-10T12:50:14.319866,LICI,setup,no fresh breakout/continuation trigger
2026-08-10T12:50:14.319866,HCLTECH,setup,no fresh breakout/continuation trigger
2026-08-10T12:50:14.319866,ITC,setup,no fresh breakout/continuation trigger
2026-08-10T12:50:14.319866,GVT&D,setup,no fresh breakout/continuation trigger
2026-08-10T12:50:14.319866,TORNTPHARM,setup,no fresh breakout/continuation trigger
2026-08-10T12:50:14.319866,KAYNES,option,no eligible option contracts
2026-08-10T12:51:14.819907,HDFCBANK,setup,no fresh breakout/continuation trigger
2026-08-10T12:51:14.819907,KALYANKJIL,setup,no fresh breakout/continuation trigger
2026-08-10T12:51:14.819907,ICICIBANK,setup,no fresh breakout/continuation trigger
2026-08-10T12:51:14.819907,RELIANCE,setup,no fresh breakout/continuation trigger
2026-08-10T12:51:14.824882,INFY,setup,no fresh breakout/continuation trigger
2026-08-10T12:51:14.824882,SBIN,setup,no fresh breakout/continuation trigger
2026-08-10T12:51:14.824882,BAJFINANCE,setup,no fresh breakout/continuation trigger
2026-08-10T12:51:14.824882,BHARTIARTL,setup,no fresh breakout/continuation trigger
2026-08-10T12:51:14.824882,ETERNAL,setup,SL too wide (1.91 ATR)
2026-08-10T12:51:14.824882,BSE,setup,SL too wide (1.90 ATR)
2026-08-10T12:51:14.824882,AXISBANK,setup,no fresh breakout/continuation trigger
2026-08-10T12:51:14.824882,TCS,setup,no fresh breakout/continuation trigger
2026-08-10T12:51:14.824882,M&M,setup,no fresh breakout/continuation trigger
2026-08-10T12:51:14.824882,LT,setup,no fresh breakout/continuation trigger
2026-08-10T12:51:14.824882,SWIGGY,setup,no fresh breakout/continuation trigger
2026-08-10T12:51:14.824882,DIXON,setup,SL too wide (1.86 ATR)
2026-08-10T12:51:14.824882,SHRIRAMFIN,setup,no fresh breakout/continuation trigger
2026-08-10T12:51:14.824882,TVSMOTOR,setup,no fresh breakout/continuation trigger
2026-08-10T12:51:14.824882,PAYTM,setup,no fresh breakout/continuation trigger
2026-08-10T12:51:14.824882,MARUTI,setup,no fresh breakout/continuation trigger
2026-08-10T12:51:14.824882,COFORGE,setup,no fresh breakout/continuation trigger
2026-08-10T12:51:14.835772,JIOFIN,setup,SL too wide (1.68 ATR)
2026-08-10T12:51:14.835772,BHEL,setup,no fresh breakout/continuation trigger
2026-08-10T12:51:14.835772,BAJAJ-AUTO,setup,no fresh breakout/continuation trigger
2026-08-10T12:51:14.835772,TECHM,setup,no fresh breakout/continuation trigger
2026-08-10T12:51:14.835772,ADANIPOWER,setup,no fresh breakout/continuation trigger
2026-08-10T12:51:14.835772,INDIGO,setup,no fresh breakout/continuation trigger
2026-08-10T12:51:14.835772,KOTAKBANK,setup,no fresh breakout/continuation trigger
2026-08-10T12:51:14.835772,HINDALCO,setup,no fresh breakout/continuation trigger
2026-08-10T12:51:14.835772,OFSS,setup,no fresh breakout/continuation trigger
2026-08-10T12:51:14.835772,SUNPHARMA,setup,no fresh breakout/continuation trigger
2026-08-10T12:51:14.835772,MCX,setup,no fresh breakout/continuation trigger
2026-08-10T12:51:14.835772,BEL,setup,no fresh breakout/continuation trigger
2026-08-10T12:51:14.835772,DIVISLAB,setup,no fresh breakout/continuation trigger
2026-08-10T12:51:14.835772,LICI,setup,no fresh breakout/continuation trigger
2026-08-10T12:51:14.835772,HCLTECH,setup,no fresh breakout/continuation trigger
2026-08-10T12:51:14.835772,ITC,setup,no fresh breakout/continuation trigger
2026-08-10T12:51:14.835772,GVT&D,setup,no fresh breakout/continuation trigger
2026-08-10T12:51:14.835772,TORNTPHARM,setup,no fresh breakout/continuation trigger
2026-08-10T12:51:14.835772,KAYNES,option,no eligible option contracts
2026-08-10T12:52:15.317719,HDFCBANK,setup,no fresh breakout/continuation trigger
2026-08-10T12:52:15.319460,KALYANKJIL,setup,no fresh breakout/continuation trigger
2026-08-10T12:52:15.319460,ICICIBANK,setup,no fresh breakout/continuation trigger
2026-08-10T12:52:15.319460,RELIANCE,setup,no fresh breakout/continuation trigger
2026-08-10T12:52:15.319460,INFY,setup,no fresh breakout/continuation trigger
2026-08-10T12:52:15.319460,SBIN,setup,no fresh breakout/continuation trigger
2026-08-10T12:52:15.319460,BAJFINANCE,setup,no fresh breakout/continuation trigger
2026-08-10T12:52:15.319460,BHARTIARTL,setup,no fresh breakout/continuation trigger
2026-08-10T12:52:15.319460,ETERNAL,setup,SL too wide (1.91 ATR)
2026-08-10T12:52:15.319460,BSE,setup,SL too wide (1.90 ATR)
2026-08-10T12:52:15.319460,AXISBANK,setup,no fresh breakout/continuation trigger
2026-08-10T12:52:15.319460,TCS,setup,no fresh breakout/continuation trigger
2026-08-10T12:52:15.319460,M&M,setup,no fresh breakout/continuation trigger
2026-08-10T12:52:15.319460,LT,setup,no fresh breakout/continuation trigger
2026-08-10T12:52:15.319460,SWIGGY,setup,no fresh breakout/continuation trigger
2026-08-10T12:52:15.319460,DIXON,setup,SL too wide (1.86 ATR)
2026-08-10T12:52:15.319460,SHRIRAMFIN,setup,no fresh breakout/continuation trigger
2026-08-10T12:52:15.319460,TVSMOTOR,setup,no fresh breakout/continuation trigger
2026-08-10T12:52:15.319460,PAYTM,setup,no fresh breakout/continuation trigger
2026-08-10T12:52:15.319460,MARUTI,setup,no fresh breakout/continuation trigger
2026-08-10T12:52:15.319460,COFORGE,setup,no fresh breakout/continuation trigger
2026-08-10T12:52:15.319460,JIOFIN,setup,SL too wide (1.68 ATR)
2026-08-10T12:52:15.319460,BHEL,setup,no fresh breakout/continuation trigger
2026-08-10T12:52:15.319460,BAJAJ-AUTO,setup,no fresh breakout/continuation trigger
2026-08-10T12:52:15.319460,TECHM,setup,no fresh breakout/continuation trigger
2026-08-10T12:52:15.335511,ADANIPOWER,setup,no fresh breakout/continuation trigger
2026-08-10T12:52:15.335511,INDIGO,setup,no fresh breakout/continuation trigger
2026-08-10T12:52:15.335511,KOTAKBANK,setup,no fresh breakout/continuation trigger
2026-08-10T12:52:15.335511,HINDALCO,setup,no fresh breakout/continuation trigger
2026-08-10T12:52:15.335511,OFSS,setup,no fresh breakout/continuation trigger
2026-08-10T12:52:15.335511,SUNPHARMA,setup,no fresh breakout/continuation trigger
2026-08-10T12:52:15.335511,MCX,setup,no fresh breakout/continuation trigger
2026-08-10T12:52:15.335511,BEL,setup,no fresh breakout/continuation trigger
2026-08-10T12:52:15.335511,DIVISLAB,setup,no fresh breakout/continuation trigger
2026-08-10T12:52:15.335511,LICI,setup,no fresh breakout/continuation trigger
2026-08-10T12:52:15.335511,HCLTECH,setup,no fresh breakout/continuation trigger
2026-08-10T12:52:15.335511,ITC,setup,no fresh breakout/continuation trigger
2026-08-10T12:52:15.335511,GVT&D,setup,no fresh breakout/continuation trigger
2026-08-10T12:52:15.335511,TORNTPHARM,setup,no fresh breakout/continuation trigger
2026-08-10T12:52:15.335511,KAYNES,option,no eligible option contracts
2026-08-10T12:53:18.108973,HDFCBANK,setup,no fresh breakout/continuation trigger
2026-08-10T12:53:18.108973,KALYANKJIL,setup,no fresh breakout/continuation trigger
2026-08-10T12:53:18.108973,ICICIBANK,setup,no fresh breakout/continuation trigger
2026-08-10T12:53:18.108973,RELIANCE,setup,no fresh breakout/continuation trigger
2026-08-10T12:53:18.108973,INFY,setup,no fresh breakout/continuation trigger
2026-08-10T12:53:18.112897,SBIN,setup,no fresh breakout/continuation trigger
2026-08-10T12:53:18.112897,BAJFINANCE,setup,no fresh breakout/continuation trigger
2026-08-10T12:53:18.112897,BHARTIARTL,setup,no fresh breakout/continuation trigger
2026-08-10T12:53:18.112897,ETERNAL,setup,RVOL 0.30 below 1.0
2026-08-10T12:53:18.112897,BSE,setup,no fresh breakout/continuation trigger
2026-08-10T12:53:18.112897,AXISBANK,setup,RVOL 0.47 below 1.0
2026-08-10T12:53:18.112897,TCS,setup,no fresh breakout/continuation trigger
2026-08-10T12:53:18.116878,M&M,setup,no fresh breakout/continuation trigger
2026-08-10T12:53:18.116878,LT,setup,no fresh breakout/continuation trigger
2026-08-10T12:53:18.116878,SWIGGY,setup,no fresh breakout/continuation trigger
2026-08-10T12:53:18.116878,DIXON,setup,no fresh breakout/continuation trigger
2026-08-10T12:53:18.116878,SHRIRAMFIN,setup,no fresh breakout/continuation trigger
2026-08-10T12:53:18.116878,TVSMOTOR,setup,RVOL 0.18 below 1.0
2026-08-10T12:53:18.116878,PAYTM,setup,SL too wide (2.14 ATR)
2026-08-10T12:53:18.116878,MARUTI,setup,no fresh breakout/continuation trigger
2026-08-10T12:53:18.116878,COFORGE,setup,SL too wide (1.83 ATR)
2026-08-10T12:53:18.116878,JIOFIN,setup,no fresh breakout/continuation trigger
2026-08-10T12:53:18.116878,BHEL,setup,no fresh breakout/continuation trigger
2026-08-10T12:53:18.116878,BAJAJ-AUTO,setup,no fresh breakout/continuation trigger
2026-08-10T12:53:18.116878,TECHM,setup,no fresh breakout/continuation trigger
2026-08-10T12:53:18.116878,ADANIPOWER,setup,SL too wide (2.59 ATR)
2026-08-10T12:53:18.116878,INDIGO,setup,no fresh breakout/continuation trigger
2026-08-10T12:53:18.116878,KOTAKBANK,setup,no fresh breakout/continuation trigger
2026-08-10T12:53:18.116878,KAYNES,setup,no fresh breakout/continuation trigger
2026-08-10T12:53:18.116878,HINDALCO,setup,RVOL 0.54 below 1.0
2026-08-10T12:53:18.116878,OFSS,setup,SL too wide (2.19 ATR)
2026-08-10T12:53:18.116878,SUNPHARMA,setup,no fresh breakout/continuation trigger
2026-08-10T12:53:18.116878,MCX,setup,no fresh breakout/continuation trigger
2026-08-10T12:53:18.116878,BEL,setup,entry extended 0.70 ATR
2026-08-10T12:53:18.116878,DIVISLAB,setup,no fresh breakout/continuation trigger
2026-08-10T12:53:18.116878,LICI,setup,no fresh breakout/continuation trigger
2026-08-10T12:53:18.116878,HCLTECH,setup,no fresh breakout/continuation trigger
2026-08-10T12:53:18.132807,ITC,setup,no fresh breakout/continuation trigger
2026-08-10T12:53:18.132807,GVT&D,setup,no fresh breakout/continuation trigger
2026-08-10T12:53:18.132807,TORNTPHARM,setup,no fresh breakout/continuation trigger
2026-08-10T12:54:18.585309,HDFCBANK,setup,no fresh breakout/continuation trigger
2026-08-10T12:54:18.585309,KALYANKJIL,setup,no fresh breakout/continuation trigger
2026-08-10T12:54:18.585309,ICICIBANK,setup,no fresh breakout/continuation trigger
2026-08-10T12:54:18.585309,RELIANCE,setup,no fresh breakout/continuation trigger
2026-08-10T12:54:18.585309,INFY,setup,no fresh breakout/continuation trigger
2026-08-10T12:54:18.585309,SBIN,setup,no fresh breakout/continuation trigger
2026-08-10T12:54:18.585309,BAJFINANCE,setup,no fresh breakout/continuation trigger
2026-08-10T12:54:18.585309,BHARTIARTL,setup,no fresh breakout/continuation trigger
2026-08-10T12:54:18.585309,ETERNAL,setup,RVOL 0.30 below 1.0
2026-08-10T12:54:18.585309,BSE,setup,no fresh breakout/continuation trigger
2026-08-10T12:54:18.601072,AXISBANK,setup,RVOL 0.47 below 1.0
2026-08-10T12:54:18.601072,TCS,setup,no fresh breakout/continuation trigger
2026-08-10T12:54:18.601072,M&M,setup,no fresh breakout/continuation trigger
2026-08-10T12:54:18.601072,LT,setup,no fresh breakout/continuation trigger
2026-08-10T12:54:18.601072,SWIGGY,setup,no fresh breakout/continuation trigger
2026-08-10T12:54:18.601072,DIXON,setup,no fresh breakout/continuation trigger
2026-08-10T12:54:18.601072,SHRIRAMFIN,setup,no fresh breakout/continuation trigger
2026-08-10T12:54:18.601072,TVSMOTOR,setup,RVOL 0.18 below 1.0
2026-08-10T12:54:18.601072,PAYTM,setup,SL too wide (2.14 ATR)
2026-08-10T12:54:18.601072,MARUTI,setup,no fresh breakout/continuation trigger
2026-08-10T12:54:18.601072,COFORGE,setup,SL too wide (1.83 ATR)
2026-08-10T12:54:18.601072,JIOFIN,setup,no fresh breakout/continuation trigger
2026-08-10T12:54:18.601072,BHEL,setup,no fresh breakout/continuation trigger
2026-08-10T12:54:18.601072,BAJAJ-AUTO,setup,no fresh breakout/continuation trigger
2026-08-10T12:54:18.601072,TECHM,setup,no fresh breakout/continuation trigger
2026-08-10T12:54:18.601072,ADANIPOWER,setup,SL too wide (2.59 ATR)
2026-08-10T12:54:18.601072,INDIGO,setup,no fresh breakout/continuation trigger
2026-08-10T12:54:18.601072,KOTAKBANK,setup,no fresh breakout/continuation trigger
2026-08-10T12:54:18.601072,KAYNES,setup,no fresh breakout/continuation trigger
2026-08-10T12:54:18.601072,HINDALCO,setup,RVOL 0.54 below 1.0
2026-08-10T12:54:18.601072,OFSS,setup,SL too wide (2.19 ATR)
2026-08-10T12:54:18.601072,SUNPHARMA,setup,no fresh breakout/continuation trigger
2026-08-10T12:54:18.601072,MCX,setup,no fresh breakout/continuation trigger
2026-08-10T12:54:18.601072,BEL,setup,entry extended 0.70 ATR
2026-08-10T12:54:18.616975,DIVISLAB,setup,no fresh breakout/continuation trigger
2026-08-10T12:54:18.616975,LICI,setup,no fresh breakout/continuation trigger
2026-08-10T12:54:18.618307,HCLTECH,setup,no fresh breakout/continuation trigger
2026-08-10T12:54:18.618307,ITC,setup,no fresh breakout/continuation trigger
2026-08-10T12:54:18.619326,GVT&D,setup,no fresh breakout/continuation trigger
2026-08-10T12:54:18.619326,TORNTPHARM,setup,no fresh breakout/continuation trigger
2026-08-10T12:55:19.084819,HDFCBANK,setup,no fresh breakout/continuation trigger
2026-08-10T12:55:19.084819,KALYANKJIL,setup,no fresh breakout/continuation trigger
2026-08-10T12:55:19.084819,ICICIBANK,setup,no fresh breakout/continuation trigger
2026-08-10T12:55:19.084819,RELIANCE,setup,no fresh breakout/continuation trigger
2026-08-10T12:55:19.084819,INFY,setup,no fresh breakout/continuation trigger
2026-08-10T12:55:19.084819,SBIN,setup,no fresh breakout/continuation trigger
2026-08-10T12:55:19.084819,BAJFINANCE,setup,no fresh breakout/continuation trigger
2026-08-10T12:55:19.084819,BHARTIARTL,setup,no fresh breakout/continuation trigger
2026-08-10T12:55:19.084819,ETERNAL,setup,RVOL 0.30 below 1.0
2026-08-10T12:55:19.084819,BSE,setup,no fresh breakout/continuation trigger
2026-08-10T12:55:19.084819,AXISBANK,setup,RVOL 0.47 below 1.0
2026-08-10T12:55:19.084819,TCS,setup,no fresh breakout/continuation trigger
2026-08-10T12:55:19.084819,M&M,setup,no fresh breakout/continuation trigger
2026-08-10T12:55:19.084819,LT,setup,no fresh breakout/continuation trigger
2026-08-10T12:55:19.084819,SWIGGY,setup,no fresh breakout/continuation trigger
2026-08-10T12:55:19.084819,DIXON,setup,no fresh breakout/continuation trigger
2026-08-10T12:55:19.084819,SHRIRAMFIN,setup,no fresh breakout/continuation trigger
2026-08-10T12:55:19.084819,TVSMOTOR,setup,RVOL 0.18 below 1.0
2026-08-10T12:55:19.084819,PAYTM,setup,SL too wide (2.14 ATR)
2026-08-10T12:55:19.084819,MARUTI,setup,no fresh breakout/continuation trigger
2026-08-10T12:55:19.084819,COFORGE,setup,SL too wide (1.83 ATR)
2026-08-10T12:55:19.084819,JIOFIN,setup,no fresh breakout/continuation trigger
2026-08-10T12:55:19.100589,BHEL,setup,no fresh breakout/continuation trigger
2026-08-10T12:55:19.100589,BAJAJ-AUTO,setup,no fresh breakout/continuation trigger
2026-08-10T12:55:19.100589,TECHM,setup,no fresh breakout/continuation trigger
2026-08-10T12:55:19.100589,ADANIPOWER,setup,SL too wide (2.59 ATR)
2026-08-10T12:55:19.100589,INDIGO,setup,no fresh breakout/continuation trigger
2026-08-10T12:55:19.100589,KOTAKBANK,setup,no fresh breakout/continuation trigger
2026-08-10T12:55:19.100589,KAYNES,setup,no fresh breakout/continuation trigger
2026-08-10T12:55:19.100589,HINDALCO,setup,RVOL 0.54 below 1.0
2026-08-10T12:55:19.100589,OFSS,setup,SL too wide (2.19 ATR)
2026-08-10T12:55:19.100589,SUNPHARMA,setup,no fresh breakout/continuation trigger
2026-08-10T12:55:19.100589,MCX,setup,no fresh breakout/continuation trigger
2026-08-10T12:55:19.100589,BEL,setup,entry extended 0.70 ATR
2026-08-10T12:55:19.100589,DIVISLAB,setup,no fresh breakout/continuation trigger
2026-08-10T12:55:19.100589,LICI,setup,no fresh breakout/continuation trigger
2026-08-10T12:55:19.100589,HCLTECH,setup,no fresh breakout/continuation trigger
2026-08-10T12:55:19.100589,ITC,setup,no fresh breakout/continuation trigger
2026-08-10T12:55:19.100589,GVT&D,setup,no fresh breakout/continuation trigger
2026-08-10T12:55:19.100589,TORNTPHARM,setup,no fresh breakout/continuation trigger
2026-08-10T12:56:19.570180,HDFCBANK,setup,no fresh breakout/continuation trigger
2026-08-10T12:56:19.570180,KALYANKJIL,setup,no fresh breakout/continuation trigger
2026-08-10T12:56:19.570180,ICICIBANK,setup,no fresh breakout/continuation trigger
2026-08-10T12:56:19.570180,RELIANCE,setup,no fresh breakout/continuation trigger
2026-08-10T12:56:19.570180,INFY,setup,no fresh breakout/continuation trigger
2026-08-10T12:56:19.570180,SBIN,setup,no fresh breakout/continuation trigger
2026-08-10T12:56:19.570180,BAJFINANCE,setup,no fresh breakout/continuation trigger
2026-08-10T12:56:19.570180,BHARTIARTL,setup,no fresh breakout/continuation trigger
2026-08-10T12:56:19.570180,ETERNAL,setup,RVOL 0.30 below 1.0
2026-08-10T12:56:19.570180,BSE,setup,no fresh breakout/continuation trigger
2026-08-10T12:56:19.570180,AXISBANK,setup,RVOL 0.47 below 1.0
2026-08-10T12:56:19.570180,TCS,setup,no fresh breakout/continuation trigger
2026-08-10T12:56:19.570180,M&M,setup,no fresh breakout/continuation trigger
2026-08-10T12:56:19.570180,LT,setup,no fresh breakout/continuation trigger
2026-08-10T12:56:19.570180,SWIGGY,setup,no fresh breakout/continuation trigger
2026-08-10T12:56:19.570180,DIXON,setup,no fresh breakout/continuation trigger
2026-08-10T12:56:19.586853,SHRIRAMFIN,setup,no fresh breakout/continuation trigger
2026-08-10T12:56:19.588103,TVSMOTOR,setup,RVOL 0.18 below 1.0
2026-08-10T12:56:19.589163,PAYTM,setup,SL too wide (2.14 ATR)
2026-08-10T12:56:19.589163,MARUTI,setup,no fresh breakout/continuation trigger
2026-08-10T12:56:19.590213,COFORGE,setup,SL too wide (1.83 ATR)
2026-08-10T12:56:19.590213,JIOFIN,setup,no fresh breakout/continuation trigger
2026-08-10T12:56:19.591217,BHEL,setup,no fresh breakout/continuation trigger
2026-08-10T12:56:19.591217,BAJAJ-AUTO,setup,no fresh breakout/continuation trigger
2026-08-10T12:56:19.592488,TECHM,setup,no fresh breakout/continuation trigger
2026-08-10T12:56:19.592488,ADANIPOWER,setup,SL too wide (2.59 ATR)
2026-08-10T12:56:19.593509,INDIGO,setup,no fresh breakout/continuation trigger
2026-08-10T12:56:19.593509,KOTAKBANK,setup,no fresh breakout/continuation trigger
2026-08-10T12:56:19.594522,KAYNES,setup,no fresh breakout/continuation trigger
2026-08-10T12:56:19.595597,HINDALCO,setup,RVOL 0.54 below 1.0
2026-08-10T12:56:19.595597,OFSS,setup,SL too wide (2.19 ATR)
2026-08-10T12:56:19.596604,SUNPHARMA,setup,no fresh breakout/continuation trigger
2026-08-10T12:56:19.596604,MCX,setup,no fresh breakout/continuation trigger
2026-08-10T12:56:19.597624,BEL,setup,entry extended 0.70 ATR
2026-08-10T12:56:19.597624,DIVISLAB,setup,no fresh breakout/continuation trigger
2026-08-10T12:56:19.598631,LICI,setup,no fresh breakout/continuation trigger
2026-08-10T12:56:19.598631,HCLTECH,setup,no fresh breakout/continuation trigger
2026-08-10T12:56:19.598631,ITC,setup,no fresh breakout/continuation trigger
2026-08-10T12:56:19.599638,GVT&D,setup,no fresh breakout/continuation trigger
2026-08-10T12:56:19.599638,TORNTPHARM,setup,no fresh breakout/continuation trigger
2026-08-10T12:57:20.068672,HDFCBANK,setup,no fresh breakout/continuation trigger
2026-08-10T12:57:20.068672,KALYANKJIL,setup,no fresh breakout/continuation trigger
2026-08-10T12:57:20.068672,ICICIBANK,setup,no fresh breakout/continuation trigger
2026-08-10T12:57:20.068672,RELIANCE,setup,no fresh breakout/continuation trigger
2026-08-10T12:57:20.068672,INFY,setup,no fresh breakout/continuation trigger
2026-08-10T12:57:20.068672,SBIN,setup,no fresh breakout/continuation trigger
2026-08-10T12:57:20.068672,BAJFINANCE,setup,no fresh breakout/continuation trigger
2026-08-10T12:57:20.068672,BHARTIARTL,setup,no fresh breakout/continuation trigger
2026-08-10T12:57:20.068672,ETERNAL,setup,RVOL 0.30 below 1.0
2026-08-10T12:57:20.084673,BSE,setup,no fresh breakout/continuation trigger
2026-08-10T12:57:20.084673,AXISBANK,setup,RVOL 0.47 below 1.0
2026-08-10T12:57:20.084673,TCS,setup,no fresh breakout/continuation trigger
2026-08-10T12:57:20.084673,M&M,setup,no fresh breakout/continuation trigger
2026-08-10T12:57:20.084673,LT,setup,no fresh breakout/continuation trigger
2026-08-10T12:57:20.084673,SWIGGY,setup,no fresh breakout/continuation trigger
2026-08-10T12:57:20.084673,DIXON,setup,no fresh breakout/continuation trigger
2026-08-10T12:57:20.084673,SHRIRAMFIN,setup,no fresh breakout/continuation trigger
2026-08-10T12:57:20.084673,TVSMOTOR,setup,RVOL 0.18 below 1.0
2026-08-10T12:57:20.084673,PAYTM,setup,SL too wide (2.14 ATR)
2026-08-10T12:57:20.084673,MARUTI,setup,no fresh breakout/continuation trigger
2026-08-10T12:57:20.084673,COFORGE,setup,SL too wide (1.83 ATR)
2026-08-10T12:57:20.084673,JIOFIN,setup,no fresh breakout/continuation trigger
2026-08-10T12:57:20.084673,BHEL,setup,no fresh breakout/continuation trigger
2026-08-10T12:57:20.084673,BAJAJ-AUTO,setup,no fresh breakout/continuation trigger
2026-08-10T12:57:20.084673,TECHM,setup,no fresh breakout/continuation trigger
2026-08-10T12:57:20.084673,ADANIPOWER,setup,SL too wide (2.59 ATR)
2026-08-10T12:57:20.084673,INDIGO,setup,no fresh breakout/continuation trigger
2026-08-10T12:57:20.084673,KOTAKBANK,setup,no fresh breakout/continuation trigger
2026-08-10T12:57:20.084673,KAYNES,setup,no fresh breakout/continuation trigger
2026-08-10T12:57:20.084673,HINDALCO,setup,RVOL 0.54 below 1.0
2026-08-10T12:57:20.084673,OFSS,setup,SL too wide (2.19 ATR)
2026-08-10T12:57:20.084673,SUNPHARMA,setup,no fresh breakout/continuation trigger
2026-08-10T12:57:20.084673,MCX,setup,no fresh breakout/continuation trigger
2026-08-10T12:57:20.084673,BEL,setup,entry extended 0.70 ATR
2026-08-10T12:57:20.084673,DIVISLAB,setup,no fresh breakout/continuation trigger
2026-08-10T12:57:20.100402,LICI,setup,no fresh breakout/continuation trigger
2026-08-10T12:57:20.100402,HCLTECH,setup,no fresh breakout/continuation trigger
2026-08-10T12:57:20.100402,ITC,setup,no fresh breakout/continuation trigger
2026-08-10T12:57:20.100402,GVT&D,setup,no fresh breakout/continuation trigger
2026-08-10T12:57:20.100402,TORNTPHARM,setup,no fresh breakout/continuation trigger
2026-08-10T12:59:40.038490,HDFCBANK,setup,entry extended 0.46 ATR
2026-08-10T12:59:40.038490,KALYANKJIL,setup,no fresh breakout/continuation trigger
2026-08-10T12:59:40.038490,ICICIBANK,setup,no fresh breakout/continuation trigger
2026-08-10T12:59:40.038490,RELIANCE,setup,no fresh breakout/continuation trigger
2026-08-10T12:59:40.038490,INFY,setup,no fresh breakout/continuation trigger
2026-08-10T12:59:40.038490,SBIN,setup,no fresh breakout/continuation trigger
2026-08-10T12:59:40.038490,BAJFINANCE,setup,no fresh breakout/continuation trigger
2026-08-10T12:59:40.038490,BHARTIARTL,setup,no fresh breakout/continuation trigger
2026-08-10T12:59:40.038490,BSE,setup,no fresh breakout/continuation trigger
2026-08-10T12:59:40.038490,ETERNAL,setup,no fresh breakout/continuation trigger
2026-08-10T12:59:40.038490,AXISBANK,setup,no fresh breakout/continuation trigger
2026-08-10T12:59:40.038490,TCS,setup,no fresh breakout/continuation trigger
2026-08-10T12:59:40.038490,M&M,setup,no fresh breakout/continuation trigger
2026-08-10T12:59:40.038490,LT,setup,no fresh breakout/continuation trigger
2026-08-10T12:59:40.038490,SWIGGY,setup,no fresh breakout/continuation trigger
2026-08-10T12:59:40.038490,DIXON,setup,no fresh breakout/continuation trigger
2026-08-10T12:59:40.053719,SHRIRAMFIN,setup,SL too wide (2.59 ATR)
2026-08-10T12:59:40.053719,TVSMOTOR,setup,no fresh breakout/continuation trigger
2026-08-10T12:59:40.053719,MARUTI,setup,no fresh breakout/continuation trigger
2026-08-10T12:59:40.053719,COFORGE,setup,no fresh breakout/continuation trigger
2026-08-10T12:59:40.053719,JIOFIN,setup,RVOL 0.74 below 1.0
2026-08-10T12:59:40.053719,BHEL,setup,no fresh breakout/continuation trigger
2026-08-10T12:59:40.053719,BAJAJ-AUTO,setup,no fresh breakout/continuation trigger
2026-08-10T12:59:40.053719,TECHM,setup,no fresh breakout/continuation trigger
2026-08-10T12:59:40.053719,ADANIPOWER,setup,no fresh breakout/continuation trigger
2026-08-10T12:59:40.053719,INDIGO,setup,no fresh breakout/continuation trigger
2026-08-10T12:59:40.053719,KOTAKBANK,setup,no fresh breakout/continuation trigger
2026-08-10T12:59:40.053719,KAYNES,setup,no fresh breakout/continuation trigger
2026-08-10T12:59:40.053719,MCX,setup,SL too wide (1.79 ATR)
2026-08-10T12:59:40.053719,HINDALCO,setup,no fresh breakout/continuation trigger
2026-08-10T12:59:40.053719,OFSS,setup,no fresh breakout/continuation trigger
2026-08-10T12:59:40.053719,SUNPHARMA,setup,no fresh breakout/continuation trigger
2026-08-10T12:59:40.053719,BEL,setup,SL too wide (1.65 ATR)
2026-08-10T12:59:40.053719,LICI,setup,no fresh breakout/continuation trigger
2026-08-10T12:59:40.053719,DIVISLAB,setup,no fresh breakout/continuation trigger
2026-08-10T12:59:40.053719,HCLTECH,setup,no fresh breakout/continuation trigger
2026-08-10T12:59:40.053719,ITC,setup,no fresh breakout/continuation trigger
2026-08-10T12:59:40.053719,GVT&D,setup,no fresh breakout/continuation trigger
2026-08-10T12:59:40.053719,TORNTPHARM,setup,no fresh breakout/continuation trigger
2026-08-10T12:59:40.053719,PAYTM,option,no eligible option contracts
2026-08-10T13:00:40.546624,HDFCBANK,setup,entry extended 0.46 ATR
2026-08-10T13:00:40.546624,KALYANKJIL,setup,no fresh breakout/continuation trigger
2026-08-10T13:00:40.546624,ICICIBANK,setup,no fresh breakout/continuation trigger
2026-08-10T13:00:40.546624,RELIANCE,setup,no fresh breakout/continuation trigger
2026-08-10T13:00:40.550154,INFY,setup,no fresh breakout/continuation trigger
2026-08-10T13:00:40.550154,SBIN,setup,no fresh breakout/continuation trigger
2026-08-10T13:00:40.550154,BAJFINANCE,setup,no fresh breakout/continuation trigger
2026-08-10T13:00:40.550154,BHARTIARTL,setup,no fresh breakout/continuation trigger
2026-08-10T13:00:40.550154,BSE,setup,no fresh breakout/continuation trigger
2026-08-10T13:00:40.550154,ETERNAL,setup,no fresh breakout/continuation trigger
2026-08-10T13:00:40.550154,AXISBANK,setup,no fresh breakout/continuation trigger
2026-08-10T13:00:40.550154,TCS,setup,no fresh breakout/continuation trigger
2026-08-10T13:00:40.550154,M&M,setup,no fresh breakout/continuation trigger
2026-08-10T13:00:40.550154,LT,setup,no fresh breakout/continuation trigger
2026-08-10T13:00:40.550154,SWIGGY,setup,no fresh breakout/continuation trigger
2026-08-10T13:00:40.550154,DIXON,setup,no fresh breakout/continuation trigger
2026-08-10T13:00:40.550154,SHRIRAMFIN,setup,SL too wide (2.59 ATR)
2026-08-10T13:00:40.550154,TVSMOTOR,setup,no fresh breakout/continuation trigger
2026-08-10T13:00:40.550154,MARUTI,setup,no fresh breakout/continuation trigger
2026-08-10T13:00:40.550154,COFORGE,setup,no fresh breakout/continuation trigger
2026-08-10T13:00:40.550154,JIOFIN,setup,RVOL 0.74 below 1.0
2026-08-10T13:00:40.550154,BHEL,setup,no fresh breakout/continuation trigger
2026-08-10T13:00:40.550154,BAJAJ-AUTO,setup,no fresh breakout/continuation trigger
2026-08-10T13:00:40.550154,TECHM,setup,no fresh breakout/continuation trigger
2026-08-10T13:00:40.550154,ADANIPOWER,setup,no fresh breakout/continuation trigger
2026-08-10T13:00:40.550154,INDIGO,setup,no fresh breakout/continuation trigger
2026-08-10T13:00:40.550154,KOTAKBANK,setup,no fresh breakout/continuation trigger
2026-08-10T13:00:40.550154,KAYNES,setup,no fresh breakout/continuation trigger
2026-08-10T13:00:40.566182,MCX,setup,SL too wide (1.79 ATR)
2026-08-10T13:00:40.566182,HINDALCO,setup,no fresh breakout/continuation trigger
2026-08-10T13:00:40.566182,OFSS,setup,no fresh breakout/continuation trigger
2026-08-10T13:00:40.566182,SUNPHARMA,setup,no fresh breakout/continuation trigger
2026-08-10T13:00:40.566182,BEL,setup,SL too wide (1.65 ATR)
2026-08-10T13:00:40.566182,LICI,setup,no fresh breakout/continuation trigger
2026-08-10T13:00:40.566182,DIVISLAB,setup,no fresh breakout/continuation trigger
2026-08-10T13:00:40.566182,HCLTECH,setup,no fresh breakout/continuation trigger
2026-08-10T13:00:40.566182,ITC,setup,no fresh breakout/continuation trigger
2026-08-10T13:00:40.566182,GVT&D,setup,no fresh breakout/continuation trigger
2026-08-10T13:00:40.566182,TORNTPHARM,setup,no fresh breakout/continuation trigger
2026-08-10T13:00:40.566182,PAYTM,option,no eligible option contracts
2026-08-10T13:01:41.035958,HDFCBANK,setup,entry extended 0.46 ATR
2026-08-10T13:01:41.035958,KALYANKJIL,setup,no fresh breakout/continuation trigger
2026-08-10T13:01:41.035958,ICICIBANK,setup,no fresh breakout/continuation trigger
2026-08-10T13:01:41.035958,RELIANCE,setup,no fresh breakout/continuation trigger
2026-08-10T13:01:41.051718,INFY,setup,no fresh breakout/continuation trigger
2026-08-10T13:01:41.051718,SBIN,setup,no fresh breakout/continuation trigger
2026-08-10T13:01:41.051718,BAJFINANCE,setup,no fresh breakout/continuation trigger
2026-08-10T13:01:41.051718,BHARTIARTL,setup,no fresh breakout/continuation trigger
2026-08-10T13:01:41.051718,BSE,setup,no fresh breakout/continuation trigger
2026-08-10T13:01:41.051718,ETERNAL,setup,no fresh breakout/continuation trigger
2026-08-10T13:01:41.051718,AXISBANK,setup,no fresh breakout/continuation trigger
2026-08-10T13:01:41.051718,TCS,setup,no fresh breakout/continuation trigger
2026-08-10T13:01:41.051718,M&M,setup,no fresh breakout/continuation trigger
2026-08-10T13:01:41.051718,LT,setup,no fresh breakout/continuation trigger
2026-08-10T13:01:41.051718,SWIGGY,setup,no fresh breakout/continuation trigger
2026-08-10T13:01:41.051718,DIXON,setup,no fresh breakout/continuation trigger
2026-08-10T13:01:41.060339,SHRIRAMFIN,setup,SL too wide (2.59 ATR)
2026-08-10T13:01:41.060339,TVSMOTOR,setup,no fresh breakout/continuation trigger
2026-08-10T13:01:41.060339,MARUTI,setup,no fresh breakout/continuation trigger
2026-08-10T13:01:41.060339,COFORGE,setup,no fresh breakout/continuation trigger
2026-08-10T13:01:41.060339,JIOFIN,setup,RVOL 0.74 below 1.0
2026-08-10T13:01:41.060339,BHEL,setup,no fresh breakout/continuation trigger
2026-08-10T13:01:41.060339,BAJAJ-AUTO,setup,no fresh breakout/continuation trigger
2026-08-10T13:01:41.060339,TECHM,setup,no fresh breakout/continuation trigger
2026-08-10T13:01:41.060339,ADANIPOWER,setup,no fresh breakout/continuation trigger
2026-08-10T13:01:41.060339,INDIGO,setup,no fresh breakout/continuation trigger
2026-08-10T13:01:41.060339,KOTAKBANK,setup,no fresh breakout/continuation trigger
2026-08-10T13:01:41.060339,KAYNES,setup,no fresh breakout/continuation trigger
2026-08-10T13:01:41.067437,MCX,setup,SL too wide (1.79 ATR)
2026-08-10T13:01:41.068645,HINDALCO,setup,no fresh breakout/continuation trigger
2026-08-10T13:01:41.068645,OFSS,setup,no fresh breakout/continuation trigger
2026-08-10T13:01:41.069769,SUNPHARMA,setup,no fresh breakout/continuation trigger
2026-08-10T13:01:41.069769,BEL,setup,SL too wide (1.65 ATR)
2026-08-10T13:01:41.070960,LICI,setup,no fresh breakout/continuation trigger
2026-08-10T13:01:41.070960,DIVISLAB,setup,no fresh breakout/continuation trigger
2026-08-10T13:01:41.071970,HCLTECH,setup,no fresh breakout/continuation trigger
2026-08-10T13:01:41.071970,ITC,setup,no fresh breakout/continuation trigger
2026-08-10T13:01:41.071970,GVT&D,setup,no fresh breakout/continuation trigger
2026-08-10T13:01:41.073459,TORNTPHARM,setup,no fresh breakout/continuation trigger
2026-08-10T13:01:41.073459,PAYTM,option,no eligible option contracts
2026-08-10T13:02:41.551883,HDFCBANK,setup,entry extended 0.46 ATR
2026-08-10T13:02:41.551883,KALYANKJIL,setup,no fresh breakout/continuation trigger
2026-08-10T13:02:41.551883,ICICIBANK,setup,no fresh breakout/continuation trigger
2026-08-10T13:02:41.551883,RELIANCE,setup,no fresh breakout/continuation trigger
2026-08-10T13:02:41.551883,INFY,setup,no fresh breakout/continuation trigger
2026-08-10T13:02:41.551883,SBIN,setup,no fresh breakout/continuation trigger
2026-08-10T13:02:41.551883,BAJFINANCE,setup,no fresh breakout/continuation trigger
2026-08-10T13:02:41.551883,BHARTIARTL,setup,no fresh breakout/continuation trigger
2026-08-10T13:02:41.551883,BSE,setup,no fresh breakout/continuation trigger
2026-08-10T13:02:41.551883,ETERNAL,setup,no fresh breakout/continuation trigger
2026-08-10T13:02:41.551883,AXISBANK,setup,no fresh breakout/continuation trigger
2026-08-10T13:02:41.551883,TCS,setup,no fresh breakout/continuation trigger
2026-08-10T13:02:41.551883,M&M,setup,no fresh breakout/continuation trigger
2026-08-10T13:02:41.551883,LT,setup,no fresh breakout/continuation trigger
2026-08-10T13:02:41.567555,SWIGGY,setup,no fresh breakout/continuation trigger
2026-08-10T13:02:41.567555,DIXON,setup,no fresh breakout/continuation trigger
2026-08-10T13:02:41.567555,SHRIRAMFIN,setup,SL too wide (2.59 ATR)
2026-08-10T13:02:41.567555,TVSMOTOR,setup,no fresh breakout/continuation trigger
2026-08-10T13:02:41.567555,MARUTI,setup,no fresh breakout/continuation trigger
2026-08-10T13:02:41.567555,COFORGE,setup,no fresh breakout/continuation trigger
2026-08-10T13:02:41.567555,JIOFIN,setup,RVOL 0.74 below 1.0
2026-08-10T13:02:41.567555,BHEL,setup,no fresh breakout/continuation trigger
2026-08-10T13:02:41.567555,BAJAJ-AUTO,setup,no fresh breakout/continuation trigger
2026-08-10T13:02:41.567555,TECHM,setup,no fresh breakout/continuation trigger
2026-08-10T13:02:41.567555,ADANIPOWER,setup,no fresh breakout/continuation trigger
2026-08-10T13:02:41.567555,INDIGO,setup,no fresh breakout/continuation trigger
2026-08-10T13:02:41.567555,KOTAKBANK,setup,no fresh breakout/continuation trigger
2026-08-10T13:02:41.567555,KAYNES,setup,no fresh breakout/continuation trigger
2026-08-10T13:02:41.567555,MCX,setup,SL too wide (1.79 ATR)
2026-08-10T13:02:41.567555,HINDALCO,setup,no fresh breakout/continuation trigger
2026-08-10T13:02:41.567555,OFSS,setup,no fresh breakout/continuation trigger
2026-08-10T13:02:41.567555,SUNPHARMA,setup,no fresh breakout/continuation trigger
2026-08-10T13:02:41.567555,BEL,setup,SL too wide (1.65 ATR)
2026-08-10T13:02:41.567555,LICI,setup,no fresh breakout/continuation trigger
2026-08-10T13:02:41.567555,DIVISLAB,setup,no fresh breakout/continuation trigger
2026-08-10T13:02:41.567555,HCLTECH,setup,no fresh breakout/continuation trigger
2026-08-10T13:02:41.567555,ITC,setup,no fresh breakout/continuation trigger
2026-08-10T13:02:41.567555,GVT&D,setup,no fresh breakout/continuation trigger
2026-08-10T13:02:41.567555,TORNTPHARM,setup,no fresh breakout/continuation trigger
2026-08-10T13:02:41.583497,PAYTM,option,no eligible option contracts
2026-08-10T13:03:42.047773,HDFCBANK,setup,entry extended 0.46 ATR
2026-08-10T13:03:42.047773,KALYANKJIL,setup,no fresh breakout/continuation trigger
2026-08-10T13:03:42.047773,ICICIBANK,setup,no fresh breakout/continuation trigger
2026-08-10T13:03:42.047773,RELIANCE,setup,no fresh breakout/continuation trigger
2026-08-10T13:03:42.047773,INFY,setup,no fresh breakout/continuation trigger
2026-08-10T13:03:42.063728,SBIN,setup,no fresh breakout/continuation trigger
2026-08-10T13:03:42.063728,BAJFINANCE,setup,no fresh breakout/continuation trigger
2026-08-10T13:03:42.063728,BHARTIARTL,setup,no fresh breakout/continuation trigger
2026-08-10T13:03:42.063728,BSE,setup,no fresh breakout/continuation trigger
2026-08-10T13:03:42.063728,ETERNAL,setup,no fresh breakout/continuation trigger
2026-08-10T13:03:42.063728,AXISBANK,setup,no fresh breakout/continuation trigger
2026-08-10T13:03:42.063728,TCS,setup,no fresh breakout/continuation trigger
2026-08-10T13:03:42.063728,M&M,setup,no fresh breakout/continuation trigger
2026-08-10T13:03:42.063728,LT,setup,no fresh breakout/continuation trigger
2026-08-10T13:03:42.063728,SWIGGY,setup,no fresh breakout/continuation trigger
2026-08-10T13:03:42.063728,DIXON,setup,no fresh breakout/continuation trigger
2026-08-10T13:03:42.063728,SHRIRAMFIN,setup,SL too wide (2.59 ATR)
2026-08-10T13:03:42.063728,TVSMOTOR,setup,no fresh breakout/continuation trigger
2026-08-10T13:03:42.063728,MARUTI,setup,no fresh breakout/continuation trigger
2026-08-10T13:03:42.063728,COFORGE,setup,no fresh breakout/continuation trigger
2026-08-10T13:03:42.063728,JIOFIN,setup,RVOL 0.74 below 1.0
2026-08-10T13:03:42.063728,BHEL,setup,no fresh breakout/continuation trigger
2026-08-10T13:03:42.063728,BAJAJ-AUTO,setup,no fresh breakout/continuation trigger
2026-08-10T13:03:42.063728,TECHM,setup,no fresh breakout/continuation trigger
2026-08-10T13:03:42.063728,ADANIPOWER,setup,no fresh breakout/continuation trigger
2026-08-10T13:03:42.063728,INDIGO,setup,no fresh breakout/continuation trigger
2026-08-10T13:03:42.063728,KOTAKBANK,setup,no fresh breakout/continuation trigger
2026-08-10T13:03:42.063728,KAYNES,setup,no fresh breakout/continuation trigger
2026-08-10T13:03:42.063728,MCX,setup,SL too wide (1.79 ATR)
2026-08-10T13:03:42.063728,HINDALCO,setup,no fresh breakout/continuation trigger
2026-08-10T13:03:42.079749,OFSS,setup,no fresh breakout/continuation trigger
2026-08-10T13:03:42.079749,SUNPHARMA,setup,no fresh breakout/continuation trigger
2026-08-10T13:03:42.079749,BEL,setup,SL too wide (1.65 ATR)
2026-08-10T13:03:42.079749,LICI,setup,no fresh breakout/continuation trigger
2026-08-10T13:03:42.079749,DIVISLAB,setup,no fresh breakout/continuation trigger
2026-08-10T13:03:42.079749,HCLTECH,setup,no fresh breakout/continuation trigger
2026-08-10T13:03:42.079749,ITC,setup,no fresh breakout/continuation trigger
2026-08-10T13:03:42.079749,GVT&D,setup,no fresh breakout/continuation trigger
2026-08-10T13:03:42.079749,TORNTPHARM,setup,no fresh breakout/continuation trigger
2026-08-10T13:03:42.079749,PAYTM,option,no eligible option contracts
2026-08-10T13:04:44.772338,HDFCBANK,setup,no fresh breakout/continuation trigger
2026-08-10T13:04:44.772338,KALYANKJIL,setup,no fresh breakout/continuation trigger
2026-08-10T13:04:44.772338,ICICIBANK,setup,no fresh breakout/continuation trigger
2026-08-10T13:04:44.772338,RELIANCE,setup,RVOL 0.56 below 1.0
2026-08-10T13:04:44.772338,INFY,setup,no fresh breakout/continuation trigger
2026-08-10T13:04:44.772338,SBIN,setup,no fresh breakout/continuation trigger
2026-08-10T13:04:44.772338,BAJFINANCE,setup,no fresh breakout/continuation trigger
2026-08-10T13:04:44.772338,BHARTIARTL,setup,no fresh breakout/continuation trigger
2026-08-10T13:04:44.772338,BSE,setup,no fresh breakout/continuation trigger
2026-08-10T13:04:44.772338,ETERNAL,setup,no fresh breakout/continuation trigger
2026-08-10T13:04:44.772338,AXISBANK,setup,no fresh breakout/continuation trigger
2026-08-10T13:04:44.772338,TCS,setup,no fresh breakout/continuation trigger
2026-08-10T13:04:44.772338,LT,setup,no fresh breakout/continuation trigger
2026-08-10T13:04:44.772338,SWIGGY,setup,no fresh breakout/continuation trigger
2026-08-10T13:04:44.772338,DIXON,setup,entry extended 0.56 ATR
2026-08-10T13:04:44.788446,SHRIRAMFIN,setup,SL too wide (1.88 ATR)
2026-08-10T13:04:44.788446,TVSMOTOR,setup,SL too wide (1.81 ATR)
2026-08-10T13:04:44.788446,PAYTM,setup,no fresh breakout/continuation trigger
2026-08-10T13:04:44.788446,MARUTI,setup,no fresh breakout/continuation trigger
2026-08-10T13:04:44.788446,COFORGE,setup,no fresh breakout/continuation trigger
2026-08-10T13:04:44.788446,JIOFIN,setup,RVOL 0.80 below 1.0
2026-08-10T13:04:44.788446,BHEL,setup,no fresh breakout/continuation trigger
2026-08-10T13:04:44.788446,BAJAJ-AUTO,setup,no fresh breakout/continuation trigger
2026-08-10T13:04:44.788446,TECHM,setup,no fresh breakout/continuation trigger
2026-08-10T13:04:44.788446,ADANIPOWER,setup,2R target blocked by PDL 208.13
2026-08-10T13:04:44.788446,INDIGO,setup,no fresh breakout/continuation trigger
2026-08-10T13:04:44.788446,KOTAKBANK,setup,no fresh breakout/continuation trigger
2026-08-10T13:04:44.788446,KAYNES,setup,no fresh breakout/continuation trigger
2026-08-10T13:04:44.788446,MCX,setup,no fresh breakout/continuation trigger
2026-08-10T13:04:44.788446,HINDALCO,setup,no fresh breakout/continuation trigger
2026-08-10T13:04:44.788446,OFSS,setup,no fresh breakout/continuation trigger
2026-08-10T13:04:44.788446,SUNPHARMA,setup,no fresh breakout/continuation trigger
2026-08-10T13:04:44.788446,BEL,setup,no fresh breakout/continuation trigger
2026-08-10T13:04:44.788446,LICI,setup,no fresh breakout/continuation trigger
2026-08-10T13:04:44.788446,DIVISLAB,setup,no fresh breakout/continuation trigger
2026-08-10T13:04:44.788446,HCLTECH,setup,no fresh breakout/continuation trigger
2026-08-10T13:04:44.788446,ITC,setup,no fresh breakout/continuation trigger
2026-08-10T13:04:44.788446,GVT&D,setup,no fresh breakout/continuation trigger
2026-08-10T13:04:44.788446,TORNTPHARM,setup,RVOL 0.77 below 1.0
2026-08-10T13:04:44.788446,M&M,option,no eligible option contracts
2026-08-10T13:05:45.272716,HDFCBANK,setup,no fresh breakout/continuation trigger
2026-08-10T13:05:45.272716,KALYANKJIL,setup,no fresh breakout/continuation trigger
2026-08-10T13:05:45.272716,ICICIBANK,setup,no fresh breakout/continuation trigger
2026-08-10T13:05:45.272716,RELIANCE,setup,RVOL 0.56 below 1.0
2026-08-10T13:05:45.272716,INFY,setup,no fresh breakout/continuation trigger
2026-08-10T13:05:45.272716,SBIN,setup,no fresh breakout/continuation trigger
2026-08-10T13:05:45.272716,BAJFINANCE,setup,no fresh breakout/continuation trigger
2026-08-10T13:05:45.272716,BHARTIARTL,setup,no fresh breakout/continuation trigger
2026-08-10T13:05:45.272716,BSE,setup,no fresh breakout/continuation trigger
2026-08-10T13:05:45.272716,ETERNAL,setup,no fresh breakout/continuation trigger
2026-08-10T13:05:45.272716,AXISBANK,setup,no fresh breakout/continuation trigger
2026-08-10T13:05:45.272716,TCS,setup,no fresh breakout/continuation trigger
2026-08-10T13:05:45.272716,LT,setup,no fresh breakout/continuation trigger
2026-08-10T13:05:45.272716,SWIGGY,setup,no fresh breakout/continuation trigger
2026-08-10T13:05:45.272716,DIXON,setup,entry extended 0.56 ATR
2026-08-10T13:05:45.272716,SHRIRAMFIN,setup,SL too wide (1.88 ATR)
2026-08-10T13:05:45.272716,TVSMOTOR,setup,SL too wide (1.81 ATR)
2026-08-10T13:05:45.272716,PAYTM,setup,no fresh breakout/continuation trigger
2026-08-10T13:05:45.272716,MARUTI,setup,no fresh breakout/continuation trigger
2026-08-10T13:05:45.272716,COFORGE,setup,no fresh breakout/continuation trigger
2026-08-10T13:05:45.272716,JIOFIN,setup,RVOL 0.80 below 1.0
2026-08-10T13:05:45.272716,BHEL,setup,no fresh breakout/continuation trigger
2026-08-10T13:05:45.272716,BAJAJ-AUTO,setup,no fresh breakout/continuation trigger
2026-08-10T13:05:45.288461,TECHM,setup,no fresh breakout/continuation trigger
2026-08-10T13:05:45.288461,ADANIPOWER,setup,2R target blocked by PDL 208.13
2026-08-10T13:05:45.288461,INDIGO,setup,no fresh breakout/continuation trigger
2026-08-10T13:05:45.288461,KOTAKBANK,setup,no fresh breakout/continuation trigger
2026-08-10T13:05:45.288461,KAYNES,setup,no fresh breakout/continuation trigger
2026-08-10T13:05:45.288461,MCX,setup,no fresh breakout/continuation trigger
2026-08-10T13:05:45.288461,HINDALCO,setup,no fresh breakout/continuation trigger
2026-08-10T13:05:45.288461,OFSS,setup,no fresh breakout/continuation trigger
2026-08-10T13:05:45.288461,SUNPHARMA,setup,no fresh breakout/continuation trigger
2026-08-10T13:05:45.288461,BEL,setup,no fresh breakout/continuation trigger
2026-08-10T13:05:45.288461,LICI,setup,no fresh breakout/continuation trigger
2026-08-10T13:05:45.288461,DIVISLAB,setup,no fresh breakout/continuation trigger
2026-08-10T13:05:45.288461,HCLTECH,setup,no fresh breakout/continuation trigger
2026-08-10T13:05:45.288461,ITC,setup,no fresh breakout/continuation trigger
2026-08-10T13:05:45.288461,GVT&D,setup,no fresh breakout/continuation trigger
2026-08-10T13:05:45.288461,TORNTPHARM,setup,RVOL 0.77 below 1.0
2026-08-10T13:05:45.288461,M&M,option,no eligible option contracts
2026-08-10T13:06:45.757047,HDFCBANK,setup,no fresh breakout/continuation trigger
2026-08-10T13:06:45.757047,KALYANKJIL,setup,no fresh breakout/continuation trigger
2026-08-10T13:06:45.757047,ICICIBANK,setup,no fresh breakout/continuation trigger
2026-08-10T13:06:45.757047,RELIANCE,setup,RVOL 0.56 below 1.0
2026-08-10T13:06:45.757047,INFY,setup,no fresh breakout/continuation trigger
2026-08-10T13:06:45.757047,SBIN,setup,no fresh breakout/continuation trigger
2026-08-10T13:06:45.772995,BAJFINANCE,setup,no fresh breakout/continuation trigger
2026-08-10T13:06:45.772995,BHARTIARTL,setup,no fresh breakout/continuation trigger
2026-08-10T13:06:45.772995,BSE,setup,no fresh breakout/continuation trigger
2026-08-10T13:06:45.772995,ETERNAL,setup,no fresh breakout/continuation trigger
2026-08-10T13:06:45.772995,AXISBANK,setup,no fresh breakout/continuation trigger
2026-08-10T13:06:45.772995,TCS,setup,no fresh breakout/continuation trigger
2026-08-10T13:06:45.772995,LT,setup,no fresh breakout/continuation trigger
2026-08-10T13:06:45.772995,SWIGGY,setup,no fresh breakout/continuation trigger
2026-08-10T13:06:45.772995,DIXON,setup,entry extended 0.56 ATR
2026-08-10T13:06:45.772995,SHRIRAMFIN,setup,SL too wide (1.88 ATR)
2026-08-10T13:06:45.772995,TVSMOTOR,setup,SL too wide (1.81 ATR)
2026-08-10T13:06:45.772995,PAYTM,setup,no fresh breakout/continuation trigger
2026-08-10T13:06:45.772995,MARUTI,setup,no fresh breakout/continuation trigger
2026-08-10T13:06:45.772995,COFORGE,setup,no fresh breakout/continuation trigger
2026-08-10T13:06:45.772995,JIOFIN,setup,RVOL 0.80 below 1.0
2026-08-10T13:06:45.772995,BHEL,setup,no fresh breakout/continuation trigger
2026-08-10T13:06:45.772995,BAJAJ-AUTO,setup,no fresh breakout/continuation trigger
2026-08-10T13:06:45.772995,TECHM,setup,no fresh breakout/continuation trigger
2026-08-10T13:06:45.772995,ADANIPOWER,setup,2R target blocked by PDL 208.13
2026-08-10T13:06:45.772995,INDIGO,setup,no fresh breakout/continuation trigger
2026-08-10T13:06:45.772995,KOTAKBANK,setup,no fresh breakout/continuation trigger
2026-08-10T13:06:45.772995,KAYNES,setup,no fresh breakout/continuation trigger
2026-08-10T13:06:45.772995,MCX,setup,no fresh breakout/continuation trigger
2026-08-10T13:06:45.772995,HINDALCO,setup,no fresh breakout/continuation trigger
2026-08-10T13:06:45.772995,OFSS,setup,no fresh breakout/continuation trigger
2026-08-10T13:06:45.772995,SUNPHARMA,setup,no fresh breakout/continuation trigger
2026-08-10T13:06:45.788737,BEL,setup,no fresh breakout/continuation trigger
2026-08-10T13:06:45.788737,LICI,setup,no fresh breakout/continuation trigger
2026-08-10T13:06:45.788737,DIVISLAB,setup,no fresh breakout/continuation trigger
2026-08-10T13:06:45.788737,HCLTECH,setup,no fresh breakout/continuation trigger
2026-08-10T13:06:45.788737,ITC,setup,no fresh breakout/continuation trigger
2026-08-10T13:06:45.788737,GVT&D,setup,no fresh breakout/continuation trigger
2026-08-10T13:06:45.792611,TORNTPHARM,setup,RVOL 0.77 below 1.0
2026-08-10T13:06:45.792611,M&M,option,no eligible option contracts
2026-08-10T13:07:46.257079,HDFCBANK,setup,no fresh breakout/continuation trigger
2026-08-10T13:07:46.257079,KALYANKJIL,setup,no fresh breakout/continuation trigger
2026-08-10T13:07:46.257079,ICICIBANK,setup,no fresh breakout/continuation trigger
2026-08-10T13:07:46.257079,RELIANCE,setup,RVOL 0.56 below 1.0
2026-08-10T13:07:46.257079,INFY,setup,no fresh breakout/continuation trigger
2026-08-10T13:07:46.257079,SBIN,setup,no fresh breakout/continuation trigger
2026-08-10T13:07:46.257079,BAJFINANCE,setup,no fresh breakout/continuation trigger
2026-08-10T13:07:46.272791,BHARTIARTL,setup,no fresh breakout/continuation trigger
2026-08-10T13:07:46.272791,BSE,setup,no fresh breakout/continuation trigger
2026-08-10T13:07:46.272791,ETERNAL,setup,no fresh breakout/continuation trigger
2026-08-10T13:07:46.272791,AXISBANK,setup,no fresh breakout/continuation trigger
2026-08-10T13:07:46.272791,TCS,setup,no fresh breakout/continuation trigger
2026-08-10T13:07:46.272791,LT,setup,no fresh breakout/continuation trigger
2026-08-10T13:07:46.272791,SWIGGY,setup,no fresh breakout/continuation trigger
2026-08-10T13:07:46.272791,DIXON,setup,entry extended 0.56 ATR
2026-08-10T13:07:46.272791,SHRIRAMFIN,setup,SL too wide (1.88 ATR)
2026-08-10T13:07:46.272791,TVSMOTOR,setup,SL too wide (1.81 ATR)
2026-08-10T13:07:46.272791,PAYTM,setup,no fresh breakout/continuation trigger
2026-08-10T13:07:46.272791,MARUTI,setup,no fresh breakout/continuation trigger
2026-08-10T13:07:46.272791,COFORGE,setup,no fresh breakout/continuation trigger
2026-08-10T13:07:46.272791,JIOFIN,setup,RVOL 0.80 below 1.0
2026-08-10T13:07:46.272791,BHEL,setup,no fresh breakout/continuation trigger
2026-08-10T13:07:46.272791,BAJAJ-AUTO,setup,no fresh breakout/continuation trigger
2026-08-10T13:07:46.272791,TECHM,setup,no fresh breakout/continuation trigger
2026-08-10T13:07:46.272791,ADANIPOWER,setup,2R target blocked by PDL 208.13
2026-08-10T13:07:46.272791,INDIGO,setup,no fresh breakout/continuation trigger
2026-08-10T13:07:46.272791,KOTAKBANK,setup,no fresh breakout/continuation trigger
2026-08-10T13:07:46.272791,KAYNES,setup,no fresh breakout/continuation trigger
2026-08-10T13:07:46.272791,MCX,setup,no fresh breakout/continuation trigger
2026-08-10T13:07:46.272791,HINDALCO,setup,no fresh breakout/continuation trigger
2026-08-10T13:07:46.272791,OFSS,setup,no fresh breakout/continuation trigger
2026-08-10T13:07:46.272791,SUNPHARMA,setup,no fresh breakout/continuation trigger
2026-08-10T13:07:46.272791,BEL,setup,no fresh breakout/continuation trigger
2026-08-10T13:07:46.288529,LICI,setup,no fresh breakout/continuation trigger
2026-08-10T13:07:46.288529,DIVISLAB,setup,no fresh breakout/continuation trigger
2026-08-10T13:07:46.288529,HCLTECH,setup,no fresh breakout/continuation trigger
2026-08-10T13:07:46.288529,ITC,setup,no fresh breakout/continuation trigger
2026-08-10T13:07:46.288529,GVT&D,setup,no fresh breakout/continuation trigger
2026-08-10T13:07:46.288529,TORNTPHARM,setup,RVOL 0.77 below 1.0
2026-08-10T13:07:46.292259,M&M,option,no eligible option contracts
2026-08-10T13:08:46.759518,HDFCBANK,setup,no fresh breakout/continuation trigger
2026-08-10T13:08:46.759518,KALYANKJIL,setup,no fresh breakout/continuation trigger
2026-08-10T13:08:46.759518,ICICIBANK,setup,no fresh breakout/continuation trigger
2026-08-10T13:08:46.759518,RELIANCE,setup,RVOL 0.56 below 1.0
2026-08-10T13:08:46.759518,INFY,setup,no fresh breakout/continuation trigger
2026-08-10T13:08:46.759518,SBIN,setup,no fresh breakout/continuation trigger
2026-08-10T13:08:46.759518,BAJFINANCE,setup,no fresh breakout/continuation trigger
2026-08-10T13:08:46.759518,BHARTIARTL,setup,no fresh breakout/continuation trigger
2026-08-10T13:08:46.759518,BSE,setup,no fresh breakout/continuation trigger
2026-08-10T13:08:46.759518,ETERNAL,setup,no fresh breakout/continuation trigger
2026-08-10T13:08:46.759518,AXISBANK,setup,no fresh breakout/continuation trigger
2026-08-10T13:08:46.759518,TCS,setup,no fresh breakout/continuation trigger
2026-08-10T13:08:46.759518,LT,setup,no fresh breakout/continuation trigger
2026-08-10T13:08:46.759518,SWIGGY,setup,no fresh breakout/continuation trigger
2026-08-10T13:08:46.759518,DIXON,setup,entry extended 0.56 ATR
2026-08-10T13:08:46.769616,SHRIRAMFIN,setup,SL too wide (1.88 ATR)
2026-08-10T13:08:46.769616,TVSMOTOR,setup,SL too wide (1.81 ATR)
2026-08-10T13:08:46.769616,PAYTM,setup,no fresh breakout/continuation trigger
2026-08-10T13:08:46.769616,MARUTI,setup,no fresh breakout/continuation trigger
2026-08-10T13:08:46.773980,COFORGE,setup,no fresh breakout/continuation trigger
2026-08-10T13:08:46.773980,JIOFIN,setup,RVOL 0.80 below 1.0
2026-08-10T13:08:46.773980,BHEL,setup,no fresh breakout/continuation trigger
2026-08-10T13:08:46.773980,BAJAJ-AUTO,setup,no fresh breakout/continuation trigger
2026-08-10T13:08:46.773980,TECHM,setup,no fresh breakout/continuation trigger
2026-08-10T13:08:46.773980,ADANIPOWER,setup,2R target blocked by PDL 208.13
2026-08-10T13:08:46.773980,INDIGO,setup,no fresh breakout/continuation trigger
2026-08-10T13:08:46.773980,KOTAKBANK,setup,no fresh breakout/continuation trigger
2026-08-10T13:08:46.780434,KAYNES,setup,no fresh breakout/continuation trigger
2026-08-10T13:08:46.781472,MCX,setup,no fresh breakout/continuation trigger
2026-08-10T13:08:46.781472,HINDALCO,setup,no fresh breakout/continuation trigger
2026-08-10T13:08:46.782712,OFSS,setup,no fresh breakout/continuation trigger
2026-08-10T13:08:46.782712,SUNPHARMA,setup,no fresh breakout/continuation trigger
2026-08-10T13:08:46.783756,BEL,setup,no fresh breakout/continuation trigger
2026-08-10T13:08:46.783756,LICI,setup,no fresh breakout/continuation trigger
2026-08-10T13:08:46.784761,DIVISLAB,setup,no fresh breakout/continuation trigger
2026-08-10T13:08:46.785796,HCLTECH,setup,no fresh breakout/continuation trigger
2026-08-10T13:08:46.785796,ITC,setup,no fresh breakout/continuation trigger
2026-08-10T13:08:46.786801,GVT&D,setup,no fresh breakout/continuation trigger
2026-08-10T13:08:46.786801,TORNTPHARM,setup,RVOL 0.77 below 1.0
2026-08-10T13:08:46.787805,M&M,option,no eligible option contracts
2026-08-10T13:09:49.540718,HDFCBANK,setup,no fresh breakout/continuation trigger
2026-08-10T13:09:49.540718,KALYANKJIL,setup,no fresh breakout/continuation trigger
2026-08-10T13:09:49.540718,ICICIBANK,setup,no fresh breakout/continuation trigger
2026-08-10T13:09:49.540718,RELIANCE,setup,no fresh breakout/continuation trigger
2026-08-10T13:09:49.540718,INFY,setup,no fresh breakout/continuation trigger
2026-08-10T13:09:49.540718,SBIN,setup,no fresh breakout/continuation trigger
2026-08-10T13:09:49.540718,BAJFINANCE,setup,no fresh breakout/continuation trigger
2026-08-10T13:09:49.540718,BHARTIARTL,setup,no fresh breakout/continuation trigger
2026-08-10T13:09:49.556511,BSE,setup,no fresh breakout/continuation trigger
2026-08-10T13:09:49.556511,ETERNAL,setup,no fresh breakout/continuation trigger
2026-08-10T13:09:49.557745,AXISBANK,setup,entry extended 0.48 ATR
2026-08-10T13:09:49.557745,TCS,setup,no fresh breakout/continuation trigger
2026-08-10T13:09:49.558749,M&M,setup,no fresh breakout/continuation trigger
2026-08-10T13:09:49.558749,LT,setup,no fresh breakout/continuation trigger
2026-08-10T13:09:49.560132,SWIGGY,setup,no fresh breakout/continuation trigger
2026-08-10T13:09:49.560132,DIXON,setup,no fresh breakout/continuation trigger
2026-08-10T13:09:49.561551,SHRIRAMFIN,setup,no fresh breakout/continuation trigger
2026-08-10T13:09:49.561551,TVSMOTOR,setup,no fresh breakout/continuation trigger
2026-08-10T13:09:49.562885,PAYTM,setup,entry extended 0.66 ATR
2026-08-10T13:09:49.562885,MARUTI,setup,no fresh breakout/continuation trigger
2026-08-10T13:09:49.564100,COFORGE,setup,no fresh breakout/continuation trigger
2026-08-10T13:09:49.564100,JIOFIN,setup,no fresh breakout/continuation trigger
2026-08-10T13:09:49.564100,BHEL,setup,no fresh breakout/continuation trigger
2026-08-10T13:09:49.565299,BAJAJ-AUTO,setup,no fresh breakout/continuation trigger
2026-08-10T13:09:49.566295,TECHM,setup,no fresh breakout/continuation trigger
2026-08-10T13:09:49.566295,ADANIPOWER,setup,no fresh breakout/continuation trigger
2026-08-10T13:09:49.567301,INDIGO,setup,no fresh breakout/continuation trigger
2026-08-10T13:09:49.567301,KOTAKBANK,setup,no fresh breakout/continuation trigger
2026-08-10T13:09:49.568391,KAYNES,setup,no fresh breakout/continuation trigger
2026-08-10T13:09:49.568391,MCX,setup,no fresh breakout/continuation trigger
2026-08-10T13:09:49.569902,HINDALCO,setup,no fresh breakout/continuation trigger
2026-08-10T13:09:49.569902,OFSS,setup,no fresh breakout/continuation trigger
2026-08-10T13:09:49.569902,SUNPHARMA,setup,no fresh breakout/continuation trigger
2026-08-10T13:09:49.571041,BEL,setup,SL too wide (1.83 ATR)
2026-08-10T13:09:49.571041,LICI,setup,no fresh breakout/continuation trigger
2026-08-10T13:09:49.572066,DIVISLAB,setup,entry extended 0.97 ATR
2026-08-10T13:09:49.573109,HCLTECH,setup,no fresh breakout/continuation trigger
2026-08-10T13:09:49.573109,ITC,setup,no fresh breakout/continuation trigger
2026-08-10T13:09:49.574149,GVT&D,setup,no fresh breakout/continuation trigger
2026-08-10T13:09:49.574149,TORNTPHARM,setup,SL too wide (1.54 ATR)
2026-08-10T13:10:50.023217,HDFCBANK,setup,no fresh breakout/continuation trigger
2026-08-10T13:10:50.023217,KALYANKJIL,setup,no fresh breakout/continuation trigger
2026-08-10T13:10:50.038935,ICICIBANK,setup,no fresh breakout/continuation trigger
2026-08-10T13:10:50.040828,RELIANCE,setup,no fresh breakout/continuation trigger
2026-08-10T13:10:50.040828,INFY,setup,no fresh breakout/continuation trigger
2026-08-10T13:10:50.041831,SBIN,setup,no fresh breakout/continuation trigger
2026-08-10T13:10:50.041831,BAJFINANCE,setup,no fresh breakout/continuation trigger
2026-08-10T13:10:50.043275,BHARTIARTL,setup,no fresh breakout/continuation trigger
2026-08-10T13:10:50.043275,BSE,setup,no fresh breakout/continuation trigger
2026-08-10T13:10:50.044281,ETERNAL,setup,no fresh breakout/continuation trigger
2026-08-10T13:10:50.044281,AXISBANK,setup,entry extended 0.48 ATR
2026-08-10T13:10:50.045763,TCS,setup,no fresh breakout/continuation trigger
2026-08-10T13:10:50.045763,M&M,setup,no fresh breakout/continuation trigger
2026-08-10T13:10:50.047104,LT,setup,no fresh breakout/continuation trigger
2026-08-10T13:10:50.047104,SWIGGY,setup,no fresh breakout/continuation trigger
2026-08-10T13:10:50.048144,DIXON,setup,no fresh breakout/continuation trigger
2026-08-10T13:10:50.049216,SHRIRAMFIN,setup,no fresh breakout/continuation trigger
2026-08-10T13:10:50.049216,TVSMOTOR,setup,no fresh breakout/continuation trigger
2026-08-10T13:10:50.050205,PAYTM,setup,entry extended 0.66 ATR
2026-08-10T13:10:50.050205,MARUTI,setup,no fresh breakout/continuation trigger
2026-08-10T13:10:50.051349,COFORGE,setup,no fresh breakout/continuation trigger
2026-08-10T13:10:50.052417,JIOFIN,setup,no fresh breakout/continuation trigger
2026-08-10T13:10:50.052417,BHEL,setup,no fresh breakout/continuation trigger
2026-08-10T13:10:50.053421,BAJAJ-AUTO,setup,no fresh breakout/continuation trigger
2026-08-10T13:10:50.053421,TECHM,setup,no fresh breakout/continuation trigger
2026-08-10T13:10:50.054711,ADANIPOWER,setup,no fresh breakout/continuation trigger
2026-08-10T13:10:50.055790,INDIGO,setup,no fresh breakout/continuation trigger
2026-08-10T13:10:50.055790,KOTAKBANK,setup,no fresh breakout/continuation trigger
2026-08-10T13:10:50.056793,KAYNES,setup,no fresh breakout/continuation trigger
2026-08-10T13:10:50.056793,MCX,setup,no fresh breakout/continuation trigger
2026-08-10T13:10:50.058075,HINDALCO,setup,no fresh breakout/continuation trigger
2026-08-10T13:10:50.058075,OFSS,setup,no fresh breakout/continuation trigger
2026-08-10T13:10:50.059196,SUNPHARMA,setup,no fresh breakout/continuation trigger
2026-08-10T13:10:50.059196,BEL,setup,SL too wide (1.83 ATR)
2026-08-10T13:10:50.060365,LICI,setup,no fresh breakout/continuation trigger
2026-08-10T13:10:50.060365,DIVISLAB,setup,entry extended 0.97 ATR
2026-08-10T13:10:50.061528,HCLTECH,setup,no fresh breakout/continuation trigger
2026-08-10T13:10:50.061528,ITC,setup,no fresh breakout/continuation trigger
2026-08-10T13:10:50.061528,GVT&D,setup,no fresh breakout/continuation trigger
2026-08-10T13:10:50.062696,TORNTPHARM,setup,SL too wide (1.54 ATR)
2026-08-10T13:11:50.601780,HDFCBANK,setup,no fresh breakout/continuation trigger
2026-08-10T13:11:50.601780,KALYANKJIL,setup,no fresh breakout/continuation trigger
2026-08-10T13:11:50.601780,ICICIBANK,setup,no fresh breakout/continuation trigger
2026-08-10T13:11:50.601780,RELIANCE,setup,no fresh breakout/continuation trigger
2026-08-10T13:11:50.601780,INFY,setup,no fresh breakout/continuation trigger
2026-08-10T13:11:50.601780,SBIN,setup,no fresh breakout/continuation trigger
2026-08-10T13:11:50.601780,BAJFINANCE,setup,no fresh breakout/continuation trigger
2026-08-10T13:11:50.601780,BHARTIARTL,setup,no fresh breakout/continuation trigger
2026-08-10T13:11:50.601780,BSE,setup,no fresh breakout/continuation trigger
2026-08-10T13:11:50.601780,ETERNAL,setup,no fresh breakout/continuation trigger
2026-08-10T13:11:50.601780,AXISBANK,setup,entry extended 0.48 ATR
2026-08-10T13:11:50.601780,TCS,setup,no fresh breakout/continuation trigger
2026-08-10T13:11:50.617719,M&M,setup,no fresh breakout/continuation trigger
2026-08-10T13:11:50.618908,LT,setup,no fresh breakout/continuation trigger
2026-08-10T13:11:50.618908,SWIGGY,setup,no fresh breakout/continuation trigger
2026-08-10T13:11:50.619959,DIXON,setup,no fresh breakout/continuation trigger
2026-08-10T13:11:50.619959,SHRIRAMFIN,setup,no fresh breakout/continuation trigger
2026-08-10T13:11:50.621246,TVSMOTOR,setup,no fresh breakout/continuation trigger
2026-08-10T13:11:50.621246,PAYTM,setup,entry extended 0.66 ATR
2026-08-10T13:11:50.622255,MARUTI,setup,no fresh breakout/continuation trigger
2026-08-10T13:11:50.622255,COFORGE,setup,no fresh breakout/continuation trigger
2026-08-10T13:11:50.623269,JIOFIN,setup,no fresh breakout/continuation trigger
2026-08-10T13:11:50.624429,BHEL,setup,no fresh breakout/continuation trigger
2026-08-10T13:11:50.624429,BAJAJ-AUTO,setup,no fresh breakout/continuation trigger
2026-08-10T13:11:50.625435,TECHM,setup,no fresh breakout/continuation trigger
2026-08-10T13:11:50.625435,ADANIPOWER,setup,no fresh breakout/continuation trigger
2026-08-10T13:11:50.626457,INDIGO,setup,no fresh breakout/continuation trigger
2026-08-10T13:11:50.627458,KOTAKBANK,setup,no fresh breakout/continuation trigger
2026-08-10T13:11:50.627458,KAYNES,setup,no fresh breakout/continuation trigger
2026-08-10T13:11:50.628787,MCX,setup,no fresh breakout/continuation trigger
2026-08-10T13:11:50.628787,HINDALCO,setup,no fresh breakout/continuation trigger
2026-08-10T13:11:50.629832,OFSS,setup,no fresh breakout/continuation trigger
2026-08-10T13:11:50.629832,SUNPHARMA,setup,no fresh breakout/continuation trigger
2026-08-10T13:11:50.630850,BEL,setup,SL too wide (1.83 ATR)
2026-08-10T13:11:50.630850,LICI,setup,no fresh breakout/continuation trigger
2026-08-10T13:11:50.632158,DIVISLAB,setup,entry extended 0.97 ATR
2026-08-10T13:11:50.632158,HCLTECH,setup,no fresh breakout/continuation trigger
2026-08-10T13:11:50.633160,ITC,setup,no fresh breakout/continuation trigger
2026-08-10T13:11:50.634311,GVT&D,setup,no fresh breakout/continuation trigger
2026-08-10T13:11:50.634311,TORNTPHARM,setup,SL too wide (1.54 ATR)
2026-08-10T13:12:51.101618,HDFCBANK,setup,no fresh breakout/continuation trigger
2026-08-10T13:12:51.101618,KALYANKJIL,setup,no fresh breakout/continuation trigger
2026-08-10T13:12:51.101618,ICICIBANK,setup,no fresh breakout/continuation trigger
2026-08-10T13:12:51.101618,RELIANCE,setup,no fresh breakout/continuation trigger
2026-08-10T13:12:51.101618,INFY,setup,no fresh breakout/continuation trigger
2026-08-10T13:12:51.101618,SBIN,setup,no fresh breakout/continuation trigger
2026-08-10T13:12:51.101618,BAJFINANCE,setup,no fresh breakout/continuation trigger
2026-08-10T13:12:51.101618,BHARTIARTL,setup,no fresh breakout/continuation trigger
2026-08-10T13:12:51.101618,BSE,setup,no fresh breakout/continuation trigger
2026-08-10T13:12:51.101618,ETERNAL,setup,no fresh breakout/continuation trigger
2026-08-10T13:12:51.101618,AXISBANK,setup,entry extended 0.48 ATR
2026-08-10T13:12:51.101618,TCS,setup,no fresh breakout/continuation trigger
2026-08-10T13:12:51.101618,M&M,setup,no fresh breakout/continuation trigger
2026-08-10T13:12:51.101618,LT,setup,no fresh breakout/continuation trigger
2026-08-10T13:12:51.101618,SWIGGY,setup,no fresh breakout/continuation trigger
2026-08-10T13:12:51.101618,DIXON,setup,no fresh breakout/continuation trigger
2026-08-10T13:12:51.117462,SHRIRAMFIN,setup,no fresh breakout/continuation trigger
2026-08-10T13:12:51.117462,TVSMOTOR,setup,no fresh breakout/continuation trigger
2026-08-10T13:12:51.118626,PAYTM,setup,entry extended 0.66 ATR
2026-08-10T13:12:51.119725,MARUTI,setup,no fresh breakout/continuation trigger
2026-08-10T13:12:51.119725,COFORGE,setup,no fresh breakout/continuation trigger
2026-08-10T13:12:51.120730,JIOFIN,setup,no fresh breakout/continuation trigger
2026-08-10T13:12:51.120730,BHEL,setup,no fresh breakout/continuation trigger
2026-08-10T13:12:51.121735,BAJAJ-AUTO,setup,no fresh breakout/continuation trigger
2026-08-10T13:12:51.121735,TECHM,setup,no fresh breakout/continuation trigger
2026-08-10T13:12:51.122752,ADANIPOWER,setup,no fresh breakout/continuation trigger
2026-08-10T13:12:51.123782,INDIGO,setup,no fresh breakout/continuation trigger
2026-08-10T13:12:51.123782,KOTAKBANK,setup,no fresh breakout/continuation trigger
2026-08-10T13:12:51.124877,KAYNES,setup,no fresh breakout/continuation trigger
2026-08-10T13:12:51.124877,MCX,setup,no fresh breakout/continuation trigger
2026-08-10T13:12:51.125913,HINDALCO,setup,no fresh breakout/continuation trigger
2026-08-10T13:12:51.125913,OFSS,setup,no fresh breakout/continuation trigger
2026-08-10T13:12:51.126939,SUNPHARMA,setup,no fresh breakout/continuation trigger
2026-08-10T13:12:51.126939,BEL,setup,SL too wide (1.83 ATR)
2026-08-10T13:12:51.128157,LICI,setup,no fresh breakout/continuation trigger
2026-08-10T13:12:51.128157,DIVISLAB,setup,entry extended 0.97 ATR
2026-08-10T13:12:51.129160,HCLTECH,setup,no fresh breakout/continuation trigger
2026-08-10T13:12:51.129160,ITC,setup,no fresh breakout/continuation trigger
2026-08-10T13:12:51.130164,GVT&D,setup,no fresh breakout/continuation trigger
2026-08-10T13:12:51.130164,TORNTPHARM,setup,SL too wide (1.54 ATR)
2026-08-10T13:13:51.655626,HDFCBANK,setup,no fresh breakout/continuation trigger
2026-08-10T13:13:51.656629,KALYANKJIL,setup,no fresh breakout/continuation trigger
2026-08-10T13:13:51.656629,ICICIBANK,setup,no fresh breakout/continuation trigger
2026-08-10T13:13:51.658072,RELIANCE,setup,no fresh breakout/continuation trigger
2026-08-10T13:13:51.658072,INFY,setup,no fresh breakout/continuation trigger
2026-08-10T13:13:51.659078,SBIN,setup,no fresh breakout/continuation trigger
2026-08-10T13:13:51.659592,BAJFINANCE,setup,no fresh breakout/continuation trigger
2026-08-10T13:13:51.660705,BHARTIARTL,setup,no fresh breakout/continuation trigger
2026-08-10T13:13:51.660705,BSE,setup,no fresh breakout/continuation trigger
2026-08-10T13:13:51.662012,ETERNAL,setup,no fresh breakout/continuation trigger
2026-08-10T13:13:51.662012,AXISBANK,setup,entry extended 0.48 ATR
2026-08-10T13:13:51.663035,TCS,setup,no fresh breakout/continuation trigger
2026-08-10T13:13:51.663035,M&M,setup,no fresh breakout/continuation trigger
2026-08-10T13:13:51.664278,LT,setup,no fresh breakout/continuation trigger
2026-08-10T13:13:51.665275,SWIGGY,setup,no fresh breakout/continuation trigger
2026-08-10T13:13:51.665275,DIXON,setup,no fresh breakout/continuation trigger
2026-08-10T13:13:51.666636,SHRIRAMFIN,setup,no fresh breakout/continuation trigger
2026-08-10T13:13:51.666636,TVSMOTOR,setup,no fresh breakout/continuation trigger
2026-08-10T13:13:51.667659,PAYTM,setup,entry extended 0.66 ATR
2026-08-10T13:13:51.668672,MARUTI,setup,no fresh breakout/continuation trigger
2026-08-10T13:13:51.668672,COFORGE,setup,no fresh breakout/continuation trigger
2026-08-10T13:13:51.669809,JIOFIN,setup,no fresh breakout/continuation trigger
2026-08-10T13:13:51.669809,BHEL,setup,no fresh breakout/continuation trigger
2026-08-10T13:13:51.670813,BAJAJ-AUTO,setup,no fresh breakout/continuation trigger
2026-08-10T13:13:51.670813,TECHM,setup,no fresh breakout/continuation trigger
2026-08-10T13:13:51.671888,ADANIPOWER,setup,no fresh breakout/continuation trigger
2026-08-10T13:13:51.672958,INDIGO,setup,no fresh breakout/continuation trigger
2026-08-10T13:13:51.672958,KOTAKBANK,setup,no fresh breakout/continuation trigger
2026-08-10T13:13:51.674043,KAYNES,setup,no fresh breakout/continuation trigger
2026-08-10T13:13:51.674043,MCX,setup,no fresh breakout/continuation trigger
2026-08-10T13:13:51.675047,HINDALCO,setup,no fresh breakout/continuation trigger
2026-08-10T13:13:51.676064,OFSS,setup,no fresh breakout/continuation trigger
2026-08-10T13:13:51.676064,SUNPHARMA,setup,no fresh breakout/continuation trigger
2026-08-10T13:13:51.677065,BEL,setup,SL too wide (1.83 ATR)
2026-08-10T13:13:51.677065,LICI,setup,no fresh breakout/continuation trigger
2026-08-10T13:13:51.678078,DIVISLAB,setup,entry extended 0.97 ATR
2026-08-10T13:13:51.678078,HCLTECH,setup,no fresh breakout/continuation trigger
2026-08-10T13:13:51.678078,ITC,setup,no fresh breakout/continuation trigger
2026-08-10T13:13:51.678078,GVT&D,setup,no fresh breakout/continuation trigger
2026-08-10T13:13:51.678078,TORNTPHARM,setup,SL too wide (1.54 ATR)
2026-08-10T13:16:12.538249,HDFCBANK,setup,no fresh breakout/continuation trigger
2026-08-10T13:16:12.538249,KALYANKJIL,setup,no fresh breakout/continuation trigger
2026-08-10T13:16:12.538249,ICICIBANK,setup,no fresh breakout/continuation trigger
2026-08-10T13:16:12.538249,RELIANCE,setup,no fresh breakout/continuation trigger
2026-08-10T13:16:12.538249,INFY,setup,no fresh breakout/continuation trigger
2026-08-10T13:16:12.538249,SBIN,setup,no fresh breakout/continuation trigger
2026-08-10T13:16:12.538249,BAJFINANCE,setup,no fresh breakout/continuation trigger
2026-08-10T13:16:12.538249,BHARTIARTL,setup,no fresh breakout/continuation trigger
2026-08-10T13:16:12.538249,BSE,setup,no fresh breakout/continuation trigger
2026-08-10T13:16:12.538249,ETERNAL,setup,no fresh breakout/continuation trigger
2026-08-10T13:16:12.538249,AXISBANK,setup,no fresh breakout/continuation trigger
2026-08-10T13:16:12.538249,TCS,setup,no fresh breakout/continuation trigger
2026-08-10T13:16:12.538249,M&M,setup,RVOL 0.12 below 1.0
2026-08-10T13:16:12.554348,LT,setup,no fresh breakout/continuation trigger
2026-08-10T13:16:12.554348,SWIGGY,setup,no fresh breakout/continuation trigger
2026-08-10T13:16:12.554348,DIXON,setup,no fresh breakout/continuation trigger
2026-08-10T13:16:12.554348,SHRIRAMFIN,setup,no fresh breakout/continuation trigger
2026-08-10T13:16:12.554348,TVSMOTOR,setup,no fresh breakout/continuation trigger
2026-08-10T13:16:12.554348,PAYTM,setup,no fresh breakout/continuation trigger
2026-08-10T13:16:12.554348,MARUTI,setup,no fresh breakout/continuation trigger
2026-08-10T13:16:12.554348,COFORGE,setup,no fresh breakout/continuation trigger
2026-08-10T13:16:12.554348,JIOFIN,setup,no fresh breakout/continuation trigger
2026-08-10T13:16:12.554348,BHEL,setup,no fresh breakout/continuation trigger
2026-08-10T13:16:12.554348,BAJAJ-AUTO,setup,no fresh breakout/continuation trigger
2026-08-10T13:16:12.554348,TECHM,setup,no fresh breakout/continuation trigger
2026-08-10T13:16:12.554348,ADANIPOWER,setup,no fresh breakout/continuation trigger
2026-08-10T13:16:12.554348,INDIGO,setup,no fresh breakout/continuation trigger
2026-08-10T13:16:12.554348,MCX,setup,no fresh breakout/continuation trigger
2026-08-10T13:16:12.554348,KAYNES,setup,no fresh breakout/continuation trigger
2026-08-10T13:16:12.554348,KOTAKBANK,setup,no fresh breakout/continuation trigger
2026-08-10T13:16:12.554348,HINDALCO,setup,no fresh breakout/continuation trigger
2026-08-10T13:16:12.554348,OFSS,setup,no fresh breakout/continuation trigger
2026-08-10T13:16:12.554348,SUNPHARMA,setup,SL too wide (1.56 ATR)
2026-08-10T13:16:12.554348,BEL,setup,no fresh breakout/continuation trigger
2026-08-10T13:16:12.554348,LICI,setup,no fresh breakout/continuation trigger
2026-08-10T13:16:12.554348,DIVISLAB,setup,no fresh breakout/continuation trigger
2026-08-10T13:16:12.554348,HCLTECH,setup,no fresh breakout/continuation trigger
2026-08-10T13:16:12.554348,GVT&D,setup,no fresh breakout/continuation trigger
2026-08-10T13:16:12.570417,ITC,setup,no fresh breakout/continuation trigger
2026-08-10T13:16:12.570417,TORNTPHARM,setup,RVOL 0.10 below 1.0
2026-08-10T13:17:13.022731,HDFCBANK,setup,no fresh breakout/continuation trigger
2026-08-10T13:17:13.022731,KALYANKJIL,setup,no fresh breakout/continuation trigger
2026-08-10T13:17:13.022731,ICICIBANK,setup,no fresh breakout/continuation trigger
2026-08-10T13:17:13.022731,RELIANCE,setup,no fresh breakout/continuation trigger
2026-08-10T13:17:13.022731,INFY,setup,no fresh breakout/continuation trigger
2026-08-10T13:17:13.022731,SBIN,setup,no fresh breakout/continuation trigger
2026-08-10T13:17:13.038625,BAJFINANCE,setup,no fresh breakout/continuation trigger
2026-08-10T13:17:13.038625,BHARTIARTL,setup,no fresh breakout/continuation trigger
2026-08-10T13:17:13.038625,BSE,setup,no fresh breakout/continuation trigger
2026-08-10T13:17:13.038625,ETERNAL,setup,no fresh breakout/continuation trigger
2026-08-10T13:17:13.038625,AXISBANK,setup,no fresh breakout/continuation trigger
2026-08-10T13:17:13.038625,TCS,setup,no fresh breakout/continuation trigger
2026-08-10T13:17:13.038625,M&M,setup,RVOL 0.12 below 1.0
2026-08-10T13:17:13.038625,LT,setup,no fresh breakout/continuation trigger
2026-08-10T13:17:13.038625,SWIGGY,setup,no fresh breakout/continuation trigger
2026-08-10T13:17:13.038625,DIXON,setup,no fresh breakout/continuation trigger
2026-08-10T13:17:13.038625,SHRIRAMFIN,setup,no fresh breakout/continuation trigger
2026-08-10T13:17:13.038625,TVSMOTOR,setup,no fresh breakout/continuation trigger
2026-08-10T13:17:13.038625,PAYTM,setup,no fresh breakout/continuation trigger
2026-08-10T13:17:13.038625,MARUTI,setup,no fresh breakout/continuation trigger
2026-08-10T13:17:13.038625,COFORGE,setup,no fresh breakout/continuation trigger
2026-08-10T13:17:13.038625,JIOFIN,setup,no fresh breakout/continuation trigger
2026-08-10T13:17:13.038625,BHEL,setup,no fresh breakout/continuation trigger
2026-08-10T13:17:13.038625,BAJAJ-AUTO,setup,no fresh breakout/continuation trigger
2026-08-10T13:17:13.038625,TECHM,setup,no fresh breakout/continuation trigger
2026-08-10T13:17:13.038625,ADANIPOWER,setup,no fresh breakout/continuation trigger
2026-08-10T13:17:13.038625,INDIGO,setup,no fresh breakout/continuation trigger
2026-08-10T13:17:13.038625,MCX,setup,no fresh breakout/continuation trigger
2026-08-10T13:17:13.038625,KAYNES,setup,no fresh breakout/continuation trigger
2026-08-10T13:17:13.038625,KOTAKBANK,setup,no fresh breakout/continuation trigger
2026-08-10T13:17:13.038625,HINDALCO,setup,no fresh breakout/continuation trigger
2026-08-10T13:17:13.038625,OFSS,setup,no fresh breakout/continuation trigger
2026-08-10T13:17:13.054592,SUNPHARMA,setup,SL too wide (1.56 ATR)
2026-08-10T13:17:13.054592,BEL,setup,no fresh breakout/continuation trigger
2026-08-10T13:17:13.054592,LICI,setup,no fresh breakout/continuation trigger
2026-08-10T13:17:13.054592,DIVISLAB,setup,no fresh breakout/continuation trigger
2026-08-10T13:17:13.054592,HCLTECH,setup,no fresh breakout/continuation trigger
2026-08-10T13:17:13.054592,GVT&D,setup,no fresh breakout/continuation trigger
2026-08-10T13:17:13.054592,ITC,setup,no fresh breakout/continuation trigger
2026-08-10T13:17:13.054592,TORNTPHARM,setup,RVOL 0.10 below 1.0
2026-08-10T13:18:13.611497,HDFCBANK,setup,no fresh breakout/continuation trigger
2026-08-10T13:18:13.612549,KALYANKJIL,setup,no fresh breakout/continuation trigger
2026-08-10T13:18:13.613553,ICICIBANK,setup,no fresh breakout/continuation trigger
2026-08-10T13:18:13.614600,RELIANCE,setup,no fresh breakout/continuation trigger
2026-08-10T13:18:13.614600,INFY,setup,no fresh breakout/continuation trigger
2026-08-10T13:18:13.615618,SBIN,setup,no fresh breakout/continuation trigger
2026-08-10T13:18:13.615618,BAJFINANCE,setup,no fresh breakout/continuation trigger
2026-08-10T13:18:13.615618,BHARTIARTL,setup,no fresh breakout/continuation trigger
2026-08-10T13:18:13.615618,BSE,setup,no fresh breakout/continuation trigger
2026-08-10T13:18:13.615618,ETERNAL,setup,no fresh breakout/continuation trigger
2026-08-10T13:18:13.615618,AXISBANK,setup,no fresh breakout/continuation trigger
2026-08-10T13:18:13.615618,TCS,setup,no fresh breakout/continuation trigger
2026-08-10T13:18:13.615618,M&M,setup,RVOL 0.12 below 1.0
2026-08-10T13:18:13.615618,LT,setup,no fresh breakout/continuation trigger
2026-08-10T13:18:13.615618,SWIGGY,setup,no fresh breakout/continuation trigger
2026-08-10T13:18:13.615618,DIXON,setup,no fresh breakout/continuation trigger
2026-08-10T13:18:13.615618,SHRIRAMFIN,setup,no fresh breakout/continuation trigger
2026-08-10T13:18:13.615618,TVSMOTOR,setup,no fresh breakout/continuation trigger
2026-08-10T13:18:13.615618,PAYTM,setup,no fresh breakout/continuation trigger
2026-08-10T13:18:13.615618,MARUTI,setup,no fresh breakout/continuation trigger
2026-08-10T13:18:13.615618,COFORGE,setup,no fresh breakout/continuation trigger
2026-08-10T13:18:13.615618,JIOFIN,setup,no fresh breakout/continuation trigger
2026-08-10T13:18:13.615618,BHEL,setup,no fresh breakout/continuation trigger
2026-08-10T13:18:13.615618,BAJAJ-AUTO,setup,no fresh breakout/continuation trigger
2026-08-10T13:18:13.627552,TECHM,setup,no fresh breakout/continuation trigger
2026-08-10T13:18:13.627552,ADANIPOWER,setup,no fresh breakout/continuation trigger
2026-08-10T13:18:13.627552,INDIGO,setup,no fresh breakout/continuation trigger
2026-08-10T13:18:13.627552,MCX,setup,no fresh breakout/continuation trigger
2026-08-10T13:18:13.627552,KAYNES,setup,no fresh breakout/continuation trigger
2026-08-10T13:18:13.627552,KOTAKBANK,setup,no fresh breakout/continuation trigger
2026-08-10T13:18:13.627552,HINDALCO,setup,no fresh breakout/continuation trigger
2026-08-10T13:18:13.631436,OFSS,setup,no fresh breakout/continuation trigger
2026-08-10T13:18:13.631436,SUNPHARMA,setup,SL too wide (1.56 ATR)
2026-08-10T13:18:13.631436,BEL,setup,no fresh breakout/continuation trigger
2026-08-10T13:18:13.631436,LICI,setup,no fresh breakout/continuation trigger
2026-08-10T13:18:13.631436,DIVISLAB,setup,no fresh breakout/continuation trigger
2026-08-10T13:18:13.631436,HCLTECH,setup,no fresh breakout/continuation trigger
2026-08-10T13:18:13.631436,GVT&D,setup,no fresh breakout/continuation trigger
2026-08-10T13:18:13.631436,ITC,setup,no fresh breakout/continuation trigger
2026-08-10T13:18:13.631436,TORNTPHARM,setup,RVOL 0.10 below 1.0
2026-08-10T13:19:14.085194,HDFCBANK,setup,no fresh breakout/continuation trigger
2026-08-10T13:19:14.100937,KALYANKJIL,setup,no fresh breakout/continuation trigger
2026-08-10T13:19:14.100937,ICICIBANK,setup,no fresh breakout/continuation trigger
2026-08-10T13:19:14.100937,RELIANCE,setup,no fresh breakout/continuation trigger
2026-08-10T13:19:14.100937,INFY,setup,no fresh breakout/continuation trigger
2026-08-10T13:19:14.100937,SBIN,setup,no fresh breakout/continuation trigger
2026-08-10T13:19:14.100937,BAJFINANCE,setup,no fresh breakout/continuation trigger
2026-08-10T13:19:14.100937,BHARTIARTL,setup,no fresh breakout/continuation trigger
2026-08-10T13:19:14.100937,BSE,setup,no fresh breakout/continuation trigger
2026-08-10T13:19:14.100937,ETERNAL,setup,no fresh breakout/continuation trigger
2026-08-10T13:19:14.100937,AXISBANK,setup,no fresh breakout/continuation trigger
2026-08-10T13:19:14.100937,TCS,setup,no fresh breakout/continuation trigger
2026-08-10T13:19:14.100937,M&M,setup,RVOL 0.12 below 1.0
2026-08-10T13:19:14.100937,LT,setup,no fresh breakout/continuation trigger
2026-08-10T13:19:14.100937,SWIGGY,setup,no fresh breakout/continuation trigger
2026-08-10T13:19:14.100937,DIXON,setup,no fresh breakout/continuation trigger
2026-08-10T13:19:14.100937,SHRIRAMFIN,setup,no fresh breakout/continuation trigger
2026-08-10T13:19:14.100937,TVSMOTOR,setup,no fresh breakout/continuation trigger
2026-08-10T13:19:14.100937,PAYTM,setup,no fresh breakout/continuation trigger
2026-08-10T13:19:14.100937,MARUTI,setup,no fresh breakout/continuation trigger
2026-08-10T13:19:14.100937,COFORGE,setup,no fresh breakout/continuation trigger
2026-08-10T13:19:14.100937,JIOFIN,setup,no fresh breakout/continuation trigger
2026-08-10T13:19:14.100937,BHEL,setup,no fresh breakout/continuation trigger
2026-08-10T13:19:14.100937,BAJAJ-AUTO,setup,no fresh breakout/continuation trigger
2026-08-10T13:19:14.100937,TECHM,setup,no fresh breakout/continuation trigger
2026-08-10T13:19:14.116933,ADANIPOWER,setup,no fresh breakout/continuation trigger
2026-08-10T13:19:14.116933,INDIGO,setup,no fresh breakout/continuation trigger
2026-08-10T13:19:14.116933,MCX,setup,no fresh breakout/continuation trigger
2026-08-10T13:19:14.116933,KAYNES,setup,no fresh breakout/continuation trigger
2026-08-10T13:19:14.116933,KOTAKBANK,setup,no fresh breakout/continuation trigger
2026-08-10T13:19:14.116933,HINDALCO,setup,no fresh breakout/continuation trigger
2026-08-10T13:19:14.116933,OFSS,setup,no fresh breakout/continuation trigger
2026-08-10T13:19:14.116933,SUNPHARMA,setup,SL too wide (1.56 ATR)
2026-08-10T13:19:14.116933,BEL,setup,no fresh breakout/continuation trigger
2026-08-10T13:19:14.116933,LICI,setup,no fresh breakout/continuation trigger
2026-08-10T13:19:14.116933,DIVISLAB,setup,no fresh breakout/continuation trigger
2026-08-10T13:19:14.116933,HCLTECH,setup,no fresh breakout/continuation trigger
2026-08-10T13:19:14.116933,GVT&D,setup,no fresh breakout/continuation trigger
2026-08-10T13:19:14.116933,ITC,setup,no fresh breakout/continuation trigger
2026-08-10T13:19:14.116933,TORNTPHARM,setup,RVOL 0.10 below 1.0
2026-08-10T13:20:14.584947,HDFCBANK,setup,no fresh breakout/continuation trigger
2026-08-10T13:20:14.584947,KALYANKJIL,setup,no fresh breakout/continuation trigger
2026-08-10T13:20:14.584947,ICICIBANK,setup,no fresh breakout/continuation trigger
2026-08-10T13:20:14.584947,RELIANCE,setup,no fresh breakout/continuation trigger
2026-08-10T13:20:14.584947,INFY,setup,no fresh breakout/continuation trigger
2026-08-10T13:20:14.584947,SBIN,setup,no fresh breakout/continuation trigger
2026-08-10T13:20:14.584947,BAJFINANCE,setup,no fresh breakout/continuation trigger
2026-08-10T13:20:14.584947,BHARTIARTL,setup,no fresh breakout/continuation trigger
2026-08-10T13:20:14.584947,BSE,setup,no fresh breakout/continuation trigger
2026-08-10T13:20:14.584947,ETERNAL,setup,no fresh breakout/continuation trigger
2026-08-10T13:20:14.584947,AXISBANK,setup,no fresh breakout/continuation trigger
2026-08-10T13:20:14.584947,TCS,setup,no fresh breakout/continuation trigger
2026-08-10T13:20:14.584947,M&M,setup,RVOL 0.12 below 1.0
2026-08-10T13:20:14.584947,LT,setup,no fresh breakout/continuation trigger
2026-08-10T13:20:14.584947,SWIGGY,setup,no fresh breakout/continuation trigger
2026-08-10T13:20:14.584947,DIXON,setup,no fresh breakout/continuation trigger
2026-08-10T13:20:14.600687,SHRIRAMFIN,setup,no fresh breakout/continuation trigger
2026-08-10T13:20:14.600687,TVSMOTOR,setup,no fresh breakout/continuation trigger
2026-08-10T13:20:14.600687,PAYTM,setup,no fresh breakout/continuation trigger
2026-08-10T13:20:14.600687,MARUTI,setup,no fresh breakout/continuation trigger
2026-08-10T13:20:14.600687,COFORGE,setup,no fresh breakout/continuation trigger
2026-08-10T13:20:14.600687,JIOFIN,setup,no fresh breakout/continuation trigger
2026-08-10T13:20:14.600687,BHEL,setup,no fresh breakout/continuation trigger
2026-08-10T13:20:14.600687,BAJAJ-AUTO,setup,no fresh breakout/continuation trigger
2026-08-10T13:20:14.600687,TECHM,setup,no fresh breakout/continuation trigger
2026-08-10T13:20:14.600687,ADANIPOWER,setup,no fresh breakout/continuation trigger
2026-08-10T13:20:14.600687,INDIGO,setup,no fresh breakout/continuation trigger
2026-08-10T13:20:14.600687,MCX,setup,no fresh breakout/continuation trigger
2026-08-10T13:20:14.600687,KAYNES,setup,no fresh breakout/continuation trigger
2026-08-10T13:20:14.600687,KOTAKBANK,setup,no fresh breakout/continuation trigger
2026-08-10T13:20:14.600687,HINDALCO,setup,no fresh breakout/continuation trigger
2026-08-10T13:20:14.600687,OFSS,setup,no fresh breakout/continuation trigger
2026-08-10T13:20:14.600687,SUNPHARMA,setup,SL too wide (1.56 ATR)
2026-08-10T13:20:14.600687,BEL,setup,no fresh breakout/continuation trigger
2026-08-10T13:20:14.600687,LICI,setup,no fresh breakout/continuation trigger
2026-08-10T13:20:14.600687,DIVISLAB,setup,no fresh breakout/continuation trigger
2026-08-10T13:20:14.600687,HCLTECH,setup,no fresh breakout/continuation trigger
2026-08-10T13:20:14.600687,GVT&D,setup,no fresh breakout/continuation trigger
2026-08-10T13:20:14.600687,ITC,setup,no fresh breakout/continuation trigger
2026-08-10T13:20:14.600687,TORNTPHARM,setup,RVOL 0.10 below 1.0
2026-08-10T13:21:17.310907,HDFCBANK,setup,no fresh breakout/continuation trigger
2026-08-10T13:21:17.311911,KALYANKJIL,setup,no fresh breakout/continuation trigger
2026-08-10T13:21:17.312915,ICICIBANK,setup,no fresh breakout/continuation trigger
2026-08-10T13:21:17.312915,RELIANCE,setup,no fresh breakout/continuation trigger
2026-08-10T13:21:17.313929,INFY,setup,no fresh breakout/continuation trigger
2026-08-10T13:21:17.313929,SBIN,setup,no fresh breakout/continuation trigger
2026-08-10T13:21:17.315414,BAJFINANCE,setup,no fresh breakout/continuation trigger
2026-08-10T13:21:17.315414,BHARTIARTL,setup,no fresh breakout/continuation trigger
2026-08-10T13:21:17.316689,BSE,setup,no fresh breakout/continuation trigger
2026-08-10T13:21:17.316689,ETERNAL,setup,no fresh breakout/continuation trigger
2026-08-10T13:21:17.318028,AXISBANK,setup,no fresh breakout/continuation trigger
2026-08-10T13:21:17.318028,TCS,setup,no fresh breakout/continuation trigger
2026-08-10T13:21:17.319046,M&M,setup,no fresh breakout/continuation trigger
2026-08-10T13:21:17.319046,LT,setup,no fresh breakout/continuation trigger
2026-08-10T13:21:17.319046,SWIGGY,setup,RVOL 0.08 below 1.0
2026-08-10T13:21:17.319046,DIXON,setup,no fresh breakout/continuation trigger
2026-08-10T13:21:17.319046,SHRIRAMFIN,setup,no fresh breakout/continuation trigger
2026-08-10T13:21:17.319046,TVSMOTOR,setup,no fresh breakout/continuation trigger
2026-08-10T13:21:17.319046,PAYTM,setup,no fresh breakout/continuation trigger
2026-08-10T13:21:17.319046,MARUTI,setup,no fresh breakout/continuation trigger
2026-08-10T13:21:17.319046,COFORGE,setup,no fresh breakout/continuation trigger
2026-08-10T13:21:17.319046,JIOFIN,setup,no fresh breakout/continuation trigger
2026-08-10T13:21:17.319046,BHEL,setup,no fresh breakout/continuation trigger
2026-08-10T13:21:17.319046,BAJAJ-AUTO,setup,no fresh breakout/continuation trigger
2026-08-10T13:21:17.319046,TECHM,setup,SL too wide (1.82 ATR)
2026-08-10T13:21:17.319046,ADANIPOWER,setup,no fresh breakout/continuation trigger
2026-08-10T13:21:17.319046,INDIGO,setup,no fresh breakout/continuation trigger
2026-08-10T13:21:17.319046,MCX,setup,no fresh breakout/continuation trigger
2026-08-10T13:21:17.319046,KAYNES,setup,SL too wide (2.07 ATR)
2026-08-10T13:21:17.319046,KOTAKBANK,setup,no fresh breakout/continuation trigger
2026-08-10T13:21:17.319046,HINDALCO,setup,no fresh breakout/continuation trigger
2026-08-10T13:21:17.319046,OFSS,setup,no fresh breakout/continuation trigger
2026-08-10T13:21:17.319046,SUNPHARMA,setup,no fresh breakout/continuation trigger
2026-08-10T13:21:17.319046,BEL,setup,no fresh breakout/continuation trigger
2026-08-10T13:21:17.319046,LICI,setup,no fresh breakout/continuation trigger
2026-08-10T13:21:17.319046,DIVISLAB,setup,no fresh breakout/continuation trigger
2026-08-10T13:21:17.319046,HCLTECH,setup,no fresh breakout/continuation trigger
2026-08-10T13:21:17.319046,GVT&D,setup,no fresh breakout/continuation trigger
2026-08-10T13:21:17.335086,ITC,setup,no fresh breakout/continuation trigger
2026-08-10T13:21:17.335086,TORNTPHARM,setup,no fresh breakout/continuation trigger
2026-08-10T13:22:17.811920,HDFCBANK,setup,no fresh breakout/continuation trigger
2026-08-10T13:22:17.812959,KALYANKJIL,setup,no fresh breakout/continuation trigger
2026-08-10T13:22:17.813982,ICICIBANK,setup,no fresh breakout/continuation trigger
2026-08-10T13:22:17.813982,RELIANCE,setup,no fresh breakout/continuation trigger
2026-08-10T13:22:17.815237,INFY,setup,no fresh breakout/continuation trigger
2026-08-10T13:22:17.815237,SBIN,setup,no fresh breakout/continuation trigger
2026-08-10T13:22:17.816554,BAJFINANCE,setup,no fresh breakout/continuation trigger
2026-08-10T13:22:17.816554,BHARTIARTL,setup,no fresh breakout/continuation trigger
2026-08-10T13:22:17.818048,BSE,setup,no fresh breakout/continuation trigger
2026-08-10T13:22:17.818048,ETERNAL,setup,no fresh breakout/continuation trigger
2026-08-10T13:22:17.819261,AXISBANK,setup,no fresh breakout/continuation trigger
2026-08-10T13:22:17.819261,TCS,setup,no fresh breakout/continuation trigger
2026-08-10T13:22:17.819261,M&M,setup,no fresh breakout/continuation trigger
2026-08-10T13:22:17.819261,LT,setup,no fresh breakout/continuation trigger
2026-08-10T13:22:17.819261,SWIGGY,setup,RVOL 0.08 below 1.0
2026-08-10T13:22:17.819261,DIXON,setup,no fresh breakout/continuation trigger
2026-08-10T13:22:17.819261,SHRIRAMFIN,setup,no fresh breakout/continuation trigger
2026-08-10T13:22:17.819261,TVSMOTOR,setup,no fresh breakout/continuation trigger
2026-08-10T13:22:17.819261,PAYTM,setup,no fresh breakout/continuation trigger
2026-08-10T13:22:17.819261,MARUTI,setup,no fresh breakout/continuation trigger
2026-08-10T13:22:17.819261,COFORGE,setup,no fresh breakout/continuation trigger
2026-08-10T13:22:17.819261,JIOFIN,setup,no fresh breakout/continuation trigger
2026-08-10T13:22:17.819261,BHEL,setup,no fresh breakout/continuation trigger
2026-08-10T13:22:17.819261,BAJAJ-AUTO,setup,no fresh breakout/continuation trigger
2026-08-10T13:22:17.819261,TECHM,setup,SL too wide (1.82 ATR)
2026-08-10T13:22:17.819261,ADANIPOWER,setup,no fresh breakout/continuation trigger
2026-08-10T13:22:17.819261,INDIGO,setup,no fresh breakout/continuation trigger
2026-08-10T13:22:17.819261,MCX,setup,no fresh breakout/continuation trigger
2026-08-10T13:22:17.819261,KAYNES,setup,SL too wide (2.07 ATR)
2026-08-10T13:22:17.819261,KOTAKBANK,setup,no fresh breakout/continuation trigger
2026-08-10T13:22:17.819261,HINDALCO,setup,no fresh breakout/continuation trigger
2026-08-10T13:22:17.819261,OFSS,setup,no fresh breakout/continuation trigger
2026-08-10T13:22:17.819261,SUNPHARMA,setup,no fresh breakout/continuation trigger
2026-08-10T13:22:17.819261,BEL,setup,no fresh breakout/continuation trigger
2026-08-10T13:22:17.819261,LICI,setup,no fresh breakout/continuation trigger
2026-08-10T13:22:17.819261,DIVISLAB,setup,no fresh breakout/continuation trigger
2026-08-10T13:22:17.835222,HCLTECH,setup,no fresh breakout/continuation trigger
2026-08-10T13:22:17.835222,GVT&D,setup,no fresh breakout/continuation trigger
2026-08-10T13:22:17.835222,ITC,setup,no fresh breakout/continuation trigger
2026-08-10T13:22:17.835222,TORNTPHARM,setup,no fresh breakout/continuation trigger
2026-08-10T13:23:18.304767,HDFCBANK,setup,no fresh breakout/continuation trigger
2026-08-10T13:23:18.304767,KALYANKJIL,setup,no fresh breakout/continuation trigger
2026-08-10T13:23:18.304767,ICICIBANK,setup,no fresh breakout/continuation trigger
2026-08-10T13:23:18.304767,RELIANCE,setup,no fresh breakout/continuation trigger
2026-08-10T13:23:18.304767,INFY,setup,no fresh breakout/continuation trigger
2026-08-10T13:23:18.304767,SBIN,setup,no fresh breakout/continuation trigger
2026-08-10T13:23:18.304767,BAJFINANCE,setup,no fresh breakout/continuation trigger
2026-08-10T13:23:18.304767,BHARTIARTL,setup,no fresh breakout/continuation trigger
2026-08-10T13:23:18.304767,BSE,setup,no fresh breakout/continuation trigger
2026-08-10T13:23:18.304767,ETERNAL,setup,no fresh breakout/continuation trigger
2026-08-10T13:23:18.304767,AXISBANK,setup,no fresh breakout/continuation trigger
2026-08-10T13:23:18.304767,TCS,setup,no fresh breakout/continuation trigger
2026-08-10T13:23:18.304767,M&M,setup,no fresh breakout/continuation trigger
2026-08-10T13:23:18.304767,LT,setup,no fresh breakout/continuation trigger
2026-08-10T13:23:18.304767,SWIGGY,setup,RVOL 0.08 below 1.0
2026-08-10T13:23:18.304767,DIXON,setup,no fresh breakout/continuation trigger
2026-08-10T13:23:18.304767,SHRIRAMFIN,setup,no fresh breakout/continuation trigger
2026-08-10T13:23:18.304767,TVSMOTOR,setup,no fresh breakout/continuation trigger
2026-08-10T13:23:18.320497,PAYTM,setup,no fresh breakout/continuation trigger
2026-08-10T13:23:18.321734,MARUTI,setup,no fresh breakout/continuation trigger
2026-08-10T13:23:18.321734,COFORGE,setup,no fresh breakout/continuation trigger
2026-08-10T13:23:18.322866,JIOFIN,setup,no fresh breakout/continuation trigger
2026-08-10T13:23:18.323946,BHEL,setup,no fresh breakout/continuation trigger
2026-08-10T13:23:18.323946,BAJAJ-AUTO,setup,no fresh breakout/continuation trigger
2026-08-10T13:23:18.325010,TECHM,setup,SL too wide (1.82 ATR)
2026-08-10T13:23:18.325010,ADANIPOWER,setup,no fresh breakout/continuation trigger
2026-08-10T13:23:18.326014,INDIGO,setup,no fresh breakout/continuation trigger
2026-08-10T13:23:18.327064,MCX,setup,no fresh breakout/continuation trigger
2026-08-10T13:23:18.327064,KAYNES,setup,SL too wide (2.07 ATR)
2026-08-10T13:23:18.328082,KOTAKBANK,setup,no fresh breakout/continuation trigger
2026-08-10T13:23:18.328082,HINDALCO,setup,no fresh breakout/continuation trigger
2026-08-10T13:23:18.329313,OFSS,setup,no fresh breakout/continuation trigger
2026-08-10T13:23:18.329313,SUNPHARMA,setup,no fresh breakout/continuation trigger
2026-08-10T13:23:18.330310,BEL,setup,no fresh breakout/continuation trigger
2026-08-10T13:23:18.330310,LICI,setup,no fresh breakout/continuation trigger
2026-08-10T13:23:18.331574,DIVISLAB,setup,no fresh breakout/continuation trigger
2026-08-10T13:23:18.332643,HCLTECH,setup,no fresh breakout/continuation trigger
2026-08-10T13:23:18.332643,GVT&D,setup,no fresh breakout/continuation trigger
2026-08-10T13:23:18.333707,ITC,setup,no fresh breakout/continuation trigger
2026-08-10T13:23:18.333707,TORNTPHARM,setup,no fresh breakout/continuation trigger
2026-08-10T13:24:18.787913,HDFCBANK,setup,no fresh breakout/continuation trigger
2026-08-10T13:24:18.787913,KALYANKJIL,setup,no fresh breakout/continuation trigger
2026-08-10T13:24:18.787913,ICICIBANK,setup,no fresh breakout/continuation trigger
2026-08-10T13:24:18.787913,RELIANCE,setup,no fresh breakout/continuation trigger
2026-08-10T13:24:18.787913,INFY,setup,no fresh breakout/continuation trigger
2026-08-10T13:24:18.787913,SBIN,setup,no fresh breakout/continuation trigger
2026-08-10T13:24:18.787913,BAJFINANCE,setup,no fresh breakout/continuation trigger
2026-08-10T13:24:18.787913,BHARTIARTL,setup,no fresh breakout/continuation trigger
2026-08-10T13:24:18.787913,BSE,setup,no fresh breakout/continuation trigger
2026-08-10T13:24:18.787913,ETERNAL,setup,no fresh breakout/continuation trigger
2026-08-10T13:24:18.787913,AXISBANK,setup,no fresh breakout/continuation trigger
2026-08-10T13:24:18.787913,TCS,setup,no fresh breakout/continuation trigger
2026-08-10T13:24:18.787913,M&M,setup,no fresh breakout/continuation trigger
2026-08-10T13:24:18.787913,LT,setup,no fresh breakout/continuation trigger
2026-08-10T13:24:18.787913,SWIGGY,setup,RVOL 0.08 below 1.0
2026-08-10T13:24:18.787913,DIXON,setup,no fresh breakout/continuation trigger
2026-08-10T13:24:18.787913,SHRIRAMFIN,setup,no fresh breakout/continuation trigger
2026-08-10T13:24:18.787913,TVSMOTOR,setup,no fresh breakout/continuation trigger
2026-08-10T13:24:18.787913,PAYTM,setup,no fresh breakout/continuation trigger
2026-08-10T13:24:18.787913,MARUTI,setup,no fresh breakout/continuation trigger
2026-08-10T13:24:18.803579,COFORGE,setup,no fresh breakout/continuation trigger
2026-08-10T13:24:18.803579,JIOFIN,setup,no fresh breakout/continuation trigger
2026-08-10T13:24:18.803579,BHEL,setup,no fresh breakout/continuation trigger
2026-08-10T13:24:18.803579,BAJAJ-AUTO,setup,no fresh breakout/continuation trigger
2026-08-10T13:24:18.803579,TECHM,setup,SL too wide (1.82 ATR)
2026-08-10T13:24:18.803579,ADANIPOWER,setup,no fresh breakout/continuation trigger
2026-08-10T13:24:18.803579,INDIGO,setup,no fresh breakout/continuation trigger
2026-08-10T13:24:18.803579,MCX,setup,no fresh breakout/continuation trigger
2026-08-10T13:24:18.803579,KAYNES,setup,SL too wide (2.07 ATR)
2026-08-10T13:24:18.803579,KOTAKBANK,setup,no fresh breakout/continuation trigger
2026-08-10T13:24:18.803579,HINDALCO,setup,no fresh breakout/continuation trigger
2026-08-10T13:24:18.803579,OFSS,setup,no fresh breakout/continuation trigger
2026-08-10T13:24:18.803579,SUNPHARMA,setup,no fresh breakout/continuation trigger
2026-08-10T13:24:18.803579,BEL,setup,no fresh breakout/continuation trigger
2026-08-10T13:24:18.803579,LICI,setup,no fresh breakout/continuation trigger
2026-08-10T13:24:18.803579,DIVISLAB,setup,no fresh breakout/continuation trigger
2026-08-10T13:24:18.803579,HCLTECH,setup,no fresh breakout/continuation trigger
2026-08-10T13:24:18.803579,GVT&D,setup,no fresh breakout/continuation trigger
2026-08-10T13:24:18.803579,ITC,setup,no fresh breakout/continuation trigger
2026-08-10T13:24:18.803579,TORNTPHARM,setup,no fresh breakout/continuation trigger
2026-08-10T13:25:19.279139,HDFCBANK,setup,no fresh breakout/continuation trigger
2026-08-10T13:25:19.281143,KALYANKJIL,setup,no fresh breakout/continuation trigger
2026-08-10T13:25:19.281143,ICICIBANK,setup,no fresh breakout/continuation trigger
2026-08-10T13:25:19.281143,RELIANCE,setup,no fresh breakout/continuation trigger
2026-08-10T13:25:19.281143,INFY,setup,no fresh breakout/continuation trigger
2026-08-10T13:25:19.281143,SBIN,setup,no fresh breakout/continuation trigger
2026-08-10T13:25:19.281143,BAJFINANCE,setup,no fresh breakout/continuation trigger
2026-08-10T13:25:19.281143,BHARTIARTL,setup,no fresh breakout/continuation trigger
2026-08-10T13:25:19.281143,BSE,setup,no fresh breakout/continuation trigger
2026-08-10T13:25:19.281143,ETERNAL,setup,no fresh breakout/continuation trigger
2026-08-10T13:25:19.281143,AXISBANK,setup,no fresh breakout/continuation trigger
2026-08-10T13:25:19.281143,TCS,setup,no fresh breakout/continuation trigger
2026-08-10T13:25:19.288800,M&M,setup,no fresh breakout/continuation trigger
2026-08-10T13:25:19.288800,LT,setup,no fresh breakout/continuation trigger
2026-08-10T13:25:19.290191,SWIGGY,setup,RVOL 0.08 below 1.0
2026-08-10T13:25:19.290191,DIXON,setup,no fresh breakout/continuation trigger
2026-08-10T13:25:19.291194,SHRIRAMFIN,setup,no fresh breakout/continuation trigger
2026-08-10T13:25:19.292205,TVSMOTOR,setup,no fresh breakout/continuation trigger
2026-08-10T13:25:19.292205,PAYTM,setup,no fresh breakout/continuation trigger
2026-08-10T13:25:19.293401,MARUTI,setup,no fresh breakout/continuation trigger
2026-08-10T13:25:19.293401,COFORGE,setup,no fresh breakout/continuation trigger
2026-08-10T13:25:19.294426,JIOFIN,setup,no fresh breakout/continuation trigger
2026-08-10T13:25:19.294426,BHEL,setup,no fresh breakout/continuation trigger
2026-08-10T13:25:19.295432,BAJAJ-AUTO,setup,no fresh breakout/continuation trigger
2026-08-10T13:25:19.295432,TECHM,setup,SL too wide (1.82 ATR)
2026-08-10T13:25:19.296427,ADANIPOWER,setup,no fresh breakout/continuation trigger
2026-08-10T13:25:19.296427,INDIGO,setup,no fresh breakout/continuation trigger
2026-08-10T13:25:19.297609,MCX,setup,no fresh breakout/continuation trigger
2026-08-10T13:25:19.298614,KAYNES,setup,SL too wide (2.07 ATR)
2026-08-10T13:25:19.299617,KOTAKBANK,setup,no fresh breakout/continuation trigger
2026-08-10T13:25:19.299617,HINDALCO,setup,no fresh breakout/continuation trigger
2026-08-10T13:25:19.300705,OFSS,setup,no fresh breakout/continuation trigger
2026-08-10T13:25:19.300705,SUNPHARMA,setup,no fresh breakout/continuation trigger
2026-08-10T13:25:19.301711,BEL,setup,no fresh breakout/continuation trigger
2026-08-10T13:25:19.301711,LICI,setup,no fresh breakout/continuation trigger
2026-08-10T13:25:19.301711,DIVISLAB,setup,no fresh breakout/continuation trigger
2026-08-10T13:25:19.302863,HCLTECH,setup,no fresh breakout/continuation trigger
2026-08-10T13:25:19.303971,GVT&D,setup,no fresh breakout/continuation trigger
2026-08-10T13:25:19.303971,ITC,setup,no fresh breakout/continuation trigger
2026-08-10T13:25:19.305056,TORNTPHARM,setup,no fresh breakout/continuation trigger
2026-08-10T13:26:22.112712,HDFCBANK,setup,no fresh breakout/continuation trigger
2026-08-10T13:26:22.112712,KALYANKJIL,setup,no fresh breakout/continuation trigger
2026-08-10T13:26:22.112712,ICICIBANK,setup,no fresh breakout/continuation trigger
2026-08-10T13:26:22.112712,RELIANCE,setup,no fresh breakout/continuation trigger
2026-08-10T13:26:22.112712,INFY,setup,no fresh breakout/continuation trigger
2026-08-10T13:26:22.112712,SBIN,setup,no fresh breakout/continuation trigger
2026-08-10T13:26:22.112712,BAJFINANCE,setup,no fresh breakout/continuation trigger
2026-08-10T13:26:22.112712,BHARTIARTL,setup,no fresh breakout/continuation trigger
2026-08-10T13:26:22.112712,BSE,setup,no fresh breakout/continuation trigger
2026-08-10T13:26:22.112712,ETERNAL,setup,no fresh breakout/continuation trigger
2026-08-10T13:26:22.112712,AXISBANK,setup,no fresh breakout/continuation trigger
2026-08-10T13:26:22.112712,TCS,setup,no fresh breakout/continuation trigger
2026-08-10T13:26:22.112712,M&M,setup,no fresh breakout/continuation trigger
2026-08-10T13:26:22.112712,LT,setup,no fresh breakout/continuation trigger
2026-08-10T13:26:22.112712,SWIGGY,setup,no fresh breakout/continuation trigger
2026-08-10T13:26:22.112712,DIXON,setup,no fresh breakout/continuation trigger
2026-08-10T13:26:22.112712,SHRIRAMFIN,setup,no fresh breakout/continuation trigger
2026-08-10T13:26:22.112712,TVSMOTOR,setup,no fresh breakout/continuation trigger
2026-08-10T13:26:22.112712,PAYTM,setup,no fresh breakout/continuation trigger
2026-08-10T13:26:22.112712,MARUTI,setup,no fresh breakout/continuation trigger
2026-08-10T13:26:22.112712,COFORGE,setup,no fresh breakout/continuation trigger
2026-08-10T13:26:22.112712,JIOFIN,setup,no fresh breakout/continuation trigger
2026-08-10T13:26:22.128783,BHEL,setup,no fresh breakout/continuation trigger
2026-08-10T13:26:22.128783,BAJAJ-AUTO,setup,no fresh breakout/continuation trigger
2026-08-10T13:26:22.128783,TECHM,setup,no fresh breakout/continuation trigger
2026-08-10T13:26:22.128783,ADANIPOWER,setup,no fresh breakout/continuation trigger
2026-08-10T13:26:22.128783,INDIGO,setup,no fresh breakout/continuation trigger
2026-08-10T13:26:22.128783,MCX,setup,no fresh breakout/continuation trigger
2026-08-10T13:26:22.128783,KAYNES,setup,no fresh breakout/continuation trigger
2026-08-10T13:26:22.128783,KOTAKBANK,setup,no fresh breakout/continuation trigger
2026-08-10T13:26:22.128783,HINDALCO,setup,no fresh breakout/continuation trigger
2026-08-10T13:26:22.134360,OFSS,setup,no fresh breakout/continuation trigger
2026-08-10T13:26:22.134360,SUNPHARMA,setup,no fresh breakout/continuation trigger
2026-08-10T13:26:22.134360,BEL,setup,no fresh breakout/continuation trigger
2026-08-10T13:26:22.134360,LICI,setup,no fresh breakout/continuation trigger
2026-08-10T13:26:22.134360,DIVISLAB,setup,no fresh breakout/continuation trigger
2026-08-10T13:26:22.134360,HCLTECH,setup,no fresh breakout/continuation trigger
2026-08-10T13:26:22.134360,GVT&D,setup,no fresh breakout/continuation trigger
2026-08-10T13:26:22.134360,ITC,setup,no fresh breakout/continuation trigger
2026-08-10T13:26:22.134360,TORNTPHARM,setup,no fresh breakout/continuation trigger
2026-08-10T13:27:22.584955,HDFCBANK,setup,no fresh breakout/continuation trigger
2026-08-10T13:27:22.584955,KALYANKJIL,setup,no fresh breakout/continuation trigger
2026-08-10T13:27:22.584955,ICICIBANK,setup,no fresh breakout/continuation trigger
2026-08-10T13:27:22.584955,RELIANCE,setup,no fresh breakout/continuation trigger
2026-08-10T13:27:22.584955,INFY,setup,no fresh breakout/continuation trigger
2026-08-10T13:27:22.584955,SBIN,setup,no fresh breakout/continuation trigger
2026-08-10T13:27:22.584955,BAJFINANCE,setup,no fresh breakout/continuation trigger
2026-08-10T13:27:22.584955,BHARTIARTL,setup,no fresh breakout/continuation trigger
2026-08-10T13:27:22.600868,BSE,setup,no fresh breakout/continuation trigger
2026-08-10T13:27:22.600868,ETERNAL,setup,no fresh breakout/continuation trigger
2026-08-10T13:27:22.600868,AXISBANK,setup,no fresh breakout/continuation trigger
2026-08-10T13:27:22.600868,TCS,setup,no fresh breakout/continuation trigger
2026-08-10T13:27:22.600868,M&M,setup,no fresh breakout/continuation trigger
2026-08-10T13:27:22.600868,LT,setup,no fresh breakout/continuation trigger
2026-08-10T13:27:22.600868,SWIGGY,setup,no fresh breakout/continuation trigger
2026-08-10T13:27:22.600868,DIXON,setup,no fresh breakout/continuation trigger
2026-08-10T13:27:22.600868,SHRIRAMFIN,setup,no fresh breakout/continuation trigger
2026-08-10T13:27:22.600868,TVSMOTOR,setup,no fresh breakout/continuation trigger
2026-08-10T13:27:22.600868,PAYTM,setup,no fresh breakout/continuation trigger
2026-08-10T13:27:22.600868,MARUTI,setup,no fresh breakout/continuation trigger
2026-08-10T13:27:22.600868,COFORGE,setup,no fresh breakout/continuation trigger
2026-08-10T13:27:22.600868,JIOFIN,setup,no fresh breakout/continuation trigger
2026-08-10T13:27:22.600868,BHEL,setup,no fresh breakout/continuation trigger
2026-08-10T13:27:22.600868,BAJAJ-AUTO,setup,no fresh breakout/continuation trigger
2026-08-10T13:27:22.600868,TECHM,setup,no fresh breakout/continuation trigger
2026-08-10T13:27:22.611534,ADANIPOWER,setup,no fresh breakout/continuation trigger
2026-08-10T13:27:22.611534,INDIGO,setup,no fresh breakout/continuation trigger
2026-08-10T13:27:22.611534,MCX,setup,no fresh breakout/continuation trigger
2026-08-10T13:27:22.611534,KAYNES,setup,no fresh breakout/continuation trigger
2026-08-10T13:27:22.611534,KOTAKBANK,setup,no fresh breakout/continuation trigger
2026-08-10T13:27:22.611534,HINDALCO,setup,no fresh breakout/continuation trigger
2026-08-10T13:27:22.616559,OFSS,setup,no fresh breakout/continuation trigger
2026-08-10T13:27:22.616559,SUNPHARMA,setup,no fresh breakout/continuation trigger
2026-08-10T13:27:22.616559,BEL,setup,no fresh breakout/continuation trigger
2026-08-10T13:27:22.616559,LICI,setup,no fresh breakout/continuation trigger
2026-08-10T13:27:22.616559,DIVISLAB,setup,no fresh breakout/continuation trigger
2026-08-10T13:27:22.616559,HCLTECH,setup,no fresh breakout/continuation trigger
2026-08-10T13:27:22.622863,GVT&D,setup,no fresh breakout/continuation trigger
2026-08-10T13:27:22.622863,ITC,setup,no fresh breakout/continuation trigger
2026-08-10T13:27:22.624958,TORNTPHARM,setup,no fresh breakout/continuation trigger
2026-08-10T13:28:23.084726,HDFCBANK,setup,no fresh breakout/continuation trigger
2026-08-10T13:28:23.084726,KALYANKJIL,setup,no fresh breakout/continuation trigger
2026-08-10T13:28:23.084726,ICICIBANK,setup,no fresh breakout/continuation trigger
2026-08-10T13:28:23.084726,RELIANCE,setup,no fresh breakout/continuation trigger
2026-08-10T13:28:23.084726,INFY,setup,no fresh breakout/continuation trigger
2026-08-10T13:28:23.084726,SBIN,setup,no fresh breakout/continuation trigger
2026-08-10T13:28:23.084726,BAJFINANCE,setup,no fresh breakout/continuation trigger
2026-08-10T13:28:23.084726,BHARTIARTL,setup,no fresh breakout/continuation trigger
2026-08-10T13:28:23.084726,BSE,setup,no fresh breakout/continuation trigger
2026-08-10T13:28:23.084726,ETERNAL,setup,no fresh breakout/continuation trigger
2026-08-10T13:28:23.084726,AXISBANK,setup,no fresh breakout/continuation trigger
2026-08-10T13:28:23.084726,TCS,setup,no fresh breakout/continuation trigger
2026-08-10T13:28:23.084726,M&M,setup,no fresh breakout/continuation trigger
2026-08-10T13:28:23.084726,LT,setup,no fresh breakout/continuation trigger
2026-08-10T13:28:23.084726,SWIGGY,setup,no fresh breakout/continuation trigger
2026-08-10T13:28:23.084726,DIXON,setup,no fresh breakout/continuation trigger
2026-08-10T13:28:23.084726,SHRIRAMFIN,setup,no fresh breakout/continuation trigger
2026-08-10T13:28:23.100870,TVSMOTOR,setup,no fresh breakout/continuation trigger
2026-08-10T13:28:23.100870,PAYTM,setup,no fresh breakout/continuation trigger
2026-08-10T13:28:23.100870,MARUTI,setup,no fresh breakout/continuation trigger
2026-08-10T13:28:23.100870,COFORGE,setup,no fresh breakout/continuation trigger
2026-08-10T13:28:23.100870,JIOFIN,setup,no fresh breakout/continuation trigger
2026-08-10T13:28:23.100870,BHEL,setup,no fresh breakout/continuation trigger
2026-08-10T13:28:23.100870,BAJAJ-AUTO,setup,no fresh breakout/continuation trigger
2026-08-10T13:28:23.100870,TECHM,setup,no fresh breakout/continuation trigger
2026-08-10T13:28:23.100870,ADANIPOWER,setup,no fresh breakout/continuation trigger
2026-08-10T13:28:23.100870,INDIGO,setup,no fresh breakout/continuation trigger
2026-08-10T13:28:23.100870,MCX,setup,no fresh breakout/continuation trigger
2026-08-10T13:28:23.100870,KAYNES,setup,no fresh breakout/continuation trigger
2026-08-10T13:28:23.100870,KOTAKBANK,setup,no fresh breakout/continuation trigger
2026-08-10T13:28:23.100870,HINDALCO,setup,no fresh breakout/continuation trigger
2026-08-10T13:28:23.100870,OFSS,setup,no fresh breakout/continuation trigger
2026-08-10T13:28:23.100870,SUNPHARMA,setup,no fresh breakout/continuation trigger
2026-08-10T13:28:23.100870,BEL,setup,no fresh breakout/continuation trigger
2026-08-10T13:28:23.100870,LICI,setup,no fresh breakout/continuation trigger
2026-08-10T13:28:23.100870,DIVISLAB,setup,no fresh breakout/continuation trigger
2026-08-10T13:28:23.100870,HCLTECH,setup,no fresh breakout/continuation trigger
2026-08-10T13:28:23.100870,GVT&D,setup,no fresh breakout/continuation trigger
2026-08-10T13:28:23.100870,ITC,setup,no fresh breakout/continuation trigger
2026-08-10T13:28:23.100870,TORNTPHARM,setup,no fresh breakout/continuation trigger
2026-08-10T13:29:23.569594,HDFCBANK,setup,no fresh breakout/continuation trigger
2026-08-10T13:29:23.569594,KALYANKJIL,setup,no fresh breakout/continuation trigger
2026-08-10T13:29:23.569594,ICICIBANK,setup,no fresh breakout/continuation trigger
2026-08-10T13:29:23.569594,RELIANCE,setup,no fresh breakout/continuation trigger
2026-08-10T13:29:23.569594,INFY,setup,no fresh breakout/continuation trigger
2026-08-10T13:29:23.569594,SBIN,setup,no fresh breakout/continuation trigger
2026-08-10T13:29:23.569594,BAJFINANCE,setup,no fresh breakout/continuation trigger
2026-08-10T13:29:23.569594,BHARTIARTL,setup,no fresh breakout/continuation trigger
2026-08-10T13:29:23.569594,BSE,setup,no fresh breakout/continuation trigger
2026-08-10T13:29:23.585527,ETERNAL,setup,no fresh breakout/continuation trigger
2026-08-10T13:29:23.585527,AXISBANK,setup,no fresh breakout/continuation trigger
2026-08-10T13:29:23.585527,TCS,setup,no fresh breakout/continuation trigger
2026-08-10T13:29:23.585527,M&M,setup,no fresh breakout/continuation trigger
2026-08-10T13:29:23.585527,LT,setup,no fresh breakout/continuation trigger
2026-08-10T13:29:23.585527,SWIGGY,setup,no fresh breakout/continuation trigger
2026-08-10T13:29:23.585527,DIXON,setup,no fresh breakout/continuation trigger
2026-08-10T13:29:23.585527,SHRIRAMFIN,setup,no fresh breakout/continuation trigger
2026-08-10T13:29:23.585527,TVSMOTOR,setup,no fresh breakout/continuation trigger
2026-08-10T13:29:23.585527,PAYTM,setup,no fresh breakout/continuation trigger
2026-08-10T13:29:23.585527,MARUTI,setup,no fresh breakout/continuation trigger
2026-08-10T13:29:23.585527,COFORGE,setup,no fresh breakout/continuation trigger
2026-08-10T13:29:23.585527,JIOFIN,setup,no fresh breakout/continuation trigger
2026-08-10T13:29:23.585527,BHEL,setup,no fresh breakout/continuation trigger
2026-08-10T13:29:23.585527,BAJAJ-AUTO,setup,no fresh breakout/continuation trigger
2026-08-10T13:29:23.585527,TECHM,setup,no fresh breakout/continuation trigger
2026-08-10T13:29:23.585527,ADANIPOWER,setup,no fresh breakout/continuation trigger
2026-08-10T13:29:23.585527,INDIGO,setup,no fresh breakout/continuation trigger
2026-08-10T13:29:23.585527,MCX,setup,no fresh breakout/continuation trigger
2026-08-10T13:29:23.585527,KAYNES,setup,no fresh breakout/continuation trigger
2026-08-10T13:29:23.585527,KOTAKBANK,setup,no fresh breakout/continuation trigger
2026-08-10T13:29:23.585527,HINDALCO,setup,no fresh breakout/continuation trigger
2026-08-10T13:29:23.585527,OFSS,setup,no fresh breakout/continuation trigger
2026-08-10T13:29:23.585527,SUNPHARMA,setup,no fresh breakout/continuation trigger
2026-08-10T13:29:23.585527,BEL,setup,no fresh breakout/continuation trigger
2026-08-10T13:29:23.585527,LICI,setup,no fresh breakout/continuation trigger
2026-08-10T13:29:23.601494,DIVISLAB,setup,no fresh breakout/continuation trigger
2026-08-10T13:29:23.601494,HCLTECH,setup,no fresh breakout/continuation trigger
2026-08-10T13:29:23.601494,GVT&D,setup,no fresh breakout/continuation trigger
2026-08-10T13:29:23.601494,ITC,setup,no fresh breakout/continuation trigger
2026-08-10T13:29:23.601494,TORNTPHARM,setup,no fresh breakout/continuation trigger
2026-08-10T13:30:24.054439,HDFCBANK,setup,no fresh breakout/continuation trigger
2026-08-10T13:30:24.054439,KALYANKJIL,setup,no fresh breakout/continuation trigger
2026-08-10T13:30:24.054439,ICICIBANK,setup,no fresh breakout/continuation trigger
2026-08-10T13:30:24.054439,RELIANCE,setup,no fresh breakout/continuation trigger
2026-08-10T13:30:24.070109,INFY,setup,no fresh breakout/continuation trigger
2026-08-10T13:30:24.070109,SBIN,setup,no fresh breakout/continuation trigger
2026-08-10T13:30:24.070109,BAJFINANCE,setup,no fresh breakout/continuation trigger
2026-08-10T13:30:24.070109,BHARTIARTL,setup,no fresh breakout/continuation trigger
2026-08-10T13:30:24.070109,BSE,setup,no fresh breakout/continuation trigger
2026-08-10T13:30:24.070109,ETERNAL,setup,no fresh breakout/continuation trigger
2026-08-10T13:30:24.070109,AXISBANK,setup,no fresh breakout/continuation trigger
2026-08-10T13:30:24.070109,TCS,setup,no fresh breakout/continuation trigger
2026-08-10T13:30:24.070109,M&M,setup,no fresh breakout/continuation trigger
2026-08-10T13:30:24.070109,LT,setup,no fresh breakout/continuation trigger
2026-08-10T13:30:24.070109,SWIGGY,setup,no fresh breakout/continuation trigger
2026-08-10T13:30:24.070109,DIXON,setup,no fresh breakout/continuation trigger
2026-08-10T13:30:24.070109,SHRIRAMFIN,setup,no fresh breakout/continuation trigger
2026-08-10T13:30:24.070109,TVSMOTOR,setup,no fresh breakout/continuation trigger
2026-08-10T13:30:24.070109,PAYTM,setup,no fresh breakout/continuation trigger
2026-08-10T13:30:24.070109,MARUTI,setup,no fresh breakout/continuation trigger
2026-08-10T13:30:24.070109,COFORGE,setup,no fresh breakout/continuation trigger
2026-08-10T13:30:24.070109,JIOFIN,setup,no fresh breakout/continuation trigger
2026-08-10T13:30:24.070109,BHEL,setup,no fresh breakout/continuation trigger
2026-08-10T13:30:24.070109,BAJAJ-AUTO,setup,no fresh breakout/continuation trigger
2026-08-10T13:30:24.070109,TECHM,setup,no fresh breakout/continuation trigger
2026-08-10T13:30:24.070109,ADANIPOWER,setup,no fresh breakout/continuation trigger
2026-08-10T13:30:24.070109,INDIGO,setup,no fresh breakout/continuation trigger
2026-08-10T13:30:24.070109,MCX,setup,no fresh breakout/continuation trigger
2026-08-10T13:30:24.070109,KAYNES,setup,no fresh breakout/continuation trigger
2026-08-10T13:30:24.086091,KOTAKBANK,setup,no fresh breakout/continuation trigger
2026-08-10T13:30:24.086091,HINDALCO,setup,no fresh breakout/continuation trigger
2026-08-10T13:30:24.086091,OFSS,setup,no fresh breakout/continuation trigger
2026-08-10T13:30:24.086091,SUNPHARMA,setup,no fresh breakout/continuation trigger
2026-08-10T13:30:24.086091,BEL,setup,no fresh breakout/continuation trigger
2026-08-10T13:30:24.086091,LICI,setup,no fresh breakout/continuation trigger
2026-08-10T13:30:24.086091,DIVISLAB,setup,no fresh breakout/continuation trigger
2026-08-10T13:30:24.086091,HCLTECH,setup,no fresh breakout/continuation trigger
2026-08-10T13:30:24.086091,GVT&D,setup,no fresh breakout/continuation trigger
2026-08-10T13:30:24.086091,ITC,setup,no fresh breakout/continuation trigger
2026-08-10T13:30:24.086091,TORNTPHARM,setup,no fresh breakout/continuation trigger
2026-08-10T13:32:44.321358,HDFCBANK,setup,no fresh breakout/continuation trigger
2026-08-10T13:32:44.321358,KALYANKJIL,setup,no fresh breakout/continuation trigger
2026-08-10T13:32:44.321358,ICICIBANK,setup,no fresh breakout/continuation trigger
2026-08-10T13:32:44.321358,RELIANCE,setup,no fresh breakout/continuation trigger
2026-08-10T13:32:44.321358,INFY,setup,no fresh breakout/continuation trigger
2026-08-10T13:32:44.321358,SBIN,setup,no fresh breakout/continuation trigger
2026-08-10T13:32:44.321358,BAJFINANCE,setup,RVOL 0.15 below 1.0
2026-08-10T13:32:44.321358,BHARTIARTL,setup,no fresh breakout/continuation trigger
2026-08-10T13:32:44.321358,BSE,setup,no fresh breakout/continuation trigger
2026-08-10T13:32:44.321358,ETERNAL,setup,no fresh breakout/continuation trigger
2026-08-10T13:32:44.337263,AXISBANK,setup,no fresh breakout/continuation trigger
2026-08-10T13:32:44.338388,TCS,setup,no fresh breakout/continuation trigger
2026-08-10T13:32:44.339399,M&M,setup,no fresh breakout/continuation trigger
2026-08-10T13:32:44.339399,LT,setup,no fresh breakout/continuation trigger
2026-08-10T13:32:44.340492,SWIGGY,setup,no fresh breakout/continuation trigger
2026-08-10T13:32:44.340492,DIXON,setup,no fresh breakout/continuation trigger
2026-08-10T13:32:44.341498,SHRIRAMFIN,setup,RVOL 0.43 below 1.0
2026-08-10T13:32:44.342512,TVSMOTOR,setup,no fresh breakout/continuation trigger
2026-08-10T13:32:44.342512,PAYTM,setup,no fresh breakout/continuation trigger
2026-08-10T13:32:44.343745,MARUTI,setup,no fresh breakout/continuation trigger
2026-08-10T13:32:44.343745,COFORGE,setup,RVOL 0.77 below 1.0
2026-08-10T13:32:44.344743,JIOFIN,setup,no fresh breakout/continuation trigger
2026-08-10T13:32:44.344743,BHEL,setup,no fresh breakout/continuation trigger
2026-08-10T13:32:44.345853,BAJAJ-AUTO,setup,no fresh breakout/continuation trigger
2026-08-10T13:32:44.346971,TECHM,setup,no fresh breakout/continuation trigger
2026-08-10T13:32:44.346971,MCX,setup,no fresh breakout/continuation trigger
2026-08-10T13:32:44.348293,ADANIPOWER,setup,entry extended 0.38 ATR
2026-08-10T13:32:44.348293,INDIGO,setup,no fresh breakout/continuation trigger
2026-08-10T13:32:44.348293,KAYNES,setup,no fresh breakout/continuation trigger
2026-08-10T13:32:44.349520,KOTAKBANK,setup,no fresh breakout/continuation trigger
2026-08-10T13:32:44.349520,HINDALCO,setup,no fresh breakout/continuation trigger
2026-08-10T13:32:44.350965,OFSS,setup,no fresh breakout/continuation trigger
2026-08-10T13:32:44.350965,SUNPHARMA,setup,no fresh breakout/continuation trigger
2026-08-10T13:32:44.351971,BEL,setup,no fresh breakout/continuation trigger
2026-08-10T13:32:44.351971,LICI,setup,no fresh breakout/continuation trigger
2026-08-10T13:32:44.353401,DIVISLAB,setup,no fresh breakout/continuation trigger
2026-08-10T13:32:44.353401,HCLTECH,setup,no fresh breakout/continuation trigger
2026-08-10T13:32:44.354460,GVT&D,setup,SL too wide (1.80 ATR)
2026-08-10T13:32:44.354460,ITC,setup,SL too wide (1.86 ATR)
2026-08-10T13:32:44.355463,POWERINDIA,setup,SL too wide (1.56 ATR)
2026-08-10T13:33:44.820085,HDFCBANK,setup,no fresh breakout/continuation trigger
2026-08-10T13:33:44.820085,KALYANKJIL,setup,no fresh breakout/continuation trigger
2026-08-10T13:33:44.820085,ICICIBANK,setup,no fresh breakout/continuation trigger
2026-08-10T13:33:44.820085,RELIANCE,setup,no fresh breakout/continuation trigger
2026-08-10T13:33:44.820085,INFY,setup,no fresh breakout/continuation trigger
2026-08-10T13:33:44.820085,SBIN,setup,no fresh breakout/continuation trigger
2026-08-10T13:33:44.820085,BAJFINANCE,setup,RVOL 0.15 below 1.0
2026-08-10T13:33:44.820085,BHARTIARTL,setup,no fresh breakout/continuation trigger
2026-08-10T13:33:44.820085,BSE,setup,no fresh breakout/continuation trigger
2026-08-10T13:33:44.820085,ETERNAL,setup,no fresh breakout/continuation trigger
2026-08-10T13:33:44.820085,AXISBANK,setup,no fresh breakout/continuation trigger
2026-08-10T13:33:44.820085,TCS,setup,no fresh breakout/continuation trigger
2026-08-10T13:33:44.820085,M&M,setup,no fresh breakout/continuation trigger
2026-08-10T13:33:44.820085,LT,setup,no fresh breakout/continuation trigger
2026-08-10T13:33:44.820085,SWIGGY,setup,no fresh breakout/continuation trigger
2026-08-10T13:33:44.820085,DIXON,setup,no fresh breakout/continuation trigger
2026-08-10T13:33:44.820085,SHRIRAMFIN,setup,RVOL 0.43 below 1.0
2026-08-10T13:33:44.820085,TVSMOTOR,setup,no fresh breakout/continuation trigger
2026-08-10T13:33:44.820085,PAYTM,setup,no fresh breakout/continuation trigger
2026-08-10T13:33:44.820085,MARUTI,setup,no fresh breakout/continuation trigger
2026-08-10T13:33:44.820085,COFORGE,setup,RVOL 0.77 below 1.0
2026-08-10T13:33:44.820085,JIOFIN,setup,no fresh breakout/continuation trigger
2026-08-10T13:33:44.820085,BHEL,setup,no fresh breakout/continuation trigger
2026-08-10T13:33:44.820085,BAJAJ-AUTO,setup,no fresh breakout/continuation trigger
2026-08-10T13:33:44.835798,TECHM,setup,no fresh breakout/continuation trigger
2026-08-10T13:33:44.835798,MCX,setup,no fresh breakout/continuation trigger
2026-08-10T13:33:44.835798,ADANIPOWER,setup,entry extended 0.38 ATR
2026-08-10T13:33:44.835798,INDIGO,setup,no fresh breakout/continuation trigger
2026-08-10T13:33:44.835798,KAYNES,setup,no fresh breakout/continuation trigger
2026-08-10T13:33:44.835798,KOTAKBANK,setup,no fresh breakout/continuation trigger
2026-08-10T13:33:44.835798,HINDALCO,setup,no fresh breakout/continuation trigger
2026-08-10T13:33:44.835798,OFSS,setup,no fresh breakout/continuation trigger
2026-08-10T13:33:44.835798,SUNPHARMA,setup,no fresh breakout/continuation trigger
2026-08-10T13:33:44.835798,BEL,setup,no fresh breakout/continuation trigger
2026-08-10T13:33:44.835798,LICI,setup,no fresh breakout/continuation trigger
2026-08-10T13:33:44.835798,DIVISLAB,setup,no fresh breakout/continuation trigger
2026-08-10T13:33:44.835798,HCLTECH,setup,no fresh breakout/continuation trigger
2026-08-10T13:33:44.835798,GVT&D,setup,SL too wide (1.80 ATR)
2026-08-10T13:33:44.835798,ITC,setup,SL too wide (1.86 ATR)
2026-08-10T13:33:44.835798,POWERINDIA,setup,SL too wide (1.56 ATR)
2026-08-10T13:34:45.304274,HDFCBANK,setup,no fresh breakout/continuation trigger
2026-08-10T13:34:45.304274,KALYANKJIL,setup,no fresh breakout/continuation trigger
2026-08-10T13:34:45.304274,ICICIBANK,setup,no fresh breakout/continuation trigger
2026-08-10T13:34:45.304274,RELIANCE,setup,no fresh breakout/continuation trigger
2026-08-10T13:34:45.304274,INFY,setup,no fresh breakout/continuation trigger
2026-08-10T13:34:45.304274,SBIN,setup,no fresh breakout/continuation trigger
2026-08-10T13:34:45.320006,BAJFINANCE,setup,RVOL 0.15 below 1.0
2026-08-10T13:34:45.320006,BHARTIARTL,setup,no fresh breakout/continuation trigger
2026-08-10T13:34:45.320006,BSE,setup,no fresh breakout/continuation trigger
2026-08-10T13:34:45.320006,ETERNAL,setup,no fresh breakout/continuation trigger
2026-08-10T13:34:45.320006,AXISBANK,setup,no fresh breakout/continuation trigger
2026-08-10T13:34:45.320006,TCS,setup,no fresh breakout/continuation trigger
2026-08-10T13:34:45.320006,M&M,setup,no fresh breakout/continuation trigger
2026-08-10T13:34:45.320006,LT,setup,no fresh breakout/continuation trigger
2026-08-10T13:34:45.320006,SWIGGY,setup,no fresh breakout/continuation trigger
2026-08-10T13:34:45.320006,DIXON,setup,no fresh breakout/continuation trigger
2026-08-10T13:34:45.320006,SHRIRAMFIN,setup,RVOL 0.43 below 1.0
2026-08-10T13:34:45.320006,TVSMOTOR,setup,no fresh breakout/continuation trigger
2026-08-10T13:34:45.320006,PAYTM,setup,no fresh breakout/continuation trigger
2026-08-10T13:34:45.320006,MARUTI,setup,no fresh breakout/continuation trigger
2026-08-10T13:34:45.320006,COFORGE,setup,RVOL 0.77 below 1.0
2026-08-10T13:34:45.320006,JIOFIN,setup,no fresh breakout/continuation trigger
2026-08-10T13:34:45.320006,BHEL,setup,no fresh breakout/continuation trigger
2026-08-10T13:34:45.320006,BAJAJ-AUTO,setup,no fresh breakout/continuation trigger
2026-08-10T13:34:45.320006,TECHM,setup,no fresh breakout/continuation trigger
2026-08-10T13:34:45.320006,MCX,setup,no fresh breakout/continuation trigger
2026-08-10T13:34:45.320006,ADANIPOWER,setup,entry extended 0.38 ATR
2026-08-10T13:34:45.320006,INDIGO,setup,no fresh breakout/continuation trigger
2026-08-10T13:34:45.320006,KAYNES,setup,no fresh breakout/continuation trigger
2026-08-10T13:34:45.335820,KOTAKBANK,setup,no fresh breakout/continuation trigger
2026-08-10T13:34:45.335820,HINDALCO,setup,no fresh breakout/continuation trigger
2026-08-10T13:34:45.335820,OFSS,setup,no fresh breakout/continuation trigger
2026-08-10T13:34:45.335820,SUNPHARMA,setup,no fresh breakout/continuation trigger
2026-08-10T13:34:45.335820,BEL,setup,no fresh breakout/continuation trigger
2026-08-10T13:34:45.335820,LICI,setup,no fresh breakout/continuation trigger
2026-08-10T13:34:45.335820,DIVISLAB,setup,no fresh breakout/continuation trigger
2026-08-10T13:34:45.335820,HCLTECH,setup,no fresh breakout/continuation trigger
2026-08-10T13:34:45.335820,GVT&D,setup,SL too wide (1.80 ATR)
2026-08-10T13:34:45.335820,ITC,setup,SL too wide (1.86 ATR)
2026-08-10T13:34:45.335820,POWERINDIA,setup,SL too wide (1.56 ATR)
2026-08-10T13:35:45.804274,HDFCBANK,setup,no fresh breakout/continuation trigger
2026-08-10T13:35:45.804274,KALYANKJIL,setup,no fresh breakout/continuation trigger
2026-08-10T13:35:45.804274,ICICIBANK,setup,no fresh breakout/continuation trigger
2026-08-10T13:35:45.804274,RELIANCE,setup,no fresh breakout/continuation trigger
2026-08-10T13:35:45.804274,INFY,setup,no fresh breakout/continuation trigger
2026-08-10T13:35:45.804274,SBIN,setup,no fresh breakout/continuation trigger
2026-08-10T13:35:45.804274,BAJFINANCE,setup,RVOL 0.15 below 1.0
2026-08-10T13:35:45.804274,BHARTIARTL,setup,no fresh breakout/continuation trigger
2026-08-10T13:35:45.804274,BSE,setup,no fresh breakout/continuation trigger
2026-08-10T13:35:45.804274,ETERNAL,setup,no fresh breakout/continuation trigger
2026-08-10T13:35:45.804274,AXISBANK,setup,no fresh breakout/continuation trigger
2026-08-10T13:35:45.804274,TCS,setup,no fresh breakout/continuation trigger
2026-08-10T13:35:45.804274,M&M,setup,no fresh breakout/continuation trigger
2026-08-10T13:35:45.804274,LT,setup,no fresh breakout/continuation trigger
2026-08-10T13:35:45.804274,SWIGGY,setup,no fresh breakout/continuation trigger
2026-08-10T13:35:45.804274,DIXON,setup,no fresh breakout/continuation trigger
2026-08-10T13:35:45.804274,SHRIRAMFIN,setup,RVOL 0.43 below 1.0
2026-08-10T13:35:45.804274,TVSMOTOR,setup,no fresh breakout/continuation trigger
2026-08-10T13:35:45.804274,PAYTM,setup,no fresh breakout/continuation trigger
2026-08-10T13:35:45.804274,MARUTI,setup,no fresh breakout/continuation trigger
2026-08-10T13:35:45.804274,COFORGE,setup,RVOL 0.77 below 1.0
2026-08-10T13:35:45.804274,JIOFIN,setup,no fresh breakout/continuation trigger
2026-08-10T13:35:45.804274,BHEL,setup,no fresh breakout/continuation trigger
2026-08-10T13:35:45.820243,BAJAJ-AUTO,setup,no fresh breakout/continuation trigger
2026-08-10T13:35:45.820546,TECHM,setup,no fresh breakout/continuation trigger
2026-08-10T13:35:45.821544,MCX,setup,no fresh breakout/continuation trigger
2026-08-10T13:35:45.821544,ADANIPOWER,setup,entry extended 0.38 ATR
2026-08-10T13:35:45.822805,INDIGO,setup,no fresh breakout/continuation trigger
2026-08-10T13:35:45.822805,KAYNES,setup,no fresh breakout/continuation trigger
2026-08-10T13:35:45.822805,KOTAKBANK,setup,no fresh breakout/continuation trigger
2026-08-10T13:35:45.824277,HINDALCO,setup,no fresh breakout/continuation trigger
2026-08-10T13:35:45.824277,OFSS,setup,no fresh breakout/continuation trigger
2026-08-10T13:35:45.825301,SUNPHARMA,setup,no fresh breakout/continuation trigger
2026-08-10T13:35:45.825301,BEL,setup,no fresh breakout/continuation trigger
2026-08-10T13:35:45.826589,LICI,setup,no fresh breakout/continuation trigger
2026-08-10T13:35:45.826589,DIVISLAB,setup,no fresh breakout/continuation trigger
2026-08-10T13:35:45.827801,HCLTECH,setup,no fresh breakout/continuation trigger
2026-08-10T13:35:45.827801,GVT&D,setup,SL too wide (1.80 ATR)
2026-08-10T13:35:45.829002,ITC,setup,SL too wide (1.86 ATR)
2026-08-10T13:35:45.829002,POWERINDIA,setup,SL too wide (1.56 ATR)
2026-08-10T13:36:46.303528,HDFCBANK,setup,no fresh breakout/continuation trigger
2026-08-10T13:36:46.303528,KALYANKJIL,setup,no fresh breakout/continuation trigger
2026-08-10T13:36:46.303528,ICICIBANK,setup,no fresh breakout/continuation trigger
2026-08-10T13:36:46.303528,RELIANCE,setup,no fresh breakout/continuation trigger
2026-08-10T13:36:46.303528,INFY,setup,no fresh breakout/continuation trigger
2026-08-10T13:36:46.303528,SBIN,setup,no fresh breakout/continuation trigger
2026-08-10T13:36:46.303528,BAJFINANCE,setup,RVOL 0.15 below 1.0
2026-08-10T13:36:46.303528,BHARTIARTL,setup,no fresh breakout/continuation trigger
2026-08-10T13:36:46.303528,BSE,setup,no fresh breakout/continuation trigger
2026-08-10T13:36:46.303528,ETERNAL,setup,no fresh breakout/continuation trigger
2026-08-10T13:36:46.303528,AXISBANK,setup,no fresh breakout/continuation trigger
2026-08-10T13:36:46.303528,TCS,setup,no fresh breakout/continuation trigger
2026-08-10T13:36:46.303528,M&M,setup,no fresh breakout/continuation trigger
2026-08-10T13:36:46.303528,LT,setup,no fresh breakout/continuation trigger
2026-08-10T13:36:46.303528,SWIGGY,setup,no fresh breakout/continuation trigger
2026-08-10T13:36:46.303528,DIXON,setup,no fresh breakout/continuation trigger
2026-08-10T13:36:46.303528,SHRIRAMFIN,setup,RVOL 0.43 below 1.0
2026-08-10T13:36:46.303528,TVSMOTOR,setup,no fresh breakout/continuation trigger
2026-08-10T13:36:46.303528,PAYTM,setup,no fresh breakout/continuation trigger
2026-08-10T13:36:46.303528,MARUTI,setup,no fresh breakout/continuation trigger
2026-08-10T13:36:46.303528,COFORGE,setup,RVOL 0.77 below 1.0
2026-08-10T13:36:46.319242,JIOFIN,setup,no fresh breakout/continuation trigger
2026-08-10T13:36:46.319242,BHEL,setup,no fresh breakout/continuation trigger
2026-08-10T13:36:46.319242,BAJAJ-AUTO,setup,no fresh breakout/continuation trigger
2026-08-10T13:36:46.319242,TECHM,setup,no fresh breakout/continuation trigger
2026-08-10T13:36:46.319242,MCX,setup,no fresh breakout/continuation trigger
2026-08-10T13:36:46.319242,ADANIPOWER,setup,entry extended 0.38 ATR
2026-08-10T13:36:46.319242,INDIGO,setup,no fresh breakout/continuation trigger
2026-08-10T13:36:46.319242,KAYNES,setup,no fresh breakout/continuation trigger
2026-08-10T13:36:46.319242,KOTAKBANK,setup,no fresh breakout/continuation trigger
2026-08-10T13:36:46.319242,HINDALCO,setup,no fresh breakout/continuation trigger
2026-08-10T13:36:46.319242,OFSS,setup,no fresh breakout/continuation trigger
2026-08-10T13:36:46.319242,SUNPHARMA,setup,no fresh breakout/continuation trigger
2026-08-10T13:36:46.319242,BEL,setup,no fresh breakout/continuation trigger
2026-08-10T13:36:46.319242,LICI,setup,no fresh breakout/continuation trigger
2026-08-10T13:36:46.319242,DIVISLAB,setup,no fresh breakout/continuation trigger
2026-08-10T13:36:46.319242,HCLTECH,setup,no fresh breakout/continuation trigger
2026-08-10T13:36:46.319242,GVT&D,setup,SL too wide (1.80 ATR)
2026-08-10T13:36:46.319242,ITC,setup,SL too wide (1.86 ATR)
2026-08-10T13:36:46.319242,POWERINDIA,setup,SL too wide (1.56 ATR)
2026-08-10T13:37:49.053959,HDFCBANK,setup,no fresh breakout/continuation trigger
2026-08-10T13:37:49.053959,KALYANKJIL,setup,no fresh breakout/continuation trigger
2026-08-10T13:37:49.053959,ICICIBANK,setup,no fresh breakout/continuation trigger
2026-08-10T13:37:49.053959,RELIANCE,setup,no fresh breakout/continuation trigger
2026-08-10T13:37:49.053959,INFY,setup,no fresh breakout/continuation trigger
2026-08-10T13:37:49.053959,SBIN,setup,no fresh breakout/continuation trigger
2026-08-10T13:37:49.053959,BAJFINANCE,setup,SL too wide (3.62 ATR)
2026-08-10T13:37:49.053959,BHARTIARTL,setup,no fresh breakout/continuation trigger
2026-08-10T13:37:49.053959,BSE,setup,no fresh breakout/continuation trigger
2026-08-10T13:37:49.069808,ETERNAL,setup,RVOL 0.32 below 1.0
2026-08-10T13:37:49.069808,AXISBANK,setup,RVOL 0.32 below 1.0
2026-08-10T13:37:49.069808,TCS,setup,no fresh breakout/continuation trigger
2026-08-10T13:37:49.069808,M&M,setup,no fresh breakout/continuation trigger
2026-08-10T13:37:49.069808,LT,setup,no fresh breakout/continuation trigger
2026-08-10T13:37:49.069808,SWIGGY,setup,no fresh breakout/continuation trigger
2026-08-10T13:37:49.069808,DIXON,setup,no fresh breakout/continuation trigger
2026-08-10T13:37:49.069808,SHRIRAMFIN,setup,SL too wide (1.57 ATR)
2026-08-10T13:37:49.069808,TVSMOTOR,setup,no fresh breakout/continuation trigger
2026-08-10T13:37:49.069808,PAYTM,setup,no fresh breakout/continuation trigger
2026-08-10T13:37:49.069808,MARUTI,setup,no fresh breakout/continuation trigger
2026-08-10T13:37:49.069808,COFORGE,setup,no fresh breakout/continuation trigger
2026-08-10T13:37:49.069808,JIOFIN,setup,no fresh breakout/continuation trigger
2026-08-10T13:37:49.069808,BHEL,setup,no fresh breakout/continuation trigger
2026-08-10T13:37:49.069808,BAJAJ-AUTO,setup,no fresh breakout/continuation trigger
2026-08-10T13:37:49.069808,TECHM,setup,no fresh breakout/continuation trigger
2026-08-10T13:37:49.069808,MCX,setup,no fresh breakout/continuation trigger
2026-08-10T13:37:49.069808,ADANIPOWER,setup,no fresh breakout/continuation trigger
2026-08-10T13:37:49.069808,INDIGO,setup,no fresh breakout/continuation trigger
2026-08-10T13:37:49.069808,KAYNES,setup,no fresh breakout/continuation trigger
2026-08-10T13:37:49.069808,KOTAKBANK,setup,no fresh breakout/continuation trigger
2026-08-10T13:37:49.069808,HINDALCO,setup,no fresh breakout/continuation trigger
2026-08-10T13:37:49.069808,OFSS,setup,no fresh breakout/continuation trigger
2026-08-10T13:37:49.069808,SUNPHARMA,setup,no fresh breakout/continuation trigger
2026-08-10T13:37:49.069808,BEL,setup,no fresh breakout/continuation trigger
2026-08-10T13:37:49.085668,LICI,setup,no fresh breakout/continuation trigger
2026-08-10T13:37:49.085668,DIVISLAB,setup,no fresh breakout/continuation trigger
2026-08-10T13:37:49.085668,HCLTECH,setup,no fresh breakout/continuation trigger
2026-08-10T13:37:49.085668,GVT&D,setup,no fresh breakout/continuation trigger
2026-08-10T13:37:49.085668,ITC,setup,no fresh breakout/continuation trigger
2026-08-10T13:37:49.085668,POWERINDIA,setup,no fresh breakout/continuation trigger
2026-08-10T13:38:49.538445,HDFCBANK,setup,no fresh breakout/continuation trigger
2026-08-10T13:38:49.538445,KALYANKJIL,setup,no fresh breakout/continuation trigger
2026-08-10T13:38:49.554123,ICICIBANK,setup,no fresh breakout/continuation trigger
2026-08-10T13:38:49.554123,RELIANCE,setup,no fresh breakout/continuation trigger
2026-08-10T13:38:49.554123,INFY,setup,no fresh breakout/continuation trigger
2026-08-10T13:38:49.554123,SBIN,setup,no fresh breakout/continuation trigger
2026-08-10T13:38:49.554123,BAJFINANCE,setup,SL too wide (3.62 ATR)
2026-08-10T13:38:49.554123,BHARTIARTL,setup,no fresh breakout/continuation trigger
2026-08-10T13:38:49.554123,BSE,setup,no fresh breakout/continuation trigger
2026-08-10T13:38:49.554123,ETERNAL,setup,RVOL 0.32 below 1.0
2026-08-10T13:38:49.554123,AXISBANK,setup,RVOL 0.32 below 1.0
2026-08-10T13:38:49.554123,TCS,setup,no fresh breakout/continuation trigger
2026-08-10T13:38:49.554123,M&M,setup,no fresh breakout/continuation trigger
2026-08-10T13:38:49.554123,LT,setup,no fresh breakout/continuation trigger
2026-08-10T13:38:49.554123,SWIGGY,setup,no fresh breakout/continuation trigger
2026-08-10T13:38:49.554123,DIXON,setup,no fresh breakout/continuation trigger
2026-08-10T13:38:49.554123,SHRIRAMFIN,setup,SL too wide (1.57 ATR)
2026-08-10T13:38:49.554123,TVSMOTOR,setup,no fresh breakout/continuation trigger
2026-08-10T13:38:49.554123,PAYTM,setup,no fresh breakout/continuation trigger
2026-08-10T13:38:49.554123,MARUTI,setup,no fresh breakout/continuation trigger
2026-08-10T13:38:49.554123,COFORGE,setup,no fresh breakout/continuation trigger
2026-08-10T13:38:49.554123,JIOFIN,setup,no fresh breakout/continuation trigger
2026-08-10T13:38:49.554123,BHEL,setup,no fresh breakout/continuation trigger
2026-08-10T13:38:49.554123,BAJAJ-AUTO,setup,no fresh breakout/continuation trigger
2026-08-10T13:38:49.554123,TECHM,setup,no fresh breakout/continuation trigger
2026-08-10T13:38:49.554123,MCX,setup,no fresh breakout/continuation trigger
2026-08-10T13:38:49.569866,ADANIPOWER,setup,no fresh breakout/continuation trigger
2026-08-10T13:38:49.569866,INDIGO,setup,no fresh breakout/continuation trigger
2026-08-10T13:38:49.569866,KAYNES,setup,no fresh breakout/continuation trigger
2026-08-10T13:38:49.569866,KOTAKBANK,setup,no fresh breakout/continuation trigger
2026-08-10T13:38:49.569866,HINDALCO,setup,no fresh breakout/continuation trigger
2026-08-10T13:38:49.569866,OFSS,setup,no fresh breakout/continuation trigger
2026-08-10T13:38:49.569866,SUNPHARMA,setup,no fresh breakout/continuation trigger
2026-08-10T13:38:49.569866,BEL,setup,no fresh breakout/continuation trigger
2026-08-10T13:38:49.569866,LICI,setup,no fresh breakout/continuation trigger
2026-08-10T13:38:49.569866,DIVISLAB,setup,no fresh breakout/continuation trigger
2026-08-10T13:38:49.569866,HCLTECH,setup,no fresh breakout/continuation trigger
2026-08-10T13:38:49.569866,GVT&D,setup,no fresh breakout/continuation trigger
2026-08-10T13:38:49.569866,ITC,setup,no fresh breakout/continuation trigger
2026-08-10T13:38:49.569866,POWERINDIA,setup,no fresh breakout/continuation trigger
2026-08-10T13:39:50.040471,HDFCBANK,setup,no fresh breakout/continuation trigger
2026-08-10T13:39:50.041511,KALYANKJIL,setup,no fresh breakout/continuation trigger
2026-08-10T13:39:50.042527,ICICIBANK,setup,no fresh breakout/continuation trigger
2026-08-10T13:39:50.043602,RELIANCE,setup,no fresh breakout/continuation trigger
2026-08-10T13:39:50.043602,INFY,setup,no fresh breakout/continuation trigger
2026-08-10T13:39:50.044612,SBIN,setup,no fresh breakout/continuation trigger
2026-08-10T13:39:50.045660,BAJFINANCE,setup,SL too wide (3.62 ATR)
2026-08-10T13:39:50.045660,BHARTIARTL,setup,no fresh breakout/continuation trigger
2026-08-10T13:39:50.046937,BSE,setup,no fresh breakout/continuation trigger
2026-08-10T13:39:50.046937,ETERNAL,setup,RVOL 0.32 below 1.0
2026-08-10T13:39:50.047924,AXISBANK,setup,RVOL 0.32 below 1.0
2026-08-10T13:39:50.049071,TCS,setup,no fresh breakout/continuation trigger
2026-08-10T13:39:50.049071,M&M,setup,no fresh breakout/continuation trigger
2026-08-10T13:39:50.050074,LT,setup,no fresh breakout/continuation trigger
2026-08-10T13:39:50.050074,SWIGGY,setup,no fresh breakout/continuation trigger
2026-08-10T13:39:50.051088,DIXON,setup,no fresh breakout/continuation trigger
2026-08-10T13:39:50.052119,SHRIRAMFIN,setup,SL too wide (1.57 ATR)
2026-08-10T13:39:50.052119,TVSMOTOR,setup,no fresh breakout/continuation trigger
2026-08-10T13:39:50.053201,PAYTM,setup,no fresh breakout/continuation trigger
2026-08-10T13:39:50.053201,MARUTI,setup,no fresh breakout/continuation trigger
2026-08-10T13:39:50.054375,COFORGE,setup,no fresh breakout/continuation trigger
2026-08-10T13:39:50.054375,JIOFIN,setup,no fresh breakout/continuation trigger
2026-08-10T13:39:50.054375,BHEL,setup,no fresh breakout/continuation trigger
2026-08-10T13:39:50.054375,BAJAJ-AUTO,setup,no fresh breakout/continuation trigger
2026-08-10T13:39:50.057058,TECHM,setup,no fresh breakout/continuation trigger
2026-08-10T13:39:50.057058,MCX,setup,no fresh breakout/continuation trigger
2026-08-10T13:39:50.057058,ADANIPOWER,setup,no fresh breakout/continuation trigger
2026-08-10T13:39:50.057058,INDIGO,setup,no fresh breakout/continuation trigger
2026-08-10T13:39:50.057058,KAYNES,setup,no fresh breakout/continuation trigger
2026-08-10T13:39:50.057058,KOTAKBANK,setup,no fresh breakout/continuation trigger
2026-08-10T13:39:50.057058,HINDALCO,setup,no fresh breakout/continuation trigger
2026-08-10T13:39:50.057058,OFSS,setup,no fresh breakout/continuation trigger
2026-08-10T13:39:50.057058,SUNPHARMA,setup,no fresh breakout/continuation trigger
2026-08-10T13:39:50.057058,BEL,setup,no fresh breakout/continuation trigger
2026-08-10T13:39:50.057058,LICI,setup,no fresh breakout/continuation trigger
2026-08-10T13:39:50.057058,DIVISLAB,setup,no fresh breakout/continuation trigger
2026-08-10T13:39:50.057058,HCLTECH,setup,no fresh breakout/continuation trigger
2026-08-10T13:39:50.057058,GVT&D,setup,no fresh breakout/continuation trigger
2026-08-10T13:39:50.057058,ITC,setup,no fresh breakout/continuation trigger
2026-08-10T13:39:50.057058,POWERINDIA,setup,no fresh breakout/continuation trigger
2026-08-10T13:40:50.538822,HDFCBANK,setup,no fresh breakout/continuation trigger
2026-08-10T13:40:50.538822,KALYANKJIL,setup,no fresh breakout/continuation trigger
2026-08-10T13:40:50.538822,ICICIBANK,setup,no fresh breakout/continuation trigger
2026-08-10T13:40:50.538822,RELIANCE,setup,no fresh breakout/continuation trigger
2026-08-10T13:40:50.538822,INFY,setup,no fresh breakout/continuation trigger
2026-08-10T13:40:50.538822,SBIN,setup,no fresh breakout/continuation trigger
2026-08-10T13:40:50.538822,BAJFINANCE,setup,SL too wide (3.62 ATR)
2026-08-10T13:40:50.554625,BHARTIARTL,setup,no fresh breakout/continuation trigger
2026-08-10T13:40:50.554625,BSE,setup,no fresh breakout/continuation trigger
2026-08-10T13:40:50.554625,ETERNAL,setup,RVOL 0.32 below 1.0
2026-08-10T13:40:50.554625,AXISBANK,setup,RVOL 0.32 below 1.0
2026-08-10T13:40:50.554625,TCS,setup,no fresh breakout/continuation trigger
2026-08-10T13:40:50.554625,M&M,setup,no fresh breakout/continuation trigger
2026-08-10T13:40:50.554625,LT,setup,no fresh breakout/continuation trigger
2026-08-10T13:40:50.554625,SWIGGY,setup,no fresh breakout/continuation trigger
2026-08-10T13:40:50.554625,DIXON,setup,no fresh breakout/continuation trigger
2026-08-10T13:40:50.554625,SHRIRAMFIN,setup,SL too wide (1.57 ATR)
2026-08-10T13:40:50.554625,TVSMOTOR,setup,no fresh breakout/continuation trigger
2026-08-10T13:40:50.554625,PAYTM,setup,no fresh breakout/continuation trigger
2026-08-10T13:40:50.554625,MARUTI,setup,no fresh breakout/continuation trigger
2026-08-10T13:40:50.554625,COFORGE,setup,no fresh breakout/continuation trigger
2026-08-10T13:40:50.554625,JIOFIN,setup,no fresh breakout/continuation trigger
2026-08-10T13:40:50.554625,BHEL,setup,no fresh breakout/continuation trigger
2026-08-10T13:40:50.554625,BAJAJ-AUTO,setup,no fresh breakout/continuation trigger
2026-08-10T13:40:50.554625,TECHM,setup,no fresh breakout/continuation trigger
2026-08-10T13:40:50.554625,MCX,setup,no fresh breakout/continuation trigger
2026-08-10T13:40:50.554625,ADANIPOWER,setup,no fresh breakout/continuation trigger
2026-08-10T13:40:50.554625,INDIGO,setup,no fresh breakout/continuation trigger
2026-08-10T13:40:50.554625,KAYNES,setup,no fresh breakout/continuation trigger
2026-08-10T13:40:50.554625,KOTAKBANK,setup,no fresh breakout/continuation trigger
2026-08-10T13:40:50.554625,HINDALCO,setup,no fresh breakout/continuation trigger
2026-08-10T13:40:50.554625,OFSS,setup,no fresh breakout/continuation trigger
2026-08-10T13:40:50.570280,SUNPHARMA,setup,no fresh breakout/continuation trigger
2026-08-10T13:40:50.570280,BEL,setup,no fresh breakout/continuation trigger
2026-08-10T13:40:50.571430,LICI,setup,no fresh breakout/continuation trigger
2026-08-10T13:40:50.572434,DIVISLAB,setup,no fresh breakout/continuation trigger
2026-08-10T13:40:50.572434,HCLTECH,setup,no fresh breakout/continuation trigger
2026-08-10T13:40:50.573465,GVT&D,setup,no fresh breakout/continuation trigger
2026-08-10T13:40:50.573465,ITC,setup,no fresh breakout/continuation trigger
2026-08-10T13:40:50.574568,POWERINDIA,setup,no fresh breakout/continuation trigger
2026-08-10T13:41:51.050299,HDFCBANK,setup,no fresh breakout/continuation trigger
2026-08-10T13:41:51.050299,KALYANKJIL,setup,no fresh breakout/continuation trigger
2026-08-10T13:41:51.050299,ICICIBANK,setup,no fresh breakout/continuation trigger
2026-08-10T13:41:51.050299,RELIANCE,setup,no fresh breakout/continuation trigger
2026-08-10T13:41:51.050299,INFY,setup,no fresh breakout/continuation trigger
2026-08-10T13:41:51.050299,SBIN,setup,no fresh breakout/continuation trigger
2026-08-10T13:41:51.050299,BAJFINANCE,setup,SL too wide (3.62 ATR)
2026-08-10T13:41:51.050299,BHARTIARTL,setup,no fresh breakout/continuation trigger
2026-08-10T13:41:51.050299,BSE,setup,no fresh breakout/continuation trigger
2026-08-10T13:41:51.050299,ETERNAL,setup,RVOL 0.32 below 1.0
2026-08-10T13:41:51.050299,AXISBANK,setup,RVOL 0.32 below 1.0
2026-08-10T13:41:51.050299,TCS,setup,no fresh breakout/continuation trigger
2026-08-10T13:41:51.050299,M&M,setup,no fresh breakout/continuation trigger
2026-08-10T13:41:51.050299,LT,setup,no fresh breakout/continuation trigger
2026-08-10T13:41:51.050299,SWIGGY,setup,no fresh breakout/continuation trigger
2026-08-10T13:41:51.050299,DIXON,setup,no fresh breakout/continuation trigger
2026-08-10T13:41:51.050299,SHRIRAMFIN,setup,SL too wide (1.57 ATR)
2026-08-10T13:41:51.050299,TVSMOTOR,setup,no fresh breakout/continuation trigger
2026-08-10T13:41:51.050299,PAYTM,setup,no fresh breakout/continuation trigger
2026-08-10T13:41:51.050299,MARUTI,setup,no fresh breakout/continuation trigger
2026-08-10T13:41:51.066261,COFORGE,setup,no fresh breakout/continuation trigger
2026-08-10T13:41:51.066261,JIOFIN,setup,no fresh breakout/continuation trigger
2026-08-10T13:41:51.066261,BHEL,setup,no fresh breakout/continuation trigger
2026-08-10T13:41:51.066261,BAJAJ-AUTO,setup,no fresh breakout/continuation trigger
2026-08-10T13:41:51.066261,TECHM,setup,no fresh breakout/continuation trigger
2026-08-10T13:41:51.066261,MCX,setup,no fresh breakout/continuation trigger
2026-08-10T13:41:51.066261,ADANIPOWER,setup,no fresh breakout/continuation trigger
2026-08-10T13:41:51.066261,INDIGO,setup,no fresh breakout/continuation trigger
2026-08-10T13:41:51.066261,KAYNES,setup,no fresh breakout/continuation trigger
2026-08-10T13:41:51.066261,KOTAKBANK,setup,no fresh breakout/continuation trigger
2026-08-10T13:41:51.066261,HINDALCO,setup,no fresh breakout/continuation trigger
2026-08-10T13:41:51.066261,OFSS,setup,no fresh breakout/continuation trigger
2026-08-10T13:41:51.066261,SUNPHARMA,setup,no fresh breakout/continuation trigger
2026-08-10T13:41:51.066261,BEL,setup,no fresh breakout/continuation trigger
2026-08-10T13:41:51.066261,LICI,setup,no fresh breakout/continuation trigger
2026-08-10T13:41:51.066261,DIVISLAB,setup,no fresh breakout/continuation trigger
2026-08-10T13:41:51.066261,HCLTECH,setup,no fresh breakout/continuation trigger
2026-08-10T13:41:51.066261,GVT&D,setup,no fresh breakout/continuation trigger
2026-08-10T13:41:51.066261,ITC,setup,no fresh breakout/continuation trigger
2026-08-10T13:41:51.066261,POWERINDIA,setup,no fresh breakout/continuation trigger
2026-08-10T13:42:53.858044,HDFCBANK,setup,entry extended 0.52 ATR
2026-08-10T13:42:53.859084,KALYANKJIL,setup,no fresh breakout/continuation trigger
2026-08-10T13:42:53.860089,ICICIBANK,setup,no fresh breakout/continuation trigger
2026-08-10T13:42:53.860089,RELIANCE,setup,no fresh breakout/continuation trigger
2026-08-10T13:42:53.861127,INFY,setup,no fresh breakout/continuation trigger
2026-08-10T13:42:53.861127,SBIN,setup,no fresh breakout/continuation trigger
2026-08-10T13:42:53.862130,BAJFINANCE,setup,no fresh breakout/continuation trigger
2026-08-10T13:42:53.863187,BHARTIARTL,setup,no fresh breakout/continuation trigger
2026-08-10T13:42:53.863187,BSE,setup,no fresh breakout/continuation trigger
2026-08-10T13:42:53.863187,ETERNAL,setup,no fresh breakout/continuation trigger
2026-08-10T13:42:53.863187,AXISBANK,setup,no fresh breakout/continuation trigger
2026-08-10T13:42:53.863187,TCS,setup,RVOL 0.85 below 1.0
2026-08-10T13:42:53.863187,M&M,setup,no fresh breakout/continuation trigger
2026-08-10T13:42:53.863187,LT,setup,no fresh breakout/continuation trigger
2026-08-10T13:42:53.863187,SWIGGY,setup,no fresh breakout/continuation trigger
2026-08-10T13:42:53.863187,DIXON,setup,no fresh breakout/continuation trigger
2026-08-10T13:42:53.863187,SHRIRAMFIN,setup,SL too wide (2.27 ATR)
2026-08-10T13:42:53.863187,TVSMOTOR,setup,no fresh breakout/continuation trigger
2026-08-10T13:42:53.863187,PAYTM,setup,entry extended 0.45 ATR
2026-08-10T13:42:53.863187,MARUTI,setup,no fresh breakout/continuation trigger
2026-08-10T13:42:53.863187,COFORGE,setup,no fresh breakout/continuation trigger
2026-08-10T13:42:53.863187,JIOFIN,setup,no fresh breakout/continuation trigger
2026-08-10T13:42:53.863187,BHEL,setup,no fresh breakout/continuation trigger
2026-08-10T13:42:53.863187,BAJAJ-AUTO,setup,no fresh breakout/continuation trigger
2026-08-10T13:42:53.863187,TECHM,setup,no fresh breakout/continuation trigger
2026-08-10T13:42:53.863187,ADANIPOWER,setup,no fresh breakout/continuation trigger
2026-08-10T13:42:53.863187,INDIGO,setup,no fresh breakout/continuation trigger
2026-08-10T13:42:53.863187,KAYNES,setup,no fresh breakout/continuation trigger
2026-08-10T13:42:53.863187,KOTAKBANK,setup,no fresh breakout/continuation trigger
2026-08-10T13:42:53.863187,OFSS,setup,entry extended 0.45 ATR
2026-08-10T13:42:53.863187,SUNPHARMA,setup,no fresh breakout/continuation trigger
2026-08-10T13:42:53.863187,BEL,setup,no fresh breakout/continuation trigger
2026-08-10T13:42:53.863187,LICI,setup,no fresh breakout/continuation trigger
2026-08-10T13:42:53.863187,DIVISLAB,setup,no fresh breakout/continuation trigger
2026-08-10T13:42:53.879303,HCLTECH,setup,no fresh breakout/continuation trigger
2026-08-10T13:42:53.879303,GVT&D,setup,no fresh breakout/continuation trigger
2026-08-10T13:42:53.879303,ITC,setup,no fresh breakout/continuation trigger
2026-08-10T13:42:53.879303,POWERINDIA,setup,no fresh breakout/continuation trigger
2026-08-10T13:42:53.879303,MCX,option,no eligible option contracts
2026-08-10T13:42:53.879303,HINDALCO,option,no eligible option contracts
2026-08-10T13:43:54.366212,HDFCBANK,setup,entry extended 0.52 ATR
2026-08-10T13:43:54.366212,KALYANKJIL,setup,no fresh breakout/continuation trigger
2026-08-10T13:43:54.366212,ICICIBANK,setup,no fresh breakout/continuation trigger
2026-08-10T13:43:54.366212,RELIANCE,setup,no fresh breakout/continuation trigger
2026-08-10T13:43:54.366212,INFY,setup,no fresh breakout/continuation trigger
2026-08-10T13:43:54.366212,SBIN,setup,no fresh breakout/continuation trigger
2026-08-10T13:43:54.366212,BAJFINANCE,setup,no fresh breakout/continuation trigger
2026-08-10T13:43:54.366212,BHARTIARTL,setup,no fresh breakout/continuation trigger
2026-08-10T13:43:54.366212,BSE,setup,no fresh breakout/continuation trigger
2026-08-10T13:43:54.366212,ETERNAL,setup,no fresh breakout/continuation trigger
2026-08-10T13:43:54.366212,AXISBANK,setup,no fresh breakout/continuation trigger
2026-08-10T13:43:54.366212,TCS,setup,RVOL 0.85 below 1.0
2026-08-10T13:43:54.366212,M&M,setup,no fresh breakout/continuation trigger
2026-08-10T13:43:54.366212,LT,setup,no fresh breakout/continuation trigger
2026-08-10T13:43:54.366212,SWIGGY,setup,no fresh breakout/continuation trigger
2026-08-10T13:43:54.382202,DIXON,setup,no fresh breakout/continuation trigger
2026-08-10T13:43:54.382202,SHRIRAMFIN,setup,SL too wide (2.27 ATR)
2026-08-10T13:43:54.383459,TVSMOTOR,setup,no fresh breakout/continuation trigger
2026-08-10T13:43:54.384633,PAYTM,setup,entry extended 0.45 ATR
2026-08-10T13:43:54.384633,MARUTI,setup,no fresh breakout/continuation trigger
2026-08-10T13:43:54.385638,COFORGE,setup,no fresh breakout/continuation trigger
2026-08-10T13:43:54.385638,JIOFIN,setup,no fresh breakout/continuation trigger
2026-08-10T13:43:54.387082,BHEL,setup,no fresh breakout/continuation trigger
2026-08-10T13:43:54.387082,BAJAJ-AUTO,setup,no fresh breakout/continuation trigger
2026-08-10T13:43:54.388105,TECHM,setup,no fresh breakout/continuation trigger
2026-08-10T13:43:54.388105,ADANIPOWER,setup,no fresh breakout/continuation trigger
2026-08-10T13:43:54.389553,INDIGO,setup,no fresh breakout/continuation trigger
2026-08-10T13:43:54.389553,KAYNES,setup,no fresh breakout/continuation trigger
2026-08-10T13:43:54.390615,KOTAKBANK,setup,no fresh breakout/continuation trigger
2026-08-10T13:43:54.390615,OFSS,setup,entry extended 0.45 ATR
2026-08-10T13:43:54.391628,SUNPHARMA,setup,no fresh breakout/continuation trigger
2026-08-10T13:43:54.392616,BEL,setup,no fresh breakout/continuation trigger
2026-08-10T13:43:54.392616,LICI,setup,no fresh breakout/continuation trigger
2026-08-10T13:43:54.392616,DIVISLAB,setup,no fresh breakout/continuation trigger
2026-08-10T13:43:54.394083,HCLTECH,setup,no fresh breakout/continuation trigger
2026-08-10T13:43:54.394083,GVT&D,setup,no fresh breakout/continuation trigger
2026-08-10T13:43:54.395399,ITC,setup,no fresh breakout/continuation trigger
2026-08-10T13:43:54.395399,POWERINDIA,setup,no fresh breakout/continuation trigger
2026-08-10T13:43:54.396435,MCX,option,no eligible option contracts
2026-08-10T13:43:54.396435,HINDALCO,option,no eligible option contracts
2026-08-10T13:44:54.867342,HDFCBANK,setup,entry extended 0.52 ATR
2026-08-10T13:44:54.867342,KALYANKJIL,setup,no fresh breakout/continuation trigger
2026-08-10T13:44:54.867342,ICICIBANK,setup,no fresh breakout/continuation trigger
2026-08-10T13:44:54.867342,RELIANCE,setup,no fresh breakout/continuation trigger
2026-08-10T13:44:54.867342,INFY,setup,no fresh breakout/continuation trigger
2026-08-10T13:44:54.867342,SBIN,setup,no fresh breakout/continuation trigger
2026-08-10T13:44:54.867342,BAJFINANCE,setup,no fresh breakout/continuation trigger
2026-08-10T13:44:54.867342,BHARTIARTL,setup,no fresh breakout/continuation trigger
2026-08-10T13:44:54.867342,BSE,setup,no fresh breakout/continuation trigger
2026-08-10T13:44:54.867342,ETERNAL,setup,no fresh breakout/continuation trigger
2026-08-10T13:44:54.883059,AXISBANK,setup,no fresh breakout/continuation trigger
2026-08-10T13:44:54.883059,TCS,setup,RVOL 0.85 below 1.0
2026-08-10T13:44:54.883059,M&M,setup,no fresh breakout/continuation trigger
2026-08-10T13:44:54.883059,LT,setup,no fresh breakout/continuation trigger
2026-08-10T13:44:54.883059,SWIGGY,setup,no fresh breakout/continuation trigger
2026-08-10T13:44:54.883059,DIXON,setup,no fresh breakout/continuation trigger
2026-08-10T13:44:54.883059,SHRIRAMFIN,setup,SL too wide (2.27 ATR)
2026-08-10T13:44:54.883059,TVSMOTOR,setup,no fresh breakout/continuation trigger
2026-08-10T13:44:54.883059,PAYTM,setup,entry extended 0.45 ATR
2026-08-10T13:44:54.883059,MARUTI,setup,no fresh breakout/continuation trigger
2026-08-10T13:44:54.883059,COFORGE,setup,no fresh breakout/continuation trigger
2026-08-10T13:44:54.883059,JIOFIN,setup,no fresh breakout/continuation trigger
2026-08-10T13:44:54.883059,BHEL,setup,no fresh breakout/continuation trigger
2026-08-10T13:44:54.883059,BAJAJ-AUTO,setup,no fresh breakout/continuation trigger
2026-08-10T13:44:54.883059,TECHM,setup,no fresh breakout/continuation trigger
2026-08-10T13:44:54.883059,ADANIPOWER,setup,no fresh breakout/continuation trigger
2026-08-10T13:44:54.883059,INDIGO,setup,no fresh breakout/continuation trigger
2026-08-10T13:44:54.883059,KAYNES,setup,no fresh breakout/continuation trigger
2026-08-10T13:44:54.883059,KOTAKBANK,setup,no fresh breakout/continuation trigger
2026-08-10T13:44:54.883059,OFSS,setup,entry extended 0.45 ATR
2026-08-10T13:44:54.883059,SUNPHARMA,setup,no fresh breakout/continuation trigger
2026-08-10T13:44:54.883059,BEL,setup,no fresh breakout/continuation trigger
2026-08-10T13:44:54.883059,LICI,setup,no fresh breakout/continuation trigger
2026-08-10T13:44:54.883059,DIVISLAB,setup,no fresh breakout/continuation trigger
2026-08-10T13:44:54.883059,HCLTECH,setup,no fresh breakout/continuation trigger
2026-08-10T13:44:54.883059,GVT&D,setup,no fresh breakout/continuation trigger
2026-08-10T13:44:54.883059,ITC,setup,no fresh breakout/continuation trigger
2026-08-10T13:44:54.883059,POWERINDIA,setup,no fresh breakout/continuation trigger
2026-08-10T13:44:54.898867,MCX,option,no eligible option contracts
2026-08-10T13:44:54.898867,HINDALCO,option,no eligible option contracts
2026-08-10T13:45:55.366194,HDFCBANK,setup,entry extended 0.52 ATR
2026-08-10T13:45:55.366194,KALYANKJIL,setup,no fresh breakout/continuation trigger
2026-08-10T13:45:55.366194,ICICIBANK,setup,no fresh breakout/continuation trigger
2026-08-10T13:45:55.382095,RELIANCE,setup,no fresh breakout/continuation trigger
2026-08-10T13:45:55.382095,INFY,setup,no fresh breakout/continuation trigger
2026-08-10T13:45:55.382095,SBIN,setup,no fresh breakout/continuation trigger
2026-08-10T13:45:55.382095,BAJFINANCE,setup,no fresh breakout/continuation trigger
2026-08-10T13:45:55.382095,BHARTIARTL,setup,no fresh breakout/continuation trigger
2026-08-10T13:45:55.382095,BSE,setup,no fresh breakout/continuation trigger
2026-08-10T13:45:55.382095,ETERNAL,setup,no fresh breakout/continuation trigger
2026-08-10T13:45:55.382095,AXISBANK,setup,no fresh breakout/continuation trigger
2026-08-10T13:45:55.382095,TCS,setup,RVOL 0.85 below 1.0
2026-08-10T13:45:55.382095,M&M,setup,no fresh breakout/continuation trigger
2026-08-10T13:45:55.382095,LT,setup,no fresh breakout/continuation trigger
2026-08-10T13:45:55.382095,SWIGGY,setup,no fresh breakout/continuation trigger
2026-08-10T13:45:55.382095,DIXON,setup,no fresh breakout/continuation trigger
2026-08-10T13:45:55.382095,SHRIRAMFIN,setup,SL too wide (2.27 ATR)
2026-08-10T13:45:55.382095,TVSMOTOR,setup,no fresh breakout/continuation trigger
2026-08-10T13:45:55.382095,PAYTM,setup,entry extended 0.45 ATR
2026-08-10T13:45:55.382095,MARUTI,setup,no fresh breakout/continuation trigger
2026-08-10T13:45:55.382095,COFORGE,setup,no fresh breakout/continuation trigger
2026-08-10T13:45:55.382095,JIOFIN,setup,no fresh breakout/continuation trigger
2026-08-10T13:45:55.382095,BHEL,setup,no fresh breakout/continuation trigger
2026-08-10T13:45:55.382095,BAJAJ-AUTO,setup,no fresh breakout/continuation trigger
2026-08-10T13:45:55.382095,TECHM,setup,no fresh breakout/continuation trigger
2026-08-10T13:45:55.382095,ADANIPOWER,setup,no fresh breakout/continuation trigger
2026-08-10T13:45:55.397006,INDIGO,setup,no fresh breakout/continuation trigger
2026-08-10T13:45:55.397006,KAYNES,setup,no fresh breakout/continuation trigger
2026-08-10T13:45:55.398031,KOTAKBANK,setup,no fresh breakout/continuation trigger
2026-08-10T13:45:55.398031,OFSS,setup,entry extended 0.45 ATR
2026-08-10T13:45:55.398031,SUNPHARMA,setup,no fresh breakout/continuation trigger
2026-08-10T13:45:55.398031,BEL,setup,no fresh breakout/continuation trigger
2026-08-10T13:45:55.398031,LICI,setup,no fresh breakout/continuation trigger
2026-08-10T13:45:55.398031,DIVISLAB,setup,no fresh breakout/continuation trigger
2026-08-10T13:45:55.398031,HCLTECH,setup,no fresh breakout/continuation trigger
2026-08-10T13:45:55.398031,GVT&D,setup,no fresh breakout/continuation trigger
2026-08-10T13:45:55.398031,ITC,setup,no fresh breakout/continuation trigger
2026-08-10T13:45:55.398031,POWERINDIA,setup,no fresh breakout/continuation trigger
2026-08-10T13:45:55.398031,MCX,option,no eligible option contracts
2026-08-10T13:45:55.398031,HINDALCO,option,no eligible option contracts
2026-08-10T13:46:55.882143,HDFCBANK,setup,entry extended 0.52 ATR
2026-08-10T13:46:55.882143,KALYANKJIL,setup,no fresh breakout/continuation trigger
2026-08-10T13:46:55.882143,ICICIBANK,setup,no fresh breakout/continuation trigger
2026-08-10T13:46:55.882143,RELIANCE,setup,no fresh breakout/continuation trigger
2026-08-10T13:46:55.882143,INFY,setup,no fresh breakout/continuation trigger
2026-08-10T13:46:55.882143,SBIN,setup,no fresh breakout/continuation trigger
2026-08-10T13:46:55.882143,BAJFINANCE,setup,no fresh breakout/continuation trigger
2026-08-10T13:46:55.882143,BHARTIARTL,setup,no fresh breakout/continuation trigger
2026-08-10T13:46:55.882143,BSE,setup,no fresh breakout/continuation trigger
2026-08-10T13:46:55.882143,ETERNAL,setup,no fresh breakout/continuation trigger
2026-08-10T13:46:55.882143,AXISBANK,setup,no fresh breakout/continuation trigger
2026-08-10T13:46:55.882143,TCS,setup,RVOL 0.85 below 1.0
2026-08-10T13:46:55.882143,M&M,setup,no fresh breakout/continuation trigger
2026-08-10T13:46:55.882143,LT,setup,no fresh breakout/continuation trigger
2026-08-10T13:46:55.882143,SWIGGY,setup,no fresh breakout/continuation trigger
2026-08-10T13:46:55.882143,DIXON,setup,no fresh breakout/continuation trigger
2026-08-10T13:46:55.882143,SHRIRAMFIN,setup,SL too wide (2.27 ATR)
2026-08-10T13:46:55.882143,TVSMOTOR,setup,no fresh breakout/continuation trigger
2026-08-10T13:46:55.882143,PAYTM,setup,entry extended 0.45 ATR
2026-08-10T13:46:55.882143,MARUTI,setup,no fresh breakout/continuation trigger
2026-08-10T13:46:55.882143,COFORGE,setup,no fresh breakout/continuation trigger
2026-08-10T13:46:55.882143,JIOFIN,setup,no fresh breakout/continuation trigger
2026-08-10T13:46:55.882143,BHEL,setup,no fresh breakout/continuation trigger
2026-08-10T13:46:55.897947,BAJAJ-AUTO,setup,no fresh breakout/continuation trigger
2026-08-10T13:46:55.897947,TECHM,setup,no fresh breakout/continuation trigger
2026-08-10T13:46:55.897947,ADANIPOWER,setup,no fresh breakout/continuation trigger
2026-08-10T13:46:55.897947,INDIGO,setup,no fresh breakout/continuation trigger
2026-08-10T13:46:55.897947,KAYNES,setup,no fresh breakout/continuation trigger
2026-08-10T13:46:55.897947,KOTAKBANK,setup,no fresh breakout/continuation trigger
2026-08-10T13:46:55.897947,OFSS,setup,entry extended 0.45 ATR
2026-08-10T13:46:55.897947,SUNPHARMA,setup,no fresh breakout/continuation trigger
2026-08-10T13:46:55.897947,BEL,setup,no fresh breakout/continuation trigger
2026-08-10T13:46:55.897947,LICI,setup,no fresh breakout/continuation trigger
2026-08-10T13:46:55.897947,DIVISLAB,setup,no fresh breakout/continuation trigger
2026-08-10T13:46:55.897947,HCLTECH,setup,no fresh breakout/continuation trigger
2026-08-10T13:46:55.897947,GVT&D,setup,no fresh breakout/continuation trigger
2026-08-10T13:46:55.897947,ITC,setup,no fresh breakout/continuation trigger
2026-08-10T13:46:55.897947,POWERINDIA,setup,no fresh breakout/continuation trigger
2026-08-10T13:46:55.897947,MCX,option,no eligible option contracts
2026-08-10T13:46:55.897947,HINDALCO,option,no eligible option contracts
2026-08-10T13:49:16.587056,HDFCBANK,setup,no fresh breakout/continuation trigger
2026-08-10T13:49:16.587056,KALYANKJIL,setup,no fresh breakout/continuation trigger
2026-08-10T13:49:16.588060,ICICIBANK,setup,no fresh breakout/continuation trigger
2026-08-10T13:49:16.589245,RELIANCE,setup,no fresh breakout/continuation trigger
2026-08-10T13:49:16.590333,INFY,setup,no fresh breakout/continuation trigger
2026-08-10T13:49:16.590333,SBIN,setup,no fresh breakout/continuation trigger
2026-08-10T13:49:16.591675,BAJFINANCE,setup,no fresh breakout/continuation trigger
2026-08-10T13:49:16.592677,BHARTIARTL,setup,no fresh breakout/continuation trigger
2026-08-10T13:49:16.592677,BSE,setup,SL too wide (1.57 ATR)
2026-08-10T13:49:16.593710,ETERNAL,setup,no fresh breakout/continuation trigger
2026-08-10T13:49:16.593710,AXISBANK,setup,no fresh breakout/continuation trigger
2026-08-10T13:49:16.594733,TCS,setup,no fresh breakout/continuation trigger
2026-08-10T13:49:16.594733,M&M,setup,no fresh breakout/continuation trigger
2026-08-10T13:49:16.596196,LT,setup,no fresh breakout/continuation trigger
2026-08-10T13:49:16.596196,SWIGGY,setup,no fresh breakout/continuation trigger
2026-08-10T13:49:16.597425,DIXON,setup,no fresh breakout/continuation trigger
2026-08-10T13:49:16.597425,SHRIRAMFIN,setup,no fresh breakout/continuation trigger
2026-08-10T13:49:16.598879,PAYTM,setup,no fresh breakout/continuation trigger
2026-08-10T13:49:16.599885,TVSMOTOR,setup,no fresh breakout/continuation trigger
2026-08-10T13:49:16.599885,MARUTI,setup,no fresh breakout/continuation trigger
2026-08-10T13:49:16.600924,COFORGE,setup,no fresh breakout/continuation trigger
2026-08-10T13:49:16.600924,JIOFIN,setup,no fresh breakout/continuation trigger
2026-08-10T13:49:16.602022,BHEL,setup,no fresh breakout/continuation trigger
2026-08-10T13:49:16.603026,BAJAJ-AUTO,setup,no fresh breakout/continuation trigger
2026-08-10T13:49:16.603026,TECHM,setup,no fresh breakout/continuation trigger
2026-08-10T13:49:16.604029,MCX,setup,no fresh breakout/continuation trigger
2026-08-10T13:49:16.605087,ADANIPOWER,setup,SL too wide (3.28 ATR)
2026-08-10T13:49:16.605087,INDIGO,setup,no fresh breakout/continuation trigger
2026-08-10T13:49:16.606142,KAYNES,setup,no fresh breakout/continuation trigger
2026-08-10T13:49:16.606142,KOTAKBANK,setup,no fresh breakout/continuation trigger
2026-08-10T13:49:16.606142,HINDALCO,setup,no fresh breakout/continuation trigger
2026-08-10T13:49:16.607148,OFSS,setup,no fresh breakout/continuation trigger
2026-08-10T13:49:16.607148,SUNPHARMA,setup,no fresh breakout/continuation trigger
2026-08-10T13:49:16.608154,BEL,setup,no fresh breakout/continuation trigger
2026-08-10T13:49:16.608154,LICI,setup,no fresh breakout/continuation trigger
2026-08-10T13:49:16.609161,DIVISLAB,setup,no fresh breakout/continuation trigger
2026-08-10T13:49:16.609161,HCLTECH,setup,no fresh breakout/continuation trigger
2026-08-10T13:49:16.609161,GVT&D,setup,no fresh breakout/continuation trigger
2026-08-10T13:49:16.610167,ITC,setup,no fresh breakout/continuation trigger
2026-08-10T13:49:16.610167,POWERINDIA,setup,no fresh breakout/continuation trigger
2026-08-10T13:50:17.069383,HDFCBANK,setup,no fresh breakout/continuation trigger
2026-08-10T13:50:17.069383,KALYANKJIL,setup,no fresh breakout/continuation trigger
2026-08-10T13:50:17.069383,ICICIBANK,setup,no fresh breakout/continuation trigger
2026-08-10T13:50:17.069383,RELIANCE,setup,no fresh breakout/continuation trigger
2026-08-10T13:50:17.069383,INFY,setup,no fresh breakout/continuation trigger
2026-08-10T13:50:17.069383,SBIN,setup,no fresh breakout/continuation trigger
2026-08-10T13:50:17.069383,BAJFINANCE,setup,no fresh breakout/continuation trigger
2026-08-10T13:50:17.069383,BHARTIARTL,setup,no fresh breakout/continuation trigger
2026-08-10T13:50:17.069383,BSE,setup,SL too wide (1.57 ATR)
2026-08-10T13:50:17.069383,ETERNAL,setup,no fresh breakout/continuation trigger
2026-08-10T13:50:17.069383,AXISBANK,setup,no fresh breakout/continuation trigger
2026-08-10T13:50:17.069383,TCS,setup,no fresh breakout/continuation trigger
2026-08-10T13:50:17.069383,M&M,setup,no fresh breakout/continuation trigger
2026-08-10T13:50:17.069383,LT,setup,no fresh breakout/continuation trigger
2026-08-10T13:50:17.069383,SWIGGY,setup,no fresh breakout/continuation trigger
2026-08-10T13:50:17.069383,DIXON,setup,no fresh breakout/continuation trigger
2026-08-10T13:50:17.069383,SHRIRAMFIN,setup,no fresh breakout/continuation trigger
2026-08-10T13:50:17.069383,PAYTM,setup,no fresh breakout/continuation trigger
2026-08-10T13:50:17.069383,TVSMOTOR,setup,no fresh breakout/continuation trigger
2026-08-10T13:50:17.085102,MARUTI,setup,no fresh breakout/continuation trigger
2026-08-10T13:50:17.085102,COFORGE,setup,no fresh breakout/continuation trigger
2026-08-10T13:50:17.085102,JIOFIN,setup,no fresh breakout/continuation trigger
2026-08-10T13:50:17.085102,BHEL,setup,no fresh breakout/continuation trigger
2026-08-10T13:50:17.085102,BAJAJ-AUTO,setup,no fresh breakout/continuation trigger
2026-08-10T13:50:17.085102,TECHM,setup,no fresh breakout/continuation trigger
2026-08-10T13:50:17.085102,MCX,setup,no fresh breakout/continuation trigger
2026-08-10T13:50:17.085102,ADANIPOWER,setup,SL too wide (3.28 ATR)
2026-08-10T13:50:17.085102,INDIGO,setup,no fresh breakout/continuation trigger
2026-08-10T13:50:17.085102,KAYNES,setup,no fresh breakout/continuation trigger
2026-08-10T13:50:17.085102,KOTAKBANK,setup,no fresh breakout/continuation trigger
2026-08-10T13:50:17.085102,HINDALCO,setup,no fresh breakout/continuation trigger
2026-08-10T13:50:17.085102,OFSS,setup,no fresh breakout/continuation trigger
2026-08-10T13:50:17.085102,SUNPHARMA,setup,no fresh breakout/continuation trigger
2026-08-10T13:50:17.085102,BEL,setup,no fresh breakout/continuation trigger
2026-08-10T13:50:17.085102,LICI,setup,no fresh breakout/continuation trigger
2026-08-10T13:50:17.085102,DIVISLAB,setup,no fresh breakout/continuation trigger
2026-08-10T13:50:17.085102,HCLTECH,setup,no fresh breakout/continuation trigger
2026-08-10T13:50:17.085102,GVT&D,setup,no fresh breakout/continuation trigger
2026-08-10T13:50:17.097040,ITC,setup,no fresh breakout/continuation trigger
2026-08-10T13:50:17.097040,POWERINDIA,setup,no fresh breakout/continuation trigger
2026-08-10T13:51:17.557545,HDFCBANK,setup,no fresh breakout/continuation trigger
2026-08-10T13:51:17.559547,KALYANKJIL,setup,no fresh breakout/continuation trigger
2026-08-10T13:51:17.559547,ICICIBANK,setup,no fresh breakout/continuation trigger
2026-08-10T13:51:17.559547,RELIANCE,setup,no fresh breakout/continuation trigger
2026-08-10T13:51:17.559547,INFY,setup,no fresh breakout/continuation trigger
2026-08-10T13:51:17.559547,SBIN,setup,no fresh breakout/continuation trigger
2026-08-10T13:51:17.559547,BAJFINANCE,setup,no fresh breakout/continuation trigger
2026-08-10T13:51:17.559547,BHARTIARTL,setup,no fresh breakout/continuation trigger
2026-08-10T13:51:17.559547,BSE,setup,SL too wide (1.57 ATR)
2026-08-10T13:51:17.559547,ETERNAL,setup,no fresh breakout/continuation trigger
2026-08-10T13:51:17.559547,AXISBANK,setup,no fresh breakout/continuation trigger
2026-08-10T13:51:17.559547,TCS,setup,no fresh breakout/continuation trigger
2026-08-10T13:51:17.559547,M&M,setup,no fresh breakout/continuation trigger
2026-08-10T13:51:17.559547,LT,setup,no fresh breakout/continuation trigger
2026-08-10T13:51:17.559547,SWIGGY,setup,no fresh breakout/continuation trigger
2026-08-10T13:51:17.569585,DIXON,setup,no fresh breakout/continuation trigger
2026-08-10T13:51:17.569585,SHRIRAMFIN,setup,no fresh breakout/continuation trigger
2026-08-10T13:51:17.569585,PAYTM,setup,no fresh breakout/continuation trigger
2026-08-10T13:51:17.569585,TVSMOTOR,setup,no fresh breakout/continuation trigger
2026-08-10T13:51:17.569585,MARUTI,setup,no fresh breakout/continuation trigger
2026-08-10T13:51:17.569585,COFORGE,setup,no fresh breakout/continuation trigger
2026-08-10T13:51:17.569585,JIOFIN,setup,no fresh breakout/continuation trigger
2026-08-10T13:51:17.569585,BHEL,setup,no fresh breakout/continuation trigger
2026-08-10T13:51:17.569585,BAJAJ-AUTO,setup,no fresh breakout/continuation trigger
2026-08-10T13:51:17.569585,TECHM,setup,no fresh breakout/continuation trigger
2026-08-10T13:51:17.569585,MCX,setup,no fresh breakout/continuation trigger
2026-08-10T13:51:17.569585,ADANIPOWER,setup,SL too wide (3.28 ATR)
2026-08-10T13:51:17.569585,INDIGO,setup,no fresh breakout/continuation trigger
2026-08-10T13:51:17.569585,KAYNES,setup,no fresh breakout/continuation trigger
2026-08-10T13:51:17.569585,KOTAKBANK,setup,no fresh breakout/continuation trigger
2026-08-10T13:51:17.569585,HINDALCO,setup,no fresh breakout/continuation trigger
2026-08-10T13:51:17.569585,OFSS,setup,no fresh breakout/continuation trigger
2026-08-10T13:51:17.569585,SUNPHARMA,setup,no fresh breakout/continuation trigger
2026-08-10T13:51:17.569585,BEL,setup,no fresh breakout/continuation trigger
2026-08-10T13:51:17.569585,LICI,setup,no fresh breakout/continuation trigger
2026-08-10T13:51:17.569585,DIVISLAB,setup,no fresh breakout/continuation trigger
2026-08-10T13:51:17.569585,HCLTECH,setup,no fresh breakout/continuation trigger
2026-08-10T13:51:17.569585,GVT&D,setup,no fresh breakout/continuation trigger
2026-08-10T13:51:17.569585,ITC,setup,no fresh breakout/continuation trigger
2026-08-10T13:51:17.569585,POWERINDIA,setup,no fresh breakout/continuation trigger
2026-08-10T13:52:18.043195,HDFCBANK,setup,no fresh breakout/continuation trigger
2026-08-10T13:52:18.044234,KALYANKJIL,setup,no fresh breakout/continuation trigger
2026-08-10T13:52:18.045279,ICICIBANK,setup,no fresh breakout/continuation trigger
2026-08-10T13:52:18.045279,RELIANCE,setup,no fresh breakout/continuation trigger
2026-08-10T13:52:18.046283,INFY,setup,no fresh breakout/continuation trigger
2026-08-10T13:52:18.047306,SBIN,setup,no fresh breakout/continuation trigger
2026-08-10T13:52:18.047576,BAJFINANCE,setup,no fresh breakout/continuation trigger
2026-08-10T13:52:18.048619,BHARTIARTL,setup,no fresh breakout/continuation trigger
2026-08-10T13:52:18.048619,BSE,setup,SL too wide (1.57 ATR)
2026-08-10T13:52:18.049768,ETERNAL,setup,no fresh breakout/continuation trigger
2026-08-10T13:52:18.049768,AXISBANK,setup,no fresh breakout/continuation trigger
2026-08-10T13:52:18.051002,TCS,setup,no fresh breakout/continuation trigger
2026-08-10T13:52:18.051002,M&M,setup,no fresh breakout/continuation trigger
2026-08-10T13:52:18.052268,LT,setup,no fresh breakout/continuation trigger
2026-08-10T13:52:18.052268,SWIGGY,setup,no fresh breakout/continuation trigger
2026-08-10T13:52:18.053265,DIXON,setup,no fresh breakout/continuation trigger
2026-08-10T13:52:18.054347,SHRIRAMFIN,setup,no fresh breakout/continuation trigger
2026-08-10T13:52:18.054347,PAYTM,setup,no fresh breakout/continuation trigger
2026-08-10T13:52:18.055447,TVSMOTOR,setup,no fresh breakout/continuation trigger
2026-08-10T13:52:18.055447,MARUTI,setup,no fresh breakout/continuation trigger
2026-08-10T13:52:18.056657,COFORGE,setup,no fresh breakout/continuation trigger
2026-08-10T13:52:18.056657,JIOFIN,setup,no fresh breakout/continuation trigger
2026-08-10T13:52:18.057771,BHEL,setup,no fresh breakout/continuation trigger
2026-08-10T13:52:18.057771,BAJAJ-AUTO,setup,no fresh breakout/continuation trigger
2026-08-10T13:52:18.058820,TECHM,setup,no fresh breakout/continuation trigger
2026-08-10T13:52:18.058820,MCX,setup,no fresh breakout/continuation trigger
2026-08-10T13:52:18.059837,ADANIPOWER,setup,SL too wide (3.28 ATR)
2026-08-10T13:52:18.059837,INDIGO,setup,no fresh breakout/continuation trigger
2026-08-10T13:52:18.059837,KAYNES,setup,no fresh breakout/continuation trigger
2026-08-10T13:52:18.061212,KOTAKBANK,setup,no fresh breakout/continuation trigger
2026-08-10T13:52:18.061212,HINDALCO,setup,no fresh breakout/continuation trigger
2026-08-10T13:52:18.062481,OFSS,setup,no fresh breakout/continuation trigger
2026-08-10T13:52:18.062481,SUNPHARMA,setup,no fresh breakout/continuation trigger
2026-08-10T13:52:18.062481,BEL,setup,no fresh breakout/continuation trigger
2026-08-10T13:52:18.063615,LICI,setup,no fresh breakout/continuation trigger
2026-08-10T13:52:18.063615,DIVISLAB,setup,no fresh breakout/continuation trigger
2026-08-10T13:52:18.063615,HCLTECH,setup,no fresh breakout/continuation trigger
2026-08-10T13:52:18.064918,GVT&D,setup,no fresh breakout/continuation trigger
2026-08-10T13:52:18.064918,ITC,setup,no fresh breakout/continuation trigger
2026-08-10T13:52:18.065922,POWERINDIA,setup,no fresh breakout/continuation trigger
2026-08-10T13:53:18.536596,HDFCBANK,setup,no fresh breakout/continuation trigger
2026-08-10T13:53:18.537642,KALYANKJIL,setup,no fresh breakout/continuation trigger
2026-08-10T13:53:18.538650,ICICIBANK,setup,no fresh breakout/continuation trigger
2026-08-10T13:53:18.539727,RELIANCE,setup,no fresh breakout/continuation trigger
2026-08-10T13:53:18.540787,INFY,setup,no fresh breakout/continuation trigger
2026-08-10T13:53:18.540787,SBIN,setup,no fresh breakout/continuation trigger
2026-08-10T13:53:18.541891,BAJFINANCE,setup,no fresh breakout/continuation trigger
2026-08-10T13:53:18.541891,BHARTIARTL,setup,no fresh breakout/continuation trigger
2026-08-10T13:53:18.542895,BSE,setup,SL too wide (1.57 ATR)
2026-08-10T13:53:18.542895,ETERNAL,setup,no fresh breakout/continuation trigger
2026-08-10T13:53:18.544328,AXISBANK,setup,no fresh breakout/continuation trigger
2026-08-10T13:53:18.545373,TCS,setup,no fresh breakout/continuation trigger
2026-08-10T13:53:18.545373,M&M,setup,no fresh breakout/continuation trigger
2026-08-10T13:53:18.546669,LT,setup,no fresh breakout/continuation trigger
2026-08-10T13:53:18.546669,SWIGGY,setup,no fresh breakout/continuation trigger
2026-08-10T13:53:18.547724,DIXON,setup,no fresh breakout/continuation trigger
2026-08-10T13:53:18.547724,SHRIRAMFIN,setup,no fresh breakout/continuation trigger
2026-08-10T13:53:18.548730,PAYTM,setup,no fresh breakout/continuation trigger
2026-08-10T13:53:18.549735,TVSMOTOR,setup,no fresh breakout/continuation trigger
2026-08-10T13:53:18.549735,MARUTI,setup,no fresh breakout/continuation trigger
2026-08-10T13:53:18.550817,COFORGE,setup,no fresh breakout/continuation trigger
2026-08-10T13:53:18.550817,JIOFIN,setup,no fresh breakout/continuation trigger
2026-08-10T13:53:18.551828,BHEL,setup,no fresh breakout/continuation trigger
2026-08-10T13:53:18.552869,BAJAJ-AUTO,setup,no fresh breakout/continuation trigger
2026-08-10T13:53:18.552869,TECHM,setup,no fresh breakout/continuation trigger
2026-08-10T13:53:18.553878,MCX,setup,no fresh breakout/continuation trigger
2026-08-10T13:53:18.553878,ADANIPOWER,setup,SL too wide (3.28 ATR)
2026-08-10T13:53:18.555057,INDIGO,setup,no fresh breakout/continuation trigger
2026-08-10T13:53:18.555057,KAYNES,setup,no fresh breakout/continuation trigger
2026-08-10T13:53:18.556301,KOTAKBANK,setup,no fresh breakout/continuation trigger
2026-08-10T13:53:18.556301,HINDALCO,setup,no fresh breakout/continuation trigger
2026-08-10T13:53:18.557417,OFSS,setup,no fresh breakout/continuation trigger
2026-08-10T13:53:18.557417,SUNPHARMA,setup,no fresh breakout/continuation trigger
2026-08-10T13:53:18.558600,BEL,setup,no fresh breakout/continuation trigger
2026-08-10T13:53:18.558600,LICI,setup,no fresh breakout/continuation trigger
2026-08-10T13:53:18.559743,DIVISLAB,setup,no fresh breakout/continuation trigger
2026-08-10T13:53:18.559743,HCLTECH,setup,no fresh breakout/continuation trigger
2026-08-10T13:53:18.560762,GVT&D,setup,no fresh breakout/continuation trigger
2026-08-10T13:53:18.560762,ITC,setup,no fresh breakout/continuation trigger
2026-08-10T13:53:18.560762,POWERINDIA,setup,no fresh breakout/continuation trigger
2026-08-10T13:54:21.393369,HDFCBANK,setup,no fresh breakout/continuation trigger
2026-08-10T13:54:21.394372,KALYANKJIL,setup,no fresh breakout/continuation trigger
2026-08-10T13:54:21.394891,ICICIBANK,setup,RVOL 0.34 below 1.0
2026-08-10T13:54:21.396032,RELIANCE,setup,RVOL 0.61 below 1.0
2026-08-10T13:54:21.396032,INFY,setup,no fresh breakout/continuation trigger
2026-08-10T13:54:21.397060,SBIN,setup,no fresh breakout/continuation trigger
2026-08-10T13:54:21.397060,BAJFINANCE,setup,no fresh breakout/continuation trigger
2026-08-10T13:54:21.398102,BHARTIARTL,setup,no fresh breakout/continuation trigger
2026-08-10T13:54:21.398102,BSE,setup,no fresh breakout/continuation trigger
2026-08-10T13:54:21.399105,ETERNAL,setup,no fresh breakout/continuation trigger
2026-08-10T13:54:21.400133,AXISBANK,setup,no fresh breakout/continuation trigger
2026-08-10T13:54:21.400133,TCS,setup,no fresh breakout/continuation trigger
2026-08-10T13:54:21.401351,M&M,setup,RVOL 0.33 below 1.0
2026-08-10T13:54:21.401351,LT,setup,no fresh breakout/continuation trigger
2026-08-10T13:54:21.402634,SWIGGY,setup,no fresh breakout/continuation trigger
2026-08-10T13:54:21.402634,DIXON,setup,no fresh breakout/continuation trigger
2026-08-10T13:54:21.403799,SHRIRAMFIN,setup,no fresh breakout/continuation trigger
2026-08-10T13:54:21.404832,PAYTM,setup,no fresh breakout/continuation trigger
2026-08-10T13:54:21.404832,TVSMOTOR,setup,entry extended 0.75 ATR
2026-08-10T13:54:21.406043,MARUTI,setup,no fresh breakout/continuation trigger
2026-08-10T13:54:21.406043,COFORGE,setup,no fresh breakout/continuation trigger
2026-08-10T13:54:21.407111,JIOFIN,setup,no fresh breakout/continuation trigger
2026-08-10T13:54:21.408263,BHEL,setup,no fresh breakout/continuation trigger
2026-08-10T13:54:21.408263,BAJAJ-AUTO,setup,no fresh breakout/continuation trigger
2026-08-10T13:54:21.408263,TECHM,setup,no fresh breakout/continuation trigger
2026-08-10T13:54:21.409525,MCX,setup,no fresh breakout/continuation trigger
2026-08-10T13:54:21.410531,ADANIPOWER,setup,no fresh breakout/continuation trigger
2026-08-10T13:54:21.410531,INDIGO,setup,entry extended 0.55 ATR
2026-08-10T13:54:21.411808,KAYNES,setup,no fresh breakout/continuation trigger
2026-08-10T13:54:21.411808,KOTAKBANK,setup,no fresh breakout/continuation trigger
2026-08-10T13:54:21.412866,HINDALCO,setup,no fresh breakout/continuation trigger
2026-08-10T13:54:21.413863,OFSS,setup,no fresh breakout/continuation trigger
2026-08-10T13:54:21.413863,SUNPHARMA,setup,no fresh breakout/continuation trigger
2026-08-10T13:54:21.413863,BEL,setup,no fresh breakout/continuation trigger
2026-08-10T13:54:21.415130,LICI,setup,no fresh breakout/continuation trigger
2026-08-10T13:54:21.415130,DIVISLAB,setup,no fresh breakout/continuation trigger
2026-08-10T13:54:21.416531,HCLTECH,setup,no fresh breakout/continuation trigger
2026-08-10T13:54:21.416531,GVT&D,setup,SL too wide (1.58 ATR)
2026-08-10T13:54:21.417529,ITC,setup,no fresh breakout/continuation trigger
2026-08-10T13:54:21.417529,POWERINDIA,setup,no fresh breakout/continuation trigger
2026-08-10T13:55:21.882876,HDFCBANK,setup,no fresh breakout/continuation trigger
2026-08-10T13:55:21.882876,KALYANKJIL,setup,no fresh breakout/continuation trigger
2026-08-10T13:55:21.882876,ICICIBANK,setup,RVOL 0.34 below 1.0
2026-08-10T13:55:21.882876,RELIANCE,setup,RVOL 0.61 below 1.0
2026-08-10T13:55:21.882876,INFY,setup,no fresh breakout/continuation trigger
2026-08-10T13:55:21.882876,SBIN,setup,no fresh breakout/continuation trigger
2026-08-10T13:55:21.882876,BAJFINANCE,setup,no fresh breakout/continuation trigger
2026-08-10T13:55:21.882876,BHARTIARTL,setup,no fresh breakout/continuation trigger
2026-08-10T13:55:21.882876,BSE,setup,no fresh breakout/continuation trigger
2026-08-10T13:55:21.882876,ETERNAL,setup,no fresh breakout/continuation trigger
2026-08-10T13:55:21.882876,AXISBANK,setup,no fresh breakout/continuation trigger
2026-08-10T13:55:21.882876,TCS,setup,no fresh breakout/continuation trigger
2026-08-10T13:55:21.882876,M&M,setup,RVOL 0.33 below 1.0
2026-08-10T13:55:21.882876,LT,setup,no fresh breakout/continuation trigger
2026-08-10T13:55:21.882876,SWIGGY,setup,no fresh breakout/continuation trigger
2026-08-10T13:55:21.882876,DIXON,setup,no fresh breakout/continuation trigger
2026-08-10T13:55:21.882876,SHRIRAMFIN,setup,no fresh breakout/continuation trigger
2026-08-10T13:55:21.882876,PAYTM,setup,no fresh breakout/continuation trigger
2026-08-10T13:55:21.882876,TVSMOTOR,setup,entry extended 0.75 ATR
2026-08-10T13:55:21.882876,MARUTI,setup,no fresh breakout/continuation trigger
2026-08-10T13:55:21.882876,COFORGE,setup,no fresh breakout/continuation trigger
2026-08-10T13:55:21.882876,JIOFIN,setup,no fresh breakout/continuation trigger
2026-08-10T13:55:21.898584,BHEL,setup,no fresh breakout/continuation trigger
2026-08-10T13:55:21.898584,BAJAJ-AUTO,setup,no fresh breakout/continuation trigger
2026-08-10T13:55:21.898584,TECHM,setup,no fresh breakout/continuation trigger
2026-08-10T13:55:21.898584,MCX,setup,no fresh breakout/continuation trigger
2026-08-10T13:55:21.898584,ADANIPOWER,setup,no fresh breakout/continuation trigger
2026-08-10T13:55:21.898584,INDIGO,setup,entry extended 0.55 ATR
2026-08-10T13:55:21.898584,KAYNES,setup,no fresh breakout/continuation trigger
2026-08-10T13:55:21.898584,KOTAKBANK,setup,no fresh breakout/continuation trigger
2026-08-10T13:55:21.898584,HINDALCO,setup,no fresh breakout/continuation trigger
2026-08-10T13:55:21.898584,OFSS,setup,no fresh breakout/continuation trigger
2026-08-10T13:55:21.898584,SUNPHARMA,setup,no fresh breakout/continuation trigger
2026-08-10T13:55:21.898584,BEL,setup,no fresh breakout/continuation trigger
2026-08-10T13:55:21.898584,LICI,setup,no fresh breakout/continuation trigger
2026-08-10T13:55:21.898584,DIVISLAB,setup,no fresh breakout/continuation trigger
2026-08-10T13:55:21.898584,HCLTECH,setup,no fresh breakout/continuation trigger
2026-08-10T13:55:21.898584,GVT&D,setup,SL too wide (1.58 ATR)
2026-08-10T13:55:21.898584,ITC,setup,no fresh breakout/continuation trigger
2026-08-10T13:55:21.898584,POWERINDIA,setup,no fresh breakout/continuation trigger
2026-08-10T13:56:22.365930,HDFCBANK,setup,no fresh breakout/continuation trigger
2026-08-10T13:56:22.365930,KALYANKJIL,setup,no fresh breakout/continuation trigger
2026-08-10T13:56:22.365930,ICICIBANK,setup,RVOL 0.34 below 1.0
2026-08-10T13:56:22.365930,RELIANCE,setup,RVOL 0.61 below 1.0
2026-08-10T13:56:22.365930,INFY,setup,no fresh breakout/continuation trigger
2026-08-10T13:56:22.365930,SBIN,setup,no fresh breakout/continuation trigger
2026-08-10T13:56:22.365930,BAJFINANCE,setup,no fresh breakout/continuation trigger
2026-08-10T13:56:22.365930,BHARTIARTL,setup,no fresh breakout/continuation trigger
2026-08-10T13:56:22.365930,BSE,setup,no fresh breakout/continuation trigger
2026-08-10T13:56:22.381895,ETERNAL,setup,no fresh breakout/continuation trigger
2026-08-10T13:56:22.381895,AXISBANK,setup,no fresh breakout/continuation trigger
2026-08-10T13:56:22.383221,TCS,setup,no fresh breakout/continuation trigger
2026-08-10T13:56:22.383221,M&M,setup,RVOL 0.33 below 1.0
2026-08-10T13:56:22.384225,LT,setup,no fresh breakout/continuation trigger
2026-08-10T13:56:22.384225,SWIGGY,setup,no fresh breakout/continuation trigger
2026-08-10T13:56:22.385523,DIXON,setup,no fresh breakout/continuation trigger
2026-08-10T13:56:22.386560,SHRIRAMFIN,setup,no fresh breakout/continuation trigger
2026-08-10T13:56:22.386560,PAYTM,setup,no fresh breakout/continuation trigger
2026-08-10T13:56:22.387635,TVSMOTOR,setup,entry extended 0.75 ATR
2026-08-10T13:56:22.387635,MARUTI,setup,no fresh breakout/continuation trigger
2026-08-10T13:56:22.388662,COFORGE,setup,no fresh breakout/continuation trigger
2026-08-10T13:56:22.389709,JIOFIN,setup,no fresh breakout/continuation trigger
2026-08-10T13:56:22.389709,BHEL,setup,no fresh breakout/continuation trigger
2026-08-10T13:56:22.390744,BAJAJ-AUTO,setup,no fresh breakout/continuation trigger
2026-08-10T13:56:22.390744,TECHM,setup,no fresh breakout/continuation trigger
2026-08-10T13:56:22.392112,MCX,setup,no fresh breakout/continuation trigger
2026-08-10T13:56:22.392112,ADANIPOWER,setup,no fresh breakout/continuation trigger
2026-08-10T13:56:22.393181,INDIGO,setup,entry extended 0.55 ATR
2026-08-10T13:56:22.393181,KAYNES,setup,no fresh breakout/continuation trigger
2026-08-10T13:56:22.394187,KOTAKBANK,setup,no fresh breakout/continuation trigger
2026-08-10T13:56:22.394187,HINDALCO,setup,no fresh breakout/continuation trigger
2026-08-10T13:56:22.395330,OFSS,setup,no fresh breakout/continuation trigger
2026-08-10T13:56:22.395330,SUNPHARMA,setup,no fresh breakout/continuation trigger
2026-08-10T13:56:22.396446,BEL,setup,no fresh breakout/continuation trigger
2026-08-10T13:56:22.396446,LICI,setup,no fresh breakout/continuation trigger
2026-08-10T13:56:22.397655,DIVISLAB,setup,no fresh breakout/continuation trigger
2026-08-10T13:56:22.397964,HCLTECH,setup,no fresh breakout/continuation trigger
2026-08-10T13:56:22.398964,GVT&D,setup,SL too wide (1.58 ATR)
2026-08-10T13:56:22.398964,ITC,setup,no fresh breakout/continuation trigger
2026-08-10T13:56:22.399967,POWERINDIA,setup,no fresh breakout/continuation trigger
2026-08-10T13:57:22.876077,HDFCBANK,setup,no fresh breakout/continuation trigger
2026-08-10T13:57:22.877113,KALYANKJIL,setup,no fresh breakout/continuation trigger
2026-08-10T13:57:22.878312,ICICIBANK,setup,RVOL 0.34 below 1.0
2026-08-10T13:57:22.878312,RELIANCE,setup,RVOL 0.61 below 1.0
2026-08-10T13:57:22.879657,INFY,setup,no fresh breakout/continuation trigger
2026-08-10T13:57:22.880791,SBIN,setup,no fresh breakout/continuation trigger
2026-08-10T13:57:22.880791,BAJFINANCE,setup,no fresh breakout/continuation trigger
2026-08-10T13:57:22.881799,BHARTIARTL,setup,no fresh breakout/continuation trigger
2026-08-10T13:57:22.883085,BSE,setup,no fresh breakout/continuation trigger
2026-08-10T13:57:22.883085,ETERNAL,setup,no fresh breakout/continuation trigger
2026-08-10T13:57:22.884392,AXISBANK,setup,no fresh breakout/continuation trigger
2026-08-10T13:57:22.885394,TCS,setup,no fresh breakout/continuation trigger
2026-08-10T13:57:22.885394,M&M,setup,RVOL 0.33 below 1.0
2026-08-10T13:57:22.886474,LT,setup,no fresh breakout/continuation trigger
2026-08-10T13:57:22.886474,SWIGGY,setup,no fresh breakout/continuation trigger
2026-08-10T13:57:22.887512,DIXON,setup,no fresh breakout/continuation trigger
2026-08-10T13:57:22.888489,SHRIRAMFIN,setup,no fresh breakout/continuation trigger
2026-08-10T13:57:22.888489,PAYTM,setup,no fresh breakout/continuation trigger
2026-08-10T13:57:22.889747,TVSMOTOR,setup,entry extended 0.75 ATR
2026-08-10T13:57:22.889747,MARUTI,setup,no fresh breakout/continuation trigger
2026-08-10T13:57:22.890751,COFORGE,setup,no fresh breakout/continuation trigger
2026-08-10T13:57:22.890751,JIOFIN,setup,no fresh breakout/continuation trigger
2026-08-10T13:57:22.892249,BHEL,setup,no fresh breakout/continuation trigger
2026-08-10T13:57:22.892249,BAJAJ-AUTO,setup,no fresh breakout/continuation trigger
2026-08-10T13:57:22.893560,TECHM,setup,no fresh breakout/continuation trigger
2026-08-10T13:57:22.893560,MCX,setup,no fresh breakout/continuation trigger
2026-08-10T13:57:22.894963,ADANIPOWER,setup,no fresh breakout/continuation trigger
2026-08-10T13:57:22.894963,INDIGO,setup,entry extended 0.55 ATR
2026-08-10T13:57:22.894963,KAYNES,setup,no fresh breakout/continuation trigger
2026-08-10T13:57:22.894963,KOTAKBANK,setup,no fresh breakout/continuation trigger
2026-08-10T13:57:22.894963,HINDALCO,setup,no fresh breakout/continuation trigger
2026-08-10T13:57:22.894963,OFSS,setup,no fresh breakout/continuation trigger
2026-08-10T13:57:22.894963,SUNPHARMA,setup,no fresh breakout/continuation trigger
2026-08-10T13:57:22.894963,BEL,setup,no fresh breakout/continuation trigger
2026-08-10T13:57:22.894963,LICI,setup,no fresh breakout/continuation trigger
2026-08-10T13:57:22.894963,DIVISLAB,setup,no fresh breakout/continuation trigger
2026-08-10T13:57:22.894963,HCLTECH,setup,no fresh breakout/continuation trigger
2026-08-10T13:57:22.894963,GVT&D,setup,SL too wide (1.58 ATR)
2026-08-10T13:57:22.894963,ITC,setup,no fresh breakout/continuation trigger
2026-08-10T13:57:22.894963,POWERINDIA,setup,no fresh breakout/continuation trigger
2026-08-10T13:58:23.366228,HDFCBANK,setup,no fresh breakout/continuation trigger
2026-08-10T13:58:23.366228,KALYANKJIL,setup,no fresh breakout/continuation trigger
2026-08-10T13:58:23.366228,ICICIBANK,setup,RVOL 0.34 below 1.0
2026-08-10T13:58:23.366228,RELIANCE,setup,RVOL 0.61 below 1.0
2026-08-10T13:58:23.366228,INFY,setup,no fresh breakout/continuation trigger
2026-08-10T13:58:23.366228,SBIN,setup,no fresh breakout/continuation trigger
2026-08-10T13:58:23.366228,BAJFINANCE,setup,no fresh breakout/continuation trigger
2026-08-10T13:58:23.366228,BHARTIARTL,setup,no fresh breakout/continuation trigger
2026-08-10T13:58:23.366228,BSE,setup,no fresh breakout/continuation trigger
2026-08-10T13:58:23.366228,ETERNAL,setup,no fresh breakout/continuation trigger
2026-08-10T13:58:23.366228,AXISBANK,setup,no fresh breakout/continuation trigger
2026-08-10T13:58:23.366228,TCS,setup,no fresh breakout/continuation trigger
2026-08-10T13:58:23.366228,M&M,setup,RVOL 0.33 below 1.0
2026-08-10T13:58:23.366228,LT,setup,no fresh breakout/continuation trigger
2026-08-10T13:58:23.366228,SWIGGY,setup,no fresh breakout/continuation trigger
2026-08-10T13:58:23.366228,DIXON,setup,no fresh breakout/continuation trigger
2026-08-10T13:58:23.366228,SHRIRAMFIN,setup,no fresh breakout/continuation trigger
2026-08-10T13:58:23.366228,PAYTM,setup,no fresh breakout/continuation trigger
2026-08-10T13:58:23.366228,TVSMOTOR,setup,entry extended 0.75 ATR
2026-08-10T13:58:23.382146,MARUTI,setup,no fresh breakout/continuation trigger
2026-08-10T13:58:23.382146,COFORGE,setup,no fresh breakout/continuation trigger
2026-08-10T13:58:23.382146,JIOFIN,setup,no fresh breakout/continuation trigger
2026-08-10T13:58:23.382146,BHEL,setup,no fresh breakout/continuation trigger
2026-08-10T13:58:23.382146,BAJAJ-AUTO,setup,no fresh breakout/continuation trigger
2026-08-10T13:58:23.382146,TECHM,setup,no fresh breakout/continuation trigger
2026-08-10T13:58:23.382146,MCX,setup,no fresh breakout/continuation trigger
2026-08-10T13:58:23.382146,ADANIPOWER,setup,no fresh breakout/continuation trigger
2026-08-10T13:58:23.382146,INDIGO,setup,entry extended 0.55 ATR
2026-08-10T13:58:23.382146,KAYNES,setup,no fresh breakout/continuation trigger
2026-08-10T13:58:23.382146,KOTAKBANK,setup,no fresh breakout/continuation trigger
2026-08-10T13:58:23.382146,HINDALCO,setup,no fresh breakout/continuation trigger
2026-08-10T13:58:23.382146,OFSS,setup,no fresh breakout/continuation trigger
2026-08-10T13:58:23.382146,SUNPHARMA,setup,no fresh breakout/continuation trigger
2026-08-10T13:58:23.382146,BEL,setup,no fresh breakout/continuation trigger
2026-08-10T13:58:23.382146,LICI,setup,no fresh breakout/continuation trigger
2026-08-10T13:58:23.382146,DIVISLAB,setup,no fresh breakout/continuation trigger
2026-08-10T13:58:23.382146,HCLTECH,setup,no fresh breakout/continuation trigger
2026-08-10T13:58:23.382146,GVT&D,setup,SL too wide (1.58 ATR)
2026-08-10T13:58:23.382146,ITC,setup,no fresh breakout/continuation trigger
2026-08-10T13:58:23.382146,POWERINDIA,setup,no fresh breakout/continuation trigger
2026-08-10T13:59:26.132114,HDFCBANK,setup,RVOL 0.76 below 1.0
2026-08-10T13:59:26.132114,KALYANKJIL,setup,no fresh breakout/continuation trigger
2026-08-10T13:59:26.132114,ICICIBANK,setup,no fresh breakout/continuation trigger
2026-08-10T13:59:26.132114,RELIANCE,setup,no fresh breakout/continuation trigger
2026-08-10T13:59:26.132114,INFY,setup,no fresh breakout/continuation trigger
2026-08-10T13:59:26.132114,SBIN,setup,no fresh breakout/continuation trigger
2026-08-10T13:59:26.132114,BAJFINANCE,setup,no fresh breakout/continuation trigger
2026-08-10T13:59:26.148215,BHARTIARTL,setup,no fresh breakout/continuation trigger
2026-08-10T13:59:26.148215,BSE,setup,no fresh breakout/continuation trigger
2026-08-10T13:59:26.148215,ETERNAL,setup,entry extended 0.50 ATR
2026-08-10T13:59:26.148215,AXISBANK,setup,no fresh breakout/continuation trigger
2026-08-10T13:59:26.148215,TCS,setup,no fresh breakout/continuation trigger
2026-08-10T13:59:26.148215,LT,setup,no fresh breakout/continuation trigger
2026-08-10T13:59:26.148215,SWIGGY,setup,no fresh breakout/continuation trigger
2026-08-10T13:59:26.148215,DIXON,setup,no fresh breakout/continuation trigger
2026-08-10T13:59:26.148215,SHRIRAMFIN,setup,no fresh breakout/continuation trigger
2026-08-10T13:59:26.148215,PAYTM,setup,no fresh breakout/continuation trigger
2026-08-10T13:59:26.148215,TVSMOTOR,setup,no fresh breakout/continuation trigger
2026-08-10T13:59:26.148215,MARUTI,setup,no fresh breakout/continuation trigger
2026-08-10T13:59:26.148215,COFORGE,setup,no fresh breakout/continuation trigger
2026-08-10T13:59:26.148215,JIOFIN,setup,no fresh breakout/continuation trigger
2026-08-10T13:59:26.148215,BHEL,setup,no fresh breakout/continuation trigger
2026-08-10T13:59:26.148215,BAJAJ-AUTO,setup,no fresh breakout/continuation trigger
2026-08-10T13:59:26.148215,TECHM,setup,no fresh breakout/continuation trigger
2026-08-10T13:59:26.148215,MCX,setup,no fresh breakout/continuation trigger
2026-08-10T13:59:26.148215,ADANIPOWER,setup,no fresh breakout/continuation trigger
2026-08-10T13:59:26.148215,INDIGO,setup,no fresh breakout/continuation trigger
2026-08-10T13:59:26.148215,KAYNES,setup,no fresh breakout/continuation trigger
2026-08-10T13:59:26.148215,KOTAKBANK,setup,no fresh breakout/continuation trigger
2026-08-10T13:59:26.148215,HINDALCO,setup,no fresh breakout/continuation trigger
2026-08-10T13:59:26.148215,OFSS,setup,no fresh breakout/continuation trigger
2026-08-10T13:59:26.148215,SUNPHARMA,setup,no fresh breakout/continuation trigger
2026-08-10T13:59:26.148215,BEL,setup,no fresh breakout/continuation trigger
2026-08-10T13:59:26.164190,LICI,setup,no fresh breakout/continuation trigger
2026-08-10T13:59:26.164190,DIVISLAB,setup,no fresh breakout/continuation trigger
2026-08-10T13:59:26.164190,HCLTECH,setup,no fresh breakout/continuation trigger
2026-08-10T13:59:26.164190,GVT&D,setup,no fresh breakout/continuation trigger
2026-08-10T13:59:26.164190,ITC,setup,no fresh breakout/continuation trigger
2026-08-10T13:59:26.164190,POWERINDIA,setup,no fresh breakout/continuation trigger
2026-08-10T13:59:26.164190,M&M,option,no eligible option contracts
2026-08-10T14:00:26.631675,HDFCBANK,setup,RVOL 0.76 below 1.0
2026-08-10T14:00:26.631675,KALYANKJIL,setup,no fresh breakout/continuation trigger
2026-08-10T14:00:26.631675,ICICIBANK,setup,no fresh breakout/continuation trigger
2026-08-10T14:00:26.631675,RELIANCE,setup,no fresh breakout/continuation trigger
2026-08-10T14:00:26.631675,INFY,setup,no fresh breakout/continuation trigger
2026-08-10T14:00:26.631675,SBIN,setup,no fresh breakout/continuation trigger
2026-08-10T14:00:26.631675,BAJFINANCE,setup,no fresh breakout/continuation trigger
2026-08-10T14:00:26.631675,BHARTIARTL,setup,no fresh breakout/continuation trigger
2026-08-10T14:00:26.631675,BSE,setup,no fresh breakout/continuation trigger
2026-08-10T14:00:26.631675,ETERNAL,setup,entry extended 0.50 ATR
2026-08-10T14:00:26.631675,AXISBANK,setup,no fresh breakout/continuation trigger
2026-08-10T14:00:26.631675,TCS,setup,no fresh breakout/continuation trigger
2026-08-10T14:00:26.647421,LT,setup,no fresh breakout/continuation trigger
2026-08-10T14:00:26.647421,SWIGGY,setup,no fresh breakout/continuation trigger
2026-08-10T14:00:26.647421,DIXON,setup,no fresh breakout/continuation trigger
2026-08-10T14:00:26.647421,SHRIRAMFIN,setup,no fresh breakout/continuation trigger
2026-08-10T14:00:26.647421,PAYTM,setup,no fresh breakout/continuation trigger
2026-08-10T14:00:26.647421,TVSMOTOR,setup,no fresh breakout/continuation trigger
2026-08-10T14:00:26.647421,MARUTI,setup,no fresh breakout/continuation trigger
2026-08-10T14:00:26.647421,COFORGE,setup,no fresh breakout/continuation trigger
2026-08-10T14:00:26.647421,JIOFIN,setup,no fresh breakout/continuation trigger
2026-08-10T14:00:26.647421,BHEL,setup,no fresh breakout/continuation trigger
2026-08-10T14:00:26.647421,BAJAJ-AUTO,setup,no fresh breakout/continuation trigger
2026-08-10T14:00:26.647421,TECHM,setup,no fresh breakout/continuation trigger
2026-08-10T14:00:26.647421,MCX,setup,no fresh breakout/continuation trigger
2026-08-10T14:00:26.647421,ADANIPOWER,setup,no fresh breakout/continuation trigger
2026-08-10T14:00:26.647421,INDIGO,setup,no fresh breakout/continuation trigger
2026-08-10T14:00:26.647421,KAYNES,setup,no fresh breakout/continuation trigger
2026-08-10T14:00:26.647421,KOTAKBANK,setup,no fresh breakout/continuation trigger
2026-08-10T14:00:26.647421,HINDALCO,setup,no fresh breakout/continuation trigger
2026-08-10T14:00:26.647421,OFSS,setup,no fresh breakout/continuation trigger
2026-08-10T14:00:26.647421,SUNPHARMA,setup,no fresh breakout/continuation trigger
2026-08-10T14:00:26.647421,BEL,setup,no fresh breakout/continuation trigger
2026-08-10T14:00:26.647421,LICI,setup,no fresh breakout/continuation trigger
2026-08-10T14:00:26.647421,DIVISLAB,setup,no fresh breakout/continuation trigger
2026-08-10T14:00:26.647421,HCLTECH,setup,no fresh breakout/continuation trigger
2026-08-10T14:00:26.647421,GVT&D,setup,no fresh breakout/continuation trigger
2026-08-10T14:00:26.647421,ITC,setup,no fresh breakout/continuation trigger
2026-08-10T14:00:26.663170,POWERINDIA,setup,no fresh breakout/continuation trigger
2026-08-10T14:00:26.663170,M&M,option,no eligible option contracts
2026-08-10T14:01:27.365990,HDFCBANK,setup,RVOL 0.76 below 1.0
2026-08-10T14:01:27.365990,KALYANKJIL,setup,no fresh breakout/continuation trigger
2026-08-10T14:01:27.381801,ICICIBANK,setup,no fresh breakout/continuation trigger
2026-08-10T14:01:27.381801,RELIANCE,setup,no fresh breakout/continuation trigger
2026-08-10T14:01:27.381801,INFY,setup,no fresh breakout/continuation trigger
2026-08-10T14:01:27.381801,SBIN,setup,no fresh breakout/continuation trigger
2026-08-10T14:01:27.381801,BAJFINANCE,setup,no fresh breakout/continuation trigger
2026-08-10T14:01:27.381801,BHARTIARTL,setup,no fresh breakout/continuation trigger
2026-08-10T14:01:27.381801,BSE,setup,no fresh breakout/continuation trigger
2026-08-10T14:01:27.381801,ETERNAL,setup,entry extended 0.50 ATR
2026-08-10T14:01:27.381801,AXISBANK,setup,no fresh breakout/continuation trigger
2026-08-10T14:01:27.381801,TCS,setup,no fresh breakout/continuation trigger
2026-08-10T14:01:27.381801,LT,setup,no fresh breakout/continuation trigger
2026-08-10T14:01:27.381801,SWIGGY,setup,no fresh breakout/continuation trigger
2026-08-10T14:01:27.381801,DIXON,setup,no fresh breakout/continuation trigger
2026-08-10T14:01:27.381801,SHRIRAMFIN,setup,no fresh breakout/continuation trigger
2026-08-10T14:01:27.381801,PAYTM,setup,no fresh breakout/continuation trigger
2026-08-10T14:01:27.381801,TVSMOTOR,setup,no fresh breakout/continuation trigger
2026-08-10T14:01:27.381801,MARUTI,setup,no fresh breakout/continuation trigger
2026-08-10T14:01:27.381801,COFORGE,setup,no fresh breakout/continuation trigger
2026-08-10T14:01:27.381801,JIOFIN,setup,no fresh breakout/continuation trigger
2026-08-10T14:01:27.381801,BHEL,setup,no fresh breakout/continuation trigger
2026-08-10T14:01:27.381801,BAJAJ-AUTO,setup,no fresh breakout/continuation trigger
2026-08-10T14:01:27.381801,TECHM,setup,no fresh breakout/continuation trigger
2026-08-10T14:01:27.381801,MCX,setup,no fresh breakout/continuation trigger
2026-08-10T14:01:27.381801,ADANIPOWER,setup,no fresh breakout/continuation trigger
2026-08-10T14:01:27.381801,INDIGO,setup,no fresh breakout/continuation trigger
2026-08-10T14:01:27.397464,KAYNES,setup,no fresh breakout/continuation trigger
2026-08-10T14:01:27.397464,KOTAKBANK,setup,no fresh breakout/continuation trigger
2026-08-10T14:01:27.397464,HINDALCO,setup,no fresh breakout/continuation trigger
2026-08-10T14:01:27.397464,OFSS,setup,no fresh breakout/continuation trigger
2026-08-10T14:01:27.397464,SUNPHARMA,setup,no fresh breakout/continuation trigger
2026-08-10T14:01:27.397464,BEL,setup,no fresh breakout/continuation trigger
2026-08-10T14:01:27.397464,LICI,setup,no fresh breakout/continuation trigger
2026-08-10T14:01:27.397464,DIVISLAB,setup,no fresh breakout/continuation trigger
2026-08-10T14:01:27.397464,HCLTECH,setup,no fresh breakout/continuation trigger
2026-08-10T14:01:27.397464,GVT&D,setup,no fresh breakout/continuation trigger
2026-08-10T14:01:27.397464,ITC,setup,no fresh breakout/continuation trigger
2026-08-10T14:01:27.397464,POWERINDIA,setup,no fresh breakout/continuation trigger
2026-08-10T14:01:27.397464,M&M,option,no eligible option contracts
2026-08-10T14:02:27.881588,HDFCBANK,setup,RVOL 0.76 below 1.0
2026-08-10T14:02:27.881588,KALYANKJIL,setup,no fresh breakout/continuation trigger
2026-08-10T14:02:27.881588,ICICIBANK,setup,no fresh breakout/continuation trigger
2026-08-10T14:02:27.881588,RELIANCE,setup,no fresh breakout/continuation trigger
2026-08-10T14:02:27.881588,INFY,setup,no fresh breakout/continuation trigger
2026-08-10T14:02:27.881588,SBIN,setup,no fresh breakout/continuation trigger
2026-08-10T14:02:27.881588,BAJFINANCE,setup,no fresh breakout/continuation trigger
2026-08-10T14:02:27.881588,BHARTIARTL,setup,no fresh breakout/continuation trigger
2026-08-10T14:02:27.881588,BSE,setup,no fresh breakout/continuation trigger
2026-08-10T14:02:27.881588,ETERNAL,setup,entry extended 0.50 ATR
2026-08-10T14:02:27.881588,AXISBANK,setup,no fresh breakout/continuation trigger
2026-08-10T14:02:27.881588,TCS,setup,no fresh breakout/continuation trigger
2026-08-10T14:02:27.881588,LT,setup,no fresh breakout/continuation trigger
2026-08-10T14:02:27.881588,SWIGGY,setup,no fresh breakout/continuation trigger
2026-08-10T14:02:27.881588,DIXON,setup,no fresh breakout/continuation trigger
2026-08-10T14:02:27.881588,SHRIRAMFIN,setup,no fresh breakout/continuation trigger
2026-08-10T14:02:27.881588,PAYTM,setup,no fresh breakout/continuation trigger
2026-08-10T14:02:27.881588,TVSMOTOR,setup,no fresh breakout/continuation trigger
2026-08-10T14:02:27.881588,MARUTI,setup,no fresh breakout/continuation trigger
2026-08-10T14:02:27.881588,COFORGE,setup,no fresh breakout/continuation trigger
2026-08-10T14:02:27.881588,JIOFIN,setup,no fresh breakout/continuation trigger
2026-08-10T14:02:27.881588,BHEL,setup,no fresh breakout/continuation trigger
2026-08-10T14:02:27.881588,BAJAJ-AUTO,setup,no fresh breakout/continuation trigger
2026-08-10T14:02:27.881588,TECHM,setup,no fresh breakout/continuation trigger
2026-08-10T14:02:27.881588,MCX,setup,no fresh breakout/continuation trigger
2026-08-10T14:02:27.897273,ADANIPOWER,setup,no fresh breakout/continuation trigger
2026-08-10T14:02:27.897273,INDIGO,setup,no fresh breakout/continuation trigger
2026-08-10T14:02:27.897273,KAYNES,setup,no fresh breakout/continuation trigger
2026-08-10T14:02:27.897273,KOTAKBANK,setup,no fresh breakout/continuation trigger
2026-08-10T14:02:27.897273,HINDALCO,setup,no fresh breakout/continuation trigger
2026-08-10T14:02:27.897273,OFSS,setup,no fresh breakout/continuation trigger
2026-08-10T14:02:27.897273,SUNPHARMA,setup,no fresh breakout/continuation trigger
2026-08-10T14:02:27.897273,BEL,setup,no fresh breakout/continuation trigger
2026-08-10T14:02:27.897273,LICI,setup,no fresh breakout/continuation trigger
2026-08-10T14:02:27.897273,DIVISLAB,setup,no fresh breakout/continuation trigger
2026-08-10T14:02:27.897273,HCLTECH,setup,no fresh breakout/continuation trigger
2026-08-10T14:02:27.897273,GVT&D,setup,no fresh breakout/continuation trigger
2026-08-10T14:02:27.897273,ITC,setup,no fresh breakout/continuation trigger
2026-08-10T14:02:27.897273,POWERINDIA,setup,no fresh breakout/continuation trigger
2026-08-10T14:02:27.897273,M&M,option,no eligible option contracts
2026-08-10T14:03:28.382826,HDFCBANK,setup,RVOL 0.76 below 1.0
2026-08-10T14:03:28.382826,KALYANKJIL,setup,no fresh breakout/continuation trigger
2026-08-10T14:03:28.383945,ICICIBANK,setup,no fresh breakout/continuation trigger
2026-08-10T14:03:28.385202,RELIANCE,setup,no fresh breakout/continuation trigger
2026-08-10T14:03:28.385202,INFY,setup,no fresh breakout/continuation trigger
2026-08-10T14:03:28.385202,SBIN,setup,no fresh breakout/continuation trigger
2026-08-10T14:03:28.386426,BAJFINANCE,setup,no fresh breakout/continuation trigger
2026-08-10T14:03:28.387554,BHARTIARTL,setup,no fresh breakout/continuation trigger
2026-08-10T14:03:28.387554,BSE,setup,no fresh breakout/continuation trigger
2026-08-10T14:03:28.388909,ETERNAL,setup,entry extended 0.50 ATR
2026-08-10T14:03:28.388909,AXISBANK,setup,no fresh breakout/continuation trigger
2026-08-10T14:03:28.389937,TCS,setup,no fresh breakout/continuation trigger
2026-08-10T14:03:28.389937,LT,setup,no fresh breakout/continuation trigger
2026-08-10T14:03:28.391346,SWIGGY,setup,no fresh breakout/continuation trigger
2026-08-10T14:03:28.391346,DIXON,setup,no fresh breakout/continuation trigger
2026-08-10T14:03:28.392361,SHRIRAMFIN,setup,no fresh breakout/continuation trigger
2026-08-10T14:03:28.392361,PAYTM,setup,no fresh breakout/continuation trigger
2026-08-10T14:03:28.393446,TVSMOTOR,setup,no fresh breakout/continuation trigger
2026-08-10T14:03:28.394510,MARUTI,setup,no fresh breakout/continuation trigger
2026-08-10T14:03:28.394510,COFORGE,setup,no fresh breakout/continuation trigger
2026-08-10T14:03:28.395514,JIOFIN,setup,no fresh breakout/continuation trigger
2026-08-10T14:03:28.395514,BHEL,setup,no fresh breakout/continuation trigger
2026-08-10T14:03:28.396796,BAJAJ-AUTO,setup,no fresh breakout/continuation trigger
2026-08-10T14:03:28.396796,TECHM,setup,no fresh breakout/continuation trigger
2026-08-10T14:03:28.398226,MCX,setup,no fresh breakout/continuation trigger
2026-08-10T14:03:28.398226,ADANIPOWER,setup,no fresh breakout/continuation trigger
2026-08-10T14:03:28.398226,INDIGO,setup,no fresh breakout/continuation trigger
2026-08-10T14:03:28.398226,KAYNES,setup,no fresh breakout/continuation trigger
2026-08-10T14:03:28.398226,KOTAKBANK,setup,no fresh breakout/continuation trigger
2026-08-10T14:03:28.398226,HINDALCO,setup,no fresh breakout/continuation trigger
2026-08-10T14:03:28.398226,OFSS,setup,no fresh breakout/continuation trigger
2026-08-10T14:03:28.398226,SUNPHARMA,setup,no fresh breakout/continuation trigger
2026-08-10T14:03:28.398226,BEL,setup,no fresh breakout/continuation trigger
2026-08-10T14:03:28.398226,LICI,setup,no fresh breakout/continuation trigger
2026-08-10T14:03:28.398226,DIVISLAB,setup,no fresh breakout/continuation trigger
2026-08-10T14:03:28.398226,HCLTECH,setup,no fresh breakout/continuation trigger
2026-08-10T14:03:28.398226,GVT&D,setup,no fresh breakout/continuation trigger
2026-08-10T14:03:28.398226,ITC,setup,no fresh breakout/continuation trigger
2026-08-10T14:03:28.398226,POWERINDIA,setup,no fresh breakout/continuation trigger
2026-08-10T14:03:28.398226,M&M,option,no eligible option contracts
2026-08-10T14:05:48.709599,HDFCBANK,setup,no fresh breakout/continuation trigger
2026-08-10T14:05:48.709599,KALYANKJIL,setup,no fresh breakout/continuation trigger
2026-08-10T14:05:48.709599,ICICIBANK,setup,no fresh breakout/continuation trigger
2026-08-10T14:05:48.709599,RELIANCE,setup,no fresh breakout/continuation trigger
2026-08-10T14:05:48.709599,INFY,setup,no fresh breakout/continuation trigger
2026-08-10T14:05:48.709599,SBIN,setup,no fresh breakout/continuation trigger
2026-08-10T14:05:48.709599,BAJFINANCE,setup,SL too wide (2.04 ATR)
2026-08-10T14:05:48.709599,BHARTIARTL,setup,no fresh breakout/continuation trigger
2026-08-10T14:05:48.709599,BSE,setup,no fresh breakout/continuation trigger
2026-08-10T14:05:48.709599,ETERNAL,setup,no fresh breakout/continuation trigger
2026-08-10T14:05:48.709599,AXISBANK,setup,no fresh breakout/continuation trigger
2026-08-10T14:05:48.709599,TCS,setup,no fresh breakout/continuation trigger
2026-08-10T14:05:48.709599,M&M,setup,no fresh breakout/continuation trigger
2026-08-10T14:05:48.709599,LT,setup,no fresh breakout/continuation trigger
2026-08-10T14:05:48.709599,SWIGGY,setup,no fresh breakout/continuation trigger
2026-08-10T14:05:48.709599,DIXON,setup,no fresh breakout/continuation trigger
2026-08-10T14:05:48.709599,SHRIRAMFIN,setup,no fresh breakout/continuation trigger
2026-08-10T14:05:48.709599,PAYTM,setup,no fresh breakout/continuation trigger
2026-08-10T14:05:48.709599,TVSMOTOR,setup,no fresh breakout/continuation trigger
2026-08-10T14:05:48.709599,MARUTI,setup,no fresh breakout/continuation trigger
2026-08-10T14:05:48.709599,COFORGE,setup,no fresh breakout/continuation trigger
2026-08-10T14:05:48.725614,JIOFIN,setup,no fresh breakout/continuation trigger
2026-08-10T14:05:48.725614,BHEL,setup,no fresh breakout/continuation trigger
2026-08-10T14:05:48.725614,BAJAJ-AUTO,setup,no fresh breakout/continuation trigger
2026-08-10T14:05:48.725614,MCX,setup,no fresh breakout/continuation trigger
2026-08-10T14:05:48.725614,TECHM,setup,no fresh breakout/continuation trigger
2026-08-10T14:05:48.725614,ADANIPOWER,setup,no fresh breakout/continuation trigger
2026-08-10T14:05:48.725614,KAYNES,setup,no fresh breakout/continuation trigger
2026-08-10T14:05:48.725614,INDIGO,setup,no fresh breakout/continuation trigger
2026-08-10T14:05:48.725614,KOTAKBANK,setup,no fresh breakout/continuation trigger
2026-08-10T14:05:48.725614,HINDALCO,setup,no fresh breakout/continuation trigger
2026-08-10T14:05:48.725614,OFSS,setup,no fresh breakout/continuation trigger
2026-08-10T14:05:48.725614,SUNPHARMA,setup,RVOL 0.10 below 1.0
2026-08-10T14:05:48.725614,BEL,setup,no fresh breakout/continuation trigger
2026-08-10T14:05:48.725614,LICI,setup,no fresh breakout/continuation trigger
2026-08-10T14:05:48.725614,DIVISLAB,setup,no fresh breakout/continuation trigger
2026-08-10T14:05:48.725614,HCLTECH,setup,entry extended 0.53 ATR
2026-08-10T14:05:48.725614,GVT&D,setup,no fresh breakout/continuation trigger
2026-08-10T14:05:48.725614,ITC,setup,no fresh breakout/continuation trigger
2026-08-10T14:05:48.725614,POWERINDIA,setup,no fresh breakout/continuation trigger
2026-08-10T14:06:49.205328,HDFCBANK,setup,no fresh breakout/continuation trigger
2026-08-10T14:06:49.205328,KALYANKJIL,setup,no fresh breakout/continuation trigger
2026-08-10T14:06:49.206332,ICICIBANK,setup,no fresh breakout/continuation trigger
2026-08-10T14:06:49.207678,RELIANCE,setup,no fresh breakout/continuation trigger
2026-08-10T14:06:49.207678,INFY,setup,no fresh breakout/continuation trigger
2026-08-10T14:06:49.208683,SBIN,setup,no fresh breakout/continuation trigger
2026-08-10T14:06:49.208683,BAJFINANCE,setup,SL too wide (2.04 ATR)
2026-08-10T14:06:49.210153,BHARTIARTL,setup,no fresh breakout/continuation trigger
2026-08-10T14:06:49.210153,BSE,setup,no fresh breakout/continuation trigger
2026-08-10T14:06:49.211181,ETERNAL,setup,no fresh breakout/continuation trigger
2026-08-10T14:06:49.212424,AXISBANK,setup,no fresh breakout/continuation trigger
2026-08-10T14:06:49.212424,TCS,setup,no fresh breakout/continuation trigger
2026-08-10T14:06:49.213429,M&M,setup,no fresh breakout/continuation trigger
2026-08-10T14:06:49.213429,LT,setup,no fresh breakout/continuation trigger
2026-08-10T14:06:49.214705,SWIGGY,setup,no fresh breakout/continuation trigger
2026-08-10T14:06:49.214705,DIXON,setup,no fresh breakout/continuation trigger
2026-08-10T14:06:49.215727,SHRIRAMFIN,setup,no fresh breakout/continuation trigger
2026-08-10T14:06:49.215727,PAYTM,setup,no fresh breakout/continuation trigger
2026-08-10T14:06:49.216745,TVSMOTOR,setup,no fresh breakout/continuation trigger
2026-08-10T14:06:49.216745,MARUTI,setup,no fresh breakout/continuation trigger
2026-08-10T14:06:49.218077,COFORGE,setup,no fresh breakout/continuation trigger
2026-08-10T14:06:49.218077,JIOFIN,setup,no fresh breakout/continuation trigger
2026-08-10T14:06:49.219142,BHEL,setup,no fresh breakout/continuation trigger
2026-08-10T14:06:49.219142,BAJAJ-AUTO,setup,no fresh breakout/continuation trigger
2026-08-10T14:06:49.220534,MCX,setup,no fresh breakout/continuation trigger
2026-08-10T14:06:49.220534,TECHM,setup,no fresh breakout/continuation trigger
2026-08-10T14:06:49.221584,ADANIPOWER,setup,no fresh breakout/continuation trigger
2026-08-10T14:06:49.221584,KAYNES,setup,no fresh breakout/continuation trigger
2026-08-10T14:06:49.221584,INDIGO,setup,no fresh breakout/continuation trigger
2026-08-10T14:06:49.222663,KOTAKBANK,setup,no fresh breakout/continuation trigger
2026-08-10T14:06:49.222663,HINDALCO,setup,no fresh breakout/continuation trigger
2026-08-10T14:06:49.222663,OFSS,setup,no fresh breakout/continuation trigger
2026-08-10T14:06:49.224094,SUNPHARMA,setup,RVOL 0.10 below 1.0
2026-08-10T14:06:49.224094,BEL,setup,no fresh breakout/continuation trigger
2026-08-10T14:06:49.224094,LICI,setup,no fresh breakout/continuation trigger
2026-08-10T14:06:49.225272,DIVISLAB,setup,no fresh breakout/continuation trigger
2026-08-10T14:06:49.225272,HCLTECH,setup,entry extended 0.53 ATR
2026-08-10T14:06:49.226359,GVT&D,setup,no fresh breakout/continuation trigger
2026-08-10T14:06:49.226359,ITC,setup,no fresh breakout/continuation trigger
2026-08-10T14:06:49.227409,POWERINDIA,setup,no fresh breakout/continuation trigger
2026-08-10T14:07:49.694270,HDFCBANK,setup,no fresh breakout/continuation trigger
2026-08-10T14:07:49.694270,KALYANKJIL,setup,no fresh breakout/continuation trigger
2026-08-10T14:07:49.694270,ICICIBANK,setup,no fresh breakout/continuation trigger
2026-08-10T14:07:49.694270,RELIANCE,setup,no fresh breakout/continuation trigger
2026-08-10T14:07:49.694270,INFY,setup,no fresh breakout/continuation trigger
2026-08-10T14:07:49.694270,SBIN,setup,no fresh breakout/continuation trigger
2026-08-10T14:07:49.694270,BAJFINANCE,setup,SL too wide (2.04 ATR)
2026-08-10T14:07:49.694270,BHARTIARTL,setup,no fresh breakout/continuation trigger
2026-08-10T14:07:49.694270,BSE,setup,no fresh breakout/continuation trigger
2026-08-10T14:07:49.694270,ETERNAL,setup,no fresh breakout/continuation trigger
2026-08-10T14:07:49.694270,AXISBANK,setup,no fresh breakout/continuation trigger
2026-08-10T14:07:49.710272,TCS,setup,no fresh breakout/continuation trigger
2026-08-10T14:07:49.710272,M&M,setup,no fresh breakout/continuation trigger
2026-08-10T14:07:49.710272,LT,setup,no fresh breakout/continuation trigger
2026-08-10T14:07:49.710272,SWIGGY,setup,no fresh breakout/continuation trigger
2026-08-10T14:07:49.710272,DIXON,setup,no fresh breakout/continuation trigger
2026-08-10T14:07:49.710272,SHRIRAMFIN,setup,no fresh breakout/continuation trigger
2026-08-10T14:07:49.710272,PAYTM,setup,no fresh breakout/continuation trigger
2026-08-10T14:07:49.710272,TVSMOTOR,setup,no fresh breakout/continuation trigger
2026-08-10T14:07:49.710272,MARUTI,setup,no fresh breakout/continuation trigger
2026-08-10T14:07:49.710272,COFORGE,setup,no fresh breakout/continuation trigger
2026-08-10T14:07:49.710272,JIOFIN,setup,no fresh breakout/continuation trigger
2026-08-10T14:07:49.710272,BHEL,setup,no fresh breakout/continuation trigger
2026-08-10T14:07:49.710272,BAJAJ-AUTO,setup,no fresh breakout/continuation trigger
2026-08-10T14:07:49.710272,MCX,setup,no fresh breakout/continuation trigger
2026-08-10T14:07:49.710272,TECHM,setup,no fresh breakout/continuation trigger
2026-08-10T14:07:49.710272,ADANIPOWER,setup,no fresh breakout/continuation trigger
2026-08-10T14:07:49.710272,KAYNES,setup,no fresh breakout/continuation trigger
2026-08-10T14:07:49.710272,INDIGO,setup,no fresh breakout/continuation trigger
2026-08-10T14:07:49.710272,KOTAKBANK,setup,no fresh breakout/continuation trigger
2026-08-10T14:07:49.710272,HINDALCO,setup,no fresh breakout/continuation trigger
2026-08-10T14:07:49.710272,OFSS,setup,no fresh breakout/continuation trigger
2026-08-10T14:07:49.710272,SUNPHARMA,setup,RVOL 0.10 below 1.0
2026-08-10T14:07:49.710272,BEL,setup,no fresh breakout/continuation trigger
2026-08-10T14:07:49.710272,LICI,setup,no fresh breakout/continuation trigger
2026-08-10T14:07:49.710272,DIVISLAB,setup,no fresh breakout/continuation trigger
2026-08-10T14:07:49.710272,HCLTECH,setup,entry extended 0.53 ATR
2026-08-10T14:07:49.710272,GVT&D,setup,no fresh breakout/continuation trigger
2026-08-10T14:07:49.710272,ITC,setup,no fresh breakout/continuation trigger
2026-08-10T14:07:49.710272,POWERINDIA,setup,no fresh breakout/continuation trigger
2026-08-10T14:08:50.201149,HDFCBANK,setup,no fresh breakout/continuation trigger
2026-08-10T14:08:50.202521,KALYANKJIL,setup,no fresh breakout/continuation trigger
2026-08-10T14:08:50.203533,ICICIBANK,setup,no fresh breakout/continuation trigger
2026-08-10T14:08:50.204604,RELIANCE,setup,no fresh breakout/continuation trigger
2026-08-10T14:08:50.205606,INFY,setup,no fresh breakout/continuation trigger
2026-08-10T14:08:50.205606,SBIN,setup,no fresh breakout/continuation trigger
2026-08-10T14:08:50.206588,BAJFINANCE,setup,SL too wide (2.04 ATR)
2026-08-10T14:08:50.206588,BHARTIARTL,setup,no fresh breakout/continuation trigger
2026-08-10T14:08:50.207688,BSE,setup,no fresh breakout/continuation trigger
2026-08-10T14:08:50.208815,ETERNAL,setup,no fresh breakout/continuation trigger
2026-08-10T14:08:50.208815,AXISBANK,setup,no fresh breakout/continuation trigger
2026-08-10T14:08:50.210093,TCS,setup,no fresh breakout/continuation trigger
2026-08-10T14:08:50.210093,M&M,setup,no fresh breakout/continuation trigger
2026-08-10T14:08:50.211167,LT,setup,no fresh breakout/continuation trigger
2026-08-10T14:08:50.211167,SWIGGY,setup,no fresh breakout/continuation trigger
2026-08-10T14:08:50.212160,DIXON,setup,no fresh breakout/continuation trigger
2026-08-10T14:08:50.213367,SHRIRAMFIN,setup,no fresh breakout/continuation trigger
2026-08-10T14:08:50.213367,PAYTM,setup,no fresh breakout/continuation trigger
2026-08-10T14:08:50.214372,TVSMOTOR,setup,no fresh breakout/continuation trigger
2026-08-10T14:08:50.214372,MARUTI,setup,no fresh breakout/continuation trigger
2026-08-10T14:08:50.215677,COFORGE,setup,no fresh breakout/continuation trigger
2026-08-10T14:08:50.215677,JIOFIN,setup,no fresh breakout/continuation trigger
2026-08-10T14:08:50.216744,BHEL,setup,no fresh breakout/continuation trigger
2026-08-10T14:08:50.216744,BAJAJ-AUTO,setup,no fresh breakout/continuation trigger
2026-08-10T14:08:50.217954,MCX,setup,no fresh breakout/continuation trigger
2026-08-10T14:08:50.218936,TECHM,setup,no fresh breakout/continuation trigger
2026-08-10T14:08:50.218936,ADANIPOWER,setup,no fresh breakout/continuation trigger
2026-08-10T14:08:50.220138,KAYNES,setup,no fresh breakout/continuation trigger
2026-08-10T14:08:50.220138,INDIGO,setup,no fresh breakout/continuation trigger
2026-08-10T14:08:50.220138,KOTAKBANK,setup,no fresh breakout/continuation trigger
2026-08-10T14:08:50.220138,HINDALCO,setup,no fresh breakout/continuation trigger
2026-08-10T14:08:50.220138,OFSS,setup,no fresh breakout/continuation trigger
2026-08-10T14:08:50.220138,SUNPHARMA,setup,RVOL 0.10 below 1.0
2026-08-10T14:08:50.220138,BEL,setup,no fresh breakout/continuation trigger
2026-08-10T14:08:50.220138,LICI,setup,no fresh breakout/continuation trigger
2026-08-10T14:08:50.220138,DIVISLAB,setup,no fresh breakout/continuation trigger
2026-08-10T14:08:50.220138,HCLTECH,setup,entry extended 0.53 ATR
2026-08-10T14:08:50.220138,GVT&D,setup,no fresh breakout/continuation trigger
2026-08-10T14:08:50.220138,ITC,setup,no fresh breakout/continuation trigger
2026-08-10T14:08:50.220138,POWERINDIA,setup,no fresh breakout/continuation trigger
2026-08-10T14:09:50.691991,HDFCBANK,setup,no fresh breakout/continuation trigger
2026-08-10T14:09:50.691991,KALYANKJIL,setup,no fresh breakout/continuation trigger
2026-08-10T14:09:50.691991,ICICIBANK,setup,no fresh breakout/continuation trigger
2026-08-10T14:09:50.691991,RELIANCE,setup,no fresh breakout/continuation trigger
2026-08-10T14:09:50.691991,INFY,setup,no fresh breakout/continuation trigger
2026-08-10T14:09:50.707647,SBIN,setup,no fresh breakout/continuation trigger
2026-08-10T14:09:50.707647,BAJFINANCE,setup,SL too wide (2.04 ATR)
2026-08-10T14:09:50.707647,BHARTIARTL,setup,no fresh breakout/continuation trigger
2026-08-10T14:09:50.707647,BSE,setup,no fresh breakout/continuation trigger
2026-08-10T14:09:50.707647,ETERNAL,setup,no fresh breakout/continuation trigger
2026-08-10T14:09:50.707647,AXISBANK,setup,no fresh breakout/continuation trigger
2026-08-10T14:09:50.707647,TCS,setup,no fresh breakout/continuation trigger
2026-08-10T14:09:50.707647,M&M,setup,no fresh breakout/continuation trigger
2026-08-10T14:09:50.707647,LT,setup,no fresh breakout/continuation trigger
2026-08-10T14:09:50.707647,SWIGGY,setup,no fresh breakout/continuation trigger
2026-08-10T14:09:50.707647,DIXON,setup,no fresh breakout/continuation trigger
2026-08-10T14:09:50.707647,SHRIRAMFIN,setup,no fresh breakout/continuation trigger
2026-08-10T14:09:50.707647,PAYTM,setup,no fresh breakout/continuation trigger
2026-08-10T14:09:50.707647,TVSMOTOR,setup,no fresh breakout/continuation trigger
2026-08-10T14:09:50.707647,MARUTI,setup,no fresh breakout/continuation trigger
2026-08-10T14:09:50.707647,COFORGE,setup,no fresh breakout/continuation trigger
2026-08-10T14:09:50.707647,JIOFIN,setup,no fresh breakout/continuation trigger
2026-08-10T14:09:50.707647,BHEL,setup,no fresh breakout/continuation trigger
2026-08-10T14:09:50.707647,BAJAJ-AUTO,setup,no fresh breakout/continuation trigger
2026-08-10T14:09:50.707647,MCX,setup,no fresh breakout/continuation trigger
2026-08-10T14:09:50.707647,TECHM,setup,no fresh breakout/continuation trigger
2026-08-10T14:09:50.707647,ADANIPOWER,setup,no fresh breakout/continuation trigger
2026-08-10T14:09:50.707647,KAYNES,setup,no fresh breakout/continuation trigger
2026-08-10T14:09:50.707647,INDIGO,setup,no fresh breakout/continuation trigger
2026-08-10T14:09:50.707647,KOTAKBANK,setup,no fresh breakout/continuation trigger
2026-08-10T14:09:50.723707,HINDALCO,setup,no fresh breakout/continuation trigger
2026-08-10T14:09:50.723707,OFSS,setup,no fresh breakout/continuation trigger
2026-08-10T14:09:50.723707,SUNPHARMA,setup,RVOL 0.10 below 1.0
2026-08-10T14:09:50.723707,BEL,setup,no fresh breakout/continuation trigger
2026-08-10T14:09:50.723707,LICI,setup,no fresh breakout/continuation trigger
2026-08-10T14:09:50.723707,DIVISLAB,setup,no fresh breakout/continuation trigger
2026-08-10T14:09:50.723707,HCLTECH,setup,entry extended 0.53 ATR
2026-08-10T14:09:50.723707,GVT&D,setup,no fresh breakout/continuation trigger
2026-08-10T14:09:50.723707,ITC,setup,no fresh breakout/continuation trigger
2026-08-10T14:09:50.723707,POWERINDIA,setup,no fresh breakout/continuation trigger
2026-08-10T14:10:53.476707,HDFCBANK,setup,no fresh breakout/continuation trigger
2026-08-10T14:10:53.476707,KALYANKJIL,setup,no fresh breakout/continuation trigger
2026-08-10T14:10:53.476707,ICICIBANK,setup,no fresh breakout/continuation trigger
2026-08-10T14:10:53.476707,RELIANCE,setup,no fresh breakout/continuation trigger
2026-08-10T14:10:53.476707,INFY,setup,no fresh breakout/continuation trigger
2026-08-10T14:10:53.476707,SBIN,setup,no fresh breakout/continuation trigger
2026-08-10T14:10:53.476707,BAJFINANCE,setup,no fresh breakout/continuation trigger
2026-08-10T14:10:53.476707,BHARTIARTL,setup,entry extended 0.40 ATR
2026-08-10T14:10:53.476707,BSE,setup,no fresh breakout/continuation trigger
2026-08-10T14:10:53.476707,ETERNAL,setup,SL too wide (1.94 ATR)
2026-08-10T14:10:53.476707,AXISBANK,setup,no fresh breakout/continuation trigger
2026-08-10T14:10:53.476707,TCS,setup,entry extended 0.38 ATR
2026-08-10T14:10:53.476707,M&M,setup,no fresh breakout/continuation trigger
2026-08-10T14:10:53.492532,LT,setup,no fresh breakout/continuation trigger
2026-08-10T14:10:53.492532,SWIGGY,setup,no fresh breakout/continuation trigger
2026-08-10T14:10:53.492532,DIXON,setup,no fresh breakout/continuation trigger
2026-08-10T14:10:53.492532,SHRIRAMFIN,setup,no fresh breakout/continuation trigger
2026-08-10T14:10:53.492532,PAYTM,setup,no fresh breakout/continuation trigger
2026-08-10T14:10:53.492532,TVSMOTOR,setup,no fresh breakout/continuation trigger
2026-08-10T14:10:53.492532,MARUTI,setup,no fresh breakout/continuation trigger
2026-08-10T14:10:53.492532,COFORGE,setup,RVOL 0.98 below 1.0
2026-08-10T14:10:53.492532,JIOFIN,setup,no fresh breakout/continuation trigger
2026-08-10T14:10:53.492532,BHEL,setup,no fresh breakout/continuation trigger
2026-08-10T14:10:53.492532,BAJAJ-AUTO,setup,no fresh breakout/continuation trigger
2026-08-10T14:10:53.492532,MCX,setup,no fresh breakout/continuation trigger
2026-08-10T14:10:53.492532,TECHM,setup,RVOL 0.14 below 1.0
2026-08-10T14:10:53.492532,ADANIPOWER,setup,no fresh breakout/continuation trigger
2026-08-10T14:10:53.492532,KAYNES,setup,no fresh breakout/continuation trigger
2026-08-10T14:10:53.492532,INDIGO,setup,no fresh breakout/continuation trigger
2026-08-10T14:10:53.492532,KOTAKBANK,setup,no fresh breakout/continuation trigger
2026-08-10T14:10:53.492532,HINDALCO,setup,no fresh breakout/continuation trigger
2026-08-10T14:10:53.492532,OFSS,setup,no fresh breakout/continuation trigger
2026-08-10T14:10:53.492532,SUNPHARMA,setup,no fresh breakout/continuation trigger
2026-08-10T14:10:53.492532,BEL,setup,no fresh breakout/continuation trigger
2026-08-10T14:10:53.492532,LICI,setup,no fresh breakout/continuation trigger
2026-08-10T14:10:53.492532,DIVISLAB,setup,no fresh breakout/continuation trigger
2026-08-10T14:10:53.492532,HCLTECH,setup,no fresh breakout/continuation trigger
2026-08-10T14:10:53.492532,GVT&D,setup,no fresh breakout/continuation trigger
2026-08-10T14:10:53.492532,ITC,setup,no fresh breakout/continuation trigger
2026-08-10T14:10:53.492532,POWERINDIA,setup,no fresh breakout/continuation trigger
2026-08-10T14:11:53.963024,HDFCBANK,setup,no fresh breakout/continuation trigger
2026-08-10T14:11:53.963024,KALYANKJIL,setup,no fresh breakout/continuation trigger
2026-08-10T14:11:53.963024,ICICIBANK,setup,no fresh breakout/continuation trigger
2026-08-10T14:11:53.963024,RELIANCE,setup,no fresh breakout/continuation trigger
2026-08-10T14:11:53.963024,INFY,setup,no fresh breakout/continuation trigger
2026-08-10T14:11:53.963024,SBIN,setup,no fresh breakout/continuation trigger
2026-08-10T14:11:53.963024,BAJFINANCE,setup,no fresh breakout/continuation trigger
2026-08-10T14:11:53.963024,BHARTIARTL,setup,entry extended 0.40 ATR
2026-08-10T14:11:53.963024,BSE,setup,no fresh breakout/continuation trigger
2026-08-10T14:11:53.963024,ETERNAL,setup,SL too wide (1.94 ATR)
2026-08-10T14:11:53.963024,AXISBANK,setup,no fresh breakout/continuation trigger
2026-08-10T14:11:53.963024,TCS,setup,entry extended 0.38 ATR
2026-08-10T14:11:53.963024,M&M,setup,no fresh breakout/continuation trigger
2026-08-10T14:11:53.963024,LT,setup,no fresh breakout/continuation trigger
2026-08-10T14:11:53.963024,SWIGGY,setup,no fresh breakout/continuation trigger
2026-08-10T14:11:53.963024,DIXON,setup,no fresh breakout/continuation trigger
2026-08-10T14:11:53.979018,SHRIRAMFIN,setup,no fresh breakout/continuation trigger
2026-08-10T14:11:53.979018,PAYTM,setup,no fresh breakout/continuation trigger
2026-08-10T14:11:53.979018,TVSMOTOR,setup,no fresh breakout/continuation trigger
2026-08-10T14:11:53.979018,MARUTI,setup,no fresh breakout/continuation trigger
2026-08-10T14:11:53.979018,COFORGE,setup,RVOL 0.98 below 1.0
2026-08-10T14:11:53.979018,JIOFIN,setup,no fresh breakout/continuation trigger
2026-08-10T14:11:53.979018,BHEL,setup,no fresh breakout/continuation trigger
2026-08-10T14:11:53.979018,BAJAJ-AUTO,setup,no fresh breakout/continuation trigger
2026-08-10T14:11:53.979018,MCX,setup,no fresh breakout/continuation trigger
2026-08-10T14:11:53.979018,TECHM,setup,RVOL 0.14 below 1.0
2026-08-10T14:11:53.979018,ADANIPOWER,setup,no fresh breakout/continuation trigger
2026-08-10T14:11:53.979018,KAYNES,setup,no fresh breakout/continuation trigger
2026-08-10T14:11:53.979018,INDIGO,setup,no fresh breakout/continuation trigger
2026-08-10T14:11:53.979018,KOTAKBANK,setup,no fresh breakout/continuation trigger
2026-08-10T14:11:53.979018,HINDALCO,setup,no fresh breakout/continuation trigger
2026-08-10T14:11:53.979018,OFSS,setup,no fresh breakout/continuation trigger
2026-08-10T14:11:53.979018,SUNPHARMA,setup,no fresh breakout/continuation trigger
2026-08-10T14:11:53.979018,BEL,setup,no fresh breakout/continuation trigger
2026-08-10T14:11:53.979018,LICI,setup,no fresh breakout/continuation trigger
2026-08-10T14:11:53.979018,DIVISLAB,setup,no fresh breakout/continuation trigger
2026-08-10T14:11:53.979018,HCLTECH,setup,no fresh breakout/continuation trigger
2026-08-10T14:11:53.979018,GVT&D,setup,no fresh breakout/continuation trigger
2026-08-10T14:11:53.979018,ITC,setup,no fresh breakout/continuation trigger
2026-08-10T14:11:53.979018,POWERINDIA,setup,no fresh breakout/continuation trigger
2026-08-10T14:12:54.457489,HDFCBANK,setup,no fresh breakout/continuation trigger
2026-08-10T14:12:54.458530,KALYANKJIL,setup,no fresh breakout/continuation trigger
2026-08-10T14:12:54.459536,ICICIBANK,setup,no fresh breakout/continuation trigger
2026-08-10T14:12:54.460749,RELIANCE,setup,no fresh breakout/continuation trigger
2026-08-10T14:12:54.460749,INFY,setup,no fresh breakout/continuation trigger
2026-08-10T14:12:54.461964,SBIN,setup,no fresh breakout/continuation trigger
2026-08-10T14:12:54.461964,BAJFINANCE,setup,no fresh breakout/continuation trigger
2026-08-10T14:12:54.463092,BHARTIARTL,setup,entry extended 0.40 ATR
2026-08-10T14:12:54.463092,BSE,setup,no fresh breakout/continuation trigger
2026-08-10T14:12:54.464108,ETERNAL,setup,SL too wide (1.94 ATR)
2026-08-10T14:12:54.464108,AXISBANK,setup,no fresh breakout/continuation trigger
2026-08-10T14:12:54.465329,TCS,setup,entry extended 0.38 ATR
2026-08-10T14:12:54.466340,M&M,setup,no fresh breakout/continuation trigger
2026-08-10T14:12:54.466340,LT,setup,no fresh breakout/continuation trigger
2026-08-10T14:12:54.467633,SWIGGY,setup,no fresh breakout/continuation trigger
2026-08-10T14:12:54.467633,DIXON,setup,no fresh breakout/continuation trigger
2026-08-10T14:12:54.468699,SHRIRAMFIN,setup,no fresh breakout/continuation trigger
2026-08-10T14:12:54.469797,PAYTM,setup,no fresh breakout/continuation trigger
2026-08-10T14:12:54.469797,TVSMOTOR,setup,no fresh breakout/continuation trigger
2026-08-10T14:12:54.469797,MARUTI,setup,no fresh breakout/continuation trigger
2026-08-10T14:12:54.471242,COFORGE,setup,RVOL 0.98 below 1.0
2026-08-10T14:12:54.472261,JIOFIN,setup,no fresh breakout/continuation trigger
2026-08-10T14:12:54.472261,BHEL,setup,no fresh breakout/continuation trigger
2026-08-10T14:12:54.473508,BAJAJ-AUTO,setup,no fresh breakout/continuation trigger
2026-08-10T14:12:54.473508,MCX,setup,no fresh breakout/continuation trigger
2026-08-10T14:12:54.474747,TECHM,setup,RVOL 0.14 below 1.0
2026-08-10T14:12:54.474747,ADANIPOWER,setup,no fresh breakout/continuation trigger
2026-08-10T14:12:54.474747,KAYNES,setup,no fresh breakout/continuation trigger
2026-08-10T14:12:54.475860,INDIGO,setup,no fresh breakout/continuation trigger
2026-08-10T14:12:54.475860,KOTAKBANK,setup,no fresh breakout/continuation trigger
2026-08-10T14:12:54.477045,HINDALCO,setup,no fresh breakout/continuation trigger
2026-08-10T14:12:54.478043,OFSS,setup,no fresh breakout/continuation trigger
2026-08-10T14:12:54.478043,SUNPHARMA,setup,no fresh breakout/continuation trigger
2026-08-10T14:12:54.479500,BEL,setup,no fresh breakout/continuation trigger
2026-08-10T14:12:54.479500,LICI,setup,no fresh breakout/continuation trigger
2026-08-10T14:12:54.480503,DIVISLAB,setup,no fresh breakout/continuation trigger
2026-08-10T14:12:54.480503,HCLTECH,setup,no fresh breakout/continuation trigger
2026-08-10T14:12:54.481500,GVT&D,setup,no fresh breakout/continuation trigger
2026-08-10T14:12:54.481500,ITC,setup,no fresh breakout/continuation trigger
2026-08-10T14:12:54.481500,POWERINDIA,setup,no fresh breakout/continuation trigger
2026-08-10T14:13:54.970783,HDFCBANK,setup,no fresh breakout/continuation trigger
2026-08-10T14:13:54.970783,KALYANKJIL,setup,no fresh breakout/continuation trigger
2026-08-10T14:13:54.970783,ICICIBANK,setup,no fresh breakout/continuation trigger
2026-08-10T14:13:54.970783,RELIANCE,setup,no fresh breakout/continuation trigger
2026-08-10T14:13:54.970783,INFY,setup,no fresh breakout/continuation trigger
2026-08-10T14:13:54.970783,SBIN,setup,no fresh breakout/continuation trigger
2026-08-10T14:13:54.970783,BAJFINANCE,setup,no fresh breakout/continuation trigger
2026-08-10T14:13:54.970783,BHARTIARTL,setup,entry extended 0.40 ATR
2026-08-10T14:13:54.986685,BSE,setup,no fresh breakout/continuation trigger
2026-08-10T14:13:54.986685,ETERNAL,setup,SL too wide (1.94 ATR)
2026-08-10T14:13:54.986685,AXISBANK,setup,no fresh breakout/continuation trigger
2026-08-10T14:13:54.986685,TCS,setup,entry extended 0.38 ATR
2026-08-10T14:13:54.986685,M&M,setup,no fresh breakout/continuation trigger
2026-08-10T14:13:54.986685,LT,setup,no fresh breakout/continuation trigger
2026-08-10T14:13:54.986685,SWIGGY,setup,no fresh breakout/continuation trigger
2026-08-10T14:13:54.986685,DIXON,setup,no fresh breakout/continuation trigger
2026-08-10T14:13:54.986685,SHRIRAMFIN,setup,no fresh breakout/continuation trigger
2026-08-10T14:13:54.986685,PAYTM,setup,no fresh breakout/continuation trigger
2026-08-10T14:13:54.986685,TVSMOTOR,setup,no fresh breakout/continuation trigger
2026-08-10T14:13:54.986685,MARUTI,setup,no fresh breakout/continuation trigger
2026-08-10T14:13:54.986685,COFORGE,setup,RVOL 0.98 below 1.0
2026-08-10T14:13:54.986685,JIOFIN,setup,no fresh breakout/continuation trigger
2026-08-10T14:13:54.986685,BHEL,setup,no fresh breakout/continuation trigger
2026-08-10T14:13:54.986685,BAJAJ-AUTO,setup,no fresh breakout/continuation trigger
2026-08-10T14:13:54.986685,MCX,setup,no fresh breakout/continuation trigger
2026-08-10T14:13:54.986685,TECHM,setup,RVOL 0.14 below 1.0
2026-08-10T14:13:54.986685,ADANIPOWER,setup,no fresh breakout/continuation trigger
2026-08-10T14:13:54.986685,KAYNES,setup,no fresh breakout/continuation trigger
2026-08-10T14:13:54.986685,INDIGO,setup,no fresh breakout/continuation trigger
2026-08-10T14:13:54.986685,KOTAKBANK,setup,no fresh breakout/continuation trigger
2026-08-10T14:13:54.986685,HINDALCO,setup,no fresh breakout/continuation trigger
2026-08-10T14:13:54.986685,OFSS,setup,no fresh breakout/continuation trigger
2026-08-10T14:13:54.986685,SUNPHARMA,setup,no fresh breakout/continuation trigger
2026-08-10T14:13:54.986685,BEL,setup,no fresh breakout/continuation trigger
2026-08-10T14:13:55.002365,LICI,setup,no fresh breakout/continuation trigger
2026-08-10T14:13:55.002365,DIVISLAB,setup,no fresh breakout/continuation trigger
2026-08-10T14:13:55.002365,HCLTECH,setup,no fresh breakout/continuation trigger
2026-08-10T14:13:55.002365,GVT&D,setup,no fresh breakout/continuation trigger
2026-08-10T14:13:55.002365,ITC,setup,no fresh breakout/continuation trigger
2026-08-10T14:13:55.002365,POWERINDIA,setup,no fresh breakout/continuation trigger
2026-08-10T14:14:55.472713,HDFCBANK,setup,no fresh breakout/continuation trigger
2026-08-10T14:14:55.472713,KALYANKJIL,setup,no fresh breakout/continuation trigger
2026-08-10T14:14:55.472713,ICICIBANK,setup,no fresh breakout/continuation trigger
2026-08-10T14:14:55.472713,RELIANCE,setup,no fresh breakout/continuation trigger
2026-08-10T14:14:55.472713,INFY,setup,no fresh breakout/continuation trigger
2026-08-10T14:14:55.472713,SBIN,setup,no fresh breakout/continuation trigger
2026-08-10T14:14:55.472713,BAJFINANCE,setup,no fresh breakout/continuation trigger
2026-08-10T14:14:55.472713,BHARTIARTL,setup,entry extended 0.40 ATR
2026-08-10T14:14:55.472713,BSE,setup,no fresh breakout/continuation trigger
2026-08-10T14:14:55.472713,ETERNAL,setup,SL too wide (1.94 ATR)
2026-08-10T14:14:55.472713,AXISBANK,setup,no fresh breakout/continuation trigger
2026-08-10T14:14:55.472713,TCS,setup,entry extended 0.38 ATR
2026-08-10T14:14:55.472713,M&M,setup,no fresh breakout/continuation trigger
2026-08-10T14:14:55.472713,LT,setup,no fresh breakout/continuation trigger
2026-08-10T14:14:55.472713,SWIGGY,setup,no fresh breakout/continuation trigger
2026-08-10T14:14:55.472713,DIXON,setup,no fresh breakout/continuation trigger
2026-08-10T14:14:55.472713,SHRIRAMFIN,setup,no fresh breakout/continuation trigger
2026-08-10T14:14:55.488414,PAYTM,setup,no fresh breakout/continuation trigger
2026-08-10T14:14:55.488414,TVSMOTOR,setup,no fresh breakout/continuation trigger
2026-08-10T14:14:55.488414,MARUTI,setup,no fresh breakout/continuation trigger
2026-08-10T14:14:55.488414,COFORGE,setup,RVOL 0.98 below 1.0
2026-08-10T14:14:55.488414,JIOFIN,setup,no fresh breakout/continuation trigger
2026-08-10T14:14:55.488414,BHEL,setup,no fresh breakout/continuation trigger
2026-08-10T14:14:55.488414,BAJAJ-AUTO,setup,no fresh breakout/continuation trigger
2026-08-10T14:14:55.488414,MCX,setup,no fresh breakout/continuation trigger
2026-08-10T14:14:55.493207,TECHM,setup,RVOL 0.14 below 1.0
2026-08-10T14:14:55.493207,ADANIPOWER,setup,no fresh breakout/continuation trigger
2026-08-10T14:14:55.493207,KAYNES,setup,no fresh breakout/continuation trigger
2026-08-10T14:14:55.493207,INDIGO,setup,no fresh breakout/continuation trigger
2026-08-10T14:14:55.493207,KOTAKBANK,setup,no fresh breakout/continuation trigger
2026-08-10T14:14:55.493207,HINDALCO,setup,no fresh breakout/continuation trigger
2026-08-10T14:14:55.493207,OFSS,setup,no fresh breakout/continuation trigger
2026-08-10T14:14:55.493207,SUNPHARMA,setup,no fresh breakout/continuation trigger
2026-08-10T14:14:55.493207,BEL,setup,no fresh breakout/continuation trigger
2026-08-10T14:14:55.493207,LICI,setup,no fresh breakout/continuation trigger
2026-08-10T14:14:55.493207,DIVISLAB,setup,no fresh breakout/continuation trigger
2026-08-10T14:14:55.493207,HCLTECH,setup,no fresh breakout/continuation trigger
2026-08-10T14:14:55.493207,GVT&D,setup,no fresh breakout/continuation trigger
2026-08-10T14:14:55.493207,ITC,setup,no fresh breakout/continuation trigger
2026-08-10T14:14:55.493207,POWERINDIA,setup,no fresh breakout/continuation trigger
2026-08-10T14:15:58.288234,HDFCBANK,setup,no fresh breakout/continuation trigger
2026-08-10T14:15:58.289274,KALYANKJIL,setup,no fresh breakout/continuation trigger
2026-08-10T14:15:58.290278,ICICIBANK,setup,no fresh breakout/continuation trigger
2026-08-10T14:15:58.290278,RELIANCE,setup,no fresh breakout/continuation trigger
2026-08-10T14:15:58.291639,INFY,setup,no fresh breakout/continuation trigger
2026-08-10T14:15:58.292721,SBIN,setup,no fresh breakout/continuation trigger
2026-08-10T14:15:58.292721,BAJFINANCE,setup,no fresh breakout/continuation trigger
2026-08-10T14:15:58.293778,BHARTIARTL,setup,SL too wide (1.95 ATR)
2026-08-10T14:15:58.293778,BSE,setup,no fresh breakout/continuation trigger
2026-08-10T14:15:58.295122,ETERNAL,setup,no fresh breakout/continuation trigger
2026-08-10T14:15:58.295122,AXISBANK,setup,no fresh breakout/continuation trigger
2026-08-10T14:15:58.296126,TCS,setup,no fresh breakout/continuation trigger
2026-08-10T14:15:58.296126,M&M,setup,no fresh breakout/continuation trigger
2026-08-10T14:15:58.297504,LT,setup,no fresh breakout/continuation trigger
2026-08-10T14:15:58.297504,SWIGGY,setup,no fresh breakout/continuation trigger
2026-08-10T14:15:58.298512,DIXON,setup,no fresh breakout/continuation trigger
2026-08-10T14:15:58.298512,SHRIRAMFIN,setup,no fresh breakout/continuation trigger
2026-08-10T14:15:58.299516,PAYTM,setup,no fresh breakout/continuation trigger
2026-08-10T14:15:58.300563,TVSMOTOR,setup,no fresh breakout/continuation trigger
2026-08-10T14:15:58.300563,MARUTI,setup,no fresh breakout/continuation trigger
2026-08-10T14:15:58.301586,COFORGE,setup,no fresh breakout/continuation trigger
2026-08-10T14:15:58.302592,JIOFIN,setup,no fresh breakout/continuation trigger
2026-08-10T14:15:58.302592,BHEL,setup,no fresh breakout/continuation trigger
2026-08-10T14:15:58.303653,BAJAJ-AUTO,setup,no fresh breakout/continuation trigger
2026-08-10T14:15:58.303653,MCX,setup,no fresh breakout/continuation trigger
2026-08-10T14:15:58.303653,TECHM,setup,no fresh breakout/continuation trigger
2026-08-10T14:15:58.303653,ADANIPOWER,setup,no fresh breakout/continuation trigger
2026-08-10T14:15:58.303653,KAYNES,setup,no fresh breakout/continuation trigger
2026-08-10T14:15:58.303653,INDIGO,setup,no fresh breakout/continuation trigger
2026-08-10T14:15:58.303653,KOTAKBANK,setup,no fresh breakout/continuation trigger
2026-08-10T14:15:58.303653,HINDALCO,setup,no fresh breakout/continuation trigger
2026-08-10T14:15:58.303653,OFSS,setup,no fresh breakout/continuation trigger
2026-08-10T14:15:58.303653,SUNPHARMA,setup,no fresh breakout/continuation trigger
2026-08-10T14:15:58.303653,BEL,setup,no fresh breakout/continuation trigger
2026-08-10T14:15:58.303653,LICI,setup,no fresh breakout/continuation trigger
2026-08-10T14:15:58.303653,DIVISLAB,setup,no fresh breakout/continuation trigger
2026-08-10T14:15:58.303653,HCLTECH,setup,no fresh breakout/continuation trigger
2026-08-10T14:15:58.303653,GVT&D,setup,no fresh breakout/continuation trigger
2026-08-10T14:15:58.303653,ITC,setup,no fresh breakout/continuation trigger
2026-08-10T14:15:58.303653,POWERINDIA,setup,no fresh breakout/continuation trigger
2026-08-10T14:16:58.787628,HDFCBANK,setup,no fresh breakout/continuation trigger
2026-08-10T14:16:58.787628,KALYANKJIL,setup,no fresh breakout/continuation trigger
2026-08-10T14:16:58.787628,ICICIBANK,setup,no fresh breakout/continuation trigger
2026-08-10T14:16:58.787628,RELIANCE,setup,no fresh breakout/continuation trigger
2026-08-10T14:16:58.787628,INFY,setup,no fresh breakout/continuation trigger
2026-08-10T14:16:58.787628,SBIN,setup,no fresh breakout/continuation trigger
2026-08-10T14:16:58.787628,BAJFINANCE,setup,no fresh breakout/continuation trigger
2026-08-10T14:16:58.787628,BHARTIARTL,setup,SL too wide (1.95 ATR)
2026-08-10T14:16:58.787628,BSE,setup,no fresh breakout/continuation trigger
2026-08-10T14:16:58.787628,ETERNAL,setup,no fresh breakout/continuation trigger
2026-08-10T14:16:58.787628,AXISBANK,setup,no fresh breakout/continuation trigger
2026-08-10T14:16:58.787628,TCS,setup,no fresh breakout/continuation trigger
2026-08-10T14:16:58.787628,M&M,setup,no fresh breakout/continuation trigger
2026-08-10T14:16:58.787628,LT,setup,no fresh breakout/continuation trigger
2026-08-10T14:16:58.787628,SWIGGY,setup,no fresh breakout/continuation trigger
2026-08-10T14:16:58.787628,DIXON,setup,no fresh breakout/continuation trigger
2026-08-10T14:16:58.787628,SHRIRAMFIN,setup,no fresh breakout/continuation trigger
2026-08-10T14:16:58.787628,PAYTM,setup,no fresh breakout/continuation trigger
2026-08-10T14:16:58.803386,TVSMOTOR,setup,no fresh breakout/continuation trigger
2026-08-10T14:16:58.803386,MARUTI,setup,no fresh breakout/continuation trigger
2026-08-10T14:16:58.803386,COFORGE,setup,no fresh breakout/continuation trigger
2026-08-10T14:16:58.803386,JIOFIN,setup,no fresh breakout/continuation trigger
2026-08-10T14:16:58.803386,BHEL,setup,no fresh breakout/continuation trigger
2026-08-10T14:16:58.803386,BAJAJ-AUTO,setup,no fresh breakout/continuation trigger
2026-08-10T14:16:58.803386,MCX,setup,no fresh breakout/continuation trigger
2026-08-10T14:16:58.803386,TECHM,setup,no fresh breakout/continuation trigger
2026-08-10T14:16:58.803386,ADANIPOWER,setup,no fresh breakout/continuation trigger
2026-08-10T14:16:58.803386,KAYNES,setup,no fresh breakout/continuation trigger
2026-08-10T14:16:58.803386,INDIGO,setup,no fresh breakout/continuation trigger
2026-08-10T14:16:58.803386,KOTAKBANK,setup,no fresh breakout/continuation trigger
2026-08-10T14:16:58.803386,HINDALCO,setup,no fresh breakout/continuation trigger
2026-08-10T14:16:58.803386,OFSS,setup,no fresh breakout/continuation trigger
2026-08-10T14:16:58.803386,SUNPHARMA,setup,no fresh breakout/continuation trigger
2026-08-10T14:16:58.803386,BEL,setup,no fresh breakout/continuation trigger
2026-08-10T14:16:58.803386,LICI,setup,no fresh breakout/continuation trigger
2026-08-10T14:16:58.803386,DIVISLAB,setup,no fresh breakout/continuation trigger
2026-08-10T14:16:58.803386,HCLTECH,setup,no fresh breakout/continuation trigger
2026-08-10T14:16:58.803386,GVT&D,setup,no fresh breakout/continuation trigger
2026-08-10T14:16:58.803386,ITC,setup,no fresh breakout/continuation trigger
2026-08-10T14:16:58.803386,POWERINDIA,setup,no fresh breakout/continuation trigger
2026-08-10T14:17:59.297132,HDFCBANK,setup,no fresh breakout/continuation trigger
2026-08-10T14:17:59.297132,KALYANKJIL,setup,no fresh breakout/continuation trigger
2026-08-10T14:17:59.298653,ICICIBANK,setup,no fresh breakout/continuation trigger
2026-08-10T14:17:59.298653,RELIANCE,setup,no fresh breakout/continuation trigger
2026-08-10T14:17:59.298653,INFY,setup,no fresh breakout/continuation trigger
2026-08-10T14:17:59.298653,SBIN,setup,no fresh breakout/continuation trigger
2026-08-10T14:17:59.298653,BAJFINANCE,setup,no fresh breakout/continuation trigger
2026-08-10T14:17:59.298653,BHARTIARTL,setup,SL too wide (1.95 ATR)
2026-08-10T14:17:59.298653,BSE,setup,no fresh breakout/continuation trigger
2026-08-10T14:17:59.298653,ETERNAL,setup,no fresh breakout/continuation trigger
2026-08-10T14:17:59.298653,AXISBANK,setup,no fresh breakout/continuation trigger
2026-08-10T14:17:59.298653,TCS,setup,no fresh breakout/continuation trigger
2026-08-10T14:17:59.298653,M&M,setup,no fresh breakout/continuation trigger
2026-08-10T14:17:59.298653,LT,setup,no fresh breakout/continuation trigger
2026-08-10T14:17:59.298653,SWIGGY,setup,no fresh breakout/continuation trigger
2026-08-10T14:17:59.307535,DIXON,setup,no fresh breakout/continuation trigger
2026-08-10T14:17:59.307535,SHRIRAMFIN,setup,no fresh breakout/continuation trigger
2026-08-10T14:17:59.307535,PAYTM,setup,no fresh breakout/continuation trigger
2026-08-10T14:17:59.307535,TVSMOTOR,setup,no fresh breakout/continuation trigger
2026-08-10T14:17:59.307535,MARUTI,setup,no fresh breakout/continuation trigger
2026-08-10T14:17:59.307535,COFORGE,setup,no fresh breakout/continuation trigger
2026-08-10T14:17:59.307535,JIOFIN,setup,no fresh breakout/continuation trigger
2026-08-10T14:17:59.307535,BHEL,setup,no fresh breakout/continuation trigger
2026-08-10T14:17:59.307535,BAJAJ-AUTO,setup,no fresh breakout/continuation trigger
2026-08-10T14:17:59.307535,MCX,setup,no fresh breakout/continuation trigger
2026-08-10T14:17:59.307535,TECHM,setup,no fresh breakout/continuation trigger
2026-08-10T14:17:59.314504,ADANIPOWER,setup,no fresh breakout/continuation trigger
2026-08-10T14:17:59.314504,KAYNES,setup,no fresh breakout/continuation trigger
2026-08-10T14:17:59.314504,INDIGO,setup,no fresh breakout/continuation trigger
2026-08-10T14:17:59.314504,KOTAKBANK,setup,no fresh breakout/continuation trigger
2026-08-10T14:17:59.314504,HINDALCO,setup,no fresh breakout/continuation trigger
2026-08-10T14:17:59.314504,OFSS,setup,no fresh breakout/continuation trigger
2026-08-10T14:17:59.314504,SUNPHARMA,setup,no fresh breakout/continuation trigger
2026-08-10T14:17:59.314504,BEL,setup,no fresh breakout/continuation trigger
2026-08-10T14:17:59.314504,LICI,setup,no fresh breakout/continuation trigger
2026-08-10T14:17:59.314504,DIVISLAB,setup,no fresh breakout/continuation trigger
2026-08-10T14:17:59.314504,HCLTECH,setup,no fresh breakout/continuation trigger
2026-08-10T14:17:59.314504,GVT&D,setup,no fresh breakout/continuation trigger
2026-08-10T14:17:59.314504,ITC,setup,no fresh breakout/continuation trigger
2026-08-10T14:17:59.314504,POWERINDIA,setup,no fresh breakout/continuation trigger
2026-08-10T14:18:59.772490,HDFCBANK,setup,no fresh breakout/continuation trigger
2026-08-10T14:18:59.772490,KALYANKJIL,setup,no fresh breakout/continuation trigger
2026-08-10T14:18:59.772490,ICICIBANK,setup,no fresh breakout/continuation trigger
2026-08-10T14:18:59.772490,RELIANCE,setup,no fresh breakout/continuation trigger
2026-08-10T14:18:59.772490,INFY,setup,no fresh breakout/continuation trigger
2026-08-10T14:18:59.772490,SBIN,setup,no fresh breakout/continuation trigger
2026-08-10T14:18:59.788421,BAJFINANCE,setup,no fresh breakout/continuation trigger
2026-08-10T14:18:59.790270,BHARTIARTL,setup,SL too wide (1.95 ATR)
2026-08-10T14:18:59.790270,BSE,setup,no fresh breakout/continuation trigger
2026-08-10T14:18:59.790270,ETERNAL,setup,no fresh breakout/continuation trigger
2026-08-10T14:18:59.790270,AXISBANK,setup,no fresh breakout/continuation trigger
2026-08-10T14:18:59.790270,TCS,setup,no fresh breakout/continuation trigger
2026-08-10T14:18:59.790270,M&M,setup,no fresh breakout/continuation trigger
2026-08-10T14:18:59.790270,LT,setup,no fresh breakout/continuation trigger
2026-08-10T14:18:59.790270,SWIGGY,setup,no fresh breakout/continuation trigger
2026-08-10T14:18:59.790270,DIXON,setup,no fresh breakout/continuation trigger
2026-08-10T14:18:59.790270,SHRIRAMFIN,setup,no fresh breakout/continuation trigger
2026-08-10T14:18:59.790270,PAYTM,setup,no fresh breakout/continuation trigger
2026-08-10T14:18:59.790270,TVSMOTOR,setup,no fresh breakout/continuation trigger
2026-08-10T14:18:59.790270,MARUTI,setup,no fresh breakout/continuation trigger
2026-08-10T14:18:59.790270,COFORGE,setup,no fresh breakout/continuation trigger
2026-08-10T14:18:59.790270,JIOFIN,setup,no fresh breakout/continuation trigger
2026-08-10T14:18:59.790270,BHEL,setup,no fresh breakout/continuation trigger
2026-08-10T14:18:59.790270,BAJAJ-AUTO,setup,no fresh breakout/continuation trigger
2026-08-10T14:18:59.790270,MCX,setup,no fresh breakout/continuation trigger
2026-08-10T14:18:59.790270,TECHM,setup,no fresh breakout/continuation trigger
2026-08-10T14:18:59.790270,ADANIPOWER,setup,no fresh breakout/continuation trigger
2026-08-10T14:18:59.790270,KAYNES,setup,no fresh breakout/continuation trigger
2026-08-10T14:18:59.804081,INDIGO,setup,no fresh breakout/continuation trigger
2026-08-10T14:18:59.804081,KOTAKBANK,setup,no fresh breakout/continuation trigger
2026-08-10T14:18:59.804081,HINDALCO,setup,no fresh breakout/continuation trigger
2026-08-10T14:18:59.804081,OFSS,setup,no fresh breakout/continuation trigger
2026-08-10T14:18:59.804081,SUNPHARMA,setup,no fresh breakout/continuation trigger
2026-08-10T14:18:59.804081,BEL,setup,no fresh breakout/continuation trigger
2026-08-10T14:18:59.804081,LICI,setup,no fresh breakout/continuation trigger
2026-08-10T14:18:59.804081,DIVISLAB,setup,no fresh breakout/continuation trigger
2026-08-10T14:18:59.804081,HCLTECH,setup,no fresh breakout/continuation trigger
2026-08-10T14:18:59.804081,GVT&D,setup,no fresh breakout/continuation trigger
2026-08-10T14:18:59.804081,ITC,setup,no fresh breakout/continuation trigger
2026-08-10T14:18:59.804081,POWERINDIA,setup,no fresh breakout/continuation trigger
2026-08-10T14:20:00.273330,HDFCBANK,setup,no fresh breakout/continuation trigger
2026-08-10T14:20:00.273330,KALYANKJIL,setup,no fresh breakout/continuation trigger
2026-08-10T14:20:00.273330,ICICIBANK,setup,no fresh breakout/continuation trigger
2026-08-10T14:20:00.273330,RELIANCE,setup,no fresh breakout/continuation trigger
2026-08-10T14:20:00.273330,INFY,setup,no fresh breakout/continuation trigger
2026-08-10T14:20:00.273330,SBIN,setup,no fresh breakout/continuation trigger
2026-08-10T14:20:00.273330,BAJFINANCE,setup,no fresh breakout/continuation trigger
2026-08-10T14:20:00.273330,BHARTIARTL,setup,SL too wide (1.95 ATR)
2026-08-10T14:20:00.273330,BSE,setup,no fresh breakout/continuation trigger
2026-08-10T14:20:00.289339,ETERNAL,setup,no fresh breakout/continuation trigger
2026-08-10T14:20:00.289339,AXISBANK,setup,no fresh breakout/continuation trigger
2026-08-10T14:20:00.290668,TCS,setup,no fresh breakout/continuation trigger
2026-08-10T14:20:00.290668,M&M,setup,no fresh breakout/continuation trigger
2026-08-10T14:20:00.291670,LT,setup,no fresh breakout/continuation trigger
2026-08-10T14:20:00.291670,SWIGGY,setup,no fresh breakout/continuation trigger
2026-08-10T14:20:00.292765,DIXON,setup,no fresh breakout/continuation trigger
2026-08-10T14:20:00.292765,SHRIRAMFIN,setup,no fresh breakout/continuation trigger
2026-08-10T14:20:00.293771,PAYTM,setup,no fresh breakout/continuation trigger
2026-08-10T14:20:00.294808,TVSMOTOR,setup,no fresh breakout/continuation trigger
2026-08-10T14:20:00.294808,MARUTI,setup,no fresh breakout/continuation trigger
2026-08-10T14:20:00.296063,COFORGE,setup,no fresh breakout/continuation trigger
2026-08-10T14:20:00.296063,JIOFIN,setup,no fresh breakout/continuation trigger
2026-08-10T14:20:00.297505,BHEL,setup,no fresh breakout/continuation trigger
2026-08-10T14:20:00.298526,BAJAJ-AUTO,setup,no fresh breakout/continuation trigger
2026-08-10T14:20:00.298526,MCX,setup,no fresh breakout/continuation trigger
2026-08-10T14:20:00.299723,TECHM,setup,no fresh breakout/continuation trigger
2026-08-10T14:20:00.299723,ADANIPOWER,setup,no fresh breakout/continuation trigger
2026-08-10T14:20:00.300727,KAYNES,setup,no fresh breakout/continuation trigger
2026-08-10T14:20:00.300727,INDIGO,setup,no fresh breakout/continuation trigger
2026-08-10T14:20:00.301743,KOTAKBANK,setup,no fresh breakout/continuation trigger
2026-08-10T14:20:00.302788,HINDALCO,setup,no fresh breakout/continuation trigger
2026-08-10T14:20:00.302788,OFSS,setup,no fresh breakout/continuation trigger
2026-08-10T14:20:00.303795,SUNPHARMA,setup,no fresh breakout/continuation trigger
2026-08-10T14:20:00.303795,BEL,setup,no fresh breakout/continuation trigger
2026-08-10T14:20:00.303795,LICI,setup,no fresh breakout/continuation trigger
2026-08-10T14:20:00.303795,DIVISLAB,setup,no fresh breakout/continuation trigger
2026-08-10T14:20:00.303795,HCLTECH,setup,no fresh breakout/continuation trigger
2026-08-10T14:20:00.303795,GVT&D,setup,no fresh breakout/continuation trigger
2026-08-10T14:20:00.303795,ITC,setup,no fresh breakout/continuation trigger
2026-08-10T14:20:00.303795,POWERINDIA,setup,no fresh breakout/continuation trigger
2026-08-10T14:22:21.447210,HDFCBANK,setup,no fresh breakout/continuation trigger
2026-08-10T14:22:21.447210,KALYANKJIL,setup,no fresh breakout/continuation trigger
2026-08-10T14:22:21.447210,ICICIBANK,setup,no fresh breakout/continuation trigger
2026-08-10T14:22:21.447210,RELIANCE,setup,no fresh breakout/continuation trigger
2026-08-10T14:22:21.447210,INFY,setup,no fresh breakout/continuation trigger
2026-08-10T14:22:21.447210,SBIN,setup,no fresh breakout/continuation trigger
2026-08-10T14:22:21.447210,BAJFINANCE,setup,no fresh breakout/continuation trigger
2026-08-10T14:22:21.447210,BHARTIARTL,setup,no fresh breakout/continuation trigger
2026-08-10T14:22:21.447210,BSE,setup,no fresh breakout/continuation trigger
2026-08-10T14:22:21.447210,ETERNAL,setup,no fresh breakout/continuation trigger
2026-08-10T14:22:21.447210,AXISBANK,setup,no fresh breakout/continuation trigger
2026-08-10T14:22:21.447210,TCS,setup,no fresh breakout/continuation trigger
2026-08-10T14:22:21.447210,M&M,setup,no fresh breakout/continuation trigger
2026-08-10T14:22:21.447210,LT,setup,no fresh breakout/continuation trigger
2026-08-10T14:22:21.447210,SWIGGY,setup,no fresh breakout/continuation trigger
2026-08-10T14:22:21.447210,SHRIRAMFIN,setup,SL too wide (2.72 ATR)
2026-08-10T14:22:21.447210,PAYTM,setup,SL too wide (2.02 ATR)
2026-08-10T14:22:21.447210,TVSMOTOR,setup,no fresh breakout/continuation trigger
2026-08-10T14:22:21.447210,MARUTI,setup,no fresh breakout/continuation trigger
2026-08-10T14:22:21.447210,COFORGE,setup,no fresh breakout/continuation trigger
2026-08-10T14:22:21.447210,JIOFIN,setup,no fresh breakout/continuation trigger
2026-08-10T14:22:21.447210,BHEL,setup,no fresh breakout/continuation trigger
2026-08-10T14:22:21.447210,BAJAJ-AUTO,setup,no fresh breakout/continuation trigger
2026-08-10T14:22:21.447210,MCX,setup,no fresh breakout/continuation trigger
2026-08-10T14:22:21.447210,TECHM,setup,no fresh breakout/continuation trigger
2026-08-10T14:22:21.463547,ADANIPOWER,setup,no fresh breakout/continuation trigger
2026-08-10T14:22:21.464552,KAYNES,setup,no fresh breakout/continuation trigger
2026-08-10T14:22:21.464552,INDIGO,setup,no fresh breakout/continuation trigger
2026-08-10T14:22:21.464552,HINDALCO,setup,no fresh breakout/continuation trigger
2026-08-10T14:22:21.465907,KOTAKBANK,setup,no fresh breakout/continuation trigger
2026-08-10T14:22:21.465907,SUNPHARMA,setup,no fresh breakout/continuation trigger
2026-08-10T14:22:21.466931,OFSS,setup,no fresh breakout/continuation trigger
2026-08-10T14:22:21.467945,BEL,setup,no fresh breakout/continuation trigger
2026-08-10T14:22:21.467945,LICI,setup,no fresh breakout/continuation trigger
2026-08-10T14:22:21.467945,DIVISLAB,setup,no fresh breakout/continuation trigger
2026-08-10T14:22:21.469434,HCLTECH,setup,no fresh breakout/continuation trigger
2026-08-10T14:22:21.469434,GVT&D,setup,no fresh breakout/continuation trigger
2026-08-10T14:22:21.470615,POWERINDIA,setup,SL too wide (2.14 ATR)
2026-08-10T14:22:21.470615,ITC,setup,no fresh breakout/continuation trigger
2026-08-10T14:22:21.471632,DIXON,option,no eligible option contracts
2026-08-10T14:23:21.930824,HDFCBANK,setup,no fresh breakout/continuation trigger
2026-08-10T14:23:21.930824,KALYANKJIL,setup,no fresh breakout/continuation trigger
2026-08-10T14:23:21.930824,ICICIBANK,setup,no fresh breakout/continuation trigger
2026-08-10T14:23:21.930824,RELIANCE,setup,no fresh breakout/continuation trigger
2026-08-10T14:23:21.946542,INFY,setup,no fresh breakout/continuation trigger
2026-08-10T14:23:21.946542,SBIN,setup,no fresh breakout/continuation trigger
2026-08-10T14:23:21.946542,BAJFINANCE,setup,no fresh breakout/continuation trigger
2026-08-10T14:23:21.946542,BHARTIARTL,setup,no fresh breakout/continuation trigger
2026-08-10T14:23:21.946542,BSE,setup,no fresh breakout/continuation trigger
2026-08-10T14:23:21.946542,ETERNAL,setup,no fresh breakout/continuation trigger
2026-08-10T14:23:21.946542,AXISBANK,setup,no fresh breakout/continuation trigger
2026-08-10T14:23:21.946542,TCS,setup,no fresh breakout/continuation trigger
2026-08-10T14:23:21.946542,M&M,setup,no fresh breakout/continuation trigger
2026-08-10T14:23:21.946542,LT,setup,no fresh breakout/continuation trigger
2026-08-10T14:23:21.946542,SWIGGY,setup,no fresh breakout/continuation trigger
2026-08-10T14:23:21.946542,SHRIRAMFIN,setup,SL too wide (2.72 ATR)
2026-08-10T14:23:21.946542,PAYTM,setup,SL too wide (2.02 ATR)
2026-08-10T14:23:21.946542,TVSMOTOR,setup,no fresh breakout/continuation trigger
2026-08-10T14:23:21.946542,MARUTI,setup,no fresh breakout/continuation trigger
2026-08-10T14:23:21.946542,COFORGE,setup,no fresh breakout/continuation trigger
2026-08-10T14:23:21.946542,JIOFIN,setup,no fresh breakout/continuation trigger
2026-08-10T14:23:21.946542,BHEL,setup,no fresh breakout/continuation trigger
2026-08-10T14:23:21.946542,BAJAJ-AUTO,setup,no fresh breakout/continuation trigger
2026-08-10T14:23:21.946542,MCX,setup,no fresh breakout/continuation trigger
2026-08-10T14:23:21.946542,TECHM,setup,no fresh breakout/continuation trigger
2026-08-10T14:23:21.946542,ADANIPOWER,setup,no fresh breakout/continuation trigger
2026-08-10T14:23:21.946542,KAYNES,setup,no fresh breakout/continuation trigger
2026-08-10T14:23:21.960180,INDIGO,setup,no fresh breakout/continuation trigger
2026-08-10T14:23:21.960180,HINDALCO,setup,no fresh breakout/continuation trigger
2026-08-10T14:23:21.960180,KOTAKBANK,setup,no fresh breakout/continuation trigger
2026-08-10T14:23:21.962194,SUNPHARMA,setup,no fresh breakout/continuation trigger
2026-08-10T14:23:21.962194,OFSS,setup,no fresh breakout/continuation trigger
2026-08-10T14:23:21.962194,BEL,setup,no fresh breakout/continuation trigger
2026-08-10T14:23:21.962194,LICI,setup,no fresh breakout/continuation trigger
2026-08-10T14:23:21.962194,DIVISLAB,setup,no fresh breakout/continuation trigger
2026-08-10T14:23:21.962194,HCLTECH,setup,no fresh breakout/continuation trigger
2026-08-10T14:23:21.962194,GVT&D,setup,no fresh breakout/continuation trigger
2026-08-10T14:23:21.962194,POWERINDIA,setup,SL too wide (2.14 ATR)
2026-08-10T14:23:21.962194,ITC,setup,no fresh breakout/continuation trigger
2026-08-10T14:23:21.967673,DIXON,option,no eligible option contracts
2026-08-10T14:24:22.429853,HDFCBANK,setup,no fresh breakout/continuation trigger
2026-08-10T14:24:22.429853,KALYANKJIL,setup,no fresh breakout/continuation trigger
2026-08-10T14:24:22.429853,ICICIBANK,setup,no fresh breakout/continuation trigger
2026-08-10T14:24:22.429853,RELIANCE,setup,no fresh breakout/continuation trigger
2026-08-10T14:24:22.429853,INFY,setup,no fresh breakout/continuation trigger
2026-08-10T14:24:22.429853,SBIN,setup,no fresh breakout/continuation trigger
2026-08-10T14:24:22.429853,BAJFINANCE,setup,no fresh breakout/continuation trigger
2026-08-10T14:24:22.429853,BHARTIARTL,setup,no fresh breakout/continuation trigger
2026-08-10T14:24:22.429853,BSE,setup,no fresh breakout/continuation trigger
2026-08-10T14:24:22.429853,ETERNAL,setup,no fresh breakout/continuation trigger
2026-08-10T14:24:22.429853,AXISBANK,setup,no fresh breakout/continuation trigger
2026-08-10T14:24:22.445907,TCS,setup,no fresh breakout/continuation trigger
2026-08-10T14:24:22.445907,M&M,setup,no fresh breakout/continuation trigger
2026-08-10T14:24:22.445907,LT,setup,no fresh breakout/continuation trigger
2026-08-10T14:24:22.445907,SWIGGY,setup,no fresh breakout/continuation trigger
2026-08-10T14:24:22.445907,SHRIRAMFIN,setup,SL too wide (2.72 ATR)
2026-08-10T14:24:22.445907,PAYTM,setup,SL too wide (2.02 ATR)
2026-08-10T14:24:22.445907,TVSMOTOR,setup,no fresh breakout/continuation trigger
2026-08-10T14:24:22.445907,MARUTI,setup,no fresh breakout/continuation trigger
2026-08-10T14:24:22.445907,COFORGE,setup,no fresh breakout/continuation trigger
2026-08-10T14:24:22.445907,JIOFIN,setup,no fresh breakout/continuation trigger
2026-08-10T14:24:22.445907,BHEL,setup,no fresh breakout/continuation trigger
2026-08-10T14:24:22.445907,BAJAJ-AUTO,setup,no fresh breakout/continuation trigger
2026-08-10T14:24:22.445907,MCX,setup,no fresh breakout/continuation trigger
2026-08-10T14:24:22.445907,TECHM,setup,no fresh breakout/continuation trigger
2026-08-10T14:24:22.445907,ADANIPOWER,setup,no fresh breakout/continuation trigger
2026-08-10T14:24:22.445907,KAYNES,setup,no fresh breakout/continuation trigger
2026-08-10T14:24:22.445907,INDIGO,setup,no fresh breakout/continuation trigger
2026-08-10T14:24:22.445907,HINDALCO,setup,no fresh breakout/continuation trigger
2026-08-10T14:24:22.445907,KOTAKBANK,setup,no fresh breakout/continuation trigger
2026-08-10T14:24:22.445907,SUNPHARMA,setup,no fresh breakout/continuation trigger
2026-08-10T14:24:22.445907,OFSS,setup,no fresh breakout/continuation trigger
2026-08-10T14:24:22.445907,BEL,setup,no fresh breakout/continuation trigger
2026-08-10T14:24:22.445907,LICI,setup,no fresh breakout/continuation trigger
2026-08-10T14:24:22.445907,DIVISLAB,setup,no fresh breakout/continuation trigger
2026-08-10T14:24:22.445907,HCLTECH,setup,no fresh breakout/continuation trigger
2026-08-10T14:24:22.445907,GVT&D,setup,no fresh breakout/continuation trigger
2026-08-10T14:24:22.445907,POWERINDIA,setup,SL too wide (2.14 ATR)
2026-08-10T14:24:22.445907,ITC,setup,no fresh breakout/continuation trigger
2026-08-10T14:24:22.445907,DIXON,option,no eligible option contracts
2026-08-10T14:25:22.928745,HDFCBANK,setup,no fresh breakout/continuation trigger
2026-08-10T14:25:22.928745,KALYANKJIL,setup,no fresh breakout/continuation trigger
2026-08-10T14:25:22.928745,ICICIBANK,setup,no fresh breakout/continuation trigger
2026-08-10T14:25:22.928745,RELIANCE,setup,no fresh breakout/continuation trigger
2026-08-10T14:25:22.928745,INFY,setup,no fresh breakout/continuation trigger
2026-08-10T14:25:22.928745,SBIN,setup,no fresh breakout/continuation trigger
2026-08-10T14:25:22.928745,BAJFINANCE,setup,no fresh breakout/continuation trigger
2026-08-10T14:25:22.928745,BHARTIARTL,setup,no fresh breakout/continuation trigger
2026-08-10T14:25:22.928745,BSE,setup,no fresh breakout/continuation trigger
2026-08-10T14:25:22.928745,ETERNAL,setup,no fresh breakout/continuation trigger
2026-08-10T14:25:22.928745,AXISBANK,setup,no fresh breakout/continuation trigger
2026-08-10T14:25:22.928745,TCS,setup,no fresh breakout/continuation trigger
2026-08-10T14:25:22.928745,M&M,setup,no fresh breakout/continuation trigger
2026-08-10T14:25:22.928745,LT,setup,no fresh breakout/continuation trigger
2026-08-10T14:25:22.928745,SWIGGY,setup,no fresh breakout/continuation trigger
2026-08-10T14:25:22.928745,SHRIRAMFIN,setup,SL too wide (2.72 ATR)
2026-08-10T14:25:22.928745,PAYTM,setup,SL too wide (2.02 ATR)
2026-08-10T14:25:22.928745,TVSMOTOR,setup,no fresh breakout/continuation trigger
2026-08-10T14:25:22.928745,MARUTI,setup,no fresh breakout/continuation trigger
2026-08-10T14:25:22.928745,COFORGE,setup,no fresh breakout/continuation trigger
2026-08-10T14:25:22.928745,JIOFIN,setup,no fresh breakout/continuation trigger
2026-08-10T14:25:22.928745,BHEL,setup,no fresh breakout/continuation trigger
2026-08-10T14:25:22.928745,BAJAJ-AUTO,setup,no fresh breakout/continuation trigger
2026-08-10T14:25:22.928745,MCX,setup,no fresh breakout/continuation trigger
2026-08-10T14:25:22.928745,TECHM,setup,no fresh breakout/continuation trigger
2026-08-10T14:25:22.944557,ADANIPOWER,setup,no fresh breakout/continuation trigger
2026-08-10T14:25:22.944557,KAYNES,setup,no fresh breakout/continuation trigger
2026-08-10T14:25:22.944557,INDIGO,setup,no fresh breakout/continuation trigger
2026-08-10T14:25:22.944557,HINDALCO,setup,no fresh breakout/continuation trigger
2026-08-10T14:25:22.944557,KOTAKBANK,setup,no fresh breakout/continuation trigger
2026-08-10T14:25:22.944557,SUNPHARMA,setup,no fresh breakout/continuation trigger
2026-08-10T14:25:22.944557,OFSS,setup,no fresh breakout/continuation trigger
2026-08-10T14:25:22.944557,BEL,setup,no fresh breakout/continuation trigger
2026-08-10T14:25:22.944557,LICI,setup,no fresh breakout/continuation trigger
2026-08-10T14:25:22.944557,DIVISLAB,setup,no fresh breakout/continuation trigger
2026-08-10T14:25:22.944557,HCLTECH,setup,no fresh breakout/continuation trigger
2026-08-10T14:25:22.944557,GVT&D,setup,no fresh breakout/continuation trigger
2026-08-10T14:25:22.944557,POWERINDIA,setup,SL too wide (2.14 ATR)
2026-08-10T14:25:22.944557,ITC,setup,no fresh breakout/continuation trigger
2026-08-10T14:25:22.944557,DIXON,option,no eligible option contracts
2026-08-10T14:26:23.429565,HDFCBANK,setup,no fresh breakout/continuation trigger
2026-08-10T14:26:23.429565,KALYANKJIL,setup,no fresh breakout/continuation trigger
2026-08-10T14:26:23.445654,ICICIBANK,setup,no fresh breakout/continuation trigger
2026-08-10T14:26:23.445654,RELIANCE,setup,no fresh breakout/continuation trigger
2026-08-10T14:26:23.445654,INFY,setup,no fresh breakout/continuation trigger
2026-08-10T14:26:23.445654,SBIN,setup,no fresh breakout/continuation trigger
2026-08-10T14:26:23.445654,BAJFINANCE,setup,no fresh breakout/continuation trigger
2026-08-10T14:26:23.445654,BHARTIARTL,setup,no fresh breakout/continuation trigger
2026-08-10T14:26:23.445654,BSE,setup,no fresh breakout/continuation trigger
2026-08-10T14:26:23.445654,ETERNAL,setup,no fresh breakout/continuation trigger
2026-08-10T14:26:23.445654,AXISBANK,setup,no fresh breakout/continuation trigger
2026-08-10T14:26:23.445654,TCS,setup,no fresh breakout/continuation trigger
2026-08-10T14:26:23.445654,M&M,setup,no fresh breakout/continuation trigger
2026-08-10T14:26:23.445654,LT,setup,no fresh breakout/continuation trigger
2026-08-10T14:26:23.445654,SWIGGY,setup,no fresh breakout/continuation trigger
2026-08-10T14:26:23.445654,SHRIRAMFIN,setup,SL too wide (2.72 ATR)
2026-08-10T14:26:23.445654,PAYTM,setup,SL too wide (2.02 ATR)
2026-08-10T14:26:23.445654,TVSMOTOR,setup,no fresh breakout/continuation trigger
2026-08-10T14:26:23.445654,MARUTI,setup,no fresh breakout/continuation trigger
2026-08-10T14:26:23.445654,COFORGE,setup,no fresh breakout/continuation trigger
2026-08-10T14:26:23.445654,JIOFIN,setup,no fresh breakout/continuation trigger
2026-08-10T14:26:23.445654,BHEL,setup,no fresh breakout/continuation trigger
2026-08-10T14:26:23.445654,BAJAJ-AUTO,setup,no fresh breakout/continuation trigger
2026-08-10T14:26:23.445654,MCX,setup,no fresh breakout/continuation trigger
2026-08-10T14:26:23.461309,TECHM,setup,no fresh breakout/continuation trigger
2026-08-10T14:26:23.463835,ADANIPOWER,setup,no fresh breakout/continuation trigger
2026-08-10T14:26:23.464861,KAYNES,setup,no fresh breakout/continuation trigger
2026-08-10T14:26:23.466045,INDIGO,setup,no fresh breakout/continuation trigger
2026-08-10T14:26:23.466045,HINDALCO,setup,no fresh breakout/continuation trigger
2026-08-10T14:26:23.467069,KOTAKBANK,setup,no fresh breakout/continuation trigger
2026-08-10T14:26:23.468158,SUNPHARMA,setup,no fresh breakout/continuation trigger
2026-08-10T14:26:23.468158,OFSS,setup,no fresh breakout/continuation trigger
2026-08-10T14:26:23.469163,BEL,setup,no fresh breakout/continuation trigger
2026-08-10T14:26:23.469163,LICI,setup,no fresh breakout/continuation trigger
2026-08-10T14:26:23.470167,DIVISLAB,setup,no fresh breakout/continuation trigger
2026-08-10T14:26:23.471187,HCLTECH,setup,no fresh breakout/continuation trigger
2026-08-10T14:26:23.471187,GVT&D,setup,no fresh breakout/continuation trigger
2026-08-10T14:26:23.472193,POWERINDIA,setup,SL too wide (2.14 ATR)
2026-08-10T14:26:23.472193,ITC,setup,no fresh breakout/continuation trigger
2026-08-10T14:26:23.473311,DIXON,option,no eligible option contracts
2026-08-10T14:27:26.288076,HDFCBANK,setup,no fresh breakout/continuation trigger
2026-08-10T14:27:26.288076,KALYANKJIL,setup,no fresh breakout/continuation trigger
2026-08-10T14:27:26.288076,ICICIBANK,setup,no fresh breakout/continuation trigger
2026-08-10T14:27:26.288076,RELIANCE,setup,no fresh breakout/continuation trigger
2026-08-10T14:27:26.288076,INFY,setup,SL too wide (1.81 ATR)
2026-08-10T14:27:26.288076,SBIN,setup,no fresh breakout/continuation trigger
2026-08-10T14:27:26.288076,BAJFINANCE,setup,no fresh breakout/continuation trigger
2026-08-10T14:27:26.288076,BHARTIARTL,setup,no fresh breakout/continuation trigger
2026-08-10T14:27:26.288076,BSE,setup,no fresh breakout/continuation trigger
2026-08-10T14:27:26.288076,ETERNAL,setup,no fresh breakout/continuation trigger
2026-08-10T14:27:26.288076,AXISBANK,setup,no fresh breakout/continuation trigger
2026-08-10T14:27:26.288076,TCS,setup,no fresh breakout/continuation trigger
2026-08-10T14:27:26.288076,M&M,setup,no fresh breakout/continuation trigger
2026-08-10T14:27:26.288076,LT,setup,SL too wide (1.80 ATR)
2026-08-10T14:27:26.288076,SWIGGY,setup,no fresh breakout/continuation trigger
2026-08-10T14:27:26.288076,DIXON,setup,no fresh breakout/continuation trigger
2026-08-10T14:27:26.288076,SHRIRAMFIN,setup,no fresh breakout/continuation trigger
2026-08-10T14:27:26.303810,PAYTM,setup,no fresh breakout/continuation trigger
2026-08-10T14:27:26.303810,TVSMOTOR,setup,no fresh breakout/continuation trigger
2026-08-10T14:27:26.303810,MARUTI,setup,no fresh breakout/continuation trigger
2026-08-10T14:27:26.303810,COFORGE,setup,no fresh breakout/continuation trigger
2026-08-10T14:27:26.303810,JIOFIN,setup,no fresh breakout/continuation trigger
2026-08-10T14:27:26.303810,BHEL,setup,SL too wide (2.16 ATR)
2026-08-10T14:27:26.303810,BAJAJ-AUTO,setup,no fresh breakout/continuation trigger
2026-08-10T14:27:26.303810,MCX,setup,no fresh breakout/continuation trigger
2026-08-10T14:27:26.303810,TECHM,setup,no fresh breakout/continuation trigger
2026-08-10T14:27:26.303810,ADANIPOWER,setup,no fresh breakout/continuation trigger
2026-08-10T14:27:26.303810,KAYNES,setup,entry extended 0.63 ATR
2026-08-10T14:27:26.303810,INDIGO,setup,RVOL 0.18 below 1.0
2026-08-10T14:27:26.303810,HINDALCO,setup,no fresh breakout/continuation trigger
2026-08-10T14:27:26.303810,KOTAKBANK,setup,no fresh breakout/continuation trigger
2026-08-10T14:27:26.303810,SUNPHARMA,setup,no fresh breakout/continuation trigger
2026-08-10T14:27:26.303810,OFSS,setup,no fresh breakout/continuation trigger
2026-08-10T14:27:26.303810,BEL,setup,RVOL 0.29 below 1.0
2026-08-10T14:27:26.303810,LICI,setup,no fresh breakout/continuation trigger
2026-08-10T14:27:26.303810,DIVISLAB,setup,no fresh breakout/continuation trigger
2026-08-10T14:27:26.303810,HCLTECH,setup,no fresh breakout/continuation trigger
2026-08-10T14:27:26.303810,GVT&D,setup,no fresh breakout/continuation trigger
2026-08-10T14:27:26.303810,POWERINDIA,setup,no fresh breakout/continuation trigger
2026-08-10T14:27:26.303810,ITC,setup,no fresh breakout/continuation trigger
2026-08-10T14:28:26.822762,HDFCBANK,setup,no fresh breakout/continuation trigger
2026-08-10T14:28:26.822762,KALYANKJIL,setup,no fresh breakout/continuation trigger
2026-08-10T14:28:26.823768,ICICIBANK,setup,no fresh breakout/continuation trigger
2026-08-10T14:28:26.824773,RELIANCE,setup,no fresh breakout/continuation trigger
2026-08-10T14:28:26.825952,INFY,setup,SL too wide (1.81 ATR)
2026-08-10T14:28:26.825952,SBIN,setup,no fresh breakout/continuation trigger
2026-08-10T14:28:26.827326,BAJFINANCE,setup,no fresh breakout/continuation trigger
2026-08-10T14:28:26.827326,BHARTIARTL,setup,no fresh breakout/continuation trigger
2026-08-10T14:28:26.828762,BSE,setup,no fresh breakout/continuation trigger
2026-08-10T14:28:26.828762,ETERNAL,setup,no fresh breakout/continuation trigger
2026-08-10T14:28:26.830079,AXISBANK,setup,no fresh breakout/continuation trigger
2026-08-10T14:28:26.830079,TCS,setup,no fresh breakout/continuation trigger
2026-08-10T14:28:26.831122,M&M,setup,no fresh breakout/continuation trigger
2026-08-10T14:28:26.831122,LT,setup,SL too wide (1.80 ATR)
2026-08-10T14:28:26.832126,SWIGGY,setup,no fresh breakout/continuation trigger
2026-08-10T14:28:26.833203,DIXON,setup,no fresh breakout/continuation trigger
2026-08-10T14:28:26.833203,SHRIRAMFIN,setup,no fresh breakout/continuation trigger
2026-08-10T14:28:26.834294,PAYTM,setup,no fresh breakout/continuation trigger
2026-08-10T14:28:26.834294,TVSMOTOR,setup,no fresh breakout/continuation trigger
2026-08-10T14:28:26.835321,MARUTI,setup,no fresh breakout/continuation trigger
2026-08-10T14:28:26.835321,COFORGE,setup,no fresh breakout/continuation trigger
2026-08-10T14:28:26.836416,JIOFIN,setup,no fresh breakout/continuation trigger
2026-08-10T14:28:26.836416,BHEL,setup,SL too wide (2.16 ATR)
2026-08-10T14:28:26.837820,BAJAJ-AUTO,setup,no fresh breakout/continuation trigger
2026-08-10T14:28:26.837820,MCX,setup,no fresh breakout/continuation trigger
2026-08-10T14:28:26.838928,TECHM,setup,no fresh breakout/continuation trigger
2026-08-10T14:28:26.838928,ADANIPOWER,setup,no fresh breakout/continuation trigger
2026-08-10T14:28:26.839987,KAYNES,setup,entry extended 0.63 ATR
2026-08-10T14:28:26.839987,INDIGO,setup,RVOL 0.18 below 1.0
2026-08-10T14:28:26.839987,HINDALCO,setup,no fresh breakout/continuation trigger
2026-08-10T14:28:26.841408,KOTAKBANK,setup,no fresh breakout/continuation trigger
2026-08-10T14:28:26.842466,SUNPHARMA,setup,no fresh breakout/continuation trigger
2026-08-10T14:28:26.842466,OFSS,setup,no fresh breakout/continuation trigger
2026-08-10T14:28:26.843656,BEL,setup,RVOL 0.29 below 1.0
2026-08-10T14:28:26.843656,LICI,setup,no fresh breakout/continuation trigger
2026-08-10T14:28:26.843656,DIVISLAB,setup,no fresh breakout/continuation trigger
2026-08-10T14:28:26.844764,HCLTECH,setup,no fresh breakout/continuation trigger
2026-08-10T14:28:26.844764,GVT&D,setup,no fresh breakout/continuation trigger
2026-08-10T14:28:26.846171,POWERINDIA,setup,no fresh breakout/continuation trigger
2026-08-10T14:28:26.846171,ITC,setup,no fresh breakout/continuation trigger
2026-08-10T14:29:27.304920,HDFCBANK,setup,no fresh breakout/continuation trigger
2026-08-10T14:29:27.304920,KALYANKJIL,setup,no fresh breakout/continuation trigger
2026-08-10T14:29:27.304920,ICICIBANK,setup,no fresh breakout/continuation trigger
2026-08-10T14:29:27.304920,RELIANCE,setup,no fresh breakout/continuation trigger
2026-08-10T14:29:27.304920,INFY,setup,SL too wide (1.81 ATR)
2026-08-10T14:29:27.304920,SBIN,setup,no fresh breakout/continuation trigger
2026-08-10T14:29:27.304920,BAJFINANCE,setup,no fresh breakout/continuation trigger
2026-08-10T14:29:27.304920,BHARTIARTL,setup,no fresh breakout/continuation trigger
2026-08-10T14:29:27.304920,BSE,setup,no fresh breakout/continuation trigger
2026-08-10T14:29:27.304920,ETERNAL,setup,no fresh breakout/continuation trigger
2026-08-10T14:29:27.304920,AXISBANK,setup,no fresh breakout/continuation trigger
2026-08-10T14:29:27.304920,TCS,setup,no fresh breakout/continuation trigger
2026-08-10T14:29:27.304920,M&M,setup,no fresh breakout/continuation trigger
2026-08-10T14:29:27.304920,LT,setup,SL too wide (1.80 ATR)
2026-08-10T14:29:27.320667,SWIGGY,setup,no fresh breakout/continuation trigger
2026-08-10T14:29:27.320667,DIXON,setup,no fresh breakout/continuation trigger
2026-08-10T14:29:27.320667,SHRIRAMFIN,setup,no fresh breakout/continuation trigger
2026-08-10T14:29:27.320667,PAYTM,setup,no fresh breakout/continuation trigger
2026-08-10T14:29:27.320667,TVSMOTOR,setup,no fresh breakout/continuation trigger
2026-08-10T14:29:27.320667,MARUTI,setup,no fresh breakout/continuation trigger
2026-08-10T14:29:27.320667,COFORGE,setup,no fresh breakout/continuation trigger
2026-08-10T14:29:27.320667,JIOFIN,setup,no fresh breakout/continuation trigger
2026-08-10T14:29:27.320667,BHEL,setup,SL too wide (2.16 ATR)
2026-08-10T14:29:27.320667,BAJAJ-AUTO,setup,no fresh breakout/continuation trigger
2026-08-10T14:29:27.320667,MCX,setup,no fresh breakout/continuation trigger
2026-08-10T14:29:27.320667,TECHM,setup,no fresh breakout/continuation trigger
2026-08-10T14:29:27.320667,ADANIPOWER,setup,no fresh breakout/continuation trigger
2026-08-10T14:29:27.320667,KAYNES,setup,entry extended 0.63 ATR
2026-08-10T14:29:27.320667,INDIGO,setup,RVOL 0.18 below 1.0
2026-08-10T14:29:27.320667,HINDALCO,setup,no fresh breakout/continuation trigger
2026-08-10T14:29:27.320667,KOTAKBANK,setup,no fresh breakout/continuation trigger
2026-08-10T14:29:27.320667,SUNPHARMA,setup,no fresh breakout/continuation trigger
2026-08-10T14:29:27.320667,OFSS,setup,no fresh breakout/continuation trigger
2026-08-10T14:29:27.320667,BEL,setup,RVOL 0.29 below 1.0
2026-08-10T14:29:27.320667,LICI,setup,no fresh breakout/continuation trigger
2026-08-10T14:29:27.320667,DIVISLAB,setup,no fresh breakout/continuation trigger
2026-08-10T14:29:27.320667,HCLTECH,setup,no fresh breakout/continuation trigger
2026-08-10T14:29:27.320667,GVT&D,setup,no fresh breakout/continuation trigger
2026-08-10T14:29:27.320667,POWERINDIA,setup,no fresh breakout/continuation trigger
2026-08-10T14:29:27.320667,ITC,setup,no fresh breakout/continuation trigger
2026-08-10T14:30:27.797517,HDFCBANK,setup,no fresh breakout/continuation trigger
2026-08-10T14:30:27.797517,KALYANKJIL,setup,no fresh breakout/continuation trigger
2026-08-10T14:30:27.798521,ICICIBANK,setup,no fresh breakout/continuation trigger
2026-08-10T14:30:27.799621,RELIANCE,setup,no fresh breakout/continuation trigger
2026-08-10T14:30:27.800624,INFY,setup,SL too wide (1.81 ATR)
2026-08-10T14:30:27.800624,SBIN,setup,no fresh breakout/continuation trigger
2026-08-10T14:30:27.801808,BAJFINANCE,setup,no fresh breakout/continuation trigger
2026-08-10T14:30:27.801808,BHARTIARTL,setup,no fresh breakout/continuation trigger
2026-08-10T14:30:27.802814,BSE,setup,no fresh breakout/continuation trigger
2026-08-10T14:30:27.802814,ETERNAL,setup,no fresh breakout/continuation trigger
2026-08-10T14:30:27.804224,AXISBANK,setup,no fresh breakout/continuation trigger
2026-08-10T14:30:27.804224,TCS,setup,no fresh breakout/continuation trigger
2026-08-10T14:30:27.805447,M&M,setup,no fresh breakout/continuation trigger
2026-08-10T14:30:27.806515,LT,setup,SL too wide (1.80 ATR)
2026-08-10T14:30:27.807520,SWIGGY,setup,no fresh breakout/continuation trigger
2026-08-10T14:30:27.808525,DIXON,setup,no fresh breakout/continuation trigger
2026-08-10T14:30:27.808525,SHRIRAMFIN,setup,no fresh breakout/continuation trigger
2026-08-10T14:30:27.809849,PAYTM,setup,no fresh breakout/continuation trigger
2026-08-10T14:30:27.809849,TVSMOTOR,setup,no fresh breakout/continuation trigger
2026-08-10T14:30:27.811138,MARUTI,setup,no fresh breakout/continuation trigger
2026-08-10T14:30:27.811138,COFORGE,setup,no fresh breakout/continuation trigger
2026-08-10T14:30:27.812157,JIOFIN,setup,no fresh breakout/continuation trigger
2026-08-10T14:30:27.813169,BHEL,setup,SL too wide (2.16 ATR)
2026-08-10T14:30:27.813169,BAJAJ-AUTO,setup,no fresh breakout/continuation trigger
2026-08-10T14:30:27.814175,MCX,setup,no fresh breakout/continuation trigger
2026-08-10T14:30:27.815181,TECHM,setup,no fresh breakout/continuation trigger
2026-08-10T14:30:27.815181,ADANIPOWER,setup,no fresh breakout/continuation trigger
2026-08-10T14:30:27.816208,KAYNES,setup,entry extended 0.63 ATR
2026-08-10T14:30:27.816208,INDIGO,setup,RVOL 0.18 below 1.0
2026-08-10T14:30:27.817215,HINDALCO,setup,no fresh breakout/continuation trigger
2026-08-10T14:30:27.817215,KOTAKBANK,setup,no fresh breakout/continuation trigger
2026-08-10T14:30:27.818709,SUNPHARMA,setup,no fresh breakout/continuation trigger
2026-08-10T14:30:27.818709,OFSS,setup,no fresh breakout/continuation trigger
2026-08-10T14:30:27.819712,BEL,setup,RVOL 0.29 below 1.0
2026-08-10T14:30:27.819712,LICI,setup,no fresh breakout/continuation trigger
2026-08-10T14:30:27.820857,DIVISLAB,setup,no fresh breakout/continuation trigger
2026-08-10T14:30:27.821909,HCLTECH,setup,no fresh breakout/continuation trigger
2026-08-10T14:30:27.821909,GVT&D,setup,no fresh breakout/continuation trigger
2026-08-10T14:30:27.822924,POWERINDIA,setup,no fresh breakout/continuation trigger
2026-08-10T14:30:27.823924,ITC,setup,no fresh breakout/continuation trigger
2026-08-10T14:31:28.282418,HDFCBANK,setup,no fresh breakout/continuation trigger
2026-08-10T14:31:28.282418,KALYANKJIL,setup,no fresh breakout/continuation trigger
2026-08-10T14:31:28.282418,ICICIBANK,setup,no fresh breakout/continuation trigger
2026-08-10T14:31:28.282418,RELIANCE,setup,no fresh breakout/continuation trigger
2026-08-10T14:31:28.282418,INFY,setup,SL too wide (1.81 ATR)
2026-08-10T14:31:28.282418,SBIN,setup,no fresh breakout/continuation trigger
2026-08-10T14:31:28.282418,BAJFINANCE,setup,no fresh breakout/continuation trigger
2026-08-10T14:31:28.282418,BHARTIARTL,setup,no fresh breakout/continuation trigger
2026-08-10T14:31:28.282418,BSE,setup,no fresh breakout/continuation trigger
2026-08-10T14:31:28.298423,ETERNAL,setup,no fresh breakout/continuation trigger
2026-08-10T14:31:28.298423,AXISBANK,setup,no fresh breakout/continuation trigger
2026-08-10T14:31:28.298423,TCS,setup,no fresh breakout/continuation trigger
2026-08-10T14:31:28.298423,M&M,setup,no fresh breakout/continuation trigger
2026-08-10T14:31:28.298423,LT,setup,SL too wide (1.80 ATR)
2026-08-10T14:31:28.298423,SWIGGY,setup,no fresh breakout/continuation trigger
2026-08-10T14:31:28.298423,DIXON,setup,no fresh breakout/continuation trigger
2026-08-10T14:31:28.298423,SHRIRAMFIN,setup,no fresh breakout/continuation trigger
2026-08-10T14:31:28.298423,PAYTM,setup,no fresh breakout/continuation trigger
2026-08-10T14:31:28.298423,TVSMOTOR,setup,no fresh breakout/continuation trigger
2026-08-10T14:31:28.298423,MARUTI,setup,no fresh breakout/continuation trigger
2026-08-10T14:31:28.298423,COFORGE,setup,no fresh breakout/continuation trigger
2026-08-10T14:31:28.298423,JIOFIN,setup,no fresh breakout/continuation trigger
2026-08-10T14:31:28.298423,BHEL,setup,SL too wide (2.16 ATR)
2026-08-10T14:31:28.298423,BAJAJ-AUTO,setup,no fresh breakout/continuation trigger
2026-08-10T14:31:28.298423,MCX,setup,no fresh breakout/continuation trigger
2026-08-10T14:31:28.298423,TECHM,setup,no fresh breakout/continuation trigger
2026-08-10T14:31:28.298423,ADANIPOWER,setup,no fresh breakout/continuation trigger
2026-08-10T14:31:28.298423,KAYNES,setup,entry extended 0.63 ATR
2026-08-10T14:31:28.298423,INDIGO,setup,RVOL 0.18 below 1.0
2026-08-10T14:31:28.298423,HINDALCO,setup,no fresh breakout/continuation trigger
2026-08-10T14:31:28.298423,KOTAKBANK,setup,no fresh breakout/continuation trigger
2026-08-10T14:31:28.298423,SUNPHARMA,setup,no fresh breakout/continuation trigger
2026-08-10T14:31:28.298423,OFSS,setup,no fresh breakout/continuation trigger
2026-08-10T14:31:28.298423,BEL,setup,RVOL 0.29 below 1.0
2026-08-10T14:31:28.298423,LICI,setup,no fresh breakout/continuation trigger
2026-08-10T14:31:28.298423,DIVISLAB,setup,no fresh breakout/continuation trigger
2026-08-10T14:31:28.298423,HCLTECH,setup,no fresh breakout/continuation trigger
2026-08-10T14:31:28.314055,GVT&D,setup,no fresh breakout/continuation trigger
2026-08-10T14:31:28.314055,POWERINDIA,setup,no fresh breakout/continuation trigger
2026-08-10T14:31:28.314055,ITC,setup,no fresh breakout/continuation trigger
2026-08-10T14:32:31.132127,HDFCBANK,setup,no fresh breakout/continuation trigger
2026-08-10T14:32:31.132127,KALYANKJIL,setup,no fresh breakout/continuation trigger
2026-08-10T14:32:31.132127,ICICIBANK,setup,no fresh breakout/continuation trigger
2026-08-10T14:32:31.132127,RELIANCE,setup,no fresh breakout/continuation trigger
2026-08-10T14:32:31.132127,INFY,setup,no fresh breakout/continuation trigger
2026-08-10T14:32:31.132127,SBIN,setup,no fresh breakout/continuation trigger
2026-08-10T14:32:31.132127,BAJFINANCE,setup,no fresh breakout/continuation trigger
2026-08-10T14:32:31.132127,BHARTIARTL,setup,no fresh breakout/continuation trigger
2026-08-10T14:32:31.132127,BSE,setup,no fresh breakout/continuation trigger
2026-08-10T14:32:31.132127,ETERNAL,setup,entry extended 0.55 ATR
2026-08-10T14:32:31.132127,AXISBANK,setup,no fresh breakout/continuation trigger
2026-08-10T14:32:31.132127,TCS,setup,no fresh breakout/continuation trigger
2026-08-10T14:32:31.147900,M&M,setup,no fresh breakout/continuation trigger
2026-08-10T14:32:31.147900,LT,setup,no fresh breakout/continuation trigger
2026-08-10T14:32:31.147900,SWIGGY,setup,SL too wide (1.52 ATR)
2026-08-10T14:32:31.147900,DIXON,setup,no fresh breakout/continuation trigger
2026-08-10T14:32:31.147900,SHRIRAMFIN,setup,no fresh breakout/continuation trigger
2026-08-10T14:32:31.147900,PAYTM,setup,no fresh breakout/continuation trigger
2026-08-10T14:32:31.147900,TVSMOTOR,setup,no fresh breakout/continuation trigger
2026-08-10T14:32:31.147900,MARUTI,setup,no fresh breakout/continuation trigger
2026-08-10T14:32:31.147900,COFORGE,setup,no fresh breakout/continuation trigger
2026-08-10T14:32:31.147900,JIOFIN,setup,no fresh breakout/continuation trigger
2026-08-10T14:32:31.147900,BHEL,setup,no fresh breakout/continuation trigger
2026-08-10T14:32:31.147900,BAJAJ-AUTO,setup,no fresh breakout/continuation trigger
2026-08-10T14:32:31.147900,MCX,setup,no fresh breakout/continuation trigger
2026-08-10T14:32:31.147900,TECHM,setup,no fresh breakout/continuation trigger
2026-08-10T14:32:31.147900,ADANIPOWER,setup,no fresh breakout/continuation trigger
2026-08-10T14:32:31.147900,KAYNES,setup,no fresh breakout/continuation trigger
2026-08-10T14:32:31.147900,INDIGO,setup,no fresh breakout/continuation trigger
2026-08-10T14:32:31.147900,HINDALCO,setup,no fresh breakout/continuation trigger
2026-08-10T14:32:31.147900,KOTAKBANK,setup,no fresh breakout/continuation trigger
2026-08-10T14:32:31.147900,SUNPHARMA,setup,no fresh breakout/continuation trigger
2026-08-10T14:32:31.147900,OFSS,setup,no fresh breakout/continuation trigger
2026-08-10T14:32:31.147900,BEL,setup,no fresh breakout/continuation trigger
2026-08-10T14:32:31.147900,LICI,setup,no fresh breakout/continuation trigger
2026-08-10T14:32:31.147900,DIVISLAB,setup,no fresh breakout/continuation trigger
2026-08-10T14:32:31.147900,HCLTECH,setup,no fresh breakout/continuation trigger
2026-08-10T14:32:31.147900,GVT&D,setup,SL too wide (1.81 ATR)
2026-08-10T14:32:31.147900,POWERINDIA,setup,no fresh breakout/continuation trigger
2026-08-10T14:32:31.147900,ITC,setup,no fresh breakout/continuation trigger
2026-08-10T14:33:31.635428,HDFCBANK,setup,no fresh breakout/continuation trigger
2026-08-10T14:33:31.637430,KALYANKJIL,setup,no fresh breakout/continuation trigger
2026-08-10T14:33:31.637430,ICICIBANK,setup,no fresh breakout/continuation trigger
2026-08-10T14:33:31.637430,RELIANCE,setup,no fresh breakout/continuation trigger
2026-08-10T14:33:31.637430,INFY,setup,no fresh breakout/continuation trigger
2026-08-10T14:33:31.637430,SBIN,setup,no fresh breakout/continuation trigger
2026-08-10T14:33:31.637430,BAJFINANCE,setup,no fresh breakout/continuation trigger
2026-08-10T14:33:31.637430,BHARTIARTL,setup,no fresh breakout/continuation trigger
2026-08-10T14:33:31.637430,BSE,setup,no fresh breakout/continuation trigger
2026-08-10T14:33:31.637430,ETERNAL,setup,entry extended 0.55 ATR
2026-08-10T14:33:31.637430,AXISBANK,setup,no fresh breakout/continuation trigger
2026-08-10T14:33:31.637430,TCS,setup,no fresh breakout/continuation trigger
2026-08-10T14:33:31.637430,M&M,setup,no fresh breakout/continuation trigger
2026-08-10T14:33:31.637430,LT,setup,no fresh breakout/continuation trigger
2026-08-10T14:33:31.637430,SWIGGY,setup,SL too wide (1.52 ATR)
2026-08-10T14:33:31.637430,DIXON,setup,no fresh breakout/continuation trigger
2026-08-10T14:33:31.648141,SHRIRAMFIN,setup,no fresh breakout/continuation trigger
2026-08-10T14:33:31.648141,PAYTM,setup,no fresh breakout/continuation trigger
2026-08-10T14:33:31.648141,TVSMOTOR,setup,no fresh breakout/continuation trigger
2026-08-10T14:33:31.648141,MARUTI,setup,no fresh breakout/continuation trigger
2026-08-10T14:33:31.648141,COFORGE,setup,no fresh breakout/continuation trigger
2026-08-10T14:33:31.648141,JIOFIN,setup,no fresh breakout/continuation trigger
2026-08-10T14:33:31.648141,BHEL,setup,no fresh breakout/continuation trigger
2026-08-10T14:33:31.648141,BAJAJ-AUTO,setup,no fresh breakout/continuation trigger
2026-08-10T14:33:31.648141,MCX,setup,no fresh breakout/continuation trigger
2026-08-10T14:33:31.648141,TECHM,setup,no fresh breakout/continuation trigger
2026-08-10T14:33:31.648141,ADANIPOWER,setup,no fresh breakout/continuation trigger
2026-08-10T14:33:31.648141,KAYNES,setup,no fresh breakout/continuation trigger
2026-08-10T14:33:31.648141,INDIGO,setup,no fresh breakout/continuation trigger
2026-08-10T14:33:31.648141,HINDALCO,setup,no fresh breakout/continuation trigger
2026-08-10T14:33:31.648141,KOTAKBANK,setup,no fresh breakout/continuation trigger
2026-08-10T14:33:31.648141,SUNPHARMA,setup,no fresh breakout/continuation trigger
2026-08-10T14:33:31.648141,OFSS,setup,no fresh breakout/continuation trigger
2026-08-10T14:33:31.648141,BEL,setup,no fresh breakout/continuation trigger
2026-08-10T14:33:31.648141,LICI,setup,no fresh breakout/continuation trigger
2026-08-10T14:33:31.648141,DIVISLAB,setup,no fresh breakout/continuation trigger
2026-08-10T14:33:31.648141,HCLTECH,setup,no fresh breakout/continuation trigger
2026-08-10T14:33:31.648141,GVT&D,setup,SL too wide (1.81 ATR)
2026-08-10T14:33:31.648141,POWERINDIA,setup,no fresh breakout/continuation trigger
2026-08-10T14:33:31.648141,ITC,setup,no fresh breakout/continuation trigger
2026-08-10T14:34:32.126689,HDFCBANK,setup,no fresh breakout/continuation trigger
2026-08-10T14:34:32.126689,KALYANKJIL,setup,no fresh breakout/continuation trigger
2026-08-10T14:34:32.126689,ICICIBANK,setup,no fresh breakout/continuation trigger
2026-08-10T14:34:32.126689,RELIANCE,setup,no fresh breakout/continuation trigger
2026-08-10T14:34:32.126689,INFY,setup,no fresh breakout/continuation trigger
2026-08-10T14:34:32.126689,SBIN,setup,no fresh breakout/continuation trigger
2026-08-10T14:34:32.126689,BAJFINANCE,setup,no fresh breakout/continuation trigger
2026-08-10T14:34:32.126689,BHARTIARTL,setup,no fresh breakout/continuation trigger
2026-08-10T14:34:32.126689,BSE,setup,no fresh breakout/continuation trigger
2026-08-10T14:34:32.126689,ETERNAL,setup,entry extended 0.55 ATR
2026-08-10T14:34:32.126689,AXISBANK,setup,no fresh breakout/continuation trigger
2026-08-10T14:34:32.126689,TCS,setup,no fresh breakout/continuation trigger
2026-08-10T14:34:32.126689,M&M,setup,no fresh breakout/continuation trigger
2026-08-10T14:34:32.126689,LT,setup,no fresh breakout/continuation trigger
2026-08-10T14:34:32.126689,SWIGGY,setup,SL too wide (1.52 ATR)
2026-08-10T14:34:32.142730,DIXON,setup,no fresh breakout/continuation trigger
2026-08-10T14:34:32.142730,SHRIRAMFIN,setup,no fresh breakout/continuation trigger
2026-08-10T14:34:32.142730,PAYTM,setup,no fresh breakout/continuation trigger
2026-08-10T14:34:32.146245,TVSMOTOR,setup,no fresh breakout/continuation trigger
2026-08-10T14:34:32.146245,MARUTI,setup,no fresh breakout/continuation trigger
2026-08-10T14:34:32.146245,COFORGE,setup,no fresh breakout/continuation trigger
2026-08-10T14:34:32.146245,JIOFIN,setup,no fresh breakout/continuation trigger
2026-08-10T14:34:32.146245,BHEL,setup,no fresh breakout/continuation trigger
2026-08-10T14:34:32.146245,BAJAJ-AUTO,setup,no fresh breakout/continuation trigger
2026-08-10T14:34:32.146245,MCX,setup,no fresh breakout/continuation trigger
2026-08-10T14:34:32.146245,TECHM,setup,no fresh breakout/continuation trigger
2026-08-10T14:34:32.146245,ADANIPOWER,setup,no fresh breakout/continuation trigger
2026-08-10T14:34:32.146245,KAYNES,setup,no fresh breakout/continuation trigger
2026-08-10T14:34:32.146245,INDIGO,setup,no fresh breakout/continuation trigger
2026-08-10T14:34:32.146245,HINDALCO,setup,no fresh breakout/continuation trigger
2026-08-10T14:34:32.146245,KOTAKBANK,setup,no fresh breakout/continuation trigger
2026-08-10T14:34:32.154351,SUNPHARMA,setup,no fresh breakout/continuation trigger
2026-08-10T14:34:32.154351,OFSS,setup,no fresh breakout/continuation trigger
2026-08-10T14:34:32.154351,BEL,setup,no fresh breakout/continuation trigger
2026-08-10T14:34:32.154351,LICI,setup,no fresh breakout/continuation trigger
2026-08-10T14:34:32.154351,DIVISLAB,setup,no fresh breakout/continuation trigger
2026-08-10T14:34:32.154351,HCLTECH,setup,no fresh breakout/continuation trigger
2026-08-10T14:34:32.154351,GVT&D,setup,SL too wide (1.81 ATR)
2026-08-10T14:34:32.154351,POWERINDIA,setup,no fresh breakout/continuation trigger
2026-08-10T14:34:32.158618,ITC,setup,no fresh breakout/continuation trigger
2026-08-10T14:35:32.632591,HDFCBANK,setup,no fresh breakout/continuation trigger
2026-08-10T14:35:32.632591,KALYANKJIL,setup,no fresh breakout/continuation trigger
2026-08-10T14:35:32.632591,ICICIBANK,setup,no fresh breakout/continuation trigger
2026-08-10T14:35:32.632591,RELIANCE,setup,no fresh breakout/continuation trigger
2026-08-10T14:35:32.632591,INFY,setup,no fresh breakout/continuation trigger
2026-08-10T14:35:32.632591,SBIN,setup,no fresh breakout/continuation trigger
2026-08-10T14:35:32.632591,BAJFINANCE,setup,no fresh breakout/continuation trigger
2026-08-10T14:35:32.632591,BHARTIARTL,setup,no fresh breakout/continuation trigger
2026-08-10T14:35:32.632591,BSE,setup,no fresh breakout/continuation trigger
2026-08-10T14:35:32.632591,ETERNAL,setup,entry extended 0.55 ATR
2026-08-10T14:35:32.632591,AXISBANK,setup,no fresh breakout/continuation trigger
2026-08-10T14:35:32.632591,TCS,setup,no fresh breakout/continuation trigger
2026-08-10T14:35:32.632591,M&M,setup,no fresh breakout/continuation trigger
2026-08-10T14:35:32.632591,LT,setup,no fresh breakout/continuation trigger
2026-08-10T14:35:32.632591,SWIGGY,setup,SL too wide (1.52 ATR)
2026-08-10T14:35:32.632591,DIXON,setup,no fresh breakout/continuation trigger
2026-08-10T14:35:32.648392,SHRIRAMFIN,setup,no fresh breakout/continuation trigger
2026-08-10T14:35:32.649705,PAYTM,setup,no fresh breakout/continuation trigger
2026-08-10T14:35:32.649705,TVSMOTOR,setup,no fresh breakout/continuation trigger
2026-08-10T14:35:32.650709,MARUTI,setup,no fresh breakout/continuation trigger
2026-08-10T14:35:32.650709,COFORGE,setup,no fresh breakout/continuation trigger
2026-08-10T14:35:32.651949,JIOFIN,setup,no fresh breakout/continuation trigger
2026-08-10T14:35:32.651949,BHEL,setup,no fresh breakout/continuation trigger
2026-08-10T14:35:32.652953,BAJAJ-AUTO,setup,no fresh breakout/continuation trigger
2026-08-10T14:35:32.653976,MCX,setup,no fresh breakout/continuation trigger
2026-08-10T14:35:32.653976,TECHM,setup,no fresh breakout/continuation trigger
2026-08-10T14:35:32.654981,ADANIPOWER,setup,no fresh breakout/continuation trigger
2026-08-10T14:35:32.654981,KAYNES,setup,no fresh breakout/continuation trigger
2026-08-10T14:35:32.656081,INDIGO,setup,no fresh breakout/continuation trigger
2026-08-10T14:35:32.656081,HINDALCO,setup,no fresh breakout/continuation trigger
2026-08-10T14:35:32.657100,KOTAKBANK,setup,no fresh breakout/continuation trigger
2026-08-10T14:35:32.657100,SUNPHARMA,setup,no fresh breakout/continuation trigger
2026-08-10T14:35:32.658102,OFSS,setup,no fresh breakout/continuation trigger
2026-08-10T14:35:32.658102,BEL,setup,no fresh breakout/continuation trigger
2026-08-10T14:35:32.659586,LICI,setup,no fresh breakout/continuation trigger
2026-08-10T14:35:32.659586,DIVISLAB,setup,no fresh breakout/continuation trigger
2026-08-10T14:35:32.659586,HCLTECH,setup,no fresh breakout/continuation trigger
2026-08-10T14:35:32.660645,GVT&D,setup,SL too wide (1.81 ATR)
2026-08-10T14:35:32.660645,POWERINDIA,setup,no fresh breakout/continuation trigger
2026-08-10T14:35:32.661650,ITC,setup,no fresh breakout/continuation trigger
2026-08-10T14:36:33.132781,HDFCBANK,setup,no fresh breakout/continuation trigger
2026-08-10T14:36:33.132781,KALYANKJIL,setup,no fresh breakout/continuation trigger
2026-08-10T14:36:33.132781,ICICIBANK,setup,no fresh breakout/continuation trigger
2026-08-10T14:36:33.132781,RELIANCE,setup,no fresh breakout/continuation trigger
2026-08-10T14:36:33.132781,INFY,setup,no fresh breakout/continuation trigger
2026-08-10T14:36:33.132781,SBIN,setup,no fresh breakout/continuation trigger
2026-08-10T14:36:33.132781,BAJFINANCE,setup,no fresh breakout/continuation trigger
2026-08-10T14:36:33.132781,BHARTIARTL,setup,no fresh breakout/continuation trigger
2026-08-10T14:36:33.132781,BSE,setup,no fresh breakout/continuation trigger
2026-08-10T14:36:33.132781,ETERNAL,setup,entry extended 0.55 ATR
2026-08-10T14:36:33.132781,AXISBANK,setup,no fresh breakout/continuation trigger
2026-08-10T14:36:33.132781,TCS,setup,no fresh breakout/continuation trigger
2026-08-10T14:36:33.132781,M&M,setup,no fresh breakout/continuation trigger
2026-08-10T14:36:33.148693,LT,setup,no fresh breakout/continuation trigger
2026-08-10T14:36:33.148693,SWIGGY,setup,SL too wide (1.52 ATR)
2026-08-10T14:36:33.148693,DIXON,setup,no fresh breakout/continuation trigger
2026-08-10T14:36:33.148693,SHRIRAMFIN,setup,no fresh breakout/continuation trigger
2026-08-10T14:36:33.148693,PAYTM,setup,no fresh breakout/continuation trigger
2026-08-10T14:36:33.148693,TVSMOTOR,setup,no fresh breakout/continuation trigger
2026-08-10T14:36:33.148693,MARUTI,setup,no fresh breakout/continuation trigger
2026-08-10T14:36:33.148693,COFORGE,setup,no fresh breakout/continuation trigger
2026-08-10T14:36:33.148693,JIOFIN,setup,no fresh breakout/continuation trigger
2026-08-10T14:36:33.148693,BHEL,setup,no fresh breakout/continuation trigger
2026-08-10T14:36:33.148693,BAJAJ-AUTO,setup,no fresh breakout/continuation trigger
2026-08-10T14:36:33.148693,MCX,setup,no fresh breakout/continuation trigger
2026-08-10T14:36:33.148693,TECHM,setup,no fresh breakout/continuation trigger
2026-08-10T14:36:33.148693,ADANIPOWER,setup,no fresh breakout/continuation trigger
2026-08-10T14:36:33.148693,KAYNES,setup,no fresh breakout/continuation trigger
2026-08-10T14:36:33.148693,INDIGO,setup,no fresh breakout/continuation trigger
2026-08-10T14:36:33.148693,HINDALCO,setup,no fresh breakout/continuation trigger
2026-08-10T14:36:33.148693,KOTAKBANK,setup,no fresh breakout/continuation trigger
2026-08-10T14:36:33.148693,SUNPHARMA,setup,no fresh breakout/continuation trigger
2026-08-10T14:36:33.148693,OFSS,setup,no fresh breakout/continuation trigger
2026-08-10T14:36:33.148693,BEL,setup,no fresh breakout/continuation trigger
2026-08-10T14:36:33.148693,LICI,setup,no fresh breakout/continuation trigger
2026-08-10T14:36:33.148693,DIVISLAB,setup,no fresh breakout/continuation trigger
2026-08-10T14:36:33.148693,HCLTECH,setup,no fresh breakout/continuation trigger
2026-08-10T14:36:33.148693,GVT&D,setup,SL too wide (1.81 ATR)
2026-08-10T14:36:33.148693,POWERINDIA,setup,no fresh breakout/continuation trigger
2026-08-10T14:36:33.148693,ITC,setup,no fresh breakout/continuation trigger
2026-08-10T14:38:53.899338,HDFCBANK,setup,RVOL 0.49 below 1.0
2026-08-10T14:38:53.899338,KALYANKJIL,setup,no fresh breakout/continuation trigger
2026-08-10T14:38:53.899338,ICICIBANK,setup,no fresh breakout/continuation trigger
2026-08-10T14:38:53.899338,RELIANCE,setup,no fresh breakout/continuation trigger
2026-08-10T14:38:53.899338,INFY,setup,no fresh breakout/continuation trigger
2026-08-10T14:38:53.899338,SBIN,setup,no fresh breakout/continuation trigger
2026-08-10T14:38:53.899338,BAJFINANCE,setup,no fresh breakout/continuation trigger
2026-08-10T14:38:53.899338,BHARTIARTL,setup,no fresh breakout/continuation trigger
2026-08-10T14:38:53.899338,BSE,setup,no fresh breakout/continuation trigger
2026-08-10T14:38:53.899338,ETERNAL,setup,no fresh breakout/continuation trigger
2026-08-10T14:38:53.899338,AXISBANK,setup,no fresh breakout/continuation trigger
2026-08-10T14:38:53.899338,TCS,setup,no fresh breakout/continuation trigger
2026-08-10T14:38:53.899338,M&M,setup,no fresh breakout/continuation trigger
2026-08-10T14:38:53.899338,LT,setup,no fresh breakout/continuation trigger
2026-08-10T14:38:53.899338,SWIGGY,setup,no fresh breakout/continuation trigger
2026-08-10T14:38:53.899338,DIXON,setup,no fresh breakout/continuation trigger
2026-08-10T14:38:53.899338,SHRIRAMFIN,setup,no fresh breakout/continuation trigger
2026-08-10T14:38:53.899338,PAYTM,setup,no fresh breakout/continuation trigger
2026-08-10T14:38:53.915128,TVSMOTOR,setup,no fresh breakout/continuation trigger
2026-08-10T14:38:53.915128,MARUTI,setup,no fresh breakout/continuation trigger
2026-08-10T14:38:53.915128,COFORGE,setup,no fresh breakout/continuation trigger
2026-08-10T14:38:53.915128,JIOFIN,setup,no fresh breakout/continuation trigger
2026-08-10T14:38:53.915128,BHEL,setup,no fresh breakout/continuation trigger
2026-08-10T14:38:53.915128,BAJAJ-AUTO,setup,no fresh breakout/continuation trigger
2026-08-10T14:38:53.915128,MCX,setup,no fresh breakout/continuation trigger
2026-08-10T14:38:53.915128,TECHM,setup,no fresh breakout/continuation trigger
2026-08-10T14:38:53.915128,KAYNES,setup,SL too wide (3.05 ATR)
2026-08-10T14:38:53.915128,ADANIPOWER,setup,no fresh breakout/continuation trigger
2026-08-10T14:38:53.915128,INDIGO,setup,no fresh breakout/continuation trigger
2026-08-10T14:38:53.915128,HINDALCO,setup,no fresh breakout/continuation trigger
2026-08-10T14:38:53.915128,KOTAKBANK,setup,RVOL 0.53 below 1.0
2026-08-10T14:38:53.915128,SUNPHARMA,setup,no fresh breakout/continuation trigger
2026-08-10T14:38:53.915128,OFSS,setup,no fresh breakout/continuation trigger
2026-08-10T14:38:53.915128,BEL,setup,no fresh breakout/continuation trigger
2026-08-10T14:38:53.915128,LICI,setup,no fresh breakout/continuation trigger
2026-08-10T14:38:53.915128,DIVISLAB,setup,no fresh breakout/continuation trigger
2026-08-10T14:38:53.915128,HCLTECH,setup,no fresh breakout/continuation trigger
2026-08-10T14:38:53.915128,POWERINDIA,setup,no fresh breakout/continuation trigger
2026-08-10T14:38:53.915128,GVT&D,setup,no fresh breakout/continuation trigger
2026-08-10T14:38:53.915128,ITC,setup,no fresh breakout/continuation trigger
2026-08-10T14:39:54.402677,HDFCBANK,setup,RVOL 0.49 below 1.0
2026-08-10T14:39:54.403680,KALYANKJIL,setup,no fresh breakout/continuation trigger
2026-08-10T14:39:54.404734,ICICIBANK,setup,no fresh breakout/continuation trigger
2026-08-10T14:39:54.404734,RELIANCE,setup,no fresh breakout/continuation trigger
2026-08-10T14:39:54.405945,INFY,setup,no fresh breakout/continuation trigger
2026-08-10T14:39:54.406948,SBIN,setup,no fresh breakout/continuation trigger
2026-08-10T14:39:54.406948,BAJFINANCE,setup,no fresh breakout/continuation trigger
2026-08-10T14:39:54.407971,BHARTIARTL,setup,no fresh breakout/continuation trigger
2026-08-10T14:39:54.407971,BSE,setup,no fresh breakout/continuation trigger
2026-08-10T14:39:54.409176,ETERNAL,setup,no fresh breakout/continuation trigger
2026-08-10T14:39:54.409176,AXISBANK,setup,no fresh breakout/continuation trigger
2026-08-10T14:39:54.410696,TCS,setup,no fresh breakout/continuation trigger
2026-08-10T14:39:54.410696,M&M,setup,no fresh breakout/continuation trigger
2026-08-10T14:39:54.411704,LT,setup,no fresh breakout/continuation trigger
2026-08-10T14:39:54.411704,SWIGGY,setup,no fresh breakout/continuation trigger
2026-08-10T14:39:54.413164,DIXON,setup,no fresh breakout/continuation trigger
2026-08-10T14:39:54.414381,SHRIRAMFIN,setup,no fresh breakout/continuation trigger
2026-08-10T14:39:54.414381,PAYTM,setup,no fresh breakout/continuation trigger
2026-08-10T14:39:54.415406,TVSMOTOR,setup,no fresh breakout/continuation trigger
2026-08-10T14:39:54.416513,MARUTI,setup,no fresh breakout/continuation trigger
2026-08-10T14:39:54.416513,COFORGE,setup,no fresh breakout/continuation trigger
2026-08-10T14:39:54.417603,JIOFIN,setup,no fresh breakout/continuation trigger
2026-08-10T14:39:54.417603,BHEL,setup,no fresh breakout/continuation trigger
2026-08-10T14:39:54.418614,BAJAJ-AUTO,setup,no fresh breakout/continuation trigger
2026-08-10T14:39:54.419753,MCX,setup,no fresh breakout/continuation trigger
2026-08-10T14:39:54.419753,TECHM,setup,no fresh breakout/continuation trigger
2026-08-10T14:39:54.420838,KAYNES,setup,SL too wide (3.05 ATR)
2026-08-10T14:39:54.420838,ADANIPOWER,setup,no fresh breakout/continuation trigger
2026-08-10T14:39:54.421851,INDIGO,setup,no fresh breakout/continuation trigger
2026-08-10T14:39:54.421851,HINDALCO,setup,no fresh breakout/continuation trigger
2026-08-10T14:39:54.423284,KOTAKBANK,setup,RVOL 0.53 below 1.0
2026-08-10T14:39:54.423284,SUNPHARMA,setup,no fresh breakout/continuation trigger
2026-08-10T14:39:54.424743,OFSS,setup,no fresh breakout/continuation trigger
2026-08-10T14:39:54.424743,BEL,setup,no fresh breakout/continuation trigger
2026-08-10T14:39:54.425762,LICI,setup,no fresh breakout/continuation trigger
2026-08-10T14:39:54.425762,DIVISLAB,setup,no fresh breakout/continuation trigger
2026-08-10T14:39:54.426841,HCLTECH,setup,no fresh breakout/continuation trigger
2026-08-10T14:39:54.426841,POWERINDIA,setup,no fresh breakout/continuation trigger
2026-08-10T14:39:54.427871,GVT&D,setup,no fresh breakout/continuation trigger
2026-08-10T14:39:54.427871,ITC,setup,no fresh breakout/continuation trigger
2026-08-10T14:40:54.959045,HDFCBANK,setup,RVOL 0.49 below 1.0
2026-08-10T14:40:54.959045,KALYANKJIL,setup,no fresh breakout/continuation trigger
2026-08-10T14:40:54.959045,ICICIBANK,setup,no fresh breakout/continuation trigger
2026-08-10T14:40:54.959045,RELIANCE,setup,no fresh breakout/continuation trigger
2026-08-10T14:40:54.959045,INFY,setup,no fresh breakout/continuation trigger
2026-08-10T14:40:54.959045,SBIN,setup,no fresh breakout/continuation trigger
2026-08-10T14:40:54.959045,BAJFINANCE,setup,no fresh breakout/continuation trigger
2026-08-10T14:40:54.959045,BHARTIARTL,setup,no fresh breakout/continuation trigger
2026-08-10T14:40:54.959045,BSE,setup,no fresh breakout/continuation trigger
2026-08-10T14:40:54.959045,ETERNAL,setup,no fresh breakout/continuation trigger
2026-08-10T14:40:54.959045,AXISBANK,setup,no fresh breakout/continuation trigger
2026-08-10T14:40:54.959045,TCS,setup,no fresh breakout/continuation trigger
2026-08-10T14:40:54.959045,M&M,setup,no fresh breakout/continuation trigger
2026-08-10T14:40:54.959045,LT,setup,no fresh breakout/continuation trigger
2026-08-10T14:40:54.959045,SWIGGY,setup,no fresh breakout/continuation trigger
2026-08-10T14:40:54.959045,DIXON,setup,no fresh breakout/continuation trigger
2026-08-10T14:40:54.959045,SHRIRAMFIN,setup,no fresh breakout/continuation trigger
2026-08-10T14:40:54.974731,PAYTM,setup,no fresh breakout/continuation trigger
2026-08-10T14:40:54.974731,TVSMOTOR,setup,no fresh breakout/continuation trigger
2026-08-10T14:40:54.974731,MARUTI,setup,no fresh breakout/continuation trigger
2026-08-10T14:40:54.974731,COFORGE,setup,no fresh breakout/continuation trigger
2026-08-10T14:40:54.974731,JIOFIN,setup,no fresh breakout/continuation trigger
2026-08-10T14:40:54.974731,BHEL,setup,no fresh breakout/continuation trigger
2026-08-10T14:40:54.974731,BAJAJ-AUTO,setup,no fresh breakout/continuation trigger
2026-08-10T14:40:54.974731,MCX,setup,no fresh breakout/continuation trigger
2026-08-10T14:40:54.974731,TECHM,setup,no fresh breakout/continuation trigger
2026-08-10T14:40:54.974731,KAYNES,setup,SL too wide (3.05 ATR)
2026-08-10T14:40:54.974731,ADANIPOWER,setup,no fresh breakout/continuation trigger
2026-08-10T14:40:54.974731,INDIGO,setup,no fresh breakout/continuation trigger
2026-08-10T14:40:54.974731,HINDALCO,setup,no fresh breakout/continuation trigger
2026-08-10T14:40:54.974731,KOTAKBANK,setup,RVOL 0.53 below 1.0
2026-08-10T14:40:54.974731,SUNPHARMA,setup,no fresh breakout/continuation trigger
2026-08-10T14:40:54.974731,OFSS,setup,no fresh breakout/continuation trigger
2026-08-10T14:40:54.974731,BEL,setup,no fresh breakout/continuation trigger
2026-08-10T14:40:54.974731,LICI,setup,no fresh breakout/continuation trigger
2026-08-10T14:40:54.974731,DIVISLAB,setup,no fresh breakout/continuation trigger
2026-08-10T14:40:54.974731,HCLTECH,setup,no fresh breakout/continuation trigger
2026-08-10T14:40:54.974731,POWERINDIA,setup,no fresh breakout/continuation trigger
2026-08-10T14:40:54.974731,GVT&D,setup,no fresh breakout/continuation trigger
2026-08-10T14:40:54.974731,ITC,setup,no fresh breakout/continuation trigger
2026-08-10T14:41:55.444154,HDFCBANK,setup,RVOL 0.49 below 1.0
2026-08-10T14:41:55.444154,KALYANKJIL,setup,no fresh breakout/continuation trigger
2026-08-10T14:41:55.444154,ICICIBANK,setup,no fresh breakout/continuation trigger
2026-08-10T14:41:55.460060,RELIANCE,setup,no fresh breakout/continuation trigger
2026-08-10T14:41:55.460060,INFY,setup,no fresh breakout/continuation trigger
2026-08-10T14:41:55.460060,SBIN,setup,no fresh breakout/continuation trigger
2026-08-10T14:41:55.460060,BAJFINANCE,setup,no fresh breakout/continuation trigger
2026-08-10T14:41:55.460060,BHARTIARTL,setup,no fresh breakout/continuation trigger
2026-08-10T14:41:55.460060,BSE,setup,no fresh breakout/continuation trigger
2026-08-10T14:41:55.460060,ETERNAL,setup,no fresh breakout/continuation trigger
2026-08-10T14:41:55.460060,AXISBANK,setup,no fresh breakout/continuation trigger
2026-08-10T14:41:55.460060,TCS,setup,no fresh breakout/continuation trigger
2026-08-10T14:41:55.460060,M&M,setup,no fresh breakout/continuation trigger
2026-08-10T14:41:55.460060,LT,setup,no fresh breakout/continuation trigger
2026-08-10T14:41:55.460060,SWIGGY,setup,no fresh breakout/continuation trigger
2026-08-10T14:41:55.460060,DIXON,setup,no fresh breakout/continuation trigger
2026-08-10T14:41:55.460060,SHRIRAMFIN,setup,no fresh breakout/continuation trigger
2026-08-10T14:41:55.460060,PAYTM,setup,no fresh breakout/continuation trigger
2026-08-10T14:41:55.460060,TVSMOTOR,setup,no fresh breakout/continuation trigger
2026-08-10T14:41:55.460060,MARUTI,setup,no fresh breakout/continuation trigger
2026-08-10T14:41:55.460060,COFORGE,setup,no fresh breakout/continuation trigger
2026-08-10T14:41:55.460060,JIOFIN,setup,no fresh breakout/continuation trigger
2026-08-10T14:41:55.460060,BHEL,setup,no fresh breakout/continuation trigger
2026-08-10T14:41:55.460060,BAJAJ-AUTO,setup,no fresh breakout/continuation trigger
2026-08-10T14:41:55.460060,MCX,setup,no fresh breakout/continuation trigger
2026-08-10T14:41:55.460060,TECHM,setup,no fresh breakout/continuation trigger
2026-08-10T14:41:55.460060,KAYNES,setup,SL too wide (3.05 ATR)
2026-08-10T14:41:55.460060,ADANIPOWER,setup,no fresh breakout/continuation trigger
2026-08-10T14:41:55.476132,INDIGO,setup,no fresh breakout/continuation trigger
2026-08-10T14:41:55.476132,HINDALCO,setup,no fresh breakout/continuation trigger
2026-08-10T14:41:55.476132,KOTAKBANK,setup,RVOL 0.53 below 1.0
2026-08-10T14:41:55.476132,SUNPHARMA,setup,no fresh breakout/continuation trigger
2026-08-10T14:41:55.476132,OFSS,setup,no fresh breakout/continuation trigger
2026-08-10T14:41:55.476132,BEL,setup,no fresh breakout/continuation trigger
2026-08-10T14:41:55.476132,LICI,setup,no fresh breakout/continuation trigger
2026-08-10T14:41:55.476132,DIVISLAB,setup,no fresh breakout/continuation trigger
2026-08-10T14:41:55.476132,HCLTECH,setup,no fresh breakout/continuation trigger
2026-08-10T14:41:55.476132,POWERINDIA,setup,no fresh breakout/continuation trigger
2026-08-10T14:41:55.476132,GVT&D,setup,no fresh breakout/continuation trigger
2026-08-10T14:41:55.476132,ITC,setup,no fresh breakout/continuation trigger
2026-08-10T14:42:55.929329,HDFCBANK,setup,RVOL 0.49 below 1.0
2026-08-10T14:42:55.929329,KALYANKJIL,setup,no fresh breakout/continuation trigger
2026-08-10T14:42:55.945050,ICICIBANK,setup,no fresh breakout/continuation trigger
2026-08-10T14:42:55.945050,RELIANCE,setup,no fresh breakout/continuation trigger
2026-08-10T14:42:55.945050,INFY,setup,no fresh breakout/continuation trigger
2026-08-10T14:42:55.945050,SBIN,setup,no fresh breakout/continuation trigger
2026-08-10T14:42:55.945050,BAJFINANCE,setup,no fresh breakout/continuation trigger
2026-08-10T14:42:55.945050,BHARTIARTL,setup,no fresh breakout/continuation trigger
2026-08-10T14:42:55.945050,BSE,setup,no fresh breakout/continuation trigger
2026-08-10T14:42:55.945050,ETERNAL,setup,no fresh breakout/continuation trigger
2026-08-10T14:42:55.945050,AXISBANK,setup,no fresh breakout/continuation trigger
2026-08-10T14:42:55.945050,TCS,setup,no fresh breakout/continuation trigger
2026-08-10T14:42:55.945050,M&M,setup,no fresh breakout/continuation trigger
2026-08-10T14:42:55.945050,LT,setup,no fresh breakout/continuation trigger
2026-08-10T14:42:55.945050,SWIGGY,setup,no fresh breakout/continuation trigger
2026-08-10T14:42:55.945050,DIXON,setup,no fresh breakout/continuation trigger
2026-08-10T14:42:55.945050,SHRIRAMFIN,setup,no fresh breakout/continuation trigger
2026-08-10T14:42:55.945050,PAYTM,setup,no fresh breakout/continuation trigger
2026-08-10T14:42:55.945050,TVSMOTOR,setup,no fresh breakout/continuation trigger
2026-08-10T14:42:55.945050,MARUTI,setup,no fresh breakout/continuation trigger
2026-08-10T14:42:55.945050,COFORGE,setup,no fresh breakout/continuation trigger
2026-08-10T14:42:55.945050,JIOFIN,setup,no fresh breakout/continuation trigger
2026-08-10T14:42:55.945050,BHEL,setup,no fresh breakout/continuation trigger
2026-08-10T14:42:55.945050,BAJAJ-AUTO,setup,no fresh breakout/continuation trigger
2026-08-10T14:42:55.945050,MCX,setup,no fresh breakout/continuation trigger
2026-08-10T14:42:55.945050,TECHM,setup,no fresh breakout/continuation trigger
2026-08-10T14:42:55.945050,KAYNES,setup,SL too wide (3.05 ATR)
2026-08-10T14:42:55.945050,ADANIPOWER,setup,no fresh breakout/continuation trigger
2026-08-10T14:42:55.960758,INDIGO,setup,no fresh breakout/continuation trigger
2026-08-10T14:42:55.960758,HINDALCO,setup,no fresh breakout/continuation trigger
2026-08-10T14:42:55.961805,KOTAKBANK,setup,RVOL 0.53 below 1.0
2026-08-10T14:42:55.962808,SUNPHARMA,setup,no fresh breakout/continuation trigger
2026-08-10T14:42:55.962808,OFSS,setup,no fresh breakout/continuation trigger
2026-08-10T14:42:55.963834,BEL,setup,no fresh breakout/continuation trigger
2026-08-10T14:42:55.963834,LICI,setup,no fresh breakout/continuation trigger
2026-08-10T14:42:55.963834,DIVISLAB,setup,no fresh breakout/continuation trigger
2026-08-10T14:42:55.965261,HCLTECH,setup,no fresh breakout/continuation trigger
2026-08-10T14:42:55.965261,POWERINDIA,setup,no fresh breakout/continuation trigger
2026-08-10T14:42:55.966365,GVT&D,setup,no fresh breakout/continuation trigger
2026-08-10T14:42:55.966365,ITC,setup,no fresh breakout/continuation trigger
2026-08-10T14:43:58.866455,HDFCBANK,setup,entry extended 0.45 ATR
2026-08-10T14:43:58.866455,KALYANKJIL,setup,no fresh breakout/continuation trigger
2026-08-10T14:43:58.867463,ICICIBANK,setup,no fresh breakout/continuation trigger
2026-08-10T14:43:58.868496,RELIANCE,setup,no fresh breakout/continuation trigger
2026-08-10T14:43:58.868496,INFY,setup,no fresh breakout/continuation trigger
2026-08-10T14:43:58.869950,SBIN,setup,no fresh breakout/continuation trigger
2026-08-10T14:43:58.869950,BAJFINANCE,setup,no fresh breakout/continuation trigger
2026-08-10T14:43:58.871344,BHARTIARTL,setup,SL too wide (1.71 ATR)
2026-08-10T14:43:58.872337,BSE,setup,no fresh breakout/continuation trigger
2026-08-10T14:43:58.872337,ETERNAL,setup,no fresh breakout/continuation trigger
2026-08-10T14:43:58.872337,AXISBANK,setup,no fresh breakout/continuation trigger
2026-08-10T14:43:58.873652,TCS,setup,RVOL 0.39 below 1.0
2026-08-10T14:43:58.873652,M&M,setup,no fresh breakout/continuation trigger
2026-08-10T14:43:58.874670,LT,setup,no fresh breakout/continuation trigger
2026-08-10T14:43:58.875719,SWIGGY,setup,RVOL 0.49 below 1.0
2026-08-10T14:43:58.875719,DIXON,setup,no fresh breakout/continuation trigger
2026-08-10T14:43:58.876739,SHRIRAMFIN,setup,no fresh breakout/continuation trigger
2026-08-10T14:43:58.876739,PAYTM,setup,no fresh breakout/continuation trigger
2026-08-10T14:43:58.878063,TVSMOTOR,setup,no fresh breakout/continuation trigger
2026-08-10T14:43:58.878063,MARUTI,setup,no fresh breakout/continuation trigger
2026-08-10T14:43:58.879069,COFORGE,setup,no fresh breakout/continuation trigger
2026-08-10T14:43:58.880165,JIOFIN,setup,no fresh breakout/continuation trigger
2026-08-10T14:43:58.880165,BHEL,setup,no fresh breakout/continuation trigger
2026-08-10T14:43:58.881351,BAJAJ-AUTO,setup,no fresh breakout/continuation trigger
2026-08-10T14:43:58.881351,MCX,setup,no fresh breakout/continuation trigger
2026-08-10T14:43:58.881351,TECHM,setup,no fresh breakout/continuation trigger
2026-08-10T14:43:58.881351,KAYNES,setup,no fresh breakout/continuation trigger
2026-08-10T14:43:58.881351,ADANIPOWER,setup,no fresh breakout/continuation trigger
2026-08-10T14:43:58.881351,INDIGO,setup,no fresh breakout/continuation trigger
2026-08-10T14:43:58.881351,HINDALCO,setup,no fresh breakout/continuation trigger
2026-08-10T14:43:58.881351,KOTAKBANK,setup,no fresh breakout/continuation trigger
2026-08-10T14:43:58.881351,SUNPHARMA,setup,no fresh breakout/continuation trigger
2026-08-10T14:43:58.881351,OFSS,setup,no fresh breakout/continuation trigger
2026-08-10T14:43:58.881351,BEL,setup,no fresh breakout/continuation trigger
2026-08-10T14:43:58.881351,LICI,setup,no fresh breakout/continuation trigger
2026-08-10T14:43:58.881351,DIVISLAB,setup,no fresh breakout/continuation trigger
2026-08-10T14:43:58.881351,HCLTECH,setup,entry extended 0.50 ATR
2026-08-10T14:43:58.881351,POWERINDIA,setup,no fresh breakout/continuation trigger
2026-08-10T14:43:58.881351,GVT&D,setup,no fresh breakout/continuation trigger
2026-08-10T14:43:58.881351,ITC,setup,no fresh breakout/continuation trigger
2026-08-10T14:44:59.350593,HDFCBANK,setup,entry extended 0.45 ATR
2026-08-10T14:44:59.350593,KALYANKJIL,setup,no fresh breakout/continuation trigger
2026-08-10T14:44:59.350593,ICICIBANK,setup,no fresh breakout/continuation trigger
2026-08-10T14:44:59.350593,RELIANCE,setup,no fresh breakout/continuation trigger
2026-08-10T14:44:59.350593,INFY,setup,no fresh breakout/continuation trigger
2026-08-10T14:44:59.350593,SBIN,setup,no fresh breakout/continuation trigger
2026-08-10T14:44:59.350593,BAJFINANCE,setup,no fresh breakout/continuation trigger
2026-08-10T14:44:59.350593,BHARTIARTL,setup,SL too wide (1.71 ATR)
2026-08-10T14:44:59.350593,BSE,setup,no fresh breakout/continuation trigger
2026-08-10T14:44:59.350593,ETERNAL,setup,no fresh breakout/continuation trigger
2026-08-10T14:44:59.350593,AXISBANK,setup,no fresh breakout/continuation trigger
2026-08-10T14:44:59.350593,TCS,setup,RVOL 0.39 below 1.0
2026-08-10T14:44:59.350593,M&M,setup,no fresh breakout/continuation trigger
2026-08-10T14:44:59.362704,LT,setup,no fresh breakout/continuation trigger
2026-08-10T14:44:59.362704,SWIGGY,setup,RVOL 0.49 below 1.0
2026-08-10T14:44:59.362704,DIXON,setup,no fresh breakout/continuation trigger
2026-08-10T14:44:59.362704,SHRIRAMFIN,setup,no fresh breakout/continuation trigger
2026-08-10T14:44:59.362704,PAYTM,setup,no fresh breakout/continuation trigger
2026-08-10T14:44:59.366374,TVSMOTOR,setup,no fresh breakout/continuation trigger
2026-08-10T14:44:59.366374,MARUTI,setup,no fresh breakout/continuation trigger
2026-08-10T14:44:59.366374,COFORGE,setup,no fresh breakout/continuation trigger
2026-08-10T14:44:59.366374,JIOFIN,setup,no fresh breakout/continuation trigger
2026-08-10T14:44:59.366374,BHEL,setup,no fresh breakout/continuation trigger
2026-08-10T14:44:59.366374,BAJAJ-AUTO,setup,no fresh breakout/continuation trigger
2026-08-10T14:44:59.366374,MCX,setup,no fresh breakout/continuation trigger
2026-08-10T14:44:59.366374,TECHM,setup,no fresh breakout/continuation trigger
2026-08-10T14:44:59.366374,KAYNES,setup,no fresh breakout/continuation trigger
2026-08-10T14:44:59.366374,ADANIPOWER,setup,no fresh breakout/continuation trigger
2026-08-10T14:44:59.366374,INDIGO,setup,no fresh breakout/continuation trigger
2026-08-10T14:44:59.366374,HINDALCO,setup,no fresh breakout/continuation trigger
2026-08-10T14:44:59.366374,KOTAKBANK,setup,no fresh breakout/continuation trigger
2026-08-10T14:44:59.366374,SUNPHARMA,setup,no fresh breakout/continuation trigger
2026-08-10T14:44:59.366374,OFSS,setup,no fresh breakout/continuation trigger
2026-08-10T14:44:59.366374,BEL,setup,no fresh breakout/continuation trigger
2026-08-10T14:44:59.366374,LICI,setup,no fresh breakout/continuation trigger
2026-08-10T14:44:59.366374,DIVISLAB,setup,no fresh breakout/continuation trigger
2026-08-10T14:44:59.366374,HCLTECH,setup,entry extended 0.50 ATR
2026-08-10T14:44:59.366374,POWERINDIA,setup,no fresh breakout/continuation trigger
2026-08-10T14:44:59.366374,GVT&D,setup,no fresh breakout/continuation trigger
2026-08-10T14:44:59.366374,ITC,setup,no fresh breakout/continuation trigger
